word,entity_group,frequency,word_lower,mean_tfidf,freq_normalized,combined_score
amerika serikat,GPE,1727,amerika serikat,0.0,1.0,0.5
trump,PER,1440,trump,0.11582480334818109,0.8338158656629994,0.47482033450559025
indonesia,GPE,557,indonesia,0.09507914413197305,0.322524609148813,0.208801876640393
china,GPE,445,china,0.0717066772163653,0.2576722640416908,0.16468947062902806
jakarta,GPE,342,jakarta,0.06555585309430251,0.19803126809496235,0.13179356059463243
presiden as,NOR,400,presiden as,0.0,0.23161551823972207,0.11580775911986103
april,DAT,246,april,0.05574560440726656,0.14244354371742907,0.09909457406234781
pemerintah,NOR,228,pemerintah,0.055394565849905396,0.13202084539664158,0.09370770562327349
presiden,NOR,169,presiden,0.08545954548291403,0.09785755645628257,0.0916585509695983
kedua,CRD,181,kedua,0.037150074899147685,0.10480602200347423,0.07097804845131096
persen,PRC,169,persen,0.03643386797544613,0.09785755645628257,0.06714571221586435
rabu,DAT,153,rabu,0.03943549069891234,0.08859293572669369,0.06401421321280301
dua,CRD,151,dua,0.035727744009605183,0.08743485813549508,0.06158130107255013
kanada,GPE,148,kanada,0.03537283466603348,0.08569774174869717,0.060535288207365326
eropa,GPE,132,eropa,0.04239058241596329,0.07643312101910828,0.05941185171753578
pertama,ORD,143,pertama,0.03250313542072504,0.08280254777070063,0.057652841595712837
meksiko,GPE,130,meksiko,0.03165683238990625,0.07527504342790967,0.053465937908907954
satu,CRD,125,satu,0.029861718053325,0.07237984944991314,0.051120783751619076
selasa,DAT,115,selasa,0.031773400111934934,0.06658946149392009,0.049181430802927514
senin,DAT,119,senin,0.02901438390945316,0.06890561667631731,0.048960000292885233
kamis,DAT,114,kamis,0.03124568928479495,0.06601042269832079,0.04862805599155787
washington,GPE,114,washington,0.031153774548228822,0.06601042269832079,0.048582098623274804
cnbc indonesia,ORG,153,cnbc indonesia,0.0,0.08859293572669369,0.044296467863346844
presiden amerika serikat,NOR,144,presiden amerika serikat,0.0,0.08338158656629995,0.04169079328314997
uni,GPE,79,uni,0.0346130105796195,0.045744064852345105,0.0401785377159823
jumat,DAT,92,jumat,0.023324521209628458,0.05327156919513607,0.038298045202382267
donald,PER,78,donald,0.03126121471452161,0.0451650260567458,0.03821312038563371
beijing,GPE,90,beijing,0.023602449227308038,0.05211349160393746,0.03785797041562275
tiga,CRD,81,tiga,0.025123356468901147,0.046902142443543716,0.03601274945622243
cnbc,ORG,41,cnbc,0.044726289536033206,0.02374059061957151,0.03423344007780236
januari,DAT,79,januari,0.022057258211009775,0.045744064852345105,0.03390066153167744
asia,GPE,73,asia,0.02519715892968212,0.04226983207874928,0.0337334955042157
rp,MON,62,rp,0.028047105413107516,0.03590040532715692,0.03197375537013222
airlangga,PER,67,airlangga,0.022420148096428647,0.038795599305153444,0.030607873700791044
sabtu,DAT,65,sabtu,0.020357254025488766,0.03763752171395483,0.0289973878697218
menteri,NOR,37,menteri,0.03650575654623956,0.021424435437174292,0.028965095991706928
uni eropa,ORG,100,uni eropa,0.0,0.05790387955993052,0.02895193977996526
februari,DAT,65,februari,0.019935168385079,0.03763752171395483,0.028786345049516916
mei,DAT,65,mei,0.01910169780300109,0.03763752171395483,0.02836960975847796
vietnam,GPE,66,vietnam,0.018451543696804955,0.03821656050955414,0.028334052103179547
maret,DAT,62,maret,0.02075723102980679,0.03590040532715692,0.028328818178481856
mobil,PRD,61,mobil,0.02106088406261101,0.03532136653155762,0.028191125297084313
minggu,DAT,60,minggu,0.018783946901301918,0.03474232773595831,0.026763137318630115
dolar,MON,49,dolar,0.024086746193296597,0.028372900984365953,0.026229823588831275
kementerian,NOR,45,kementerian,0.02512201121636434,0.02605674580196873,0.025589378509166535
wib,TIM,44,wib,0.022145524548494742,0.025477707006369428,0.023811615777432085
amerika serikat as,GPE,78,amerika serikat as,0.0,0.0451650260567458,0.0225825130283729
putih,ORG,27,putih,0.02924297110926162,0.01563404748118124,0.02243850929522143
india,GPE,50,india,0.01527468833368782,0.02895193977996526,0.02211331405682654
bank,ORG,34,bank,0.02446432714656134,0.019687319050376375,0.02207582309846886
rupiah,MON,50,rupiah,0.015143835553196995,0.02895193977996526,0.022047887666581126
bloomberg,ORG,15,bloomberg,0.0345277296615332,0.008685581933989578,0.02160665579776139
jepang,GPE,47,jepang,0.01495749115825124,0.02721482339316734,0.02108615727570929
com,ORG,18,com,0.029850465348440783,0.010422698320787493,0.02013658183461414
prabowo,PER,39,prabowo,0.017629024291627007,0.0225825130283729,0.020105768659999954
cina,GPE,45,cina,0.01398079978599096,0.02605674580196873,0.020018772793979844
pemerintahan,NOR,37,pemerintahan,0.018395392614016407,0.021424435437174292,0.01990991402559535
miliar,MON,29,miliar,0.022969956898025487,0.01679212507237985,0.01988104098520267
minyak,PRD,37,minyak,0.01816560546596503,0.021424435437174292,0.01979502045156966
juni,DAT,44,juni,0.013484030228090851,0.025477707006369428,0.01948086861723014
gedung,ORG,18,gedung,0.028140096937051814,0.010422698320787493,0.019281397628919655
gedung putih,ORG,66,gedung putih,0.0,0.03821656050955414,0.01910828025477707
asean,GPE,43,asean,0.01195837623782951,0.024898668210770122,0.018428522224299818
reuters,ORG,39,reuters,0.014103778858552064,0.0225825130283729,0.01834314594346248
usd,MON,37,usd,0.015038705786870431,0.021424435437174292,0.018231570612022362
the,ORG,30,the,0.01907405729220433,0.017371163867979156,0.018222610580091742
perdagangan,ORG,14,perdagangan,0.026102305487450152,0.008106543138390272,0.01710442431292021
negeri,GPE,22,negeri,0.01860872934643231,0.012738853503184714,0.015673791424808514
selatan,ORG,27,selatan,0.015304025021701834,0.01563404748118124,0.015469036251441536
saham,PRD,27,saham,0.015260655430297811,0.01563404748118124,0.015447351455739524
news,ORG,14,news,0.022289788552159535,0.008106543138390272,0.015198165845274903
wto,ORG,33,wto,0.011001968595764793,0.01910828025477707,0.015055124425270931
inggris,GPE,32,inggris,0.011551733908993668,0.018529241459177764,0.015040487684085717
ketiga,ORD,33,ketiga,0.010399490540546424,0.01910828025477707,0.014753885397661747
airlangga hartarto,PER,50,airlangga hartarto,0.0,0.02895193977996526,0.01447596988998263
pemerintah indonesia,NOR,49,pemerintah indonesia,0.0,0.028372900984365953,0.014186450492182976
apple,ORG,30,apple,0.010724608664774989,0.017371163867979156,0.014047886266377072
empat,CRD,28,empat,0.010832659618262477,0.016213086276780544,0.013522872947521511
swiss,GPE,28,swiss,0.010001795712446379,0.016213086276780544,0.013107440994613462
kompas,ORG,14,kompas,0.018052755345144993,0.008106543138390272,0.013079649241767632
dollar,MON,23,dollar,0.01230180353002623,0.013317892298784018,0.012809847914405124
lima,CRD,26,lima,0.009862743708074927,0.015055008685581933,0.01245887619682843
malaysia,GPE,28,malaysia,0.008584334946894145,0.016213086276780544,0.012398710611837345
korea,GPE,20,korea,0.012523068300175725,0.011580775911986103,0.012051922106080915
tempo co jakarta,ORG,41,tempo co jakarta,0.0,0.02374059061957151,0.011870295309785756
ketua,NOR,16,ketua,0.01442635869701898,0.009264620729588882,0.01184548971330393
baja,PRD,24,baja,0.009644974532219037,0.013896931094383324,0.011770952813301181
pemimpin,NOR,24,pemimpin,0.00948402195297993,0.013896931094383324,0.011690476523681628
sam,PER,18,sam,0.012927027112957045,0.010422698320787493,0.01167486271687227
aluminium,PRD,25,aluminium,0.008751545003613335,0.01447596988998263,0.011613757446797983
kepala,NOR,18,kepala,0.012295287240182244,0.010422698320787493,0.01135899278048487
bi,ORG,20,bi,0.010632953774541999,0.011580775911986103,0.01110686484326405
australia,GPE,23,australia,0.008883881690305151,0.013317892298784018,0.011100886994544585
juli,DAT,25,juli,0.007642863808299884,0.01447596988998263,0.011059416849141256
jenewa,GPE,24,jenewa,0.008025499486828732,0.013896931094383324,0.010961215290606029
thailand,GPE,23,thailand,0.008476106725297122,0.013317892298784018,0.01089699951204057
scott,PER,16,scott,0.011993032389626743,0.009264620729588882,0.010628826559607812
juta,MON,13,juta,0.013308640742715308,0.007527504342790967,0.010418072542753138
direktur,ORG,11,direktur,0.014296251266272632,0.006369426751592357,0.010332839008932494
rusia,GPE,22,rusia,0.007875982346159851,0.012738853503184714,0.010307417924672282
sri,ORG,16,sri,0.011125645097331714,0.009264620729588882,0.010195132913460298
partai,NOR,15,partai,0.011428118132741031,0.008685581933989578,0.010056850033365304
singapura,GPE,21,singapura,0.007766329507323754,0.012159814707585408,0.009963072107454582
bessent,PER,15,bessent,0.011165732182672744,0.008685581933989578,0.00992565705833116
rp triliun,MON,34,rp triliun,0.0,0.019687319050376375,0.009843659525188187
us miliar,MON,34,us miliar,0.0,0.019687319050376375,0.009843659525188187
ustr,ORG,22,ustr,0.00685116674487602,0.012738853503184714,0.009795010124030367
indeks,PRD,14,indeks,0.01146726296838448,0.008106543138390272,0.009786903053387376
kongres,NOR,20,kongres,0.007963940913385653,0.011580775911986103,0.009772358412685877
dewan,NOR,17,dewan,0.009661341309252796,0.009843659525188187,0.009752500417220492
komisi,NOR,15,komisi,0.010677005543638242,0.008685581933989578,0.00968129373881391
desember,DAT,21,desember,0.006788684775471778,0.012159814707585408,0.009474249741528593
iphone,PRD,20,iphone,0.007326625481783579,0.011580775911986103,0.00945370069688484
taiwan,GPE,20,taiwan,0.007294801020688295,0.011580775911986103,0.009437788466337199
dc,GPE,13,dc,0.011325366001756551,0.007527504342790967,0.009426435172273758
imf,ORG,18,imf,0.008319012733442656,0.010422698320787493,0.009370855527115075
fentanil,PER,20,fentanil,0.00695818885214999,0.011580775911986103,0.009269482382068046
brasil,GPE,19,brasil,0.007433266896131008,0.011001737116386797,0.009217502006258902
departemen,NOR,14,departemen,0.010156109453131733,0.008106543138390272,0.009131326295761003
ihsg,PRD,19,ihsg,0.006983710727882419,0.011001737116386797,0.008992723922134608
co,PRD,3,co,0.01624103444695833,0.0017371163867979154,0.008989075416878123
wakil,NOR,9,wakil,0.012659192447651537,0.0052113491603937466,0.008935270804022642
scroll,PRD,15,scroll,0.009086784960121934,0.008685581933989578,0.008886183447055756
new,GPE,10,new,0.011938283533156553,0.005790387955993051,0.008864335744574802
keuangan,LAW,1,keuangan,0.01702257802221872,0.0005790387955993051,0.008800808408909013
scott bessent,PER,30,scott bessent,0.0,0.017371163867979156,0.008685581933989578
dolar as,MON,30,dolar as,0.0,0.017371163867979156,0.008685581933989578
federal,ORG,13,federal,0.009635562693187388,0.007527504342790967,0.008581533517989178
perekonomian,ORG,6,perekonomian,0.013683280358723715,0.003474232773595831,0.008578756566159773
triliun,ORG,5,triliun,0.014158103890796329,0.0028951939779965257,0.008526648934396428
subianto,PER,11,subianto,0.010608114318023441,0.006369426751592357,0.008488770534807899
pesawat,PRD,15,pesawat,0.008271660306904656,0.008685581933989578,0.008478621120447116
rabu april,DAT,29,rabu april,0.0,0.01679212507237985,0.008396062536189925
pt,ORG,13,pt,0.00913345231858114,0.007527504342790967,0.008330478330686054
xi,PER,12,xi,0.009698049291091405,0.006948465547191662,0.008323257419141533
menteri keuangan,NOR,28,menteri keuangan,0.0,0.016213086276780544,0.008106543138390272
dunia,ORG,10,dunia,0.01017585885852783,0.005790387955993051,0.00798312340726044
qris,PRD,18,qris,0.005465910690077111,0.010422698320787493,0.007944304505432303
prancis,GPE,16,prancis,0.006498095574881396,0.009264620729588882,0.00788135815223514
kantor,LOC,8,kantor,0.011089611193678078,0.004632310364794441,0.007860960779236259
menteri koordinator bidang perekonomian,NOR,27,menteri koordinator bidang perekonomian,0.0,0.01563404748118124,0.00781702374059062
bloomberg news bloomberg,ORG,27,bloomberg news bloomberg,0.0,0.01563404748118124,0.00781702374059062
bitcoin,PRD,13,bitcoin,0.008105334304793732,0.007527504342790967,0.007816419323792349
mesin,PRD,13,mesin,0.008084043755339556,0.007527504342790967,0.007805774049065261
fed,ORG,10,fed,0.009652941757439762,0.005790387955993051,0.007721664856716407
republik,GPE,10,republik,0.009361500368166199,0.005790387955993051,0.007575944162079625
pemerintah as,NOR,26,pemerintah as,0.0,0.015055008685581933,0.007527504342790967
prabowo subianto,PER,26,prabowo subianto,0.0,0.015055008685581933,0.007527504342790967
dan,ORG,1,dan,0.014427098413345016,0.0005790387955993051,0.007503068604472161
internasional,EVT,3,internasional,0.013103267173508277,0.0017371163867979154,0.007420191780153096
international,ORG,10,international,0.008827523719497797,0.005790387955993051,0.007308955837745424
trade,ORG,7,trade,0.010470550326424017,0.004053271569195136,0.007261910947809576
bloomberg technoz jakarta,ORG,25,bloomberg technoz jakarta,0.0,0.01447596988998263,0.007237984944991315
hari,EVT,8,hari,0.00973252346588724,0.004632310364794441,0.00718241691534084
universitas,ORG,9,universitas,0.00915221466615669,0.0052113491603937466,0.0071817819132752175
tempo,ORG,2,tempo,0.013138191038757319,0.0011580775911986102,0.007148134314977964
ekonomi,PRD,2,ekonomi,0.013075068544031072,0.0011580775911986102,0.007116573067614841
konferensi,EVT,4,konferensi,0.011874919390729074,0.0023161551823972205,0.007095537286563147
apr,NOR,7,apr,0.010133529385185424,0.004053271569195136,0.00709340047719028
jerman,GPE,15,jerman,0.005447091661900941,0.008685581933989578,0.00706633679794526
howard,PER,12,howard,0.007153650830175762,0.006948465547191662,0.007051058188683712
powell,PER,14,powell,0.005839638529717992,0.008106543138390272,0.0069730908340541325
pengadilan,NOR,11,pengadilan,0.007495096362247487,0.006369426751592357,0.006932261556919922
bidang,NOR,1,bidang,0.013235130272440217,0.0005790387955993051,0.0069070845340197615
menko,NOR,12,menko,0.006705817026606331,0.006948465547191662,0.006827141286898996
ceo,ORG,8,ceo,0.008761359240759872,0.004632310364794441,0.006696834802777156
paman,ORG,6,paman,0.009628339542827082,0.003474232773595831,0.006551286158211456
timur,GPE,10,timur,0.007268310129458076,0.005790387955993051,0.006529349042725564
chip,PRD,11,chip,0.0066776470130711545,0.006369426751592357,0.006523536882331756
organisasi,NOR,10,organisasi,0.007174961129355202,0.005790387955993051,0.006482674542674127
konferensi pers,EVT,22,konferensi pers,0.0,0.012738853503184714,0.006369426751592357
wall,LOC,10,wall,0.006937822036029013,0.005790387955993051,0.006364104996011032
koordinator,NOR,1,koordinator,0.011844034857716498,0.0005790387955993051,0.006211536826657902
afrika,GPE,12,afrika,0.0054380726278068425,0.006948465547191662,0.006193269087499252
jinping,ORG,8,jinping,0.007624457502517133,0.004632310364794441,0.0061283839336557875
hartarto,PER,1,hartarto,0.011664564665733016,0.0005790387955993051,0.006121801730666161
korea selatan,GPE,21,korea selatan,0.0,0.012159814707585408,0.006079907353792704
presiden asdonald,NOR,21,presiden asdonald,0.0,0.012159814707585408,0.006079907353792704
york,PRD,4,york,0.009806729048147356,0.0023161551823972205,0.0060614421152722885
of,ORG,1,of,0.011400096987473966,0.0005790387955993051,0.005989567891536636
utara,ORG,8,utara,0.007338736847168694,0.004632310364794441,0.005985523605981567
truth,ORG,8,truth,0.007146297455226021,0.004632310364794441,0.005889303910010231
pers,NOR,2,pers,0.010619092548321437,0.0011580775911986102,0.005888585069760023
perdana,NOR,3,perdana,0.009972823093185697,0.0017371163867979154,0.005854969739991806
inc,ORG,6,inc,0.00820596332523314,0.003474232773595831,0.005840098049414485
bisnis com jakarta,ORG,20,bisnis com jakarta,0.0,0.011580775911986103,0.005790387955993051
mulyani,PER,5,mulyani,0.00859213009792071,0.0028951939779965257,0.005743662037958617
tenggara,GPE,8,tenggara,0.006531463074974923,0.004632310364794441,0.0055818867198846826
dagang,EVT,5,dagang,0.008261574585896247,0.0028951939779965257,0.005578384281946387
bisnis,ORG,1,bisnis,0.010420862209557548,0.0005790387955993051,0.005499950502578427
nasional,ORG,5,nasional,0.007880286012772915,0.0028951939779965257,0.00538773999538472
badan,ORG,6,badan,0.006990935657292735,0.003474232773595831,0.005232584215444283
menteri keuangan as,NOR,18,menteri keuangan as,0.0,0.010422698320787493,0.0052113491603937466
the fed,ORG,18,the fed,0.0,0.010422698320787493,0.0052113491603937466
united,ORG,9,united,0.005173669405347247,0.0052113491603937466,0.005192509282870497
times,ORG,7,times,0.006225891484643352,0.004053271569195136,0.005139581526919244
ibrahim,PER,7,ibrahim,0.006175353677636969,0.004053271569195136,0.0051143126234160525
bulan,QTY,3,bulan,0.008383798569006843,0.0017371163867979154,0.005060457477902379
kamboja,GPE,17,kamboja,0.0,0.009843659525188187,0.004921829762594094
paman sam,GPE,17,paman sam,0.0,0.009843659525188187,0.004921829762594094
kamis april,DAT,17,kamis april,0.0,0.009843659525188187,0.004921829762594094
lutnick,PER,7,lutnick,0.005635099343202318,0.004053271569195136,0.004844185456198727
sri mulyani indrawati,PER,16,sri mulyani indrawati,0.0,0.009264620729588882,0.004632310364794441
serikatdonald,ORG,3,serikatdonald,0.007464800199263556,0.0017371163867979154,0.004600958293030736
asosiasi,ORG,2,asosiasi,0.0080100527106815,0.0011580775911986102,0.004584065150940055
perwakilan,NOR,5,perwakilan,0.006176633777894636,0.0028951939779965257,0.004535913877945581
asdonald,ORG,2,asdonald,0.007832374081861358,0.0011580775911986102,0.004495225836529984
brics,ORG,15,brics,0.0,0.008685581933989578,0.004342790966994789
presiden amerika serikatdonald,NOR,15,presiden amerika serikatdonald,0.0,0.008685581933989578,0.004342790966994789
kompas com,ORG,15,kompas com,0.0,0.008685581933989578,0.004342790966994789
xi jinping,PER,15,xi jinping,0.0,0.008685581933989578,0.004342790966994789
street,ORG,4,street,0.006243238666784531,0.0023161551823972205,0.004279696924590876
kemendag,NOR,6,kemendag,0.005014253118410572,0.003474232773595831,0.004244242946003202
pusat,ORG,3,pusat,0.006742517730866802,0.0017371163867979154,0.004239817058832359
reserve,ORG,5,reserve,0.0055049188727014225,0.0028951939779965257,0.004200056425348974
tim,ORG,4,tim,0.005911375745752729,0.0023161551823972205,0.004113765464074975
economic,ORG,1,economic,0.007542187072182618,0.0005790387955993051,0.004060612933890962
new york,GPE,14,new york,0.0,0.008106543138390272,0.004053271569195136
jamieson greer,PER,14,jamieson greer,0.0,0.008106543138390272,0.004053271569195136
umum,ORG,2,umum,0.00694158087872474,0.0011580775911986102,0.004049829234961675
social,PRD,3,social,0.006353921906571099,0.0017371163867979154,0.0040455191466845074
negara,ORG,4,negara,0.005766851665722221,0.0023161551823972205,0.004041503424059721
bursa,PRD,3,bursa,0.00621872618748623,0.0017371163867979154,0.003977921287142073
juru,ORG,2,juru,0.006560578127162772,0.0011580775911986102,0.003859327859180691
and,ORG,1,and,0.007090128616806703,0.0005790387955993051,0.003834583706203004
washington dc,GPE,13,washington dc,0.0,0.007527504342790967,0.0037637521713954833
usd miliar,MON,13,usd miliar,0.0,0.007527504342790967,0.0037637521713954833
truth social,ORG,13,truth social,0.0,0.007527504342790967,0.0037637521713954833
howard lutnick,PER,13,howard lutnick,0.0,0.007527504342790967,0.0037637521713954833
bicara,ORG,1,bicara,0.006647589510953282,0.0005790387955993051,0.0036133141532762934
delapan,CRD,12,delapan,0.0,0.006948465547191662,0.003474232773595831
gpn,ORG,12,gpn,0.0,0.006948465547191662,0.003474232773595831
ukraina,GPE,12,ukraina,0.0,0.006948465547191662,0.003474232773595831
tesla,PRD,12,tesla,0.0,0.006948465547191662,0.003474232773595831
whatsapp,PRD,12,whatsapp,0.0,0.006948465547191662,0.003474232773595831
negeri paman sam,GPE,12,negeri paman sam,0.0,0.006948465547191662,0.003474232773595831
november,DAT,12,november,0.0,0.006948465547191662,0.003474232773595831
pemilu,EVT,12,pemilu,0.0,0.006948465547191662,0.003474232773595831
greer,ORG,3,greer,0.005108578609127965,0.0017371163867979154,0.00342284749796294
sentral,ORG,1,sentral,0.006084056787277505,0.0005790387955993051,0.003331547791438405
pemerintah amerika serikat,NOR,11,pemerintah amerika serikat,0.0,0.006369426751592357,0.0031847133757961785
boeing,ORG,11,boeing,0.0,0.006369426751592357,0.0031847133757961785
pemerintah amerika serikat as,NOR,11,pemerintah amerika serikat as,0.0,0.006369426751592357,0.0031847133757961785
etanol,PRD,11,etanol,0.0,0.006369426751592357,0.0031847133757961785
bbc,ORG,11,bbc,0.0,0.006369426751592357,0.0031847133757961785
tiga bulan,QTY,11,tiga bulan,0.0,0.006369426751592357,0.0031847133757961785
september,DAT,11,september,0.0,0.006369426751592357,0.0031847133757961785
national,LAW,11,national,0.0,0.006369426751592357,0.0031847133757961785
menteri perdagangan,NOR,11,menteri perdagangan,0.0,0.006369426751592357,0.0031847133757961785
musk,PER,10,musk,0.0,0.005790387955993051,0.0028951939779965257
sri mulyani,PER,10,sri mulyani,0.0,0.005790387955993051,0.0028951939779965257
garmen,ORG,10,garmen,0.0,0.005790387955993051,0.0028951939779965257
oktober,DAT,10,oktober,0.0,0.005790387955993051,0.0028951939779965257
bmi,ORG,10,bmi,0.0,0.005790387955993051,0.0028951939779965257
keempat,ORD,10,keempat,0.0,0.005790387955993051,0.0028951939779965257
asia tenggara,GPE,10,asia tenggara,0.0,0.005790387955993051,0.0028951939779965257
amerika utara,GPE,10,amerika utara,0.0,0.005790387955993051,0.0028951939779965257
rp us,MON,10,rp us,0.0,0.005790387955993051,0.0028951939779965257
minyak mentah,PRD,10,minyak mentah,0.0,0.005790387955993051,0.0028951939779965257
koordinator bidang perekonomian,ORG,10,koordinator bidang perekonomian,0.0,0.005790387955993051,0.0028951939779965257
shanghai,GPE,9,shanghai,0.0,0.0052113491603937466,0.0026056745801968733
iran,GPE,9,iran,0.0,0.0052113491603937466,0.0026056745801968733
ford,ORG,9,ford,0.0,0.0052113491603937466,0.0026056745801968733
sugiono,PER,9,sugiono,0.0,0.0052113491603937466,0.0026056745801968733
sheinbaum,PER,9,sheinbaum,0.0,0.0052113491603937466,0.0026056745801968733
delegasi,NOR,9,delegasi,0.0,0.0052113491603937466,0.0026056745801968733
jerome powell,PER,9,jerome powell,0.0,0.0052113491603937466,0.0026056745801968733
partai republik,NOR,9,partai republik,0.0,0.0052113491603937466,0.0026056745801968733
pasifik,GPE,9,pasifik,0.0,0.0052113491603937466,0.0026056745801968733
california,GPE,9,california,0.0,0.0052113491603937466,0.0026056745801968733
tkdn,LAW,9,tkdn,0.0,0.0052113491603937466,0.0026056745801968733
ai,ORG,9,ai,0.0,0.0052113491603937466,0.0026056745801968733
dua hari,QTY,9,dua hari,0.0,0.0052113491603937466,0.0026056745801968733
us juta,MON,9,us juta,0.0,0.0052113491603937466,0.0026056745801968733
presiden china,NOR,9,presiden china,0.0,0.0052113491603937466,0.0026056745801968733
justin trudeau,PER,9,justin trudeau,0.0,0.0052113491603937466,0.0026056745801968733
presidendonald,NOR,9,presidendonald,0.0,0.0052113491603937466,0.0026056745801968733
london,GPE,8,london,0.0,0.004632310364794441,0.0023161551823972205
kementerian perdagangan china,NOR,8,kementerian perdagangan china,0.0,0.004632310364794441,0.0023161551823972205
ponsel,PRD,8,ponsel,0.0,0.004632310364794441,0.0023161551823972205
bank sentral,ORG,8,bank sentral,0.0,0.004632310364794441,0.0023161551823972205
enam,CRD,8,enam,0.0,0.004632310364794441,0.0023161551823972205
teknologi,PRD,8,teknologi,0.0,0.004632310364794441,0.0023161551823972205
rp juta,MON,8,rp juta,0.0,0.004632310364794441,0.0023161551823972205
google,ORG,8,google,0.0,0.004632310364794441,0.0023161551823972205
nikel,PRD,8,nikel,0.0,0.004632310364794441,0.0023161551823972205
lpg,PRD,8,lpg,0.0,0.004632310364794441,0.0023161551823972205
texas,GPE,8,texas,0.0,0.004632310364794441,0.0023161551823972205
wall street,ORG,8,wall street,0.0,0.004632310364794441,0.0023161551823972205
menteri perdagangan as,NOR,8,menteri perdagangan as,0.0,0.004632310364794441,0.0023161551823972205
brussels,GPE,8,brussels,0.0,0.004632310364794441,0.0023161551823972205
hs,PRD,8,hs,0.0,0.004632310364794441,0.0023161551823972205
trudeau,PER,7,trudeau,0.0,0.004053271569195136,0.002026635784597568
ursula von der leyen,PER,7,ursula von der leyen,0.0,0.004053271569195136,0.002026635784597568
cpo,PRD,7,cpo,0.0,0.004053271569195136,0.002026635784597568
bps,ORG,7,bps,0.0,0.004053271569195136,0.002026635784597568
argentina,GPE,7,argentina,0.0,0.004053271569195136,0.002026635784597568
arab,GPE,7,arab,0.0,0.004053271569195136,0.002026635784597568
liberation day,EVT,7,liberation day,0.0,0.004053271569195136,0.002026635784597568
kementerian perdagangan,NOR,7,kementerian perdagangan,0.0,0.004053271569195136,0.002026635784597568
presidenamerika serikat as,NOR,7,presidenamerika serikat as,0.0,0.004053271569195136,0.002026635784597568
pemerintahan presiden,NOR,7,pemerintahan presiden,0.0,0.004053271569195136,0.002026635784597568
lin jian,PER,7,lin jian,0.0,0.004053271569195136,0.002026635784597568
nvidia,ORG,7,nvidia,0.0,0.004053271569195136,0.002026635784597568
pdb,PRD,7,pdb,0.0,0.004053271569195136,0.002026635784597568
bank indonesia bi,ORG,7,bank indonesia bi,0.0,0.004053271569195136,0.002026635784597568
us triliun,MON,7,us triliun,0.0,0.004053271569195136,0.002026635784597568
btc,PRD,7,btc,0.0,0.004053271569195136,0.002026635784597568
dollar as,MON,7,dollar as,0.0,0.004053271569195136,0.002026635784597568
dpr,NOR,7,dpr,0.0,0.004053271569195136,0.002026635784597568
dua tahun,QTY,7,dua tahun,0.0,0.004053271569195136,0.002026635784597568
empat tahun,QTY,7,empat tahun,0.0,0.004053271569195136,0.002026635784597568
elon musk,PER,7,elon musk,0.0,0.004053271569195136,0.002026635784597568
dolar amerika serikat as,MON,7,dolar amerika serikat as,0.0,0.004053271569195136,0.002026635784597568
impor,LAW,7,impor,0.0,0.004053271569195136,0.002026635784597568
setengah,CRD,7,setengah,0.0,0.004053271569195136,0.002026635784597568
saudi,GPE,7,saudi,0.0,0.004053271569195136,0.002026635784597568
huawei,ORG,7,huawei,0.0,0.004053271569195136,0.002026635784597568
samsung,ORG,7,samsung,0.0,0.004053271569195136,0.002026635784597568
jakarta kompas com,ORG,7,jakarta kompas com,0.0,0.004053271569195136,0.002026635784597568
joe biden,PER,7,joe biden,0.0,0.004053271569195136,0.002026635784597568
american,ORG,7,american,0.0,0.004053271569195136,0.002026635784597568
he lifeng,PER,7,he lifeng,0.0,0.004053271569195136,0.002026635784597568
gandum,PRD,7,gandum,0.0,0.004053271569195136,0.002026635784597568
euro,ORG,7,euro,0.0,0.004053271569195136,0.002026635784597568
foreign,LAW,7,foreign,0.0,0.004053271569195136,0.002026635784597568
filipina,GPE,7,filipina,0.0,0.004053271569195136,0.002026635784597568
badan pusat statistik bps,ORG,7,badan pusat statistik bps,0.0,0.004053271569195136,0.002026635784597568
youtube,ORG,7,youtube,0.0,0.004053271569195136,0.002026635784597568
tekstil,PRD,6,tekstil,0.0,0.003474232773595831,0.0017371163867979154
tiga tahun,QTY,6,tiga tahun,0.0,0.003474232773595831,0.0017371163867979154
trumpyang,PER,6,trumpyang,0.0,0.003474232773595831,0.0017371163867979154
tujuh,CRD,6,tujuh,0.0,0.003474232773595831,0.0017371163867979154
afp,ORG,6,afp,0.0,0.003474232773595831,0.0017371163867979154
carney,PER,6,carney,0.0,0.003474232773595831,0.0017371163867979154
covid,EVT,6,covid,0.0,0.003474232773595831,0.0017371163867979154
cnn,ORG,6,cnn,0.0,0.003474232773595831,0.0017371163867979154
cook,ORG,6,cook,0.0,0.003474232773595831,0.0017371163867979154
leavitt,PER,6,leavitt,0.0,0.003474232773595831,0.0017371163867979154
menteri luar negeri,NOR,6,menteri luar negeri,0.0,0.003474232773595831,0.0017371163867979154
miliar dollar as,MON,6,miliar dollar as,0.0,0.003474232773595831,0.0017371163867979154
nato,NOR,6,nato,0.0,0.003474232773595831,0.0017371163867979154
von,ORG,6,von,0.0,0.003474232773595831,0.0017371163867979154
bea,ORG,6,bea,0.0,0.003474232773595831,0.0017371163867979154
mexico,GPE,6,mexico,0.0,0.003474232773595831,0.0017371163867979154
apsyfi,ORG,6,apsyfi,0.0,0.003474232773595831,0.0017371163867979154
motors,ORG,6,motors,0.0,0.003474232773595831,0.0017371163867979154
nasdaq,ORG,6,nasdaq,0.0,0.003474232773595831,0.0017371163867979154
pemerintahan presiden as,NOR,6,pemerintahan presiden as,0.0,0.003474232773595831,0.0017371163867979154
kemenko,NOR,6,kemenko,0.0,0.003474232773595831,0.0017371163867979154
kapal,PRD,6,kapal,0.0,0.003474232773595831,0.0017371163867979154
karoline leavitt,PER,6,karoline leavitt,0.0,0.003474232773595831,0.0017371163867979154
juta ton,QTY,6,juta ton,0.0,0.003474232773595831,0.0017371163867979154
kantor perwakilan dagang amerika serikat,ORG,6,kantor perwakilan dagang amerika serikat,0.0,0.003474232773595831,0.0017371163867979154
myanmar,GPE,6,myanmar,0.0,0.003474232773595831,0.0017371163867979154
shein,PER,6,shein,0.0,0.003474232773595831,0.0017371163867979154
smartphone,PRD,6,smartphone,0.0,0.003474232773595831,0.0017371163867979154
bambu,ORG,6,bambu,0.0,0.003474232773595831,0.0017371163867979154
israel,GPE,6,israel,0.0,0.003474232773595831,0.0017371163867979154
jawa barat,GPE,6,jawa barat,0.0,0.003474232773595831,0.0017371163867979154
sabtu april,DAT,6,sabtu april,0.0,0.003474232773595831,0.0017371163867979154
instagram,PRD,6,instagram,0.0,0.003474232773595831,0.0017371163867979154
perdana menteri kanada,NOR,6,perdana menteri kanada,0.0,0.003474232773595831,0.0017371163867979154
peraturan,LAW,6,peraturan,0.0,0.003474232773595831,0.0017371163867979154
kolombia,GPE,6,kolombia,0.0,0.003474232773595831,0.0017371163867979154
pemerintah ri,NOR,6,pemerintah ri,0.0,0.003474232773595831,0.0017371163867979154
oecd,ORG,6,oecd,0.0,0.003474232773595831,0.0017371163867979154
pakaian,PRD,6,pakaian,0.0,0.003474232773595831,0.0017371163867979154
komputer,PRD,6,komputer,0.0,0.003474232773595831,0.0017371163867979154
obligasi,PRD,6,obligasi,0.0,0.003474232773595831,0.0017371163867979154
dow,ORG,6,dow,0.0,0.003474232773595831,0.0017371163867979154
dxy,PRD,6,dxy,0.0,0.003474232773595831,0.0017371163867979154
eddy,PER,6,eddy,0.0,0.003474232773595831,0.0017371163867979154
bank indonesia,ORG,6,bank indonesia,0.0,0.003474232773595831,0.0017371163867979154
donaldtrump,PER,6,donaldtrump,0.0,0.003474232773595831,0.0017371163867979154
bank sentral as,ORG,6,bank sentral as,0.0,0.003474232773595831,0.0017371163867979154
bangladesh,GPE,6,bangladesh,0.0,0.003474232773595831,0.0017371163867979154
pemerintahan trump,NOR,5,pemerintahan trump,0.0,0.0028951939779965257,0.0014475969889982628
amerika latin,GPE,5,amerika latin,0.0,0.0028951939779965257,0.0014475969889982628
kabarbursa com,ORG,5,kabarbursa com,0.0,0.0028951939779965257,0.0014475969889982628
pemerintahan presiden amerika serikat,NOR,5,pemerintahan presiden amerika serikat,0.0,0.0028951939779965257,0.0014475969889982628
presiden meksiko,NOR,5,presiden meksiko,0.0,0.0028951939779965257,0.0014475969889982628
kementerian keuangan,NOR,5,kementerian keuangan,0.0,0.0028951939779965257,0.0014475969889982628
kementerian perdagangan kemendag,NOR,5,kementerian perdagangan kemendag,0.0,0.0028951939779965257,0.0014475969889982628
parlemen,NOR,5,parlemen,0.0,0.0028951939779965257,0.0014475969889982628
anggur,PRD,5,anggur,0.0,0.0028951939779965257,0.0014475969889982628
mark carney,PER,5,mark carney,0.0,0.0028951939779965257,0.0014475969889982628
kuala lumpur,GPE,5,kuala lumpur,0.0,0.0028951939779965257,0.0014475969889982628
wakil menteri luar negeri,NOR,5,wakil menteri luar negeri,0.0,0.0028951939779965257,0.0014475969889982628
uu,LAW,5,uu,0.0,0.0028951939779965257,0.0014475969889982628
bhima,ORG,5,bhima,0.0,0.0028951939779965257,0.0014475969889982628
world,ORG,5,world,0.0,0.0028951939779965257,0.0014475969889982628
menko perekonomian,NOR,5,menko perekonomian,0.0,0.0028951939779965257,0.0014475969889982628
multilateral,ORG,5,multilateral,0.0,0.0028951939779965257,0.0014475969889982628
palestina,GPE,5,palestina,0.0,0.0028951939779965257,0.0014475969889982628
organisasi perdagangan dunia,ORG,5,organisasi perdagangan dunia,0.0,0.0028951939779965257,0.0014475969889982628
arrmanatha,ORG,5,arrmanatha,0.0,0.0028951939779965257,0.0014475969889982628
kong,PRD,5,kong,0.0,0.0028951939779965257,0.0014475969889982628
komite,ORG,5,komite,0.0,0.0028951939779965257,0.0014475969889982628
kompas tv,ORG,5,kompas tv,0.0,0.0028951939779965257,0.0014475969889982628
pemerintah china,NOR,5,pemerintah china,0.0,0.0028951939779965257,0.0014475969889982628
amazon,ORG,5,amazon,0.0,0.0028951939779965257,0.0014475969889982628
stellantis,ORG,5,stellantis,0.0,0.0028951939779965257,0.0014475969889982628
hong,GPE,5,hong,0.0,0.0028951939779965257,0.0014475969889982628
bahlil,PER,5,bahlil,0.0,0.0028951939779965257,0.0014475969889982628
sebulan,QTY,5,sebulan,0.0,0.0028951939779965257,0.0014475969889982628
selasa april,DAT,5,selasa april,0.0,0.0028951939779965257,0.0014475969889982628
grup,ORG,5,grup,0.0,0.0028951939779965257,0.0014475969889982628
greenland,GPE,5,greenland,0.0,0.0028951939779965257,0.0014475969889982628
sekretaris,NOR,5,sekretaris,0.0,0.0028951939779965257,0.0014475969889982628
ho,NOR,5,ho,0.0,0.0028951939779965257,0.0014475969889982628
getty images,PRD,5,getty images,0.0,0.0028951939779965257,0.0014475969889982628
richard,PER,5,richard,0.0,0.0028951939779965257,0.0014475969889982628
jet,PRD,5,jet,0.0,0.0028951939779965257,0.0014475969889982628
safe,ORG,5,safe,0.0,0.0028951939779965257,0.0014475969889982628
rp miliar,MON,5,rp miliar,0.0,0.0028951939779965257,0.0014475969889982628
ibrahim assuaibi,PER,5,ibrahim assuaibi,0.0,0.0028951939779965257,0.0014475969889982628
hp,ORG,5,hp,0.0,0.0028951939779965257,0.0014475969889982628
turki,GPE,5,turki,0.0,0.0028951939779965257,0.0014475969889982628
ucap,ORG,5,ucap,0.0,0.0028951939779965257,0.0014475969889982628
djatmiko bris witjaksono,PER,5,djatmiko bris witjaksono,0.0,0.0028951939779965257,0.0014475969889982628
djatmiko,PER,5,djatmiko,0.0,0.0028951939779965257,0.0014475969889982628
elon,PER,5,elon,0.0,0.0028951939779965257,0.0014475969889982628
emiria,ORG,5,emiria,0.0,0.0028951939779965257,0.0014475969889982628
timur tengah,GPE,5,timur tengah,0.0,0.0028951939779965257,0.0014475969889982628
tiktok,PRD,5,tiktok,0.0,0.0028951939779965257,0.0014475969889982628
usmca,LAW,5,usmca,0.0,0.0028951939779965257,0.0014475969889982628
content,ORG,5,content,0.0,0.0028951939779965257,0.0014475969889982628
toyota,ORG,5,toyota,0.0,0.0028951939779965257,0.0014475969889982628
tokyo,GPE,5,tokyo,0.0,0.0028951939779965257,0.0014475969889982628
trumptelah,PER,5,trumptelah,0.0,0.0028951939779965257,0.0014475969889982628
united states trade representative ustr,ORG,5,united states trade representative ustr,0.0,0.0028951939779965257,0.0014475969889982628
batu bara,PRD,5,batu bara,0.0,0.0028951939779965257,0.0014475969889982628
baterai,PRD,5,baterai,0.0,0.0028951939779965257,0.0014475969889982628
federal reserve,ORG,4,federal reserve,0.0,0.0023161551823972205,0.0011580775911986102
wijayanto,PER,4,wijayanto,0.0,0.0023161551823972205,0.0011580775911986102
bahlil lahadalia,PER,4,bahlil lahadalia,0.0,0.0023161551823972205,0.0011580775911986102
gm,ORG,4,gm,0.0,0.0023161551823972205,0.0011580775911986102
goldman,PRD,4,goldman,0.0,0.0023161551823972205,0.0011580775911986102
claudia sheinbaum,PER,4,claudia sheinbaum,0.0,0.0023161551823972205,0.0011580775911986102
pmi,ORG,4,pmi,0.0,0.0023161551823972205,0.0011580775911986102
perancis,GPE,4,perancis,0.0,0.0023161551823972205,0.0011580775911986102
anwar ibrahim,PER,4,anwar ibrahim,0.0,0.0023161551823972205,0.0011580775911986102
apec,ORG,4,apec,0.0,0.0023161551823972205,0.0011580775911986102
paris,ORG,4,paris,0.0,0.0023161551823972205,0.0011580775911986102
pemerintahan presiden amerika serikat as,NOR,4,pemerintahan presiden amerika serikat as,0.0,0.0023161551823972205,0.0011580775911986102
pemerintahnya,NOR,4,pemerintahnya,0.0,0.0023161551823972205,0.0011580775911986102
crypto,PRD,4,crypto,0.0,0.0023161551823972205,0.0011580775911986102
ojk,ORG,4,ojk,0.0,0.0023161551823972205,0.0011580775911986102
organisasi perdagangan dunia wto,ORG,4,organisasi perdagangan dunia wto,0.0,0.0023161551823972205,0.0011580775911986102
otoritas,NOR,4,otoritas,0.0,0.0023161551823972205,0.0011580775911986102
pabrik,LOC,4,pabrik,0.0,0.0023161551823972205,0.0011580775911986102
anthony albanese,PER,4,anthony albanese,0.0,0.0023161551823972205,0.0011580775911986102
anwar,PER,4,anwar,0.0,0.0023161551823972205,0.0011580775911986102
dariinvesting com,ORG,4,dariinvesting com,0.0,0.0023161551823972205,0.0011580775911986102
bahan,PRD,4,bahan,0.0,0.0023161551823972205,0.0011580775911986102
huang,ORG,4,huang,0.0,0.0023161551823972205,0.0011580775911986102
venezuela,GPE,4,venezuela,0.0,0.0023161551823972205,0.0011580775911986102
new york kompas com,ORG,4,new york kompas com,0.0,0.0023161551823972205,0.0011580775911986102
newsom,ORG,4,newsom,0.0,0.0023161551823972205,0.0011580775911986102
nte,LAW,4,nte,0.0,0.0023161551823972205,0.0011580775911986102
satu bulan,QTY,4,satu bulan,0.0,0.0023161551823972205,0.0011580775911986102
ambassador,ORG,4,ambassador,0.0,0.0023161551823972205,0.0011580775911986102
muslim,GPE,4,muslim,0.0,0.0023161551823972205,0.0011580775911986102
nanang wijayanto,PER,4,nanang wijayanto,0.0,0.0023161551823972205,0.0011580775911986102
menlu,NOR,4,menlu,0.0,0.0023161551823972205,0.0011580775911986102
menteri keuangan menkeu,NOR,4,menteri keuangan menkeu,0.0,0.0023161551823972205,0.0011580775911986102
menteri keuangansri,NOR,4,menteri keuangansri,0.0,0.0023161551823972205,0.0011580775911986102
merz,PER,4,merz,0.0,0.0023161551823972205,0.0011580775911986102
denmark,GPE,4,denmark,0.0,0.0023161551823972205,0.0011580775911986102
miliaran dolar,MON,4,miliaran dolar,0.0,0.0023161551823972205,0.0011580775911986102
serikat as,MON,4,serikat as,0.0,0.0023161551823972205,0.0011580775911986102
ikpi jakarta,NOR,4,ikpi jakarta,0.0,0.0023161551823972205,0.0011580775911986102
indonesiahadir,GPE,4,indonesiahadir,0.0,0.0023161551823972205,0.0011580775911986102
drma,PRD,4,drma,0.0,0.0023161551823972205,0.0011580775911986102
uni eropa ue,NOR,4,uni eropa ue,0.0,0.0023161551823972205,0.0011580775911986102
harga saham gabungan,PRD,4,harga saham gabungan,0.0,0.0023161551823972205,0.0011580775911986102
menkeu,NOR,4,menkeu,0.0,0.0023161551823972205,0.0011580775911986102
arrmanatha nasir,PER,4,arrmanatha nasir,0.0,0.0023161551823972205,0.0011580775911986102
spacex,ORG,4,spacex,0.0,0.0023161551823972205,0.0011580775911986102
liputan com jakarta,ORG,4,liputan com jakarta,0.0,0.0023161551823972205,0.0011580775911986102
lng,PRD,4,lng,0.0,0.0023161551823972205,0.0011580775911986102
kuala,GPE,4,kuala,0.0,0.0023161551823972205,0.0011580775911986102
laptop,PRD,4,laptop,0.0,0.0023161551823972205,0.0011580775911986102
ubs,ORG,4,ubs,0.0,0.0023161551823972205,0.0011580775911986102
ucapnya,ORG,4,ucapnya,0.0,0.0023161551823972205,0.0011580775911986102
italia,GPE,4,italia,0.0,0.0023161551823972205,0.0011580775911986102
jeff,ORG,4,jeff,0.0,0.0023161551823972205,0.0011580775911986102
jenewa swiss,GPE,4,jenewa swiss,0.0,0.0023161551823972205,0.0011580775911986102
bitcoin btc,PRD,4,bitcoin btc,0.0,0.0023161551823972205,0.0011580775911986102
udang,PRD,4,udang,0.0,0.0023161551823972205,0.0011580775911986102
agustus,DAT,4,agustus,0.0,0.0023161551823972205,0.0011580775911986102
leba apr,NOR,4,leba apr,0.0,0.0023161551823972205,0.0011580775911986102
leyen,PER,4,leyen,0.0,0.0023161551823972205,0.0011580775911986102
li,PER,4,li,0.0,0.0023161551823972205,0.0011580775911986102
liberal,ORG,4,liberal,0.0,0.0023161551823972205,0.0011580775911986102
barbie,PRD,4,barbie,0.0,0.0023161551823972205,0.0011580775911986102
asia pasifik,GPE,4,asia pasifik,0.0,0.0023161551823972205,0.0011580775911986102
kode,LAW,4,kode,0.0,0.0023161551823972205,0.0011580775911986102
taco,PRD,4,taco,0.0,0.0023161551823972205,0.0011580775911986102
joe,ORG,4,joe,0.0,0.0023161551823972205,0.0011580775911986102
jones,PER,4,jones,0.0,0.0023161551823972205,0.0011580775911986102
dow jones,ORG,4,dow jones,0.0,0.0023161551823972205,0.0011580775911986102
trumpini,PER,4,trumpini,0.0,0.0023161551823972205,0.0011580775911986102
trumpmengumumkan,PER,4,trumpmengumumkan,0.0,0.0023161551823972205,0.0011580775911986102
trumpterhadap,PER,4,trumpterhadap,0.0,0.0023161551823972205,0.0011580775911986102
korsel,GPE,4,korsel,0.0,0.0023161551823972205,0.0011580775911986102
kedelapan,ORD,4,kedelapan,0.0,0.0023161551823972205,0.0011580775911986102
bei,ORG,4,bei,0.0,0.0023161551823972205,0.0011580775911986102
tbk,ORG,4,tbk,0.0,0.0023161551823972205,0.0011580775911986102
dolar amerika serikat,MON,4,dolar amerika serikat,0.0,0.0023161551823972205,0.0011580775911986102
ketua the fed,ORG,4,ketua the fed,0.0,0.0023161551823972205,0.0011580775911986102
justin,ORG,4,justin,0.0,0.0023161551823972205,0.0011580775911986102
karet,PRD,4,karet,0.0,0.0023161551823972205,0.0011580775911986102
jerome,PER,4,jerome,0.0,0.0023161551823972205,0.0011580775911986102
time,ORG,4,time,0.0,0.0023161551823972205,0.0011580775911986102
tirai bambu,LOC,4,tirai bambu,0.0,0.0023161551823972205,0.0011580775911986102
washington dc as,GPE,4,washington dc as,0.0,0.0023161551823972205,0.0011580775911986102
gas alam cair,PRD,4,gas alam cair,0.0,0.0023161551823972205,0.0011580775911986102
perwakilan dagang as,NOR,4,perwakilan dagang as,0.0,0.0023161551823972205,0.0011580775911986102
phk,NOR,4,phk,0.0,0.0023161551823972205,0.0011580775911986102
presiden komisi eropa,NOR,4,presiden komisi eropa,0.0,0.0023161551823972205,0.0011580775911986102
cnbc indonesia china,ORG,4,cnbc indonesia china,0.0,0.0023161551823972205,0.0011580775911986102
cnbc indonesia indonesia,ORG,4,cnbc indonesia indonesia,0.0,0.0023161551823972205,0.0011580775911986102
perdagangan internasional,ORG,4,perdagangan internasional,0.0,0.0023161551823972205,0.0011580775911986102
perikanan,ORG,4,perikanan,0.0,0.0023161551823972205,0.0011580775911986102
energi,PRD,4,energi,0.0,0.0023161551823972205,0.0011580775911986102
yen,MON,4,yen,0.0,0.0023161551823972205,0.0011580775911986102
yen jepang,MON,4,yen jepang,0.0,0.0023161551823972205,0.0011580775911986102
act,LAW,4,act,0.0,0.0023161551823972205,0.0011580775911986102
zhejiang,GPE,3,zhejiang,0.0,0.0017371163867979154,0.0008685581933989577
adil,PER,3,adil,0.0,0.0017371163867979154,0.0008685581933989577
perintah,LAW,3,perintah,0.0,0.0017371163867979154,0.0008685581933989577
perdana menteri australia,NOR,3,perdana menteri australia,0.0,0.0017371163867979154,0.0008685581933989577
perdana menteri,NOR,3,perdana menteri,0.0,0.0017371163867979154,0.0008685581933989577
presiden prancis,NOR,3,presiden prancis,0.0,0.0017371163867979154,0.0008685581933989577
presiden komisi uni eropa,NOR,3,presiden komisi uni eropa,0.0,0.0017371163867979154,0.0008685581933989577
petro,PER,3,petro,0.0,0.0017371163867979154,0.0008685581933989577
pesawat militer,PRD,3,pesawat militer,0.0,0.0017371163867979154,0.0008685581933989577
batu,PRD,3,batu,0.0,0.0017371163867979154,0.0008685581933989577
perry,PER,3,perry,0.0,0.0017371163867979154,0.0008685581933989577
elektronik,PRD,3,elektronik,0.0,0.0017371163867979154,0.0008685581933989577
gap,ORG,3,gap,0.0,0.0017371163867979154,0.0008685581933989577
furniture,PRD,3,furniture,0.0,0.0017371163867979154,0.0008685581933989577
weo,PRD,3,weo,0.0,0.0017371163867979154,0.0008685581933989577
wang,PER,3,wang,0.0,0.0017371163867979154,0.0008685581933989577
walmart,ORG,3,walmart,0.0,0.0017371163867979154,0.0008685581933989577
wakil perdana menteri,NOR,3,wakil perdana menteri,0.0,0.0017371163867979154,0.0008685581933989577
wakil menteri keuangan,NOR,3,wakil menteri keuangan,0.0,0.0017371163867979154,0.0008685581933989577
ton,PRD,3,ton,0.0,0.0017371163867979154,0.0008685581933989577
to,ORG,3,to,0.0,0.0017371163867979154,0.0008685581933989577
airbus,ORG,3,airbus,0.0,0.0017371163867979154,0.0008685581933989577
kartu,PRD,3,kartu,0.0,0.0017371163867979154,0.0008685581933989577
karoline,NOR,3,karoline,0.0,0.0017371163867979154,0.0008685581933989577
kanselir,NOR,3,kanselir,0.0,0.0017371163867979154,0.0008685581933989577
donald trumpmengancam,PER,3,donald trumpmengancam,0.0,0.0017371163867979154,0.0008685581933989577
tim cook,ORG,3,tim cook,0.0,0.0017371163867979154,0.0008685581933989577
tiga minggu,QTY,3,tiga minggu,0.0,0.0017371163867979154,0.0008685581933989577
tiga hari,QTY,3,tiga hari,0.0,0.0017371163867979154,0.0008685581933989577
thomas djiwandono,PER,3,thomas djiwandono,0.0,0.0017371163867979154,0.0008685581933989577
the guardian,ORG,3,the guardian,0.0,0.0017371163867979154,0.0008685581933989577
bmw,ORG,3,bmw,0.0,0.0017371163867979154,0.0008685581933989577
donald trumpkembali,PER,3,donald trumpkembali,0.0,0.0017371163867979154,0.0008685581933989577
kabinet,ORG,3,kabinet,0.0,0.0017371163867979154,0.0008685581933989577
jusuf kalla,PER,3,jusuf kalla,0.0,0.0017371163867979154,0.0008685581933989577
juru bicara kementerian luar negeri china,NOR,3,juru bicara kementerian luar negeri china,0.0,0.0017371163867979154,0.0008685581933989577
kevin,PER,3,kevin,0.0,0.0017371163867979154,0.0008685581933989577
ketua umum,NOR,3,ketua umum,0.0,0.0017371163867979154,0.0008685581933989577
kepulauan,LOC,3,kepulauan,0.0,0.0017371163867979154,0.0008685581933989577
kelima,ORD,3,kelima,0.0,0.0017371163867979154,0.0008685581933989577
tengah,GPE,3,tengah,0.0,0.0017371163867979154,0.0008685581933989577
al,ORG,3,al,0.0,0.0017371163867979154,0.0008685581933989577
tariffs,PRD,3,tariffs,0.0,0.0017371163867979154,0.0008685581933989577
tariff,PRD,3,tariff,0.0,0.0017371163867979154,0.0008685581933989577
kedelai,PRD,3,kedelai,0.0,0.0017371163867979154,0.0008685581933989577
kazakhstan,GPE,3,kazakhstan,0.0,0.0017371163867979154,0.0008685581933989577
associated press,ORG,3,associated press,0.0,0.0017371163867979154,0.0008685581933989577
ktt asean,EVT,3,ktt asean,0.0,0.0017371163867979154,0.0008685581933989577
ktt,EVT,3,ktt,0.0,0.0017371163867979154,0.0008685581933989577
kripto,PRD,3,kripto,0.0,0.0017371163867979154,0.0008685581933989577
direktur laba forexindo berjangka,ORG,3,direktur laba forexindo berjangka,0.0,0.0017371163867979154,0.0008685581933989577
direktur jenderal perundingan perdagangan internasional kemendag,NOR,3,direktur jenderal perundingan perdagangan internasional kemendag,0.0,0.0017371163867979154,0.0008685581933989577
aru,PER,3,aru,0.0,0.0017371163867979154,0.0008685581933989577
konstitusi,LAW,3,konstitusi,0.0,0.0017371163867979154,0.0008685581933989577
konferensi pers virtual,EVT,3,konferensi pers virtual,0.0,0.0017371163867979154,0.0008685581933989577
bbm,PRD,3,bbm,0.0,0.0017371163867979154,0.0008685581933989577
trumpmengatakan,PER,3,trumpmengatakan,0.0,0.0017371163867979154,0.0008685581933989577
ishak,PER,3,ishak,0.0,0.0017371163867979154,0.0008685581933989577
juru bicara,NOR,3,juru bicara,0.0,0.0017371163867979154,0.0008685581933989577
donald trumpterhadap,PER,3,donald trumpterhadap,0.0,0.0017371163867979154,0.0008685581933989577
jpmorgan,ORG,3,jpmorgan,0.0,0.0017371163867979154,0.0008685581933989577
john,PER,3,john,0.0,0.0017371163867979154,0.0008685581933989577
jk,PER,3,jk,0.0,0.0017371163867979154,0.0008685581933989577
jisdor,PRD,3,jisdor,0.0,0.0017371163867979154,0.0008685581933989577
donaldtrumpmengumumkan,PER,3,donaldtrumpmengumumkan,0.0,0.0017371163867979154,0.0008685581933989577
trade estimate,PRD,3,trade estimate,0.0,0.0017371163867979154,0.0008685581933989577
swis,PRD,3,swis,0.0,0.0017371163867979154,0.0008685581933989577
swedia,GPE,3,swedia,0.0,0.0017371163867979154,0.0008685581933989577
susu,PRD,3,susu,0.0,0.0017371163867979154,0.0008685581933989577
barat,ORG,3,barat,0.0,0.0017371163867979154,0.0008685581933989577
lin,PER,3,lin,0.0,0.0017371163867979154,0.0008685581933989577
lima tahun,QTY,3,lima tahun,0.0,0.0017371163867979154,0.0008685581933989577
lee,PER,3,lee,0.0,0.0017371163867979154,0.0008685581933989577
direktur eksekutif center of economic and law studies,ORG,3,direktur eksekutif center of economic and law studies,0.0,0.0017371163867979154,0.0008685581933989577
bisnis com,ORG,3,bisnis com,0.0,0.0017371163867979154,0.0008685581933989577
dua bulan,QTY,3,dua bulan,0.0,0.0017371163867979154,0.0008685581933989577
id,PER,3,id,0.0,0.0017371163867979154,0.0008685581933989577
jeffrey,PER,3,jeffrey,0.0,0.0017371163867979154,0.0008685581933989577
januari april,DAT,3,januari april,0.0,0.0017371163867979154,0.0008685581933989577
iv,ORD,3,iv,0.0,0.0017371163867979154,0.0008685581933989577
tsmc,ORG,3,tsmc,0.0,0.0017371163867979154,0.0008685581933989577
trumpuntuk,PER,3,trumpuntuk,0.0,0.0017371163867979154,0.0008685581933989577
brent,PRD,3,brent,0.0,0.0017371163867979154,0.0008685581933989577
latin,GPE,3,latin,0.0,0.0017371163867979154,0.0008685581933989577
laos,GPE,3,laos,0.0,0.0017371163867979154,0.0008685581933989577
kuba,GPE,3,kuba,0.0,0.0017371163867979154,0.0008685581933989577
martin,PER,3,martin,0.0,0.0017371163867979154,0.0008685581933989577
mari elka pangestu,PER,3,mari elka pangestu,0.0,0.0017371163867979154,0.0008685581933989577
manhattan,GPE,3,manhattan,0.0,0.0017371163867979154,0.0008685581933989577
mahkamah agung,NOR,3,mahkamah agung,0.0,0.0017371163867979154,0.0008685581933989577
macron,PER,3,macron,0.0,0.0017371163867979154,0.0008685581933989577
listya,PER,3,listya,0.0,0.0017371163867979154,0.0008685581933989577
listrik,ORG,3,listrik,0.0,0.0017371163867979154,0.0008685581933989577
barriers,ORG,3,barriers,0.0,0.0017371163867979154,0.0008685581933989577
south,ORG,3,south,0.0,0.0017371163867979154,0.0008685581933989577
sistem,PRD,3,sistem,0.0,0.0017371163867979154,0.0008685581933989577
simak,ORG,3,simak,0.0,0.0017371163867979154,0.0008685581933989577
bursa efek indonesia,ORG,3,bursa efek indonesia,0.0,0.0017371163867979154,0.0008685581933989577
budi santoso,PER,3,budi santoso,0.0,0.0017371163867979154,0.0008685581933989577
der,ORG,3,der,0.0,0.0017371163867979154,0.0008685581933989577
deputi,NOR,3,deputi,0.0,0.0017371163867979154,0.0008685581933989577
departemen perdagangan,NOR,3,departemen perdagangan,0.0,0.0017371163867979154,0.0008685581933989577
ariston tjendra,PER,3,ariston tjendra,0.0,0.0017371163867979154,0.0008685581933989577
arif havas oegroseno,PER,3,arif havas oegroseno,0.0,0.0017371163867979154,0.0008685581933989577
dewan ekonomi nasional,NOR,3,dewan ekonomi nasional,0.0,0.0017371163867979154,0.0008685581933989577
alkohol,PRD,3,alkohol,0.0,0.0017371163867979154,0.0008685581933989577
shenzen,GPE,3,shenzen,0.0,0.0017371163867979154,0.0008685581933989577
gubernur california,NOR,3,gubernur california,0.0,0.0017371163867979154,0.0008685581933989577
edi,PER,3,edi,0.0,0.0017371163867979154,0.0008685581933989577
us steel,ORG,3,us steel,0.0,0.0017371163867979154,0.0008685581933989577
us rp juta,MON,3,us rp juta,0.0,0.0017371163867979154,0.0008685581933989577
institute,PRD,3,institute,0.0,0.0017371163867979154,0.0008685581933989577
ayam,PRD,3,ayam,0.0,0.0017371163867979154,0.0008685581933989577
indorama,ORG,3,indorama,0.0,0.0017371163867979154,0.0008685581933989577
indo,ORG,3,indo,0.0,0.0017371163867979154,0.0008685581933989577
indeks nasdaq,PRD,3,indeks nasdaq,0.0,0.0017371163867979154,0.0008685581933989577
indeks harga saham gabungan,PRD,3,indeks harga saham gabungan,0.0,0.0017371163867979154,0.0008685581933989577
biro,ORG,3,biro,0.0,0.0017371163867979154,0.0008685581933989577
setahun,QTY,3,setahun,0.0,0.0017371163867979154,0.0008685581933989577
seperempat,CRD,3,seperempat,0.0,0.0017371163867979154,0.0008685581933989577
detroit,GPE,3,detroit,0.0,0.0017371163867979154,0.0008685581933989577
detikcom,ORG,3,detikcom,0.0,0.0017371163867979154,0.0008685581933989577
mebel,PRD,3,mebel,0.0,0.0017371163867979154,0.0008685581933989577
ariadne anwar,PER,3,ariadne anwar,0.0,0.0017371163867979154,0.0008685581933989577
april scroll,DAT,3,april scroll,0.0,0.0017371163867979154,0.0008685581933989577
minggu april,DAT,3,minggu april,0.0,0.0017371163867979154,0.0008685581933989577
migas,MON,3,migas,0.0,0.0017371163867979154,0.0008685581933989577
senin april,DAT,3,senin april,0.0,0.0017371163867979154,0.0008685581933989577
sen,MON,3,sen,0.0,0.0017371163867979154,0.0008685581933989577
sembilan,CRD,3,sembilan,0.0,0.0017371163867979154,0.0008685581933989577
selasa maret,DAT,3,selasa maret,0.0,0.0017371163867979154,0.0008685581933989577
selandia,GPE,3,selandia,0.0,0.0017371163867979154,0.0008685581933989577
sekretaris pers gedung putih,ORG,3,sekretaris pers gedung putih,0.0,0.0017371163867979154,0.0008685581933989577
nbc,ORG,3,nbc,0.0,0.0017371163867979154,0.0008685581933989577
nations,PER,3,nations,0.0,0.0017371163867979154,0.0008685581933989577
nation,ORG,3,nation,0.0,0.0017371163867979154,0.0008685581933989577
daya,ORG,3,daya,0.0,0.0017371163867979154,0.0008685581933989577
day,EVT,3,day,0.0,0.0017371163867979154,0.0008685581933989577
muhammad ishak,PER,3,muhammad ishak,0.0,0.0017371163867979154,0.0008685581933989577
moskow,GPE,3,moskow,0.0,0.0017371163867979154,0.0008685581933989577
sbn,ORG,3,sbn,0.0,0.0017371163867979154,0.0008685581933989577
canada,ORG,3,canada,0.0,0.0017371163867979154,0.0008685581933989577
satgas,NOR,3,satgas,0.0,0.0017371163867979154,0.0008685581933989577
ceo apple,ORG,3,ceo apple,0.0,0.0017371163867979154,0.0008685581933989577
delegasi ri,NOR,3,delegasi ri,0.0,0.0017371163867979154,0.0008685581933989577
noudhy,ORG,3,noudhy,0.0,0.0017371163867979154,0.0008685581933989577
norwegia,GPE,3,norwegia,0.0,0.0017371163867979154,0.0008685581933989577
dana moneter,ORG,3,dana moneter,0.0,0.0017371163867979154,0.0008685581933989577
dana,ORG,3,dana,0.0,0.0017371163867979154,0.0008685581933989577
newsletter,ORG,3,newsletter,0.0,0.0017371163867979154,0.0008685581933989577
negeri tirai bambu,GPE,3,negeri tirai bambu,0.0,0.0017371163867979154,0.0008685581933989577
darireuters,ORG,3,darireuters,0.0,0.0017371163867979154,0.0008685581933989577
gb,PRD,3,gb,0.0,0.0017371163867979154,0.0008685581933989577
gaza,GPE,3,gaza,0.0,0.0017371163867979154,0.0008685581933989577
vladimir putin,PER,3,vladimir putin,0.0,0.0017371163867979154,0.0008685581933989577
utah,GPE,3,utah,0.0,0.0017371163867979154,0.0008685581933989577
usd juta,MON,3,usd juta,0.0,0.0017371163867979154,0.0008685581933989577
ibrahim assuabi,PER,3,ibrahim assuabi,0.0,0.0017371163867979154,0.0008685581933989577
ibc,ORG,3,ibc,0.0,0.0017371163867979154,0.0008685581933989577
hot wheels,PRD,3,hot wheels,0.0,0.0017371163867979154,0.0008685581933989577
economic outlook,EVT,3,economic outlook,0.0,0.0017371163867979154,0.0008685581933989577
ecommerce,PRD,3,ecommerce,0.0,0.0017371163867979154,0.0008685581933989577
he,PER,3,he,0.0,0.0017371163867979154,0.0008685581933989577
hassett,PER,3,hassett,0.0,0.0017371163867979154,0.0008685581933989577
hari pembebasan,EVT,3,hari pembebasan,0.0,0.0017371163867979154,0.0008685581933989577
sachs,ORG,3,sachs,0.0,0.0017371163867979154,0.0008685581933989577
rubio,PER,3,rubio,0.0,0.0017371163867979154,0.0008685581933989577
amerika selatan,GPE,3,amerika selatan,0.0,0.0017371163867979154,0.0008685581933989577
rose garden gedung putih,LOC,3,rose garden gedung putih,0.0,0.0017371163867979154,0.0008685581933989577
apr wib,ORG,3,apr wib,0.0,0.0017371163867979154,0.0008685581933989577
corp,ORG,3,corp,0.0,0.0017371163867979154,0.0008685581933989577
content indonesia,ORG,3,content indonesia,0.0,0.0017371163867979154,0.0008685581933989577
oracle,ORG,3,oracle,0.0,0.0017371163867979154,0.0008685581933989577
cukai,PRD,3,cukai,0.0,0.0017371163867979154,0.0008685581933989577
ringgit,MON,3,ringgit,0.0,0.0017371163867979154,0.0008685581933989577
redaksicnbcindonesia com,ORG,3,redaksicnbcindonesia com,0.0,0.0017371163867979154,0.0008685581933989577
reciprocal,LAW,3,reciprocal,0.0,0.0017371163867979154,0.0008685581933989577
rajutan,PRD,3,rajutan,0.0,0.0017371163867979154,0.0008685581933989577
obligasi pemerintah,PRD,3,obligasi pemerintah,0.0,0.0017371163867979154,0.0008685581933989577
anggur sampanye,PRD,3,anggur sampanye,0.0,0.0017371163867979154,0.0008685581933989577
pc,PRD,3,pc,0.0,0.0017371163867979154,0.0008685581933989577
pbb,ORG,3,pbb,0.0,0.0017371163867979154,0.0008685581933989577
chatib,PER,3,chatib,0.0,0.0017371163867979154,0.0008685581933989577
channel whatsapp kompastv,ORG,3,channel whatsapp kompastv,0.0,0.0017371163867979154,0.0008685581933989577
qr,PRD,3,qr,0.0,0.0017371163867979154,0.0008685581933989577
qatar,GPE,3,qatar,0.0,0.0017371163867979154,0.0008685581933989577
putin,PER,3,putin,0.0,0.0017371163867979154,0.0008685581933989577
pulau heard,LOC,3,pulau heard,0.0,0.0017371163867979154,0.0008685581933989577
pap,ORG,3,pap,0.0,0.0017371163867979154,0.0008685581933989577
palm,PRD,3,palm,0.0,0.0017371163867979154,0.0008685581933989577
pennsylvania,GPE,3,pennsylvania,0.0,0.0017371163867979154,0.0008685581933989577
penguin,PER,3,penguin,0.0,0.0017371163867979154,0.0008685581933989577
pengadilan perdagangan as,NOR,3,pengadilan perdagangan as,0.0,0.0017371163867979154,0.0008685581933989577
pemimpin eropa,NOR,3,pemimpin eropa,0.0,0.0017371163867979154,0.0008685581933989577
coinmarketcap,PRD,3,coinmarketcap,0.0,0.0017371163867979154,0.0008685581933989577
cnbc international,ORG,3,cnbc international,0.0,0.0017371163867979154,0.0008685581933989577
china kanada,GPE,3,china kanada,0.0,0.0017371163867979154,0.0008685581933989577
an,ORG,3,an,0.0,0.0017371163867979154,0.0008685581933989577
presidenmeksikoclaudia,NOR,3,presidenmeksikoclaudia,0.0,0.0017371163867979154,0.0008685581933989577
premium,PRD,3,premium,0.0,0.0017371163867979154,0.0008685581933989577
power lunch,EVT,3,power lunch,0.0,0.0017371163867979154,0.0008685581933989577
city,NOR,3,city,0.0,0.0017371163867979154,0.0008685581933989577
perang dunia ii,EVT,3,perang dunia ii,0.0,0.0017371163867979154,0.0008685581933989577
uni emirat arab,GPE,3,uni emirat arab,0.0,0.0017371163867979154,0.0008685581933989577
green,ORG,3,green,0.0,0.0017371163867979154,0.0008685581933989577
grand,LOC,3,grand,0.0,0.0017371163867979154,0.0008685581933989577
golkar,NOR,3,golkar,0.0,0.0017371163867979154,0.0008685581933989577
global,ORG,3,global,0.0,0.0017371163867979154,0.0008685581933989577
geopolitik,PRD,3,geopolitik,0.0,0.0017371163867979154,0.0008685581933989577
general,ORG,3,general,0.0,0.0017371163867979154,0.0008685581933989577
presidenamerika serikatdonald,NOR,3,presidenamerika serikatdonald,0.0,0.0017371163867979154,0.0008685581933989577
presidenamerika,NOR,3,presidenamerika,0.0,0.0017371163867979154,0.0008685581933989577
presiden xi,NOR,3,presiden xi,0.0,0.0017371163867979154,0.0008685581933989577
presiden rusia,NOR,3,presiden rusia,0.0,0.0017371163867979154,0.0008685581933989577
presiden ri,NOR,3,presiden ri,0.0,0.0017371163867979154,0.0008685581933989577
presiden republik indonesia,NOR,3,presiden republik indonesia,0.0,0.0017371163867979154,0.0008685581933989577
bank dunia,ORG,3,bank dunia,0.0,0.0017371163867979154,0.0008685581933989577
xinhua,ORG,3,xinhua,0.0,0.0017371163867979154,0.0008685581933989577
wib internasional washington dc,ORG,3,wib internasional washington dc,0.0,0.0017371163867979154,0.0008685581933989577
who,NOR,3,who,0.0,0.0017371163867979154,0.0008685581933989577
beras,PRD,3,beras,0.0,0.0017371163867979154,0.0008685581933989577
benua,GPE,3,benua,0.0,0.0017371163867979154,0.0008685581933989577
esdm,ORG,3,esdm,0.0,0.0017371163867979154,0.0008685581933989577
bensin,PRD,3,bensin,0.0,0.0017371163867979154,0.0008685581933989577
benjie,PER,3,benjie,0.0,0.0017371163867979154,0.0008685581933989577
emiten,ORG,3,emiten,0.0,0.0017371163867979154,0.0008685581933989577
fox news,ORG,3,fox news,0.0,0.0017371163867979154,0.0008685581933989577
florida,GPE,3,florida,0.0,0.0017371163867979154,0.0008685581933989577
financial times,ORG,3,financial times,0.0,0.0017371163867979154,0.0008685581933989577
fentanyl,PRD,3,fentanyl,0.0,0.0017371163867979154,0.0008685581933989577
abc news,ORG,2,abc news,0.0,0.0011580775911986102,0.0005790387955993051
walmart home depot lowe,ORG,2,walmart home depot lowe,0.0,0.0011580775911986102,0.0005790387955993051
warren,PER,2,warren,0.0,0.0011580775911986102,0.0005790387955993051
washington kompas com,ORG,2,washington kompas com,0.0,0.0011580775911986102,0.0005790387955993051
weibo,PER,2,weibo,0.0,0.0011580775911986102,0.0005790387955993051
west,ORG,2,west,0.0,0.0011580775911986102,0.0005790387955993051
enam bulan,QTY,2,enam bulan,0.0,0.0011580775911986102,0.0005790387955993051
enam tahun,QTY,2,enam tahun,0.0,0.0011580775911986102,0.0005790387955993051
freeport,ORG,2,freeport,0.0,0.0011580775911986102,0.0005790387955993051
friedrich,PER,2,friedrich,0.0,0.0011580775911986102,0.0005790387955993051
fta,ORG,2,fta,0.0,0.0011580775911986102,0.0005790387955993051
furnitur,PRD,2,furnitur,0.0,0.0011580775911986102,0.0005790387955993051
gadget,PRD,2,gadget,0.0,0.0011580775911986102,0.0005790387955993051
gaikindo,ORG,2,gaikindo,0.0,0.0011580775911986102,0.0005790387955993051
garuda,ORG,2,garuda,0.0,0.0011580775911986102,0.0005790387955993051
gas,PRD,2,gas,0.0,0.0011580775911986102,0.0005790387955993051
gas minyak cair,PRD,2,gas minyak cair,0.0,0.0011580775911986102,0.0005790387955993051
persero,ORG,2,persero,0.0,0.0011580775911986102,0.0005790387955993051
persnya,EVT,2,persnya,0.0,0.0011580775911986102,0.0005790387955993051
pertahanan,ORG,2,pertahanan,0.0,0.0011580775911986102,0.0005790387955993051
pertamax,PRD,2,pertamax,0.0,0.0011580775911986102,0.0005790387955993051
pertamina,ORG,2,pertamina,0.0,0.0011580775911986102,0.0005790387955993051
android,PRD,2,android,0.0,0.0011580775911986102,0.0005790387955993051
peru,GPE,2,peru,0.0,0.0011580775911986102,0.0005790387955993051
pesawat terbang,PRD,2,pesawat terbang,0.0,0.0011580775911986102,0.0005790387955993051
peterson,PER,2,peterson,0.0,0.0011580775911986102,0.0005790387955993051
petroleum gas lpg,PRD,2,petroleum gas lpg,0.0,0.0011580775911986102,0.0005790387955993051
philip,PRD,2,philip,0.0,0.0011580775911986102,0.0005790387955993051
advent krisdamarjati apr wib,ORG,2,advent krisdamarjati apr wib,0.0,0.0011580775911986102,0.0005790387955993051
eropa timur tengah,GPE,2,eropa timur tengah,0.0,0.0011580775911986102,0.0005790387955993051
estimate,EVT,2,estimate,0.0,0.0011580775911986102,0.0005790387955993051
evercore,PRD,2,evercore,0.0,0.0011580775911986102,0.0005790387955993051
facebook,ORG,2,facebook,0.0,0.0011580775911986102,0.0005790387955993051
pmk,LAW,2,pmk,0.0,0.0011580775911986102,0.0005790387955993051
polandia,GPE,2,polandia,0.0,0.0011580775911986102,0.0005790387955993051
post,ORG,2,post,0.0,0.0011580775911986102,0.0005790387955993051
ppn,LAW,2,ppn,0.0,0.0011580775911986102,0.0005790387955993051
prada,ORG,2,prada,0.0,0.0011580775911986102,0.0005790387955993051
chip ai,PRD,2,chip ai,0.0,0.0011580775911986102,0.0005790387955993051
chip komputer,PRD,2,chip komputer,0.0,0.0011580775911986102,0.0005790387955993051
choi,ORG,2,choi,0.0,0.0011580775911986102,0.0005790387955993051
perdagangan dunia,ORG,2,perdagangan dunia,0.0,0.0011580775911986102,0.0005790387955993051
perdagangan dunia wto,ORG,2,perdagangan dunia wto,0.0,0.0011580775911986102,0.0005790387955993051
perdana menteri inggris,NOR,2,perdana menteri inggris,0.0,0.0011580775911986102,0.0005790387955993051
perdana menteri kanadajustin,NOR,2,perdana menteri kanadajustin,0.0,0.0011580775911986102,0.0005790387955993051
perdana menteri malaysia,NOR,2,perdana menteri malaysia,0.0,0.0011580775911986102,0.0005790387955993051
baterai ev,PRD,2,baterai ev,0.0,0.0011580775911986102,0.0005790387955993051
batubara,PRD,2,batubara,0.0,0.0011580775911986102,0.0005790387955993051
bawang putih,PRD,2,bawang putih,0.0,0.0011580775911986102,0.0005790387955993051
pemilihan,EVT,2,pemilihan,0.0,0.0011580775911986102,0.0005790387955993051
presiden tiongkok,NOR,2,presiden tiongkok,0.0,0.0011580775911986102,0.0005790387955993051
presiden trump,PER,2,presiden trump,0.0,0.0011580775911986102,0.0005790387955993051
president,PER,2,president,0.0,0.0011580775911986102,0.0005790387955993051
ancam,ORG,2,ancam,0.0,0.0011580775911986102,0.0005790387955993051
produk,PRD,2,produk,0.0,0.0011580775911986102,0.0005790387955993051
chickens,PRD,2,chickens,0.0,0.0011580775911986102,0.0005790387955993051
chile,GPE,2,chile,0.0,0.0011580775911986102,0.0005790387955993051
penasihat,NOR,2,penasihat,0.0,0.0011580775911986102,0.0005790387955993051
pengadilan perdagangan amerika serikat as,NOR,2,pengadilan perdagangan amerika serikat as,0.0,0.0011580775911986102,0.0005790387955993051
pengadilan perdagangan internasional,ORG,2,pengadilan perdagangan internasional,0.0,0.0011580775911986102,0.0005790387955993051
claudia,PER,2,claudia,0.0,0.0011580775911986102,0.0005790387955993051
clq,PRD,2,clq,0.0,0.0011580775911986102,0.0005790387955993051
cna,PER,2,cna,0.0,0.0011580775911986102,0.0005790387955993051
cnbc indonesia amerika serikat,ORG,2,cnbc indonesia amerika serikat,0.0,0.0011580775911986102,0.0005790387955993051
pm,ORG,2,pm,0.0,0.0011580775911986102,0.0005790387955993051
ptmi,ORG,2,ptmi,0.0,0.0011580775911986102,0.0005790387955993051
pupuk polimer,PRD,2,pupuk polimer,0.0,0.0011580775911986102,0.0005790387955993051
purwakarta,GPE,2,purwakarta,0.0,0.0011580775911986102,0.0005790387955993051
quick,ORG,2,quick,0.0,0.0011580775911986102,0.0005790387955993051
rabu maret wib,DAT,2,rabu maret wib,0.0,0.0011580775911986102,0.0005790387955993051
rabu mei,DAT,2,rabu mei,0.0,0.0011580775911986102,0.0005790387955993051
competitor,ORG,2,competitor,0.0,0.0011580775911986102,0.0005790387955993051
composite,PRD,2,composite,0.0,0.0011580775911986102,0.0005790387955993051
partai liberal,NOR,2,partai liberal,0.0,0.0011580775911986102,0.0005790387955993051
partai liberal kanada,NOR,2,partai liberal kanada,0.0,0.0011580775911986102,0.0005790387955993051
pasar uang,ORG,2,pasar uang,0.0,0.0011580775911986102,0.0005790387955993051
pasaroffshore,LOC,2,pasaroffshore,0.0,0.0011580775911986102,0.0005790387955993051
pembayaran,LAW,2,pembayaran,0.0,0.0011580775911986102,0.0005790387955993051
pemerintahan as,NOR,2,pemerintahan as,0.0,0.0011580775911986102,0.0005790387955993051
angkatan,ORG,2,angkatan,0.0,0.0011580775911986102,0.0005790387955993051
pemerintahandonald,NOR,2,pemerintahandonald,0.0,0.0011580775911986102,0.0005790387955993051
org,ORG,2,org,0.0,0.0011580775911986102,0.0005790387955993051
otomotif,ORG,2,otomotif,0.0,0.0011580775911986102,0.0005790387955993051
ottawa,NOR,2,ottawa,0.0,0.0011580775911986102,0.0005790387955993051
cost,PRD,2,cost,0.0,0.0011580775911986102,0.0005790387955993051
padg,PRD,2,padg,0.0,0.0011580775911986102,0.0005790387955993051
page,PER,2,page,0.0,0.0011580775911986102,0.0005790387955993051
pajak,LAW,2,pajak,0.0,0.0011580775911986102,0.0005790387955993051
pakistan,GPE,2,pakistan,0.0,0.0011580775911986102,0.0005790387955993051
antara,ORG,2,antara,0.0,0.0011580775911986102,0.0005790387955993051
antartika,LOC,2,antartika,0.0,0.0011580775911986102,0.0005790387955993051
apbn,LAW,2,apbn,0.0,0.0011580775911986102,0.0005790387955993051
pangan,ORG,2,pangan,0.0,0.0011580775911986102,0.0005790387955993051
china meksiko,GPE,2,china meksiko,0.0,0.0011580775911986102,0.0005790387955993051
chinamengecam,GPE,2,chinamengecam,0.0,0.0011580775911986102,0.0005790387955993051
program property point cnbc,EVT,2,program property point cnbc,0.0,0.0011580775911986102,0.0005790387955993051
provinsi,ORG,2,provinsi,0.0,0.0011580775911986102,0.0005790387955993051
chenggang,PER,2,chenggang,0.0,0.0011580775911986102,0.0005790387955993051
rakyat,LAW,2,rakyat,0.0,0.0011580775911986102,0.0005790387955993051
ramdan denny prakoso,PER,2,ramdan denny prakoso,0.0,0.0011580775911986102,0.0005790387955993051
ratih,PER,2,ratih,0.0,0.0011580775911986102,0.0005790387955993051
ratusan persen,PRC,2,ratusan persen,0.0,0.0011580775911986102,0.0005790387955993051
reciprocal tariffs,PRD,2,reciprocal tariffs,0.0,0.0011580775911986102,0.0005790387955993051
redma,ORG,2,redma,0.0,0.0011580775911986102,0.0005790387955993051
report,PRD,2,report,0.0,0.0011580775911986102,0.0005790387955993051
resiprokal,PRD,2,resiprokal,0.0,0.0011580775911986102,0.0005790387955993051
ribu ton,QTY,2,ribu ton,0.0,0.0011580775911986102,0.0005790387955993051
riset,ORG,2,riset,0.0,0.0011580775911986102,0.0005790387955993051
risk appetite,PRD,2,risk appetite,0.0,0.0011580775911986102,0.0005790387955993051
crude palm oil cpo,PRD,2,crude palm oil cpo,0.0,0.0011580775911986102,0.0005790387955993051
olaf,PER,2,olaf,0.0,0.0011580775911986102,0.0005790387955993051
opec,ORG,2,opec,0.0,0.0011580775911986102,0.0005790387955993051
oracle corp,ORG,2,oracle corp,0.0,0.0011580775911986102,0.0005790387955993051
new york times,ORG,2,new york times,0.0,0.0011580775911986102,0.0005790387955993051
news asia,ORG,2,news asia,0.0,0.0011580775911986102,0.0005790387955993051
news of the united states notus dikutipnewsweek,ORG,2,news of the united states notus dikutipnewsweek,0.0,0.0011580775911986102,0.0005790387955993051
nguyen kieu giang,PER,2,nguyen kieu giang,0.0,0.0011580775911986102,0.0005790387955993051
nigeria,GPE,2,nigeria,0.0,0.0011580775911986102,0.0005790387955993051
nike,ORG,2,nike,0.0,0.0011580775911986102,0.0005790387955993051
daging sapi,PRD,2,daging sapi,0.0,0.0011580775911986102,0.0005790387955993051
nining,ORG,2,nining,0.0,0.0011580775911986102,0.0005790387955993051
nixon,PER,2,nixon,0.0,0.0011580775911986102,0.0005790387955993051
nol,PRD,2,nol,0.0,0.0011580775911986102,0.0005790387955993051
nte report,PRD,2,nte report,0.0,0.0011580775911986102,0.0005790387955993051
nusantara,ORG,2,nusantara,0.0,0.0011580775911986102,0.0005790387955993051
oana,ORG,2,oana,0.0,0.0011580775911986102,0.0005790387955993051
obama,PER,2,obama,0.0,0.0011580775911986102,0.0005790387955993051
obrolan,ORG,2,obrolan,0.0,0.0011580775911986102,0.0005790387955993051
crude,PRD,2,crude,0.0,0.0011580775911986102,0.0005790387955993051
ceo tesla,ORG,2,ceo tesla,0.0,0.0011580775911986102,0.0005790387955993051
rosenberg,PER,2,rosenberg,0.0,0.0011580775911986102,0.0005790387955993051
amit,ORG,2,amit,0.0,0.0011580775911986102,0.0005790387955993051
rp ribu,MON,2,rp ribu,0.0,0.0011580775911986102,0.0005790387955993051
rp rp,MON,2,rp rp,0.0,0.0011580775911986102,0.0005790387955993051
ruang oval,LOC,2,ruang oval,0.0,0.0011580775911986102,0.0005790387955993051
safe haven,ORG,2,safe haven,0.0,0.0011580775911986102,0.0005790387955993051
safrina nasution,PER,2,safrina nasution,0.0,0.0011580775911986102,0.0005790387955993051
saham as,PRD,2,saham as,0.0,0.0011580775911986102,0.0005790387955993051
sakura,ORG,2,sakura,0.0,0.0011580775911986102,0.0005790387955993051
celios bhima yudhistira,PER,2,celios bhima yudhistira,0.0,0.0011580775911986102,0.0005790387955993051
net,ORG,2,net,0.0,0.0011580775911986102,0.0005790387955993051
netanyahu,PER,2,netanyahu,0.0,0.0011580775911986102,0.0005790387955993051
new baseline,LAW,2,new baseline,0.0,0.0011580775911986102,0.0005790387955993051
new delhi,NOR,2,new delhi,0.0,0.0011580775911986102,0.0005790387955993051
new york post,ORG,2,new york post,0.0,0.0011580775911986102,0.0005790387955993051
moneter,PRD,2,moneter,0.0,0.0011580775911986102,0.0005790387955993051
moody,PRD,2,moody,0.0,0.0011580775911986102,0.0005790387955993051
morning,ORG,2,morning,0.0,0.0011580775911986102,0.0005790387955993051
motor,PRD,2,motor,0.0,0.0011580775911986102,0.0005790387955993051
muhammad,PER,2,muhammad,0.0,0.0011580775911986102,0.0005790387955993051
mulyanidalam,PER,2,mulyanidalam,0.0,0.0011580775911986102,0.0005790387955993051
mulyaniindrawati,PER,2,mulyaniindrawati,0.0,0.0011580775911986102,0.0005790387955993051
musbar,ORG,2,musbar,0.0,0.0011580775911986102,0.0005790387955993051
david,PER,2,david,0.0,0.0011580775911986102,0.0005790387955993051
nasional quick response code,PRD,2,nasional quick response code,0.0,0.0011580775911986102,0.0005790387955993051
natal,ORG,2,natal,0.0,0.0011580775911986102,0.0005790387955993051
national trade,ORG,2,national trade,0.0,0.0011580775911986102,0.0005790387955993051
nawandaru,PRD,2,nawandaru,0.0,0.0011580775911986102,0.0005790387955993051
apni,PER,2,apni,0.0,0.0011580775911986102,0.0005790387955993051
danantara,ORG,2,danantara,0.0,0.0011580775911986102,0.0005790387955993051
rob bonta,PER,2,rob bonta,0.0,0.0011580775911986102,0.0005790387955993051
center of reform on economics core indonesia,ORG,2,center of reform on economics core indonesia,0.0,0.0011580775911986102,0.0005790387955993051
sama,ORG,2,sama,0.0,0.0011580775911986102,0.0005790387955993051
samirin,PER,2,samirin,0.0,0.0011580775911986102,0.0005790387955993051
sampanye,PRD,2,sampanye,0.0,0.0011580775911986102,0.0005790387955993051
samudra hindia,LOC,2,samudra hindia,0.0,0.0011580775911986102,0.0005790387955993051
sarwindaningrum,PER,2,sarwindaningrum,0.0,0.0011580775911986102,0.0005790387955993051
always,ORG,2,always,0.0,0.0011580775911986102,0.0005790387955993051
america first,EVT,2,america first,0.0,0.0011580775911986102,0.0005790387955993051
canberra,GPE,2,canberra,0.0,0.0011580775911986102,0.0005790387955993051
cardano,PRD,2,cardano,0.0,0.0011580775911986102,0.0005790387955993051
minyak pemanas,PRD,2,minyak pemanas,0.0,0.0011580775911986102,0.0005790387955993051
minyak sawit,PRD,2,minyak sawit,0.0,0.0011580775911986102,0.0005790387955993051
minyak sawit indonesia,PRD,2,minyak sawit indonesia,0.0,0.0011580775911986102,0.0005790387955993051
mobil farmasi,PRD,2,mobil farmasi,0.0,0.0011580775911986102,0.0005790387955993051
mobil semikonduktor,PRD,2,mobil semikonduktor,0.0,0.0011580775911986102,0.0005790387955993051
mobility,PRD,2,mobility,0.0,0.0011580775911986102,0.0005790387955993051
menteri koordinator bidang,NOR,2,menteri koordinator bidang,0.0,0.0011580775911986102,0.0005790387955993051
menteri koordinator perekonomian,NOR,2,menteri koordinator perekonomian,0.0,0.0011580775911986102,0.0005790387955993051
menteri luar negeri india,NOR,2,menteri luar negeri india,0.0,0.0011580775911986102,0.0005790387955993051
mexico kanada,GPE,2,mexico kanada,0.0,0.0011580775911986102,0.0005790387955993051
microbt,PRD,2,microbt,0.0,0.0011580775911986102,0.0005790387955993051
dell,ORG,2,dell,0.0,0.0011580775911986102,0.0005790387955993051
demokrat,NOR,2,demokrat,0.0,0.0011580775911986102,0.0005790387955993051
den chatib basri,PER,2,den chatib basri,0.0,0.0011580775911986102,0.0005790387955993051
miliar dolar as,MON,2,miliar dolar as,0.0,0.0011580775911986102,0.0005790387955993051
miliar euro,MON,2,miliar euro,0.0,0.0011580775911986102,0.0005790387955993051
miliaran,MON,2,miliaran,0.0,0.0011580775911986102,0.0005790387955993051
militer,ORG,2,militer,0.0,0.0011580775911986102,0.0005790387955993051
minyak gas alam,PRD,2,minyak gas alam,0.0,0.0011580775911986102,0.0005790387955993051
minyak kelapa sawit,PRD,2,minyak kelapa sawit,0.0,0.0011580775911986102,0.0005790387955993051
minyak mentah mesin pertanian,PRD,2,minyak mentah mesin pertanian,0.0,0.0011580775911986102,0.0005790387955993051
debby wu,PER,2,debby wu,0.0,0.0011580775911986102,0.0005790387955993051
desak,ORG,2,desak,0.0,0.0011580775911986102,0.0005790387955993051
scmp,NOR,2,scmp,0.0,0.0011580775911986102,0.0005790387955993051
scroll to,ORG,2,scroll to,0.0,0.0011580775911986102,0.0005790387955993051
sda,LAW,2,sda,0.0,0.0011580775911986102,0.0005790387955993051
seattle,LOC,2,seattle,0.0,0.0011580775911986102,0.0005790387955993051
secretary,ORG,2,secretary,0.0,0.0011580775911986102,0.0005790387955993051
segundo california,ORG,2,segundo california,0.0,0.0011580775911986102,0.0005790387955993051
selasa april wib,DAT,2,selasa april wib,0.0,0.0011580775911986102,0.0005790387955993051
selasa februari,DAT,2,selasa februari,0.0,0.0011580775911986102,0.0005790387955993051
semikonduktor,PRD,2,semikonduktor,0.0,0.0011580775911986102,0.0005790387955993051
senin maret,DAT,2,senin maret,0.0,0.0011580775911986102,0.0005790387955993051
detik,PRD,2,detik,0.0,0.0011580775911986102,0.0005790387955993051
menteri energi dan sumber daya mineral esdm,NOR,2,menteri energi dan sumber daya mineral esdm,0.0,0.0011580775911986102,0.0005790387955993051
menteri kabinet merah putih,NOR,2,menteri kabinet merah putih,0.0,0.0011580775911986102,0.0005790387955993051
menteri keuangan amerika serikat,NOR,2,menteri keuangan amerika serikat,0.0,0.0011580775911986102,0.0005790387955993051
menteri keuangan amerika serikat as,NOR,2,menteri keuangan amerika serikat as,0.0,0.0011580775911986102,0.0005790387955993051
seoul,ORG,2,seoul,0.0,0.0011580775911986102,0.0005790387955993051
sepatu nike,PRD,2,sepatu nike,0.0,0.0011580775911986102,0.0005790387955993051
sepeda,PRD,2,sepeda,0.0,0.0011580775911986102,0.0005790387955993051
serat,PRD,2,serat,0.0,0.0011580775911986102,0.0005790387955993051
sergey,PER,2,sergey,0.0,0.0011580775911986102,0.0005790387955993051
serikatyang,ORG,2,serikatyang,0.0,0.0011580775911986102,0.0005790387955993051
almond,ORG,2,almond,0.0,0.0011580775911986102,0.0005790387955993051
alphabet,ORG,2,alphabet,0.0,0.0011580775911986102,0.0005790387955993051
aluminium as,PRD,2,aluminium as,0.0,0.0011580775911986102,0.0005790387955993051
deutsche,ORG,2,deutsche,0.0,0.0011580775911986102,0.0005790387955993051
meir,ORG,2,meir,0.0,0.0011580775911986102,0.0005790387955993051
men,ORG,2,men,0.0,0.0011580775911986102,0.0005790387955993051
menkeu as,NOR,2,menkeu as,0.0,0.0011580775911986102,0.0005790387955993051
arsjad,PER,2,arsjad,0.0,0.0011580775911986102,0.0005790387955993051
arthur laffer,PER,2,arthur laffer,0.0,0.0011580775911986102,0.0005790387955993051
departemen perdagangan as,NOR,2,departemen perdagangan as,0.0,0.0011580775911986102,0.0005790387955993051
lumpur,NOR,2,lumpur,0.0,0.0011580775911986102,0.0005790387955993051
lvmh,ORG,2,lvmh,0.0,0.0011580775911986102,0.0005790387955993051
madman,PRD,2,madman,0.0,0.0011580775911986102,0.0005790387955993051
mainan,PRD,2,mainan,0.0,0.0011580775911986102,0.0005790387955993051
didin damanhuri,PER,2,didin damanhuri,0.0,0.0011580775911986102,0.0005790387955993051
digital,PRD,2,digital,0.0,0.0011580775911986102,0.0005790387955993051
marco,PER,2,marco,0.0,0.0011580775911986102,0.0005790387955993051
marco rubio,PER,2,marco rubio,0.0,0.0011580775911986102,0.0005790387955993051
mark zuckerberg,PER,2,mark zuckerberg,0.0,0.0011580775911986102,0.0005790387955993051
marta,ORG,2,marta,0.0,0.0011580775911986102,0.0005790387955993051
mattel,ORG,2,mattel,0.0,0.0011580775911986102,0.0005790387955993051
mcmillon,ORG,2,mcmillon,0.0,0.0011580775911986102,0.0005790387955993051
detikbali,ORG,2,detikbali,0.0,0.0011580775911986102,0.0005790387955993051
detikfinance,ORG,2,detikfinance,0.0,0.0011580775911986102,0.0005790387955993051
senin mei,DAT,2,senin mei,0.0,0.0011580775911986102,0.0005790387955993051
buruh,NOR,2,buruh,0.0,0.0011580775911986102,0.0005790387955993051
bareksa com,ORG,2,bareksa com,0.0,0.0011580775911986102,0.0005790387955993051
bumn,ORG,2,bumn,0.0,0.0011580775911986102,0.0005790387955993051
simon,ORG,2,simon,0.0,0.0011580775911986102,0.0005790387955993051
singgih,PER,2,singgih,0.0,0.0011580775911986102,0.0005790387955993051
singgih widagdo,PER,2,singgih widagdo,0.0,0.0011580775911986102,0.0005790387955993051
sinpo id,ORG,2,sinpo id,0.0,0.0011580775911986102,0.0005790387955993051
spring,PER,2,spring,0.0,0.0011580775911986102,0.0005790387955993051
sputnik,ORG,2,sputnik,0.0,0.0011580775911986102,0.0005790387955993051
squawk,ORG,2,squawk,0.0,0.0011580775911986102,0.0005790387955993051
brian,PER,2,brian,0.0,0.0011580775911986102,0.0005790387955993051
brin,ORG,2,brin,0.0,0.0011580775911986102,0.0005790387955993051
baseline,PRD,2,baseline,0.0,0.0011580775911986102,0.0005790387955993051
batam,GPE,2,batam,0.0,0.0011580775911986102,0.0005790387955993051
liu,PER,2,liu,0.0,0.0011580775911986102,0.0005790387955993051
liza,PER,2,liza,0.0,0.0011580775911986102,0.0005790387955993051
lu,ORG,2,lu,0.0,0.0011580775911986102,0.0005790387955993051
stanley,PER,2,stanley,0.0,0.0011580775911986102,0.0005790387955993051
starlink,ORG,2,starlink,0.0,0.0011580775911986102,0.0005790387955993051
states trade representative ustr,ORG,2,states trade representative ustr,0.0,0.0011580775911986102,0.0005790387955993051
steel,PRD,2,steel,0.0,0.0011580775911986102,0.0005790387955993051
strasbourg,ORG,2,strasbourg,0.0,0.0011580775911986102,0.0005790387955993051
suara com,ORG,2,suara com,0.0,0.0011580775911986102,0.0005790387955993051
sudrajat,ORG,2,sudrajat,0.0,0.0011580775911986102,0.0005790387955993051
brazil,GPE,2,brazil,0.0,0.0011580775911986102,0.0005790387955993051
brett ryan,PER,2,brett ryan,0.0,0.0011580775911986102,0.0005790387955993051
sugianto kusuma,PER,2,sugianto kusuma,0.0,0.0011580775911986102,0.0005790387955993051
suku,PRD,2,suku,0.0,0.0011580775911986102,0.0005790387955993051
direktorat,NOR,2,direktorat,0.0,0.0011580775911986102,0.0005790387955993051
lei,PER,2,lei,0.0,0.0011580775911986102,0.0005790387955993051
liberation,PRD,2,liberation,0.0,0.0011580775911986102,0.0005790387955993051
liberty,PER,2,liberty,0.0,0.0011580775911986102,0.0005790387955993051
libur lebaran,EVT,2,libur lebaran,0.0,0.0011580775911986102,0.0005790387955993051
konferensi tingkat tinggi ktt,EVT,2,konferensi tingkat tinggi ktt,0.0,0.0011580775911986102,0.0005790387955993051
konglomerat,ORG,2,konglomerat,0.0,0.0011580775911986102,0.0005790387955993051
konsultan,ORG,2,konsultan,0.0,0.0011580775911986102,0.0005790387955993051
kopi,PRD,2,kopi,0.0,0.0011580775911986102,0.0005790387955993051
kota,GPE,2,kota,0.0,0.0011580775911986102,0.0005790387955993051
kristalina georgieva,PER,2,kristalina georgieva,0.0,0.0011580775911986102,0.0005790387955993051
krugman,PER,2,krugman,0.0,0.0011580775911986102,0.0005790387955993051
kssk,ORG,2,kssk,0.0,0.0011580775911986102,0.0005790387955993051
laptopnya,PRD,2,laptopnya,0.0,0.0011580775911986102,0.0005790387955993051
larry,PER,2,larry,0.0,0.0011580775911986102,0.0005790387955993051
larry ellison,PER,2,larry ellison,0.0,0.0011580775911986102,0.0005790387955993051
direct,PRD,2,direct,0.0,0.0011580775911986102,0.0005790387955993051
brussel,GPE,2,brussel,0.0,0.0011580775911986102,0.0005790387955993051
sri lanka,GPE,2,sri lanka,0.0,0.0011580775911986102,0.0005790387955993051
stainless,ORG,2,stainless,0.0,0.0011580775911986102,0.0005790387955993051
standard,ORG,2,standard,0.0,0.0011580775911986102,0.0005790387955993051
sumber daya,ORG,2,sumber daya,0.0,0.0011580775911986102,0.0005790387955993051
sumber daya alam,ORG,2,sumber daya alam,0.0,0.0011580775911986102,0.0005790387955993051
sumber kompas tv,ORG,2,sumber kompas tv,0.0,0.0011580775911986102,0.0005790387955993051
syafruddin,PER,2,syafruddin,0.0,0.0011580775911986102,0.0005790387955993051
sydney,ORG,2,sydney,0.0,0.0011580775911986102,0.0005790387955993051
taipei,GPE,2,taipei,0.0,0.0011580775911986102,0.0005790387955993051
taman mawar gedung putih,LOC,2,taman mawar gedung putih,0.0,0.0011580775911986102,0.0005790387955993051
bbri,ORG,2,bbri,0.0,0.0011580775911986102,0.0005790387955993051
bean,PRD,2,bean,0.0,0.0011580775911986102,0.0005790387955993051
bebas,PRD,2,bebas,0.0,0.0011580775911986102,0.0005790387955993051
komisi tarif dewan negara china,NOR,2,komisi tarif dewan negara china,0.0,0.0011580775911986102,0.0005790387955993051
djiwandono,ORG,2,djiwandono,0.0,0.0011580775911986102,0.0005790387955993051
kompas tv indonesia,ORG,2,kompas tv indonesia,0.0,0.0011580775911986102,0.0005790387955993051
kompastv,ORG,2,kompastv,0.0,0.0011580775911986102,0.0005790387955993051
kompleks istana kepresidenan jakarta,LOC,2,kompleks istana kepresidenan jakarta,0.0,0.0011580775911986102,0.0005790387955993051
kompleks parlemen senayan jakarta,LOC,2,kompleks parlemen senayan jakarta,0.0,0.0011580775911986102,0.0005790387955993051
kementerian luar negeri kemlu republik indonesia,NOR,2,kementerian luar negeri kemlu republik indonesia,0.0,0.0011580775911986102,0.0005790387955993051
kementerian luar negeri kemlu ri,NOR,2,kementerian luar negeri kemlu ri,0.0,0.0011580775911986102,0.0005790387955993051
kepala ekonom trimegah sekuritas indonesia,ORG,2,kepala ekonom trimegah sekuritas indonesia,0.0,0.0011580775911986102,0.0005790387955993051
kepulauan mcdonald,LOC,2,kepulauan mcdonald,0.0,0.0011580775911986102,0.0005790387955993051
kerajaan,ORG,2,kerajaan,0.0,0.0011580775911986102,0.0005790387955993051
djoko,PER,2,djoko,0.0,0.0011580775911986102,0.0005790387955993051
ketua federal reserve,NOR,2,ketua federal reserve,0.0,0.0011580775911986102,0.0005790387955993051
ketujuh,ORD,2,ketujuh,0.0,0.0011580775911986102,0.0005790387955993051
kkp,ORG,2,kkp,0.0,0.0011580775911986102,0.0005790387955993051
asia selatan,GPE,2,asia selatan,0.0,0.0011580775911986102,0.0005790387955993051
asia timur,GPE,2,asia timur,0.0,0.0011580775911986102,0.0005790387955993051
klein,ORG,2,klein,0.0,0.0011580775911986102,0.0005790387955993051
kneks,NOR,2,kneks,0.0,0.0011580775911986102,0.0005790387955993051
komisaris,NOR,2,komisaris,0.0,0.0011580775911986102,0.0005790387955993051
komisi eropa,NOR,2,komisi eropa,0.0,0.0011580775911986102,0.0005790387955993051
sumatera selatan,GPE,2,sumatera selatan,0.0,0.0011580775911986102,0.0005790387955993051
telepon,PRD,2,telepon,0.0,0.0011580775911986102,0.0005790387955993051
tembaga,PRD,2,tembaga,0.0,0.0011580775911986102,0.0005790387955993051
al jazeera,ORG,2,al jazeera,0.0,0.0011580775911986102,0.0005790387955993051
alas,PRD,2,alas,0.0,0.0011580775911986102,0.0005790387955993051
alas kaki,PRD,2,alas kaki,0.0,0.0011580775911986102,0.0005790387955993051
alaska,GPE,2,alaska,0.0,0.0011580775911986102,0.0005790387955993051
temu,PER,2,temu,0.0,0.0011580775911986102,0.0005790387955993051
kedutaan,NOR,2,kedutaan,0.0,0.0011580775911986102,0.0005790387955993051
donal trump,PER,2,donal trump,0.0,0.0011580775911986102,0.0005790387955993051
keenam,ORD,2,keenam,0.0,0.0011580775911986102,0.0005790387955993051
kelapa sawit,PRD,2,kelapa sawit,0.0,0.0011580775911986102,0.0005790387955993051
kemenkeu,NOR,2,kemenkeu,0.0,0.0011580775911986102,0.0005790387955993051
kemenperin,NOR,2,kemenperin,0.0,0.0011580775911986102,0.0005790387955993051
kementerian esdm,NOR,2,kementerian esdm,0.0,0.0011580775911986102,0.0005790387955993051
kementerian keuangan china,NOR,2,kementerian keuangan china,0.0,0.0011580775911986102,0.0005790387955993051
kementerian luar negeri china,NOR,2,kementerian luar negeri china,0.0,0.0011580775911986102,0.0005790387955993051
the yudhoyono institute,ORG,2,the yudhoyono institute,0.0,0.0011580775911986102,0.0005790387955993051
thomas,PER,2,thomas,0.0,0.0011580775911986102,0.0005790387955993051
three,ORG,2,three,0.0,0.0011580775911986102,0.0005790387955993051
tier,ORG,2,tier,0.0,0.0011580775911986102,0.0005790387955993051
tim negosiasi,ORG,2,tim negosiasi,0.0,0.0011580775911986102,0.0005790387955993051
bloomberg newsmengabarkan,ORG,2,bloomberg newsmengabarkan,0.0,0.0011580775911986102,0.0005790387955993051
donald trumpmengumumkan,PER,2,donald trumpmengumumkan,0.0,0.0011580775911986102,0.0005790387955993051
kantor berita antara,ORG,2,kantor berita antara,0.0,0.0011580775911986102,0.0005790387955993051
kantor perwakilan dagang,ORG,2,kantor perwakilan dagang,0.0,0.0011580775911986102,0.0005790387955993051
kapas,PRD,2,kapas,0.0,0.0011580775911986102,0.0005790387955993051
karimi,PER,2,karimi,0.0,0.0011580775911986102,0.0005790387955993051
asosiasi pertekstilan indonesia api,ORG,2,asosiasi pertekstilan indonesia api,0.0,0.0011580775911986102,0.0005790387955993051
keamanan,ORG,2,keamanan,0.0,0.0011580775911986102,0.0005790387955993051
tanjung,ORG,2,tanjung,0.0,0.0011580775911986102,0.0005790387955993051
tekstil alas kaki,PRD,2,tekstil alas kaki,0.0,0.0011580775911986102,0.0005790387955993051
tekstil alas kaki palm oil karet furnitur udang,PRD,2,tekstil alas kaki palm oil karet furnitur udang,0.0,0.0011580775911986102,0.0005790387955993051
jumat april,DAT,2,jumat april,0.0,0.0011580775911986102,0.0005790387955993051
donald trumppada,PER,2,donald trumppada,0.0,0.0011580775911986102,0.0005790387955993051
donald trumpresmi,PER,2,donald trumpresmi,0.0,0.0011580775911986102,0.0005790387955993051
donald trumptelah,PER,2,donald trumptelah,0.0,0.0011580775911986102,0.0005790387955993051
donald trumptidak,PER,2,donald trumptidak,0.0,0.0011580775911986102,0.0005790387955993051
juta dollar as,MON,2,juta dollar as,0.0,0.0011580775911986102,0.0005790387955993051
kabupaten banyuasin,GPE,2,kabupaten banyuasin,0.0,0.0011580775911986102,0.0005790387955993051
kakao,PRD,2,kakao,0.0,0.0011580775911986102,0.0005790387955993051
kamar,NOR,2,kamar,0.0,0.0011580775911986102,0.0005790387955993051
kamis juni,DAT,2,kamis juni,0.0,0.0011580775911986102,0.0005790387955993051
kampung shein,ORG,2,kampung shein,0.0,0.0011580775911986102,0.0005790387955993051
donald trumplangsung,PER,2,donald trumplangsung,0.0,0.0011580775911986102,0.0005790387955993051
tentara,NOR,2,tentara,0.0,0.0011580775911986102,0.0005790387955993051
blueprint,ORG,2,blueprint,0.0,0.0011580775911986102,0.0005790387955993051
the federal reserve the fed,ORG,2,the federal reserve the fed,0.0,0.0011580775911986102,0.0005790387955993051
the new york times,ORG,2,the new york times,0.0,0.0011580775911986102,0.0005790387955993051
bloomberg technoz jakarta amerika serikat,ORG,2,bloomberg technoz jakarta amerika serikat,0.0,0.0011580775911986102,0.0005790387955993051
tim redaksi jakarta kompas com,ORG,2,tim redaksi jakarta kompas com,0.0,0.0011580775911986102,0.0005790387955993051
timbal,LAW,2,timbal,0.0,0.0011580775911986102,0.0005790387955993051
titanium,PRD,2,titanium,0.0,0.0011580775911986102,0.0005790387955993051
air force one,NOR,2,air force one,0.0,0.0011580775911986102,0.0005790387955993051
today,PER,2,today,0.0,0.0011580775911986102,0.0005790387955993051
toto,ORG,2,toto,0.0,0.0011580775911986102,0.0005790387955993051
tpt,PRD,2,tpt,0.0,0.0011580775911986102,0.0005790387955993051
trade barriers,PRD,2,trade barriers,0.0,0.0011580775911986102,0.0005790387955993051
triliunan,MON,2,triliunan,0.0,0.0011580775911986102,0.0005790387955993051
ji,PER,2,ji,0.0,0.0011580775911986102,0.0005790387955993051
jobs,PER,2,jobs,0.0,0.0011580775911986102,0.0005790387955993051
josh wingrove,PER,2,josh wingrove,0.0,0.0011580775911986102,0.0005790387955993051
atlanta,ORG,2,atlanta,0.0,0.0011580775911986102,0.0005790387955993051
aud,GPE,2,aud,0.0,0.0011580775911986102,0.0005790387955993051
auditorium kemendag,LOC,2,auditorium kemendag,0.0,0.0011580775911986102,0.0005790387955993051
trumpatau,PER,2,trumpatau,0.0,0.0011580775911986102,0.0005790387955993051
black,PRD,2,black,0.0,0.0011580775911986102,0.0005790387955993051
trumpmenetapkan,PER,2,trumpmenetapkan,0.0,0.0011580775911986102,0.0005790387955993051
trumpmengancam,PER,2,trumpmengancam,0.0,0.0011580775911986102,0.0005790387955993051
trumpmulai,PER,2,trumpmulai,0.0,0.0011580775911986102,0.0005790387955993051
trumpsaat,PER,2,trumpsaat,0.0,0.0011580775911986102,0.0005790387955993051
trumptidak,PER,2,trumptidak,0.0,0.0011580775911986102,0.0005790387955993051
jabar,GPE,2,jabar,0.0,0.0011580775911986102,0.0005790387955993051
jacob lorinc,PER,2,jacob lorinc,0.0,0.0011580775911986102,0.0005790387955993051
jagung,PRD,2,jagung,0.0,0.0011580775911986102,0.0005790387955993051
jakarta utara,GPE,2,jakarta utara,0.0,0.0011580775911986102,0.0005790387955993051
jamieson,PER,2,jamieson,0.0,0.0011580775911986102,0.0005790387955993051
jawa,GPE,2,jawa,0.0,0.0011580775911986102,0.0005790387955993051
jd,PER,2,jd,0.0,0.0011580775911986102,0.0005790387955993051
jemmy,PER,2,jemmy,0.0,0.0011580775911986102,0.0005790387955993051
jenderal,ORG,2,jenderal,0.0,0.0011580775911986102,0.0005790387955993051
indonesian,PRD,2,indonesian,0.0,0.0011580775911986102,0.0005790387955993051
indonesian standard,ORG,2,indonesian standard,0.0,0.0011580775911986102,0.0005790387955993051
indorama corporation,ORG,2,indorama corporation,0.0,0.0011580775911986102,0.0005790387955993051
indrawati,PER,2,indrawati,0.0,0.0011580775911986102,0.0005790387955993051
bappenas,ORG,2,bappenas,0.0,0.0011580775911986102,0.0005790387955993051
augusta,PER,2,augusta,0.0,0.0011580775911986102,0.0005790387955993051
austria,ORG,2,austria,0.0,0.0011580775911986102,0.0005790387955993051
ayo,ORG,2,ayo,0.0,0.0011580775911986102,0.0005790387955993051
iowa,GPE,2,iowa,0.0,0.0011580775911986102,0.0005790387955993051
ipb,ORG,2,ipb,0.0,0.0011580775911986102,0.0005790387955993051
iphone series,PRD,2,iphone series,0.0,0.0011580775911986102,0.0005790387955993051
islam,REG,2,islam,0.0,0.0011580775911986102,0.0005790387955993051
doug,PER,2,doug,0.0,0.0011580775911986102,0.0005790387955993051
dow jones industrial average,ORG,2,dow jones industrial average,0.0,0.0011580775911986102,0.0005790387955993051
isy,PER,2,isy,0.0,0.0011580775911986102,0.0005790387955993051
truk,PRD,2,truk,0.0,0.0011580775911986102,0.0005790387955993051
aguan,PER,2,aguan,0.0,0.0011580775911986102,0.0005790387955993051
agus,PER,2,agus,0.0,0.0011580775911986102,0.0005790387955993051
agus gumiwang kartasasmita,PER,2,agus gumiwang kartasasmita,0.0,0.0011580775911986102,0.0005790387955993051
ahmad,PER,2,ahmad,0.0,0.0011580775911986102,0.0005790387955993051
uea,GPE,2,uea,0.0,0.0011580775911986102,0.0005790387955993051
ugm,ORG,2,ugm,0.0,0.0011580775911986102,0.0005790387955993051
uncertainty,ORG,2,uncertainty,0.0,0.0011580775911986102,0.0005790387955993051
billionaires,ORG,2,billionaires,0.0,0.0011580775911986102,0.0005790387955993051
biru,ORG,2,biru,0.0,0.0011580775911986102,0.0005790387955993051
undang undang kekuatan ekonomi,LAW,2,undang undang kekuatan ekonomi,0.0,0.0011580775911986102,0.0005790387955993051
dua pekan,QTY,2,dua pekan,0.0,0.0011580775911986102,0.0005790387955993051
ieepa,ORG,2,ieepa,0.0,0.0011580775911986102,0.0005790387955993051
illumina inc,ORG,2,illumina inc,0.0,0.0011580775911986102,0.0005790387955993051
ilya somin,PER,2,ilya somin,0.0,0.0011580775911986102,0.0005790387955993051
indeks dolar as dxy,PRD,2,indeks dolar as dxy,0.0,0.0011580775911986102,0.0005790387955993051
indonesia menanam,EVT,2,indonesia menanam,0.0,0.0011580775911986102,0.0005790387955993051
gubernur,PRD,2,gubernur,0.0,0.0011580775911986102,0.0005790387955993051
gubernur bank,NOR,2,gubernur bank,0.0,0.0011580775911986102,0.0005790387955993051
gucci,ORG,2,gucci,0.0,0.0011580775911986102,0.0005790387955993051
guo,PER,2,guo,0.0,0.0011580775911986102,0.0005790387955993051
guo jiakun,PER,2,guo jiakun,0.0,0.0011580775911986102,0.0005790387955993051
guyana,ORG,2,guyana,0.0,0.0011580775911986102,0.0005790387955993051
hak,ORG,2,hak,0.0,0.0011580775911986102,0.0005790387955993051
hardware,PRD,2,hardware,0.0,0.0011580775911986102,0.0005790387955993051
henderson,PER,2,henderson,0.0,0.0011580775911986102,0.0005790387955993051
heri purnomo detikbali,PER,2,heri purnomo detikbali,0.0,0.0011580775911986102,0.0005790387955993051
hkti,PRD,2,hkti,0.0,0.0011580775911986102,0.0005790387955993051
hong kong,ORG,2,hong kong,0.0,0.0011580775911986102,0.0005790387955993051
hosianna evalita situmorang,PER,2,hosianna evalita situmorang,0.0,0.0011580775911986102,0.0005790387955993051
hot,PRD,2,hot,0.0,0.0011580775911986102,0.0005790387955993051
badan statistik,ORG,2,badan statistik,0.0,0.0011580775911986102,0.0005790387955993051
agriculture,ORG,2,agriculture,0.0,0.0011580775911986102,0.0005790387955993051
eddy martono,PER,2,eddy martono,0.0,0.0011580775911986102,0.0005790387955993051
eddy soeparno,PER,2,eddy soeparno,0.0,0.0011580775911986102,0.0005790387955993051
undang undang kekuatan ekonomi darurat internasional ieepa,LAW,2,undang undang kekuatan ekonomi darurat internasional ieepa,0.0,0.0011580775911986102,0.0005790387955993051
unilateral,ORG,2,unilateral,0.0,0.0011580775911986102,0.0005790387955993051
unilever,ORG,2,unilever,0.0,0.0011580775911986102,0.0005790387955993051
universitas islam indonesia uii,ORG,2,universitas islam indonesia uii,0.0,0.0011580775911986102,0.0005790387955993051
ursula,PER,2,ursula,0.0,0.0011580775911986102,0.0005790387955993051
us miliar rp triliun,MON,2,us miliar rp triliun,0.0,0.0011580775911986102,0.0005790387955993051
us treasury,LAW,2,us treasury,0.0,0.0011580775911986102,0.0005790387955993051
us treasury barbie,PRD,2,us treasury barbie,0.0,0.0011580775911986102,0.0005790387955993051
us troy,MON,2,us troy,0.0,0.0011580775911986102,0.0005790387955993051
us us,MON,2,us us,0.0,0.0011580775911986102,0.0005790387955993051
besi,PRD,2,besi,0.0,0.0011580775911986102,0.0005790387955993051
bidang perekonomian,ORG,2,bidang perekonomian,0.0,0.0011580775911986102,0.0005790387955993051
ekonom,ORG,2,ekonom,0.0,0.0011580775911986102,0.0005790387955993051
guangzhou,GPE,2,guangzhou,0.0,0.0011580775911986102,0.0005790387955993051
gaun,PRD,2,gaun,0.0,0.0011580775911986102,0.0005790387955993051
gavin,PER,2,gavin,0.0,0.0011580775911986102,0.0005790387955993051
gavin newsom,PER,2,gavin newsom,0.0,0.0011580775911986102,0.0005790387955993051
gemini,ORG,2,gemini,0.0,0.0011580775911986102,0.0005790387955993051
geneva,ORG,2,geneva,0.0,0.0011580775911986102,0.0005790387955993051
banding,ORG,2,banding,0.0,0.0011580775911986102,0.0005790387955993051
ekonom center of reform on economics core,ORG,2,ekonom center of reform on economics core,0.0,0.0011580775911986102,0.0005790387955993051
el,ORG,2,el,0.0,0.0011580775911986102,0.0005790387955993051
germanium,ORG,2,germanium,0.0,0.0011580775911986102,0.0005790387955993051
getty,ORG,2,getty,0.0,0.0011580775911986102,0.0005790387955993051
gitu,PRD,2,gitu,0.0,0.0011580775911986102,0.0005790387955993051
gmt,TIM,2,gmt,0.0,0.0011580775911986102,0.0005790387955993051
golden,PER,2,golden,0.0,0.0011580775911986102,0.0005790387955993051
gong,PER,2,gong,0.0,0.0011580775911986102,0.0005790387955993051
gov,PRD,2,gov,0.0,0.0011580775911986102,0.0005790387955993051
gpu,PRD,2,gpu,0.0,0.0011580775911986102,0.0005790387955993051
electric,PRD,2,electric,0.0,0.0011580775911986102,0.0005790387955993051
bijih,PRD,2,bijih,0.0,0.0011580775911986102,0.0005790387955993051
agency,ORG,2,agency,0.0,0.0011580775911986102,0.0005790387955993051
usaid,ORG,2,usaid,0.0,0.0011580775911986102,0.0005790387955993051
vance,PER,2,vance,0.0,0.0011580775911986102,0.0005790387955993051
vehicle ev,PRD,2,vehicle ev,0.0,0.0011580775911986102,0.0005790387955993051
virginia,GPE,2,virginia,0.0,0.0011580775911986102,0.0005790387955993051
visa,PRD,2,visa,0.0,0.0011580775911986102,0.0005790387955993051
von der leyen,PER,2,von der leyen,0.0,0.0011580775911986102,0.0005790387955993051
wahyu,ORG,2,wahyu,0.0,0.0011580775911986102,0.0005790387955993051
wakil ketua dewan ekonomi nasional den,NOR,2,wakil ketua dewan ekonomi nasional den,0.0,0.0011580775911986102,0.0005790387955993051
belanda,GPE,2,belanda,0.0,0.0011580775911986102,0.0005790387955993051
belgia,GPE,2,belgia,0.0,0.0011580775911986102,0.0005790387955993051
elektronik tekstil,PRD,2,elektronik tekstil,0.0,0.0011580775911986102,0.0005790387955993051
elpiji,PRD,2,elpiji,0.0,0.0011580775911986102,0.0005790387955993051
emas,PRD,2,emas,0.0,0.0011580775911986102,0.0005790387955993051
zelensky,PER,2,zelensky,0.0,0.0011580775911986102,0.0005790387955993051
aceh,LOC,2,aceh,0.0,0.0011580775911986102,0.0005790387955993051
yoji muto,PER,2,yoji muto,0.0,0.0011580775911986102,0.0005790387955993051
finance,PRD,2,finance,0.0,0.0011580775911986102,0.0005790387955993051
first,PER,2,first,0.0,0.0011580775911986102,0.0005790387955993051
fomc,ORG,2,fomc,0.0,0.0011580775911986102,0.0005790387955993051
food,ORG,2,food,0.0,0.0011580775911986102,0.0005790387955993051
foreign trade barriers,ORG,2,foreign trade barriers,0.0,0.0011580775911986102,0.0005790387955993051
foxconn,ORG,2,foxconn,0.0,0.0011580775911986102,0.0005790387955993051
framework,PRD,2,framework,0.0,0.0011580775911986102,0.0005790387955993051
emitennews com,ORG,2,emitennews com,0.0,0.0011580775911986102,0.0005790387955993051
emmanuel macron,PER,2,emmanuel macron,0.0,0.0011580775911986102,0.0005790387955993051
benjie yap,PER,2,benjie yap,0.0,0.0011580775911986102,0.0005790387955993051
wakil menteri perdagangan china,NOR,2,wakil menteri perdagangan china,0.0,0.0011580775911986102,0.0005790387955993051
wakil menteri perindustrian,NOR,2,wakil menteri perindustrian,0.0,0.0011580775911986102,0.0005790387955993051
wakil perdana menteri china,NOR,2,wakil perdana menteri china,0.0,0.0011580775911986102,0.0005790387955993051
fadhil,PER,2,fadhil,0.0,0.0011580775911986102,0.0005790387955993051
faisal,PER,2,faisal,0.0,0.0011580775911986102,0.0005790387955993051
fakhrul,PER,2,fakhrul,0.0,0.0011580775911986102,0.0005790387955993051
fakhrul fulvian,PER,2,fakhrul fulvian,0.0,0.0011580775911986102,0.0005790387955993051
fakultas,ORG,2,fakultas,0.0,0.0011580775911986102,0.0005790387955993051
fcx,ORG,2,fcx,0.0,0.0011580775911986102,0.0005790387955993051
febrio,ORG,2,febrio,0.0,0.0011580775911986102,0.0005790387955993051
federal reserve the fed,ORG,2,federal reserve the fed,0.0,0.0011580775911986102,0.0005790387955993051
beralkohol,PRD,2,beralkohol,0.0,0.0011580775911986102,0.0005790387955993051
whiskey,PRD,2,whiskey,0.0,0.0011580775911986102,0.0005790387955993051
wib internasional,ORG,2,wib internasional,0.0,0.0011580775911986102,0.0005790387955993051
wong,PER,2,wong,0.0,0.0011580775911986102,0.0005790387955993051
world trade organization wto,ORG,2,world trade organization wto,0.0,0.0011580775911986102,0.0005790387955993051
wti,ORG,2,wti,0.0,0.0011580775911986102,0.0005790387955993051
xinjiang,ORG,2,xinjiang,0.0,0.0011580775911986102,0.0005790387955993051
yusuf rendy manilet,PER,2,yusuf rendy manilet,0.0,0.0011580775911986102,0.0005790387955993051
a chaotic world,EVT,1,a chaotic world,0.0,0.0005790387955993051,0.00028951939779965256
ziad daoud,PER,1,ziad daoud,0.0,0.0005790387955993051,0.00028951939779965256
a nurul intan apr,PER,1,a nurul intan apr,0.0,0.0005790387955993051,0.00028951939779965256
abc,ORG,1,abc,0.0,0.0005790387955993051,0.00028951939779965256
abdul sobur,PER,1,abdul sobur,0.0,0.0005790387955993051,0.00028951939779965256
abraham,LAW,1,abraham,0.0,0.0005790387955993051,0.00028951939779965256
ace,PER,1,ace,0.0,0.0005790387955993051,0.00028951939779965256
ace hasan syadzily,PER,1,ace hasan syadzily,0.0,0.0005790387955993051,0.00028951939779965256
yoon suk yeol,PER,1,yoon suk yeol,0.0,0.0005790387955993051,0.00028951939779965256
yoga primantoro,PER,1,yoga primantoro,0.0,0.0005790387955993051,0.00028951939779965256
ynon kreiz,PER,1,ynon kreiz,0.0,0.0005790387955993051,0.00028951939779965256
yiwu,ORG,1,yiwu,0.0,0.0005790387955993051,0.00028951939779965256
yingke,ORG,1,yingke,0.0,0.0005790387955993051,0.00028951939779965256
yihui xie,ORG,1,yihui xie,0.0,0.0005790387955993051,0.00028951939779965256
yg,ORG,1,yg,0.0,0.0005790387955993051,0.00028951939779965256
yes,PER,1,yes,0.0,0.0005790387955993051,0.00028951939779965256
yardeni,PER,1,yardeni,0.0,0.0005790387955993051,0.00028951939779965256
yanis,PER,1,yanis,0.0,0.0005790387955993051,0.00028951939779965256
yale budget lab,ORG,1,yale budget lab,0.0,0.0005790387955993051,0.00028951939779965256
yale,ORG,1,yale,0.0,0.0005790387955993051,0.00028951939779965256
zhoushan,GPE,1,zhoushan,0.0,0.0005790387955993051,0.00028951939779965256
zhou,PER,1,zhou,0.0,0.0005790387955993051,0.00028951939779965256
zhang zhisheng,PER,1,zhang zhisheng,0.0,0.0005790387955993051,0.00028951939779965256
zhang,PER,1,zhang,0.0,0.0005790387955993051,0.00028951939779965256
eropamengenai,GPE,1,eropamengenai,0.0,0.0005790387955993051,0.00028951939779965256
eropa ue,ORG,1,eropa ue,0.0,0.0005790387955993051,0.00028951939779965256
eropa amerika latin,GPE,1,eropa amerika latin,0.0,0.0005790387955993051,0.00028951939779965256
erika kurnia aguido adri dimas waraditya nugraha,PER,1,erika kurnia aguido adri dimas waraditya nugraha,0.0,0.0005790387955993051,0.00028951939779965256
erik,ORG,1,erik,0.0,0.0005790387955993051,0.00028951939779965256
erick thohir,PER,1,erick thohir,0.0,0.0005790387955993051,0.00028951939779965256
eric,ORG,1,eric,0.0,0.0005790387955993051,0.00028951939779965256
eraa,ORG,1,eraa,0.0,0.0005790387955993051,0.00028951939779965256
epc,ORG,1,epc,0.0,0.0005790387955993051,0.00028951939779965256
england,ORG,1,england,0.0,0.0005790387955993051,0.00028951939779965256
engineering,PRD,1,engineering,0.0,0.0005790387955993051,0.00028951939779965256
engine mobil berbahan bakar fosil,PRD,1,engine mobil berbahan bakar fosil,0.0,0.0005790387955993051,0.00028951939779965256
enggak,PER,1,enggak,0.0,0.0005790387955993051,0.00028951939779965256
yordania,GPE,1,yordania,0.0,0.0005790387955993051,0.00028951939779965256
advancing,ORG,1,advancing,0.0,0.0005790387955993051,0.00028951939779965256
adri dimas waraditya nugraha apr,PER,1,adri dimas waraditya nugraha apr,0.0,0.0005790387955993051,0.00028951939779965256
fact sheet gedung,EVT,1,fact sheet gedung,0.0,0.0005790387955993051,0.00028951939779965256
fact,LAW,1,fact,0.0,0.0005790387955993051,0.00028951939779965256
fa,ORG,1,fa,0.0,0.0005790387955993051,0.00028951939779965256
executive director institutional banking group bank dbs indonesia,ORG,1,executive director institutional banking group bank dbs indonesia,0.0,0.0005790387955993051,0.00028951939779965256
ever,ORG,1,ever,0.0,0.0005790387955993051,0.00028951939779965256
ev,PER,1,ev,0.0,0.0005790387955993051,0.00028951939779965256
european union comprehensive economic partnership agreement ieu cepa,LAW,1,european union comprehensive economic partnership agreement ieu cepa,0.0,0.0005790387955993051,0.00028951939779965256
estonia,GPE,1,estonia,0.0,0.0005790387955993051,0.00028951939779965256
estimate report,PRD,1,estimate report,0.0,0.0005790387955993051,0.00028951939779965256
estimate nte,LAW,1,estimate nte,0.0,0.0005790387955993051,0.00028951939779965256
estee lauder oreal,PRD,1,estee lauder oreal,0.0,0.0005790387955993051,0.00028951939779965256
espoo finlandia,GPE,1,espoo finlandia,0.0,0.0005790387955993051,0.00028951939779965256
eropaterhadap,GPE,1,eropaterhadap,0.0,0.0005790387955993051,0.00028951939779965256
eropasebagai,GPE,1,eropasebagai,0.0,0.0005790387955993051,0.00028951939779965256
eropapada,GPE,1,eropapada,0.0,0.0005790387955993051,0.00028951939779965256
eropanya,GPE,1,eropanya,0.0,0.0005790387955993051,0.00028951939779965256
fao,ORG,1,fao,0.0,0.0005790387955993051,0.00028951939779965256
fani azki rizqiyani,PER,1,fani azki rizqiyani,0.0,0.0005790387955993051,0.00028951939779965256
fall,EVT,1,fall,0.0,0.0005790387955993051,0.00028951939779965256
fakultas ekonomi dan masyarakat,ORG,1,fakultas ekonomi dan masyarakat,0.0,0.0005790387955993051,0.00028951939779965256
fakultas ekonomi dan manajemen ipb university,ORG,1,fakultas ekonomi dan manajemen ipb university,0.0,0.0005790387955993051,0.00028951939779965256
fakultas ekonomi dan bisnis universitas indonesia feb ui,ORG,1,fakultas ekonomi dan bisnis universitas indonesia feb ui,0.0,0.0005790387955993051,0.00028951939779965256
fakhri hermansyah foc,PER,1,fakhri hermansyah foc,0.0,0.0005790387955993051,0.00028951939779965256
faisol riza,PER,1,faisol riza,0.0,0.0005790387955993051,0.00028951939779965256
faisal rachman,PER,1,faisal rachman,0.0,0.0005790387955993051,0.00028951939779965256
fahmi,PER,1,fahmi,0.0,0.0005790387955993051,0.00028951939779965256
fadza ishak,PER,1,fadza ishak,0.0,0.0005790387955993051,0.00028951939779965256
fadli,PRD,1,fadli,0.0,0.0005790387955993051,0.00028951939779965256
fadhil hasan,PER,1,fadhil hasan,0.0,0.0005790387955993051,0.00028951939779965256
fadhat,PER,1,fadhat,0.0,0.0005790387955993051,0.00028951939779965256
factor productivity indexpada,PRD,1,factor productivity indexpada,0.0,0.0005790387955993051,0.00028951939779965256
fact sheet gedung putih,EVT,1,fact sheet gedung putih,0.0,0.0005790387955993051,0.00028951939779965256
februari nasdaq,DAT,1,februari nasdaq,0.0,0.0005790387955993051,0.00028951939779965256
februari februari,DAT,1,februari februari,0.0,0.0005790387955993051,0.00028951939779965256
feb wib internasional,ORG,1,feb wib internasional,0.0,0.0005790387955993051,0.00028951939779965256
feb wib,ORG,1,feb wib,0.0,0.0005790387955993051,0.00028951939779965256
feb,DAT,1,feb,0.0,0.0005790387955993051,0.00028951939779965256
fda,ORG,1,fda,0.0,0.0005790387955993051,0.00028951939779965256
favoured,NOR,1,favoured,0.0,0.0005790387955993051,0.00028951939779965256
favored nation mfn,PRD,1,favored nation mfn,0.0,0.0005790387955993051,0.00028951939779965256
fauzi amro,PER,1,fauzi amro,0.0,0.0005790387955993051,0.00028951939779965256
fauzi,PER,1,fauzi,0.0,0.0005790387955993051,0.00028951939779965256
fashionchina shein,ORG,1,fashionchina shein,0.0,0.0005790387955993051,0.00028951939779965256
fashion versace,PRD,1,fashion versace,0.0,0.0005790387955993051,0.00028951939779965256
farside,ORG,1,farside,0.0,0.0005790387955993051,0.00028951939779965256
farmasi,PRD,1,farmasi,0.0,0.0005790387955993051,0.00028951939779965256
faris,PER,1,faris,0.0,0.0005790387955993051,0.00028951939779965256
far,ORG,1,far,0.0,0.0005790387955993051,0.00028951939779965256
bank mandiri,ORG,1,bank mandiri,0.0,0.0005790387955993051,0.00028951939779965256
bank indonesia bi bi,ORG,1,bank indonesia bi bi,0.0,0.0005790387955993051,0.00028951939779965256
bank duniamencatat,ORG,1,bank duniamencatat,0.0,0.0005790387955993051,0.00028951939779965256
bank dunia organisasi,ORG,1,bank dunia organisasi,0.0,0.0005790387955993051,0.00028951939779965256
bank dbs indonesia,ORG,1,bank dbs indonesia,0.0,0.0005790387955993051,0.00028951939779965256
bank danamon indonesia,ORG,1,bank danamon indonesia,0.0,0.0005790387955993051,0.00028951939779965256
bank danamon,ORG,1,bank danamon,0.0,0.0005790387955993051,0.00028951939779965256
bank bank,ORG,1,bank bank,0.0,0.0005790387955993051,0.00028951939779965256
bangsa bangsa asia tenggara,NOR,1,bangsa bangsa asia tenggara,0.0,0.0005790387955993051,0.00028951939779965256
energi terbarukan,ORG,1,energi terbarukan,0.0,0.0005790387955993051,0.00028951939779965256
endang artiani,PER,1,endang artiani,0.0,0.0005790387955993051,0.00028951939779965256
fedmasih,ORG,1,fedmasih,0.0,0.0005790387955993051,0.00028951939779965256
federasi,ORG,1,federasi,0.0,0.0005790387955993051,0.00028951939779965256
federal reservejerome,ORG,1,federal reservejerome,0.0,0.0005790387955993051,0.00028951939779965256
federal reservediperkirakan,ORG,1,federal reservediperkirakan,0.0,0.0005790387955993051,0.00028951939779965256
federal open market committee,EVT,1,federal open market committee,0.0,0.0005790387955993051,0.00028951939779965256
finlandia,GPE,1,finlandia,0.0,0.0005790387955993051,0.00028951939779965256
filter air,PRD,1,filter air,0.0,0.0005790387955993051,0.00028951939779965256
filament,ORG,1,filament,0.0,0.0005790387955993051,0.00028951939779965256
filamen indonesia,ORG,1,filamen indonesia,0.0,0.0005790387955993051,0.00028951939779965256
fifty,LAW,1,fifty,0.0,0.0005790387955993051,0.00028951939779965256
field,EVT,1,field,0.0,0.0005790387955993051,0.00028951939779965256
fibers tbk,ORG,1,fibers tbk,0.0,0.0005790387955993051,0.00028951939779965256
ferdinand marcos,PER,1,ferdinand marcos,0.0,0.0005790387955993051,0.00028951939779965256
fentanil opioid sintetis,PRD,1,fentanil opioid sintetis,0.0,0.0005790387955993051,0.00028951939779965256
fendi,PER,1,fendi,0.0,0.0005790387955993051,0.00028951939779965256
feedmill,PRD,1,feedmill,0.0,0.0005790387955993051,0.00028951939779965256
feed,PRD,1,feed,0.0,0.0005790387955993051,0.00028951939779965256
fedmenekankan,ORG,1,fedmenekankan,0.0,0.0005790387955993051,0.00028951939779965256
engage,PER,1,engage,0.0,0.0005790387955993051,0.00028951939779965256
bank negara indonesia tbk,ORG,1,bank negara indonesia tbk,0.0,0.0005790387955993051,0.00028951939779965256
bank negara,ORG,1,bank negara,0.0,0.0005790387955993051,0.00028951939779965256
forum china celac community,EVT,1,forum china celac community,0.0,0.0005790387955993051,0.00028951939779965256
forum,EVT,1,forum,0.0,0.0005790387955993051,0.00028951939779965256
formula,LAW,1,formula,0.0,0.0005790387955993051,0.00028951939779965256
forex,ORG,1,forex,0.0,0.0005790387955993051,0.00028951939779965256
force,ORG,1,force,0.0,0.0005790387955993051,0.00028951939779965256
forbes,ORG,1,forbes,0.0,0.0005790387955993051,0.00028951939779965256
for supply management ism,ORG,1,for supply management ism,0.0,0.0005790387955993051,0.00028951939779965256
for,ORG,1,for,0.0,0.0005790387955993051,0.00028951939779965256
follow,PRD,1,follow,0.0,0.0005790387955993051,0.00028951939779965256
flu spanyol,EVT,1,flu spanyol,0.0,0.0005790387955993051,0.00028951939779965256
flavio volpe,PER,1,flavio volpe,0.0,0.0005790387955993051,0.00028951939779965256
fisher price,ORG,1,fisher price,0.0,0.0005790387955993051,0.00028951939779965256
fish,PRD,1,fish,0.0,0.0005790387955993051,0.00028951939779965256
firstyang,EVT,1,firstyang,0.0,0.0005790387955993051,0.00028951939779965256
firma riset pasar international data corporation idc,ORG,1,firma riset pasar international data corporation idc,0.0,0.0005790387955993051,0.00028951939779965256
fintech,ORG,1,fintech,0.0,0.0005790387955993051,0.00028951939779965256
empat hari,QTY,1,empat hari,0.0,0.0005790387955993051,0.00028951939779965256
empat bulan,QTY,1,empat bulan,0.0,0.0005790387955993051,0.00028951939779965256
emmy suryandari,PER,1,emmy suryandari,0.0,0.0005790387955993051,0.00028951939779965256
emmanuel macronmenyerukan,PER,1,emmanuel macronmenyerukan,0.0,0.0005790387955993051,0.00028951939779965256
emmanuel,PER,1,emmanuel,0.0,0.0005790387955993051,0.00028951939779965256
emiria leba laraswati ariadne anwar apr,PER,1,emiria leba laraswati ariadne anwar apr,0.0,0.0005790387955993051,0.00028951939779965256
emiria leba feb wib,ORG,1,emiria leba feb wib,0.0,0.0005790387955993051,0.00028951939779965256
emiria leba apr wib internasional seattle,ORG,1,emiria leba apr wib internasional seattle,0.0,0.0005790387955993051,0.00028951939779965256
franc swiss,MON,1,franc swiss,0.0,0.0005790387955993051,0.00028951939779965256
franc,LAW,1,franc,0.0,0.0005790387955993051,0.00028951939779965256
foxconn technology group,ORG,1,foxconn technology group,0.0,0.0005790387955993051,0.00028951939779965256
fox,ORG,1,fox,0.0,0.0005790387955993051,0.00028951939779965256
fosil,PRD,1,fosil,0.0,0.0005790387955993051,0.00028951939779965256
forum ekonomi dunia,ORG,1,forum ekonomi dunia,0.0,0.0005790387955993051,0.00028951939779965256
forum diskusi ekonomi,EVT,1,forum diskusi ekonomi,0.0,0.0005790387955993051,0.00028951939779965256
forum diskusi denpasar,EVT,1,forum diskusi denpasar,0.0,0.0005790387955993051,0.00028951939779965256
gabungan,NOR,1,gabungan,0.0,0.0005790387955993051,0.00028951939779965256
futuristik,EVT,1,futuristik,0.0,0.0005790387955993051,0.00028951939779965256
furnitur kayu perikanan,PRD,1,furnitur kayu perikanan,0.0,0.0005790387955993051,0.00028951939779965256
furnitur karet,PRD,1,furnitur karet,0.0,0.0005790387955993051,0.00028951939779965256
ftse,ORG,1,ftse,0.0,0.0005790387955993051,0.00028951939779965256
friedrich merz,PER,1,friedrich merz,0.0,0.0005790387955993051,0.00028951939779965256
friedman,PER,1,friedman,0.0,0.0005790387955993051,0.00028951939779965256
freeport mcmoran inc fcx,ORG,1,freeport mcmoran inc fcx,0.0,0.0005790387955993051,0.00028951939779965256
freepik,PRD,1,freepik,0.0,0.0005790387955993051,0.00028951939779965256
frans antony,PER,1,frans antony,0.0,0.0005790387955993051,0.00028951939779965256
frankfurt bank sentral eropa ecb,ORG,1,frankfurt bank sentral eropa ecb,0.0,0.0005790387955993051,0.00028951939779965256
frankfurt,ORG,1,frankfurt,0.0,0.0005790387955993051,0.00028951939779965256
frank global,PER,1,frank global,0.0,0.0005790387955993051,0.00028951939779965256
endang,PER,1,endang,0.0,0.0005790387955993051,0.00028951939779965256
empat pekan,QTY,1,empat pekan,0.0,0.0005790387955993051,0.00028951939779965256
empat minggu,QTY,1,empat minggu,0.0,0.0005790387955993051,0.00028951939779965256
garmen alas kaki,PRD,1,garmen alas kaki,0.0,0.0005790387955993051,0.00028951939779965256
garmen advertisement,ORG,1,garmen advertisement,0.0,0.0005790387955993051,0.00028951939779965256
garda nasional,NOR,1,garda nasional,0.0,0.0005790387955993051,0.00028951939779965256
gapmmi,NOR,1,gapmmi,0.0,0.0005790387955993051,0.00028951939779965256
gapki,ORG,1,gapki,0.0,0.0005790387955993051,0.00028951939779965256
gap inc gap,ORG,1,gap inc gap,0.0,0.0005790387955993051,0.00028951939779965256
gandum soya bean soya bean milk,PRD,1,gandum soya bean soya bean milk,0.0,0.0005790387955993051,0.00028951939779965256
gandum kedelai,PRD,1,gandum kedelai,0.0,0.0005790387955993051,0.00028951939779965256
gandum jagung,PRD,1,gandum jagung,0.0,0.0005790387955993051,0.00028951939779965256
galaxy,PRD,1,galaxy,0.0,0.0005790387955993051,0.00028951939779965256
galangan,ORG,1,galangan,0.0,0.0005790387955993051,0.00028951939779965256
gabungan produsen makanan minuman indonesia gapmmi,ORG,1,gabungan produsen makanan minuman indonesia gapmmi,0.0,0.0005790387955993051,0.00028951939779965256
gabungan perusahaan,ORG,1,gabungan perusahaan,0.0,0.0005790387955993051,0.00028951939779965256
gabungan pengusaha,ORG,1,gabungan pengusaha,0.0,0.0005790387955993051,0.00028951939779965256
gabungan industri kendaraan bermotor indonesia gaikindo,ORG,1,gabungan industri kendaraan bermotor indonesia gaikindo,0.0,0.0005790387955993051,0.00028951939779965256
gabungan industri kendaraan bermotor indonesia,ORG,1,gabungan industri kendaraan bermotor indonesia,0.0,0.0005790387955993051,0.00028951939779965256
emas dunia,ORG,1,emas dunia,0.0,0.0005790387955993051,0.00028951939779965256
elon muskvokal,PER,1,elon muskvokal,0.0,0.0005790387955993051,0.00028951939779965256
elon muskmengatakan,PER,1,elon muskmengatakan,0.0,0.0005790387955993051,0.00028951939779965256
ello hanson,PER,1,ello hanson,0.0,0.0005790387955993051,0.00028951939779965256
ellison,PER,1,ellison,0.0,0.0005790387955993051,0.00028951939779965256
ellen milligan,PER,1,ellen milligan,0.0,0.0005790387955993051,0.00028951939779965256
elka,PER,1,elka,0.0,0.0005790387955993051,0.00028951939779965256
elektrik hs,PRD,1,elektrik hs,0.0,0.0005790387955993051,0.00028951939779965256
electric vehicle ev,PRD,1,electric vehicle ev,0.0,0.0005790387955993051,0.00028951939779965256
gas minyak cair elpiji,PRD,1,gas minyak cair elpiji,0.0,0.0005790387955993051,0.00028951939779965256
gas alam cair lng,PRD,1,gas alam cair lng,0.0,0.0005790387955993051,0.00028951939779965256
gas alam cair as,PRD,1,gas alam cair as,0.0,0.0005790387955993051,0.00028951939779965256
gary clyde hufbauer,PER,1,gary clyde hufbauer,0.0,0.0005790387955993051,0.00028951939779965256
garut,GPE,1,garut,0.0,0.0005790387955993051,0.00028951939779965256
garudatv,PRD,1,garudatv,0.0,0.0005790387955993051,0.00028951939779965256
garmen alas kaki tekstil furniture,PRD,1,garmen alas kaki tekstil furniture,0.0,0.0005790387955993051,0.00028951939779965256
gene seroka,PER,1,gene seroka,0.0,0.0005790387955993051,0.00028951939779965256
gen,ORG,1,gen,0.0,0.0005790387955993051,0.00028951939779965256
gemilang tarigan,PER,1,gemilang tarigan,0.0,0.0005790387955993051,0.00028951939779965256
gedung putih washington,LOC,1,gedung putih washington,0.0,0.0005790387955993051,0.00028951939779965256
gedung putih saham oracle,ORG,1,gedung putih saham oracle,0.0,0.0005790387955993051,0.00028951939779965256
gedung putih china,ORG,1,gedung putih china,0.0,0.0005790387955993051,0.00028951939779965256
gedung pertunjukan,LOC,1,gedung pertunjukan,0.0,0.0005790387955993051,0.00028951939779965256
gedung pencakar langir trump tower,LOC,1,gedung pencakar langir trump tower,0.0,0.0005790387955993051,0.00028951939779965256
gede,ORG,1,gede,0.0,0.0005790387955993051,0.00028951939779965256
gebrakan,PER,1,gebrakan,0.0,0.0005790387955993051,0.00028951939779965256
gdpnow,ORG,1,gdpnow,0.0,0.0005790387955993051,0.00028951939779965256
gbp,MON,1,gbp,0.0,0.0005790387955993051,0.00028951939779965256
gaun leavitt,PRD,1,gaun leavitt,0.0,0.0005790387955993051,0.00028951939779965256
gaulle,ORG,1,gaulle,0.0,0.0005790387955993051,0.00028951939779965256
emirat arab uea,NOR,1,emirat arab uea,0.0,0.0005790387955993051,0.00028951939779965256
emil,PER,1,emil,0.0,0.0005790387955993051,0.00028951939779965256
bakar,PRD,1,bakar,0.0,0.0005790387955993051,0.00028951939779965256
bajadan,PRD,1,bajadan,0.0,0.0005790387955993051,0.00028951939779965256
baja nirkarat,PRD,1,baja nirkarat,0.0,0.0005790387955993051,0.00028951939779965256
baja baja tipis,PRD,1,baja baja tipis,0.0,0.0005790387955993051,0.00028951939779965256
baja aluminium,PRD,1,baja aluminium,0.0,0.0005790387955993051,0.00028951939779965256
bahrain,GPE,1,bahrain,0.0,0.0005790387955993051,0.00028951939779965256
gerakan,ORG,1,gerakan,0.0,0.0005790387955993051,0.00028951939779965256
georgia,GPE,1,georgia,0.0,0.0005790387955993051,0.00028951939779965256
george mason university,ORG,1,george mason university,0.0,0.0005790387955993051,0.00028951939779965256
geologi as,ORG,1,geologi as,0.0,0.0005790387955993051,0.00028951939779965256
geneva swiss,LOC,1,geneva swiss,0.0,0.0005790387955993051,0.00028951939779965256
generator listrik,PRD,1,generator listrik,0.0,0.0005790387955993051,0.00028951939779965256
generator dc output,PRD,1,generator dc output,0.0,0.0005790387955993051,0.00028951939779965256
generalized system,PRD,1,generalized system,0.0,0.0005790387955993051,0.00028951939779965256
general motors ford toyota volkswagen hyundai,ORG,1,general motors ford toyota volkswagen hyundai,0.0,0.0005790387955993051,0.00028951939779965256
general motors,ORG,1,general motors,0.0,0.0005790387955993051,0.00028951939779965256
ekspor,PRD,1,ekspor,0.0,0.0005790387955993051,0.00028951939779965256
eksekutif pengawas perbankan,ORG,1,eksekutif pengawas perbankan,0.0,0.0005790387955993051,0.00028951939779965256
eksekutif gabungan perusahaan karet indonesia gakindo sumut,ORG,1,eksekutif gabungan perusahaan karet indonesia gakindo sumut,0.0,0.0005790387955993051,0.00028951939779965256
ekonominya,ORG,1,ekonominya,0.0,0.0005790387955993051,0.00028951939779965256
ekonomi jakarta,ORG,1,ekonomi jakarta,0.0,0.0005790387955993051,0.00028951939779965256
ekonom untuk,ORG,1,ekonom untuk,0.0,0.0005790387955993051,0.00028951939779965256
ekonom senior indef,ORG,1,ekonom senior indef,0.0,0.0005790387955993051,0.00028951939779965256
ekonom ipb university,ORG,1,ekonom ipb university,0.0,0.0005790387955993051,0.00028951939779965256
ekonom imf,ORG,1,ekonom imf,0.0,0.0005790387955993051,0.00028951939779965256
gerard dipippo,PER,1,gerard dipippo,0.0,0.0005790387955993051,0.00028951939779965256
bangkok,GPE,1,bangkok,0.0,0.0005790387955993051,0.00028951939779965256
banda aceh,ORG,1,banda aceh,0.0,0.0005790387955993051,0.00028951939779965256
ballroom nt tower,EVT,1,ballroom nt tower,0.0,0.0005790387955993051,0.00028951939779965256
ballroom amarthapura el hotel bandung,LOC,1,ballroom amarthapura el hotel bandung,0.0,0.0005790387955993051,0.00028951939779965256
ballroom,PER,1,ballroom,0.0,0.0005790387955993051,0.00028951939779965256
bakrie,ORG,1,bakrie,0.0,0.0005790387955993051,0.00028951939779965256
gita,PER,1,gita,0.0,0.0005790387955993051,0.00028951939779965256
gingseng,ORG,1,gingseng,0.0,0.0005790387955993051,0.00028951939779965256
gina raimondo,PER,1,gina raimondo,0.0,0.0005790387955993051,0.00028951939779965256
gill dilansir,PER,1,gill dilansir,0.0,0.0005790387955993051,0.00028951939779965256
gill,PER,1,gill,0.0,0.0005790387955993051,0.00028951939779965256
gil,PER,1,gil,0.0,0.0005790387955993051,0.00028951939779965256
gictrade,ORG,1,gictrade,0.0,0.0005790387955993051,0.00028951939779965256
ghana,GPE,1,ghana,0.0,0.0005790387955993051,0.00028951939779965256
getty images cheng,ORG,1,getty images cheng,0.0,0.0005790387955993051,0.00028951939779965256
gerbang pembayaran nasional,PRD,1,gerbang pembayaran nasional,0.0,0.0005790387955993051,0.00028951939779965256
gerbang,LAW,1,gerbang,0.0,0.0005790387955993051,0.00028951939779965256
electiondua,EVT,1,electiondua,0.0,0.0005790387955993051,0.00028951939779965256
election amerika serikat,NOR,1,election amerika serikat,0.0,0.0005790387955993051,0.00028951939779965256
election,NOR,1,election,0.0,0.0005790387955993051,0.00028951939779965256
ekstrak,PRD,1,ekstrak,0.0,0.0005790387955993051,0.00028951939779965256
ekspor indonesia gpei,NOR,1,ekspor indonesia gpei,0.0,0.0005790387955993051,0.00028951939779965256
gpu penunjang game,PRD,1,gpu penunjang game,0.0,0.0005790387955993051,0.00028951939779965256
gpu nvidiayang,ORG,1,gpu nvidiayang,0.0,0.0005790387955993051,0.00028951939779965256
gpu nvidia,ORG,1,gpu nvidia,0.0,0.0005790387955993051,0.00028951939779965256
goods,ORG,1,goods,0.0,0.0005790387955993051,0.00028951939779965256
gong yongqiang,LOC,1,gong yongqiang,0.0,0.0005790387955993051,0.00028951939779965256
gong yiwu,ORG,1,gong yiwu,0.0,0.0005790387955993051,0.00028951939779965256
goldprice,PRD,1,goldprice,0.0,0.0005790387955993051,0.00028951939779965256
goldman sachs,ORG,1,goldman sachs,0.0,0.0005790387955993051,0.00028951939779965256
going,PER,1,going,0.0,0.0005790387955993051,0.00028951939779965256
go,LAW,1,go,0.0,0.0005790387955993051,0.00028951939779965256
gm sumringah,PRD,1,gm sumringah,0.0,0.0005790387955993051,0.00028951939779965256
global order,EVT,1,global order,0.0,0.0005790387955993051,0.00028951939779965256
global market intelligence lembaga,ORG,1,global market intelligence lembaga,0.0,0.0005790387955993051,0.00028951939779965256
global great depression,EVT,1,global great depression,0.0,0.0005790387955993051,0.00028951939779965256
global companies,PRD,1,global companies,0.0,0.0005790387955993051,0.00028951939779965256
gladi bersih pelantikan,EVT,1,gladi bersih pelantikan,0.0,0.0005790387955993051,0.00028951939779965256
edwin ridwan,PER,1,edwin ridwan,0.0,0.0005790387955993051,0.00028951939779965256
edwin,PER,1,edwin,0.0,0.0005790387955993051,0.00028951939779965256
editor indonesia jakarta,ORG,1,editor indonesia jakarta,0.0,0.0005790387955993051,0.00028951939779965256
ediana rae,PER,1,ediana rae,0.0,0.0005790387955993051,0.00028951939779965256
edi susiato,PER,1,edi susiato,0.0,0.0005790387955993051,0.00028951939779965256
edi pambudi,PER,1,edi pambudi,0.0,0.0005790387955993051,0.00028951939779965256
ed yardeni,PER,1,ed yardeni,0.0,0.0005790387955993051,0.00028951939779965256
economist kisi asset management,ORG,1,economist kisi asset management,0.0,0.0005790387955993051,0.00028951939779965256
economist intelligence unit eiu,ORG,1,economist intelligence unit eiu,0.0,0.0005790387955993051,0.00028951939779965256
gross bloomberg news bloomberg,ORG,1,gross bloomberg news bloomberg,0.0,0.0005790387955993051,0.00028951939779965256
gripen,PRD,1,gripen,0.0,0.0005790387955993051,0.00028951939779965256
greenspan,PRD,1,greenspan,0.0,0.0005790387955993051,0.00028951939779965256
great depression,EVT,1,great depression,0.0,0.0005790387955993051,0.00028951939779965256
great,ORG,1,great,0.0,0.0005790387955993051,0.00028951939779965256
graham,PER,1,graham,0.0,0.0005790387955993051,0.00028951939779965256
gpuuntuk,ORG,1,gpuuntuk,0.0,0.0005790387955993051,0.00028951939779965256
gubernur bank of,NOR,1,gubernur bank of,0.0,0.0005790387955993051,0.00028951939779965256
gubernur bank indonesia bi,ORG,1,gubernur bank indonesia bi,0.0,0.0005790387955993051,0.00028951939779965256
guatemala,GPE,1,guatemala,0.0,0.0005790387955993051,0.00028951939779965256
guardian,ORG,1,guardian,0.0,0.0005790387955993051,0.00028951939779965256
guangdong,GPE,1,guangdong,0.0,0.0005790387955993051,0.00028951939779965256
guang,PER,1,guang,0.0,0.0005790387955993051,0.00028951939779965256
guam,GPE,1,guam,0.0,0.0005790387955993051,0.00028951939779965256
gsp,EVT,1,gsp,0.0,0.0005790387955993051,0.00028951939779965256
gs supermarket,ORG,1,gs supermarket,0.0,0.0005790387955993051,0.00028951939779965256
growth in a changing world,EVT,1,growth in a changing world,0.0,0.0005790387955993051,0.00028951939779965256
grover,LOC,1,grover,0.0,0.0005790387955993051,0.00028951939779965256
groups,ORG,1,groups,0.0,0.0005790387955993051,0.00028951939779965256
group,ORG,1,group,0.0,0.0005790387955993051,0.00028951939779965256
ekomoni,NOR,1,ekomoni,0.0,0.0005790387955993051,0.00028951939779965256
edy irwansyah,PER,1,edy irwansyah,0.0,0.0005790387955993051,0.00028951939779965256
edy,PER,1,edy,0.0,0.0005790387955993051,0.00028951939779965256
guru besar fakultas ekonomi dan manjemen ipb university,ORG,1,guru besar fakultas ekonomi dan manjemen ipb university,0.0,0.0005790387955993051,0.00028951939779965256
guru,ORG,1,guru,0.0,0.0005790387955993051,0.00028951939779965256
guinea,GPE,1,guinea,0.0,0.0005790387955993051,0.00028951939779965256
guess,ORG,1,guess,0.0,0.0005790387955993051,0.00028951939779965256
guerra,ORG,1,guerra,0.0,0.0005790387955993051,0.00028951939779965256
gucci prada,ORG,1,gucci prada,0.0,0.0005790387955993051,0.00028951939779965256
gubernurthe,NOR,1,gubernurthe,0.0,0.0005790387955993051,0.00028951939779965256
gubernurcaliforniagavin,NOR,1,gubernurcaliforniagavin,0.0,0.0005790387955993051,0.00028951939779965256
gubernurbank indonesia bi,ORG,1,gubernurbank indonesia bi,0.0,0.0005790387955993051,0.00028951939779965256
gubernur senior bank indonesia bi,ORG,1,gubernur senior bank indonesia bi,0.0,0.0005790387955993051,0.00028951939779965256
gubernur padg,ORG,1,gubernur padg,0.0,0.0005790387955993051,0.00028951939779965256
gubernur lembaga ketahanan nasional lemhannas,NOR,1,gubernur lembaga ketahanan nasional lemhannas,0.0,0.0005790387955993051,0.00028951939779965256
gubernur federal reserve the fed,ORG,1,gubernur federal reserve the fed,0.0,0.0005790387955993051,0.00028951939779965256
gubernur federal reserve,NOR,1,gubernur federal reserve,0.0,0.0005790387955993051,0.00028951939779965256
gubernur biperry,ORG,1,gubernur biperry,0.0,0.0005790387955993051,0.00028951939779965256
gubernur bank sentral,ORG,1,gubernur bank sentral,0.0,0.0005790387955993051,0.00028951939779965256
halt,ORG,1,halt,0.0,0.0005790387955993051,0.00028951939779965256
halo,ORG,1,halo,0.0,0.0005790387955993051,0.00028951939779965256
hallyu,ORG,1,hallyu,0.0,0.0005790387955993051,0.00028951939779965256
halal,PRD,1,halal,0.0,0.0005790387955993051,0.00028951939779965256
hal,ORG,1,hal,0.0,0.0005790387955993051,0.00028951939779965256
hakim distrik as,NOR,1,hakim distrik as,0.0,0.0005790387955993051,0.00028951939779965256
hakeem,PER,1,hakeem,0.0,0.0005790387955993051,0.00028951939779965256
hake,PRD,1,hake,0.0,0.0005790387955993051,0.00028951939779965256
hae,ORG,1,hae,0.0,0.0005790387955993051,0.00028951939779965256
hadriana,NOR,1,hadriana,0.0,0.0005790387955993051,0.00028951939779965256
habibat penguin,LOC,1,habibat penguin,0.0,0.0005790387955993051,0.00028951939779965256
habib,PER,1,habib,0.0,0.0005790387955993051,0.00028951939779965256
habeck,PER,1,habeck,0.0,0.0005790387955993051,0.00028951939779965256
hab,ORG,1,hab,0.0,0.0005790387955993051,0.00028951939779965256
gustavo petro,PER,1,gustavo petro,0.0,0.0005790387955993051,0.00028951939779965256
gusril hamid,PER,1,gusril hamid,0.0,0.0005790387955993051,0.00028951939779965256
harvard,ORG,1,harvard,0.0,0.0005790387955993051,0.00028951939779965256
hartartobersama,PER,1,hartartobersama,0.0,0.0005790387955993051,0.00028951939779965256
hart,ORG,1,hart,0.0,0.0005790387955993051,0.00028951939779965256
harmonyos next,PRD,1,harmonyos next,0.0,0.0005790387955993051,0.00028951939779965256
harmonyos,PRD,1,harmonyos,0.0,0.0005790387955993051,0.00028951939779965256
harithaset al,ORG,1,harithaset al,0.0,0.0005790387955993051,0.00028951939779965256
harianjogja com jakarta,ORG,1,harianjogja com jakarta,0.0,0.0005790387955993051,0.00028951939779965256
hari pembebasan liberation day,EVT,1,hari pembebasan liberation day,0.0,0.0005790387955993051,0.00028951939779965256
hari pembebasan indonesia,EVT,1,hari pembebasan indonesia,0.0,0.0005790387955993051,0.00028951939779965256
harga saham gabungan ihsg,PRD,1,harga saham gabungan ihsg,0.0,0.0005790387955993051,0.00028951939779965256
harga,PRD,1,harga,0.0,0.0005790387955993051,0.00028951939779965256
hanwha qcells,ORG,1,hanwha qcells,0.0,0.0005790387955993051,0.00028951939779965256
hanver li,PER,1,hanver li,0.0,0.0005790387955993051,0.00028951939779965256
hanni sofiarabu april,PER,1,hanni sofiarabu april,0.0,0.0005790387955993051,0.00028951939779965256
hambalang,GPE,1,hambalang,0.0,0.0005790387955993051,0.00028951939779965256
hamas,NOR,1,hamas,0.0,0.0005790387955993051,0.00028951939779965256
economics,ORG,1,economics,0.0,0.0005790387955993051,0.00028951939779965256
economic growth,PRD,1,economic growth,0.0,0.0005790387955993051,0.00028951939779965256
economic club of chicago,ORG,1,economic club of chicago,0.0,0.0005790387955993051,0.00028951939779965256
ecommerce china,PRD,1,ecommerce china,0.0,0.0005790387955993051,0.00028951939779965256
ecb,ORG,1,ecb,0.0,0.0005790387955993051,0.00028951939779965256
ebt,PRD,1,ebt,0.0,0.0005790387955993051,0.00028951939779965256
easter,ORG,1,easter,0.0,0.0005790387955993051,0.00028951939779965256
east,ORG,1,east,0.0,0.0005790387955993051,0.00028951939779965256
earth,ORG,1,earth,0.0,0.0005790387955993051,0.00028951939779965256
dyah roro esti widya putri,PER,1,dyah roro esti widya putri,0.0,0.0005790387955993051,0.00028951939779965256
dyah roro esti,PER,1,dyah roro esti,0.0,0.0005790387955993051,0.00028951939779965256
hawaii,GPE,1,hawaii,0.0,0.0005790387955993051,0.00028951939779965256
havas,PER,1,havas,0.0,0.0005790387955993051,0.00028951939779965256
hassanal bolkiah,PER,1,hassanal bolkiah,0.0,0.0005790387955993051,0.00028951939779965256
hassan wirajuda,PER,1,hassan wirajuda,0.0,0.0005790387955993051,0.00028951939779965256
hassan,PER,1,hassan,0.0,0.0005790387955993051,0.00028951939779965256
herdi alif al hikam detikbali,PER,1,herdi alif al hikam detikbali,0.0,0.0005790387955993051,0.00028951939779965256
hendra hartono,PER,1,hendra hartono,0.0,0.0005790387955993051,0.00028951939779965256
hendra,PER,1,hendra,0.0,0.0005790387955993051,0.00028951939779965256
helopopy,PER,1,helopopy,0.0,0.0005790387955993051,0.00028951939779965256
helmi arman,PER,1,helmi arman,0.0,0.0005790387955993051,0.00028951939779965256
hegsethmembalas,PER,1,hegsethmembalas,0.0,0.0005790387955993051,0.00028951939779965256
heather merritt,PER,1,heather merritt,0.0,0.0005790387955993051,0.00028951939779965256
heard island,LOC,1,heard island,0.0,0.0005790387955993051,0.00028951939779965256
headquarters huawei,ORG,1,headquarters huawei,0.0,0.0005790387955993051,0.00028951939779965256
headlines,ORG,1,headlines,0.0,0.0005790387955993051,0.00028951939779965256
head of macroeconomics market research permata bank,ORG,1,head of macroeconomics market research permata bank,0.0,0.0005790387955993051,0.00028951939779965256
head of equity research,ORG,1,head of equity research,0.0,0.0005790387955993051,0.00028951939779965256
head of apac advisory,ORG,1,head of apac advisory,0.0,0.0005790387955993051,0.00028951939779965256
economist cnbc indonesia,ORG,1,economist cnbc indonesia,0.0,0.0005790387955993051,0.00028951939779965256
economist,ORG,1,economist,0.0,0.0005790387955993051,0.00028951939779965256
economics associate director,ORG,1,economics associate director,0.0,0.0005790387955993051,0.00028951939779965256
himpunan kerukunan tani indonesia hkti,ORG,1,himpunan kerukunan tani indonesia hkti,0.0,0.0005790387955993051,0.00028951939779965256
himpunan bank milik negara himbara mind id telkom,ORG,1,himpunan bank milik negara himbara mind id telkom,0.0,0.0005790387955993051,0.00028951939779965256
him,EVT,1,him,0.0,0.0005790387955993051,0.00028951939779965256
hilirisasi nasional,EVT,1,hilirisasi nasional,0.0,0.0005790387955993051,0.00028951939779965256
hilir,ORG,1,hilir,0.0,0.0005790387955993051,0.00028951939779965256
hikmahanto,PER,1,hikmahanto,0.0,0.0005790387955993051,0.00028951939779965256
high enchantimals,ORG,1,high enchantimals,0.0,0.0005790387955993051,0.00028951939779965256
high,ORG,1,high,0.0,0.0005790387955993051,0.00028951939779965256
hidrometalurgi,PRD,1,hidrometalurgi,0.0,0.0005790387955993051,0.00028951939779965256
hidrolik,PRD,1,hidrolik,0.0,0.0005790387955993051,0.00028951939779965256
hiburan multinasional,ORG,1,hiburan multinasional,0.0,0.0005790387955993051,0.00028951939779965256
herzegovina,GPE,1,herzegovina,0.0,0.0005790387955993051,0.00028951939779965256
hermes,ORG,1,hermes,0.0,0.0005790387955993051,0.00028951939779965256
hermanto siregar,PER,1,hermanto siregar,0.0,0.0005790387955993051,0.00028951939779965256
hermanto,PER,1,hermanto,0.0,0.0005790387955993051,0.00028951939779965256
herin apr wib nusantara,ORG,1,herin apr wib nusantara,0.0,0.0005790387955993051,0.00028951939779965256
hosianna,PER,1,hosianna,0.0,0.0005790387955993051,0.00028951939779965256
horse mackerel,PRD,1,horse mackerel,0.0,0.0005790387955993051,0.00028951939779965256
hore trump,PER,1,hore trump,0.0,0.0005790387955993051,0.00028951939779965256
hongkong post,ORG,1,hongkong post,0.0,0.0005790387955993051,0.00028951939779965256
hongkong,GPE,1,hongkong,0.0,0.0005790387955993051,0.00028951939779965256
hong kongresmi,NOR,1,hong kongresmi,0.0,0.0005790387955993051,0.00028951939779965256
honda,ORG,1,honda,0.0,0.0005790387955993051,0.00028951939779965256
hon hai precision industry co,ORG,1,hon hai precision industry co,0.0,0.0005790387955993051,0.00028951939779965256
holtikultura,ORG,1,holtikultura,0.0,0.0005790387955993051,0.00028951939779965256
holdings,ORG,1,holdings,0.0,0.0005790387955993051,0.00028951939779965256
hogan lovells,ORG,1,hogan lovells,0.0,0.0005790387955993051,0.00028951939779965256
ho chi minh,GPE,1,ho chi minh,0.0,0.0005790387955993051,0.00028951939779965256
hkt,ORG,1,hkt,0.0,0.0005790387955993051,0.00028951939779965256
hki,PRD,1,hki,0.0,0.0005790387955993051,0.00028951939779965256
historia id,ORG,1,historia id,0.0,0.0005790387955993051,0.00028951939779965256
himpunan pengusaha muda indonesia hipmi kabupaten,ORG,1,himpunan pengusaha muda indonesia hipmi kabupaten,0.0,0.0005790387955993051,0.00028951939779965256
hp pengapalan,PRD,1,hp pengapalan,0.0,0.0005790387955993051,0.00028951939779965256
house rabu,ORG,1,house rabu,0.0,0.0005790387955993051,0.00028951939779965256
hotel sahid,ORG,1,hotel sahid,0.0,0.0005790387955993051,0.00028951939779965256
hotel president wilson,LOC,1,hotel president wilson,0.0,0.0005790387955993051,0.00028951939779965256
hotel mewah intercontinental,LOC,1,hotel mewah intercontinental,0.0,0.0005790387955993051,0.00028951939779965256
bahan kimia organik senyawa kimia organik,PRD,1,bahan kimia organik senyawa kimia organik,0.0,0.0005790387955993051,0.00028951939779965256
bahan bakar minyak bbm,PRD,1,bahan bakar minyak bbm,0.0,0.0005790387955993051,0.00028951939779965256
baghdad,GPE,1,baghdad,0.0,0.0005790387955993051,0.00028951939779965256
badri munir sukoco,PER,1,badri munir sukoco,0.0,0.0005790387955993051,0.00028951939779965256
badan pusat statistik,ORG,1,badan pusat statistik,0.0,0.0005790387955993051,0.00028951939779965256
badan perencanaan pembangunan nasional republik indonesia bappenas,NOR,1,badan perencanaan pembangunan nasional republik indonesia bappenas,0.0,0.0005790387955993051,0.00028951939779965256
badan pengurus pusat himpunan pengusaha muda indonesia bpp hipmi,ORG,1,badan pengurus pusat himpunan pengusaha muda indonesia bpp hipmi,0.0,0.0005790387955993051,0.00028951939779965256
badan pengurus cabang,ORG,1,badan pengurus cabang,0.0,0.0005790387955993051,0.00028951939779965256
badan koordinasi penanaman modal,NOR,1,badan koordinasi penanaman modal,0.0,0.0005790387955993051,0.00028951939779965256
baca,ORG,1,baca,0.0,0.0005790387955993051,0.00028951939779965256
ba,ORG,1,ba,0.0,0.0005790387955993051,0.00028951939779965256
hukum,ORG,1,hukum,0.0,0.0005790387955993051,0.00028951939779965256
hughes,PER,1,hughes,0.0,0.0005790387955993051,0.00028951939779965256
hufbauer,PRD,1,hufbauer,0.0,0.0005790387955993051,0.00028951939779965256
hubungan internasional,ORG,1,hubungan internasional,0.0,0.0005790387955993051,0.00028951939779965256
huaweiberisikomelanggar,PRD,1,huaweiberisikomelanggar,0.0,0.0005790387955993051,0.00028951939779965256
huawei technologies co,ORG,1,huawei technologies co,0.0,0.0005790387955993051,0.00028951939779965256
hu,PER,1,hu,0.0,0.0005790387955993051,0.00028951939779965256
hsien,PER,1,hsien,0.0,0.0005790387955993051,0.00028951939779965256
hs instrumen optik,PRD,1,hs instrumen optik,0.0,0.0005790387955993051,0.00028951939779965256
hs ikan,PRD,1,hs ikan,0.0,0.0005790387955993051,0.00028951939779965256
hs besi,PRD,1,hs besi,0.0,0.0005790387955993051,0.00028951939779965256
hprpandre,ORG,1,hprpandre,0.0,0.0005790387955993051,0.00028951939779965256
hprp,ORG,1,hprp,0.0,0.0005790387955993051,0.00028951939779965256
hpandroid,ORG,1,hpandroid,0.0,0.0005790387955993051,0.00028951939779965256
hpal,PRD,1,hpal,0.0,0.0005790387955993051,0.00028951939779965256
hp samsung,PRD,1,hp samsung,0.0,0.0005790387955993051,0.00028951939779965256
ibnu syena alfitra,PER,1,ibnu syena alfitra,0.0,0.0005790387955993051,0.00028951939779965256
ibnu,ORG,1,ibnu,0.0,0.0005790387955993051,0.00028951939779965256
ian bremmer,PER,1,ian bremmer,0.0,0.0005790387955993051,0.00028951939779965256
i made aditya suryawidya,PER,1,i made aditya suryawidya,0.0,0.0005790387955993051,0.00028951939779965256
hyundai steel co,ORG,1,hyundai steel co,0.0,0.0005790387955993051,0.00028951939779965256
hyundai motor group,ORG,1,hyundai motor group,0.0,0.0005790387955993051,0.00028951939779965256
hyundai,ORG,1,hyundai,0.0,0.0005790387955993051,0.00028951939779965256
hyperos,ORG,1,hyperos,0.0,0.0005790387955993051,0.00028951939779965256
hyatt hotel,ORG,1,hyatt hotel,0.0,0.0005790387955993051,0.00028951939779965256
hussen,PER,1,hussen,0.0,0.0005790387955993051,0.00028951939779965256
hussain sajwani,ORG,1,hussain sajwani,0.0,0.0005790387955993051,0.00028951939779965256
hungaria,GPE,1,hungaria,0.0,0.0005790387955993051,0.00028951939779965256
hung,PER,1,hung,0.0,0.0005790387955993051,0.00028951939779965256
hun manet,PER,1,hun manet,0.0,0.0005790387955993051,0.00028951939779965256
hulu,ORG,1,hulu,0.0,0.0005790387955993051,0.00028951939779965256
hukum internasional universitas indonesia hikmahanto,ORG,1,hukum internasional universitas indonesia hikmahanto,0.0,0.0005790387955993051,0.00028951939779965256
duta besar indonesia,NOR,1,duta besar indonesia,0.0,0.0005790387955993051,0.00028951939779965256
duta besar dubes indonesia,NOR,1,duta besar dubes indonesia,0.0,0.0005790387955993051,0.00028951939779965256
duta besar china untuk wto,NOR,1,duta besar china untuk wto,0.0,0.0005790387955993051,0.00028951939779965256
dun,ORG,1,dun,0.0,0.0005790387955993051,0.00028951939779965256
duitnya,ORG,1,duitnya,0.0,0.0005790387955993051,0.00028951939779965256
dubai,ORG,1,dubai,0.0,0.0005790387955993051,0.00028951939779965256
dua tiga,CRD,1,dua tiga,0.0,0.0005790387955993051,0.00028951939779965256
dua pertiga,CRD,1,dua pertiga,0.0,0.0005790387955993051,0.00028951939779965256
dua minggu,QTY,1,dua minggu,0.0,0.0005790387955993051,0.00028951939779965256
barack obama,PER,1,barack obama,0.0,0.0005790387955993051,0.00028951939779965256
idcmelihat,PRD,1,idcmelihat,0.0,0.0005790387955993051,0.00028951939779965256
idc,PRD,1,idc,0.0,0.0005790387955993051,0.00028951939779965256
id bank indonesia bi,ORG,1,id bank indonesia bi,0.0,0.0005790387955993051,0.00028951939779965256
icp,PRD,1,icp,0.0,0.0005790387955993051,0.00028951939779965256
icesi,ORG,1,icesi,0.0,0.0005790387955993051,0.00028951939779965256
ibu,GPE,1,ibu,0.0,0.0005790387955993051,0.00028951939779965256
ilmate,ORG,1,ilmate,0.0,0.0005790387955993051,0.00028951939779965256
illumina,ORG,1,illumina,0.0,0.0005790387955993051,0.00028951939779965256
illinois,GPE,1,illinois,0.0,0.0005790387955993051,0.00028951939779965256
ikbal maulanathumbnail vila randita,PER,1,ikbal maulanathumbnail vila randita,0.0,0.0005790387955993051,0.00028951939779965256
ikan kerang,PRD,1,ikan kerang,0.0,0.0005790387955993051,0.00028951939779965256
ii,ORD,1,ii,0.0,0.0005790387955993051,0.00028951939779965256
ihsgmengikuti,PRD,1,ihsgmengikuti,0.0,0.0005790387955993051,0.00028951939779965256
ihsg rupiah,ORG,1,ihsg rupiah,0.0,0.0005790387955993051,0.00028951939779965256
ig australia pty,ORG,1,ig australia pty,0.0,0.0005790387955993051,0.00028951939779965256
ieepa uu,LAW,1,ieepa uu,0.0,0.0005790387955993051,0.00028951939779965256
idxchannel perbankan,ORG,1,idxchannel perbankan,0.0,0.0005790387955993051,0.00028951939779965256
idxchannel bank duniamemperkirakanekonomi,ORG,1,idxchannel bank duniamemperkirakanekonomi,0.0,0.0005790387955993051,0.00028951939779965256
dwi putramengatakan,PER,1,dwi putramengatakan,0.0,0.0005790387955993051,0.00028951939779965256
dw,PER,1,dw,0.0,0.0005790387955993051,0.00028951939779965256
duta besar ustr,NOR,1,duta besar ustr,0.0,0.0005790387955993051,0.00028951939779965256
duta besar swiss,NOR,1,duta besar swiss,0.0,0.0005790387955993051,0.00028951939779965256
indeks eurostoxx,PRD,1,indeks eurostoxx,0.0,0.0005790387955993051,0.00028951939779965256
indeks dow,PRD,1,indeks dow,0.0,0.0005790387955993051,0.00028951939779965256
indeks dolar dxy,PRD,1,indeks dolar dxy,0.0,0.0005790387955993051,0.00028951939779965256
indeks dolar as,PRD,1,indeks dolar as,0.0,0.0005790387955993051,0.00028951939779965256
indeks dolar,PRD,1,indeks dolar,0.0,0.0005790387955993051,0.00028951939779965256
indeks coindesk,PRD,1,indeks coindesk,0.0,0.0005790387955993051,0.00028951939779965256
indeks acuan tokyo,PRD,1,indeks acuan tokyo,0.0,0.0005790387955993051,0.00028951939779965256
indef,ORG,1,indef,0.0,0.0005790387955993051,0.00028951939779965256
indah tbk,ORG,1,indah tbk,0.0,0.0005790387955993051,0.00028951939779965256
incatas,ORG,1,incatas,0.0,0.0005790387955993051,0.00028951939779965256
imigrasi,NOR,1,imigrasi,0.0,0.0005790387955993051,0.00028951939779965256
imfsebelumnya,ORG,1,imfsebelumnya,0.0,0.0005790387955993051,0.00028951939779965256
imf world,ORG,1,imf world,0.0,0.0005790387955993051,0.00028951939779965256
imf spring meeting,EVT,1,imf spring meeting,0.0,0.0005790387955993051,0.00028951939779965256
imf org,ORG,1,imf org,0.0,0.0005790387955993051,0.00028951939779965256
images,PRD,1,images,0.0,0.0005790387955993051,0.00028951939779965256
indeks spot,PRD,1,indeks spot,0.0,0.0005790387955993051,0.00028951939779965256
indeks saham jepang australia,PRD,1,indeks saham jepang australia,0.0,0.0005790387955993051,0.00028951939779965256
indeks saham asia,PRD,1,indeks saham asia,0.0,0.0005790387955993051,0.00028951939779965256
indeks saham as,PRD,1,indeks saham as,0.0,0.0005790387955993051,0.00028951939779965256
indeks produktivitas as,PRD,1,indeks produktivitas as,0.0,0.0005790387955993051,0.00028951939779965256
indeks manufaktur,ORG,1,indeks manufaktur,0.0,0.0005790387955993051,0.00028951939779965256
indeks kospi,PRD,1,indeks kospi,0.0,0.0005790387955993051,0.00028951939779965256
indeks kosdaq,PRD,1,indeks kosdaq,0.0,0.0005790387955993051,0.00028951939779965256
indeks komposit ekonomi tier,PRD,1,indeks komposit ekonomi tier,0.0,0.0005790387955993051,0.00028951939779965256
indeks impor ism,PRD,1,indeks impor ism,0.0,0.0005790387955993051,0.00028951939779965256
indeks harga saham gabungan ihsg,PRD,1,indeks harga saham gabungan ihsg,0.0,0.0005790387955993051,0.00028951939779965256
indeks harga konsumen ihk,PRD,1,indeks harga konsumen ihk,0.0,0.0005790387955993051,0.00028951939779965256
indeks harga konsumen,PRD,1,indeks harga konsumen,0.0,0.0005790387955993051,0.00028951939779965256
indeks hang seng hong kong,PRD,1,indeks hang seng hong kong,0.0,0.0005790387955993051,0.00028951939779965256
indeks hang seng china enterprises,PRD,1,indeks hang seng china enterprises,0.0,0.0005790387955993051,0.00028951939779965256
indeks greenback,PRD,1,indeks greenback,0.0,0.0005790387955993051,0.00028951939779965256
indonesian business council,NOR,1,indonesian business council,0.0,0.0005790387955993051,0.00028951939779965256
indonesiakini,GPE,1,indonesiakini,0.0,0.0005790387955993051,0.00028951939779965256
indonesiadari,ORG,1,indonesiadari,0.0,0.0005790387955993051,0.00028951939779965256
indonesiadan,GPE,1,indonesiadan,0.0,0.0005790387955993051,0.00028951939779965256
indonesia sonny samuel,ORG,1,indonesia sonny samuel,0.0,0.0005790387955993051,0.00028951939779965256
indonesia ri,GPE,1,indonesia ri,0.0,0.0005790387955993051,0.00028951939779965256
indonesia indorama,ORG,1,indonesia indorama,0.0,0.0005790387955993051,0.00028951939779965256
indonesia china,ORG,1,indonesia china,0.0,0.0005790387955993051,0.00028951939779965256
indonesia business council,ORG,1,indonesia business council,0.0,0.0005790387955993051,0.00028951939779965256
indonesia bi,ORG,1,indonesia bi,0.0,0.0005790387955993051,0.00028951939779965256
indodax market,ORG,1,indodax market,0.0,0.0005790387955993051,0.00028951939779965256
indo pacific economic framework,EVT,1,indo pacific economic framework,0.0,0.0005790387955993051,0.00028951939779965256
indikator siklus,ORG,1,indikator siklus,0.0,0.0005790387955993051,0.00028951939779965256
indiana,GPE,1,indiana,0.0,0.0005790387955993051,0.00028951939779965256
india brasil,GPE,1,india brasil,0.0,0.0005790387955993051,0.00028951939779965256
india afrika selatan iran,GPE,1,india afrika selatan iran,0.0,0.0005790387955993051,0.00028951939779965256
bankir,ORG,1,bankir,0.0,0.0005790387955993051,0.00028951939779965256
bank syariah indonesia bsi bekasi,ORG,1,bank syariah indonesia bsi bekasi,0.0,0.0005790387955993051,0.00028951939779965256
bank sentral trump,ORG,1,bank sentral trump,0.0,0.0005790387955993051,0.00028951939779965256
bank sentral ri,ORG,1,bank sentral ri,0.0,0.0005790387955993051,0.00028951939779965256
bank sentral republik indonesia,ORG,1,bank sentral republik indonesia,0.0,0.0005790387955993051,0.00028951939779965256
bank sentral inggris bank of england,ORG,1,bank sentral inggris bank of england,0.0,0.0005790387955993051,0.00028951939779965256
bank rakyat indonesia,ORG,1,bank rakyat indonesia,0.0,0.0005790387955993051,0.00028951939779965256
bank of england,ORG,1,bank of england,0.0,0.0005790387955993051,0.00028951939779965256
bank negara malaysia,ORG,1,bank negara malaysia,0.0,0.0005790387955993051,0.00028951939779965256
drug,PRD,1,drug,0.0,0.0005790387955993051,0.00028951939779965256
dr rer pol wildan syafitri,PER,1,dr rer pol wildan syafitri,0.0,0.0005790387955993051,0.00028951939779965256
industrichinamengalami,ORG,1,industrichinamengalami,0.0,0.0005790387955993051,0.00028951939779965256
industri,ORG,1,industri,0.0,0.0005790387955993051,0.00028951939779965256
induk usaha,ORG,1,induk usaha,0.0,0.0005790387955993051,0.00028951939779965256
indorama scroll,ORG,1,indorama scroll,0.0,0.0005790387955993051,0.00028951939779965256
indonesiatak,GPE,1,indonesiatak,0.0,0.0005790387955993051,0.00028951939779965256
ayam daging babi kedelai,PRD,1,ayam daging babi kedelai,0.0,0.0005790387955993051,0.00028951939779965256
aviv,PER,1,aviv,0.0,0.0005790387955993051,0.00028951939779965256
aviasi,ORG,1,aviasi,0.0,0.0005790387955993051,0.00028951939779965256
avian tbk,ORG,1,avian tbk,0.0,0.0005790387955993051,0.00028951939779965256
avia,ORG,1,avia,0.0,0.0005790387955993051,0.00028951939779965256
available,PER,1,available,0.0,0.0005790387955993051,0.00028951939779965256
australia barat,GPE,1,australia barat,0.0,0.0005790387955993051,0.00028951939779965256
aung kyaw moe,PER,1,aung kyaw moe,0.0,0.0005790387955993051,0.00028951939779965256
aula miendrowo gedung utama feb unair,LOC,1,aula miendrowo gedung utama feb unair,0.0,0.0005790387955993051,0.00028951939779965256
aukus,ORG,1,aukus,0.0,0.0005790387955993051,0.00028951939779965256
ing,PER,1,ing,0.0,0.0005790387955993051,0.00028951939779965256
infrastruktur sistem,PRD,1,infrastruktur sistem,0.0,0.0005790387955993051,0.00028951939779965256
industry award,EVT,1,industry award,0.0,0.0005790387955993051,0.00028951939779965256
barack,PER,1,barack,0.0,0.0005790387955993051,0.00028951939779965256
bara,PRD,1,bara,0.0,0.0005790387955993051,0.00028951939779965256
banten,GPE,1,banten,0.0,0.0005790387955993051,0.00028951939779965256
international monetary fund imf,ORG,1,international monetary fund imf,0.0,0.0005790387955993051,0.00028951939779965256
international monetary fund,ORG,1,international monetary fund,0.0,0.0005790387955993051,0.00028951939779965256
international kepala strategi fx,ORG,1,international kepala strategi fx,0.0,0.0005790387955993051,0.00028951939779965256
international emergency economic powers act,LAW,1,international emergency economic powers act,0.0,0.0005790387955993051,0.00028951939779965256
internasional program magister ilmu politik universitas wahid hasyim semarang april wib,ORG,1,internasional program magister ilmu politik universitas wahid hasyim semarang april wib,0.0,0.0005790387955993051,0.00028951939779965256
internasiona,ORG,1,internasiona,0.0,0.0005790387955993051,0.00028951939779965256
integras,ORG,1,integras,0.0,0.0005790387955993051,0.00028951939779965256
instrumen,PRD,1,instrumen,0.0,0.0005790387955993051,0.00028951939779965256
institute of economic research tier,ORG,1,institute of economic research tier,0.0,0.0005790387955993051,0.00028951939779965256
institute for supply management ism,ORG,1,institute for supply management ism,0.0,0.0005790387955993051,0.00028951939779965256
institute for security,ORG,1,institute for security,0.0,0.0005790387955993051,0.00028951939779965256
institut ekonomi jerman iw,ORG,1,institut ekonomi jerman iw,0.0,0.0005790387955993051,0.00028951939779965256
instagram gedung putih,PRD,1,instagram gedung putih,0.0,0.0005790387955993051,0.00028951939779965256
insider trading,ORG,1,insider trading,0.0,0.0005790387955993051,0.00028951939779965256
inside,EVT,1,inside,0.0,0.0005790387955993051,0.00028951939779965256
ayosvvl,ORG,1,ayosvvl,0.0,0.0005790387955993051,0.00028951939779965256
isea,ORG,1,isea,0.0,0.0005790387955993051,0.00028951939779965256
isaacson,PER,1,isaacson,0.0,0.0005790387955993051,0.00028951939779965256
is,ORG,1,is,0.0,0.0005790387955993051,0.00028951939779965256
irwin,PER,1,irwin,0.0,0.0005790387955993051,0.00028951939779965256
irvin,PRD,1,irvin,0.0,0.0005790387955993051,0.00028951939779965256
irlandia,GPE,1,irlandia,0.0,0.0005790387955993051,0.00028951939779965256
irianto,ORG,1,irianto,0.0,0.0005790387955993051,0.00028951939779965256
ipsos,EVT,1,ipsos,0.0,0.0005790387955993051,0.00028951939779965256
iphone apple,PRD,1,iphone apple,0.0,0.0005790387955993051,0.00028951939779965256
iph,PRD,1,iph,0.0,0.0005790387955993051,0.00028951939779965256
ipef,EVT,1,ipef,0.0,0.0005790387955993051,0.00028951939779965256
ipad mac apple watch,PRD,1,ipad mac apple watch,0.0,0.0005790387955993051,0.00028951939779965256
ipad,PRD,1,ipad,0.0,0.0005790387955993051,0.00028951939779965256
ip,PRD,1,ip,0.0,0.0005790387955993051,0.00028951939779965256
investing com,ORG,1,investing com,0.0,0.0005790387955993051,0.00028951939779965256
interventionatau,EVT,1,interventionatau,0.0,0.0005790387955993051,0.00028951939779965256
dpp slipi jakarta,NOR,1,dpp slipi jakarta,0.0,0.0005790387955993051,0.00028951939779965256
douyin,ORG,1,douyin,0.0,0.0005790387955993051,0.00028951939779965256
douglas alexander,PER,1,douglas alexander,0.0,0.0005790387955993051,0.00028951939779965256
doug mcmillon,PER,1,doug mcmillon,0.0,0.0005790387955993051,0.00028951939779965256
dosen fakultas ekonomi dan bisnis universitas indonesia,ORG,1,dosen fakultas ekonomi dan bisnis universitas indonesia,0.0,0.0005790387955993051,0.00028951939779965256
dosen fakultas ekonomi dan bisnis universitas brawijaya ub,ORG,1,dosen fakultas ekonomi dan bisnis universitas brawijaya ub,0.0,0.0005790387955993051,0.00028951939779965256
dosen ekonomi universitas indonesia,ORG,1,dosen ekonomi universitas indonesia,0.0,0.0005790387955993051,0.00028951939779965256
istana merdeka,LOC,1,istana merdeka,0.0,0.0005790387955993051,0.00028951939779965256
istana kerajaan,LOC,1,istana kerajaan,0.0,0.0005790387955993051,0.00028951939779965256
istana kepresidenan jakarta pusat,ORG,1,istana kepresidenan jakarta pusat,0.0,0.0005790387955993051,0.00028951939779965256
istana elysee paris prancis,LOC,1,istana elysee paris prancis,0.0,0.0005790387955993051,0.00028951939779965256
ismail,PER,1,ismail,0.0,0.0005790387955993051,0.00028951939779965256
isma savitri,PER,1,isma savitri,0.0,0.0005790387955993051,0.00028951939779965256
islandia,GPE,1,islandia,0.0,0.0005790387955993051,0.00028951939779965256
islam iran,NOR,1,islam iran,0.0,0.0005790387955993051,0.00028951939779965256
ishiba,ORG,1,ishiba,0.0,0.0005790387955993051,0.00028951939779965256
jacob lorinc bloomberg news bloomberg,ORG,1,jacob lorinc bloomberg news bloomberg,0.0,0.0005790387955993051,0.00028951939779965256
jack mcintyre,PER,1,jack mcintyre,0.0,0.0005790387955993051,0.00028951939779965256
jack,ORG,1,jack,0.0,0.0005790387955993051,0.00028951939779965256
jabodetabek,GPE,1,jabodetabek,0.0,0.0005790387955993051,0.00028951939779965256
izzet,PRD,1,izzet,0.0,0.0005790387955993051,0.00028951939779965256
iw,ORG,1,iw,0.0,0.0005790387955993051,0.00028951939779965256
ives,PER,1,ives,0.0,0.0005790387955993051,0.00028951939779965256
italy,EVT,1,italy,0.0,0.0005790387955993051,0.00028951939779965256
istana presiden,LOC,1,istana presiden,0.0,0.0005790387955993051,0.00028951939779965256
istana negara,LOC,1,istana negara,0.0,0.0005790387955993051,0.00028951939779965256
dr ratih herningtyas ip a,PER,1,dr ratih herningtyas ip a,0.0,0.0005790387955993051,0.00028951939779965256
dr,ORG,1,dr,0.0,0.0005790387955993051,0.00028951939779965256
dprd,ORG,1,dprd,0.0,0.0005790387955993051,0.00028951939779965256
dpr ri,NOR,1,dpr ri,0.0,0.0005790387955993051,0.00028951939779965256
dpr pap,NOR,1,dpr pap,0.0,0.0005790387955993051,0.00028951939779965256
dpr as,NOR,1,dpr as,0.0,0.0005790387955993051,0.00028951939779965256
jambi,GPE,1,jambi,0.0,0.0005790387955993051,0.00028951939779965256
jam,PRD,1,jam,0.0,0.0005790387955993051,0.00028951939779965256
jalur gaza,LOC,1,jalur gaza,0.0,0.0005790387955993051,0.00028951939779965256
jalur,LOC,1,jalur,0.0,0.0005790387955993051,0.00028951939779965256
jaluardi,PER,1,jaluardi,0.0,0.0005790387955993051,0.00028951939779965256
jaksa agung california,NOR,1,jaksa agung california,0.0,0.0005790387955993051,0.00028951939779965256
jaksa agung,NOR,1,jaksa agung,0.0,0.0005790387955993051,0.00028951939779965256
jakarta pusat,GPE,1,jakarta pusat,0.0,0.0005790387955993051,0.00028951939779965256
jakarta kompas com dana moneter internasional,ORG,1,jakarta kompas com dana moneter internasional,0.0,0.0005790387955993051,0.00028951939779965256
jakarta jumat,ORG,1,jakarta jumat,0.0,0.0005790387955993051,0.00028951939779965256
jakarta interbank spot dollar rate,ORG,1,jakarta interbank spot dollar rate,0.0,0.0005790387955993051,0.00028951939779965256
jajak pendapatreuters ipsos,EVT,1,jajak pendapatreuters ipsos,0.0,0.0005790387955993051,0.00028951939779965256
jaishankar,PER,1,jaishankar,0.0,0.0005790387955993051,0.00028951939779965256
jaguar,PRD,1,jaguar,0.0,0.0005790387955993051,0.00028951939779965256
jae,PER,1,jae,0.0,0.0005790387955993051,0.00028951939779965256
jacob lorinc david welch,PER,1,jacob lorinc david welch,0.0,0.0005790387955993051,0.00028951939779965256
japan,ORG,1,japan,0.0,0.0005790387955993051,0.00028951939779965256
januaritercatat,DAT,1,januaritercatat,0.0,0.0005790387955993051,0.00028951939779965256
januarimeningkat,DAT,1,januarimeningkat,0.0,0.0005790387955993051,0.00028951939779965256
januari maret,DAT,1,januari maret,0.0,0.0005790387955993051,0.00028951939779965256
januari as,DAT,1,januari as,0.0,0.0005790387955993051,0.00028951939779965256
januar,PER,1,januar,0.0,0.0005790387955993051,0.00028951939779965256
janieson greer,PER,1,janieson greer,0.0,0.0005790387955993051,0.00028951939779965256
jane foley,PER,1,jane foley,0.0,0.0005790387955993051,0.00028951939779965256
jan wib internasional bogota,ORG,1,jan wib internasional bogota,0.0,0.0005790387955993051,0.00028951939779965256
jan,PER,1,jan,0.0,0.0005790387955993051,0.00028951939779965256
jamuan santap malam,EVT,1,jamuan santap malam,0.0,0.0005790387955993051,0.00028951939779965256
jamu,ORG,1,jamu,0.0,0.0005790387955993051,0.00028951939779965256
jamieson greer airlangga,PER,1,jamieson greer airlangga,0.0,0.0005790387955993051,0.00028951939779965256
jamie dimon,PER,1,jamie dimon,0.0,0.0005790387955993051,0.00028951939779965256
james,ORG,1,james,0.0,0.0005790387955993051,0.00028951939779965256
jambiekspres co id,ORG,1,jambiekspres co id,0.0,0.0005790387955993051,0.00028951939779965256
jerman belanda,GPE,1,jerman belanda,0.0,0.0005790387955993051,0.00028951939779965256
jepangdanfranc,GPE,1,jepangdanfranc,0.0,0.0005790387955993051,0.00028951939779965256
jensen huang,PER,1,jensen huang,0.0,0.0005790387955993051,0.00028951939779965256
jensen,ORG,1,jensen,0.0,0.0005790387955993051,0.00028951939779965256
jemmy kartiwa sastraatmaja,PER,1,jemmy kartiwa sastraatmaja,0.0,0.0005790387955993051,0.00028951939779965256
jeju,GPE,1,jeju,0.0,0.0005790387955993051,0.00028951939779965256
jeffries,PER,1,jeffries,0.0,0.0005790387955993051,0.00028951939779965256
jeffrey hendrik,PER,1,jeffrey hendrik,0.0,0.0005790387955993051,0.00028951939779965256
jeff cardenas,PER,1,jeff cardenas,0.0,0.0005790387955993051,0.00028951939779965256
jeff bezos,PER,1,jeff bezos,0.0,0.0005790387955993051,0.00028951939779965256
jazeerapada,ORG,1,jazeerapada,0.0,0.0005790387955993051,0.00028951939779965256
jazeera,ORG,1,jazeera,0.0,0.0005790387955993051,0.00028951939779965256
jay,ORG,1,jay,0.0,0.0005790387955993051,0.00028951939779965256
jawa tengah,GPE,1,jawa tengah,0.0,0.0005790387955993051,0.00028951939779965256
jason scott bloomberg news bloomberg bursa saham asia,ORG,1,jason scott bloomberg news bloomberg bursa saham asia,0.0,0.0005790387955993051,0.00028951939779965256
jason chen,PER,1,jason chen,0.0,0.0005790387955993051,0.00028951939779965256
doni ismanto,PER,1,doni ismanto,0.0,0.0005790387955993051,0.00028951939779965256
doni,ORG,1,doni,0.0,0.0005790387955993051,0.00028951939779965256
donaldtrumpyang,PER,1,donaldtrumpyang,0.0,0.0005790387955993051,0.00028951939779965256
donaldtrumpterkait,PER,1,donaldtrumpterkait,0.0,0.0005790387955993051,0.00028951939779965256
donaldtrumpterhadap,PER,1,donaldtrumpterhadap,0.0,0.0005790387955993051,0.00028951939779965256
donaldtrumptelah,PER,1,donaldtrumptelah,0.0,0.0005790387955993051,0.00028951939779965256
donaldtrumpsedang,PER,1,donaldtrumpsedang,0.0,0.0005790387955993051,0.00028951939779965256
donaldtrumpsecara,PER,1,donaldtrumpsecara,0.0,0.0005790387955993051,0.00028951939779965256
donaldtrumpresmi,PER,1,donaldtrumpresmi,0.0,0.0005790387955993051,0.00028951939779965256
donaldtrumppada,PER,1,donaldtrumppada,0.0,0.0005790387955993051,0.00028951939779965256
donaldtrumpmengancam,PER,1,donaldtrumpmengancam,0.0,0.0005790387955993051,0.00028951939779965256
jet tempur amerika,PRD,1,jet tempur amerika,0.0,0.0005790387955993051,0.00028951939779965256
jet tempur,PRD,1,jet tempur,0.0,0.0005790387955993051,0.00028951939779965256
jet a,PRD,1,jet a,0.0,0.0005790387955993051,0.00028951939779965256
jessica,ORG,1,jessica,0.0,0.0005790387955993051,0.00028951939779965256
jerry,PER,1,jerry,0.0,0.0005790387955993051,0.00028951939779965256
joachim nagel,PER,1,joachim nagel,0.0,0.0005790387955993051,0.00028951939779965256
jinpingsejak,PER,1,jinpingsejak,0.0,0.0005790387955993051,0.00028951939779965256
jinpingmengkritik,PER,1,jinpingmengkritik,0.0,0.0005790387955993051,0.00028951939779965256
jinko solar,PRD,1,jinko solar,0.0,0.0005790387955993051,0.00028951939779965256
jim,PRD,1,jim,0.0,0.0005790387955993051,0.00028951939779965256
jillian deutsch bloomberg news bloomberg nokia oyj,ORG,1,jillian deutsch bloomberg news bloomberg nokia oyj,0.0,0.0005790387955993051,0.00028951939779965256
jian,PER,1,jian,0.0,0.0005790387955993051,0.00028951939779965256
jiakun,ORG,1,jiakun,0.0,0.0005790387955993051,0.00028951939779965256
jf,ORG,1,jf,0.0,0.0005790387955993051,0.00028951939779965256
jet tempur siluman,PRD,1,jet tempur siluman,0.0,0.0005790387955993051,0.00028951939779965256
jet tempur gripen swedia,PRD,1,jet tempur gripen swedia,0.0,0.0005790387955993051,0.00028951939779965256
jet tempur gripen,PRD,1,jet tempur gripen,0.0,0.0005790387955993051,0.00028951939779965256
dosen departemen ilmu ekonomi ipb university,ORG,1,dosen departemen ilmu ekonomi ipb university,0.0,0.0005790387955993051,0.00028951939779965256
dosen,ORG,1,dosen,0.0,0.0005790387955993051,0.00028951939779965256
doo financial futures,ORG,1,doo financial futures,0.0,0.0005790387955993051,0.00028951939779965256
donlad trumpsebagai,PER,1,donlad trumpsebagai,0.0,0.0005790387955993051,0.00028951939779965256
asuntuk,GPE,1,asuntuk,0.0,0.0005790387955993051,0.00028951939779965256
astudestra ajengrastri jumat,PER,1,astudestra ajengrastri jumat,0.0,0.0005790387955993051,0.00028951939779965256
aston,ORG,1,aston,0.0,0.0005790387955993051,0.00028951939779965256
astelah,LOC,1,astelah,0.0,0.0005790387955993051,0.00028951939779965256
asst general manager ptsn,ORG,1,asst general manager ptsn,0.0,0.0005790387955993051,0.00028951939779965256
josie susilo,PER,1,josie susilo,0.0,0.0005790387955993051,0.00028951939779965256
jonnelle marte maria eloisa capurro,PER,1,jonnelle marte maria eloisa capurro,0.0,0.0005790387955993051,0.00028951939779965256
jonnelle,PER,1,jonnelle,0.0,0.0005790387955993051,0.00028951939779965256
jonathan,PER,1,jonathan,0.0,0.0005790387955993051,0.00028951939779965256
johnson,ORG,1,johnson,0.0,0.0005790387955993051,0.00028951939779965256
johni martha,PER,1,johni martha,0.0,0.0005790387955993051,0.00028951939779965256
johni,PER,1,johni,0.0,0.0005790387955993051,0.00028951939779965256
john bozzella,PER,1,john bozzella,0.0,0.0005790387955993051,0.00028951939779965256
john boudreau,PER,1,john boudreau,0.0,0.0005790387955993051,0.00028951939779965256
johanes,ORG,1,johanes,0.0,0.0005790387955993051,0.00028951939779965256
joe deaux,PER,1,joe deaux,0.0,0.0005790387955993051,0.00028951939779965256
juliani kusumaningrum,PER,1,juliani kusumaningrum,0.0,0.0005790387955993051,0.00028951939779965256
juliani,PER,1,juliani,0.0,0.0005790387955993051,0.00028951939779965256
juli september,DAT,1,juli september,0.0,0.0005790387955993051,0.00028951939779965256
judha,PER,1,judha,0.0,0.0005790387955993051,0.00028951939779965256
jpmorgan chase co,ORG,1,jpmorgan chase co,0.0,0.0005790387955993051,0.00028951939779965256
journaldi jakarta,ORG,1,journaldi jakarta,0.0,0.0005790387955993051,0.00028951939779965256
josua pardede,PER,1,josua pardede,0.0,0.0005790387955993051,0.00028951939779965256
josua,PER,1,josua,0.0,0.0005790387955993051,0.00028951939779965256
auditorium,LOC,1,auditorium,0.0,0.0005790387955993051,0.00028951939779965256
audi,ORG,1,audi,0.0,0.0005790387955993051,0.00028951939779965256
au jibun bank purchasing managers index pmi,ORG,1,au jibun bank purchasing managers index pmi,0.0,0.0005790387955993051,0.00028951939779965256
atlantik,ORG,1,atlantik,0.0,0.0005790387955993051,0.00028951939779965256
atlantic council,ORG,1,atlantic council,0.0,0.0005790387955993051,0.00028951939779965256
atlantic,ORG,1,atlantic,0.0,0.0005790387955993051,0.00028951939779965256
athleta,ORG,1,athleta,0.0,0.0005790387955993051,0.00028951939779965256
asx,ORG,1,asx,0.0,0.0005790387955993051,0.00028951939779965256
donaldtrumpbikin,PER,1,donaldtrumpbikin,0.0,0.0005790387955993051,0.00028951939779965256
donald trumpyang,PER,1,donald trumpyang,0.0,0.0005790387955993051,0.00028951939779965256
donald trumpyaitu,PER,1,donald trumpyaitu,0.0,0.0005790387955993051,0.00028951939779965256
donald trumpuntuk,PER,1,donald trumpuntuk,0.0,0.0005790387955993051,0.00028951939779965256
donald trumpsoaltarif,PER,1,donald trumpsoaltarif,0.0,0.0005790387955993051,0.00028951939779965256
donald trumprencananya,PER,1,donald trumprencananya,0.0,0.0005790387955993051,0.00028951939779965256
donald trumpmulai,PER,1,donald trumpmulai,0.0,0.0005790387955993051,0.00028951939779965256
donald trumpmenyebut,PER,1,donald trumpmenyebut,0.0,0.0005790387955993051,0.00028951939779965256
donald trumpmenjatuhkan,PER,1,donald trumpmenjatuhkan,0.0,0.0005790387955993051,0.00028951939779965256
jumat ibc,DAT,1,jumat ibc,0.0,0.0005790387955993051,0.00028951939779965256
jumat februari,DAT,1,jumat februari,0.0,0.0005790387955993051,0.00028951939779965256
jumat april washington,DAT,1,jumat april washington,0.0,0.0005790387955993051,0.00028951939779965256
jumat advertisement,ORG,1,jumat advertisement,0.0,0.0005790387955993051,0.00028951939779965256
jum at maret,DAT,1,jum at maret,0.0,0.0005790387955993051,0.00028951939779965256
jum,PRD,1,jum,0.0,0.0005790387955993051,0.00028951939779965256
julyanto,ORG,1,julyanto,0.0,0.0005790387955993051,0.00028951939779965256
juru bicara kementerian luar negeri as,NOR,1,juru bicara kementerian luar negeri as,0.0,0.0005790387955993051,0.00028951939779965256
juru bicara kementerian luar negeri,NOR,1,juru bicara kementerian luar negeri,0.0,0.0005790387955993051,0.00028951939779965256
juru bicara kemenlu china kepala perdagangan uni eropa,NOR,1,juru bicara kemenlu china kepala perdagangan uni eropa,0.0,0.0005790387955993051,0.00028951939779965256
juru bicara kemenko perekonomian,NOR,1,juru bicara kemenko perekonomian,0.0,0.0005790387955993051,0.00028951939779965256
juru bicara kedutaan besar china,NOR,1,juru bicara kedutaan besar china,0.0,0.0005790387955993051,0.00028951939779965256
juru bicara gedung putihkaroline,ORG,1,juru bicara gedung putihkaroline,0.0,0.0005790387955993051,0.00028951939779965256
juru bicara gedung putih,ORG,1,juru bicara gedung putih,0.0,0.0005790387955993051,0.00028951939779965256
jurnalis cnbc indonesia,ORG,1,jurnalis cnbc indonesia,0.0,0.0005790387955993051,0.00028951939779965256
juni wib,DAT,1,juni wib,0.0,0.0005790387955993051,0.00028951939779965256
jumbo,ORG,1,jumbo,0.0,0.0005790387955993051,0.00028951939779965256
jumat september,DAT,1,jumat september,0.0,0.0005790387955993051,0.00028951939779965256
jumat oktober,DAT,1,jumat oktober,0.0,0.0005790387955993051,0.00028951939779965256
jumat mei scroll,DAT,1,jumat mei scroll,0.0,0.0005790387955993051,0.00028951939779965256
jumat juni,DAT,1,jumat juni,0.0,0.0005790387955993051,0.00028951939779965256
donaldtrumpmembebani,PER,1,donaldtrumpmembebani,0.0,0.0005790387955993051,0.00028951939779965256
donaldtrumpbisa,PER,1,donaldtrumpbisa,0.0,0.0005790387955993051,0.00028951939779965256
kabupaten bogor,GPE,1,kabupaten bogor,0.0,0.0005790387955993051,0.00028951939779965256
kabinetnya,NOR,1,kabinetnya,0.0,0.0005790387955993051,0.00028951939779965256
kabinet merah putih,NOR,1,kabinet merah putih,0.0,0.0005790387955993051,0.00028951939779965256
jyp,ORG,1,jyp,0.0,0.0005790387955993051,0.00028951939779965256
juta metrik ton,QTY,1,juta metrik ton,0.0,0.0005790387955993051,0.00028951939779965256
juta franc swiss,MON,1,juta franc swiss,0.0,0.0005790387955993051,0.00028951939779965256
juta dolar as,MON,1,juta dolar as,0.0,0.0005790387955993051,0.00028951939779965256
justyna zabinska la monica,PER,1,justyna zabinska la monica,0.0,0.0005790387955993051,0.00028951939779965256
justin hotard,PER,1,justin hotard,0.0,0.0005790387955993051,0.00028951939779965256
justice,ORG,1,justice,0.0,0.0005790387955993051,0.00028951939779965256
jus jeruk,PRD,1,jus jeruk,0.0,0.0005790387955993051,0.00028951939779965256
juru bicara walmart,ORG,1,juru bicara walmart,0.0,0.0005790387955993051,0.00028951939779965256
juru bicara kementerian perdagangan china,NOR,1,juru bicara kementerian perdagangan china,0.0,0.0005790387955993051,0.00028951939779965256
juru bicara kementerian luar negerichina,NOR,1,juru bicara kementerian luar negerichina,0.0,0.0005790387955993051,0.00028951939779965256
juru bicara kementerian luar negeri tiongkok,NOR,1,juru bicara kementerian luar negeri tiongkok,0.0,0.0005790387955993051,0.00028951939779965256
juru bicara kementerian luar negeri cina,NOR,1,juru bicara kementerian luar negeri cina,0.0,0.0005790387955993051,0.00028951939779965256
kampanye pemilihan presiden as pilpres,EVT,1,kampanye pemilihan presiden as pilpres,0.0,0.0005790387955993051,0.00028951939779965256
kampanye pemilihan presiden amerika serikat,EVT,1,kampanye pemilihan presiden amerika serikat,0.0,0.0005790387955993051,0.00028951939779965256
kamis thailand,DAT,1,kamis thailand,0.0,0.0005790387955993051,0.00028951939779965256
kamis mei,DAT,1,kamis mei,0.0,0.0005790387955993051,0.00028951939779965256
kamis maret wib,DAT,1,kamis maret wib,0.0,0.0005790387955993051,0.00028951939779965256
kamis maret,DAT,1,kamis maret,0.0,0.0005790387955993051,0.00028951939779965256
kamis juni wib,DAT,1,kamis juni wib,0.0,0.0005790387955993051,0.00028951939779965256
kamis januari,DAT,1,kamis januari,0.0,0.0005790387955993051,0.00028951939779965256
kamis februari wib,DAT,1,kamis februari wib,0.0,0.0005790387955993051,0.00028951939779965256
kamerun,GPE,1,kamerun,0.0,0.0005790387955993051,0.00028951939779965256
kamar dagang dan industri indonesia kadin,NOR,1,kamar dagang dan industri indonesia kadin,0.0,0.0005790387955993051,0.00028951939779965256
kallamengatakan,PER,1,kallamengatakan,0.0,0.0005790387955993051,0.00028951939779965256
kalla,PER,1,kalla,0.0,0.0005790387955993051,0.00028951939779965256
kakao new york,PRD,1,kakao new york,0.0,0.0005790387955993051,0.00028951939779965256
kadin,ORG,1,kadin,0.0,0.0005790387955993051,0.00028951939779965256
kacang kedelai,PRD,1,kacang kedelai,0.0,0.0005790387955993051,0.00028951939779965256
donald trumpmengatakan,PER,1,donald trumpmengatakan,0.0,0.0005790387955993051,0.00028951939779965256
donald trumpmenetapkan,PER,1,donald trumpmenetapkan,0.0,0.0005790387955993051,0.00028951939779965256
donald trumpmenabuh,PER,1,donald trumpmenabuh,0.0,0.0005790387955993051,0.00028951939779965256
donald trumpmemulai,PER,1,donald trumpmemulai,0.0,0.0005790387955993051,0.00028951939779965256
donald trumpmembantah,PER,1,donald trumpmembantah,0.0,0.0005790387955993051,0.00028951939779965256
donald trumpmelumpuhkan,PER,1,donald trumpmelumpuhkan,0.0,0.0005790387955993051,0.00028951939779965256
donald trumpmakin,PER,1,donald trumpmakin,0.0,0.0005790387955993051,0.00028951939779965256
donald trumpjadi,PER,1,donald trumpjadi,0.0,0.0005790387955993051,0.00028951939779965256
donald trumpdengan,PER,1,donald trumpdengan,0.0,0.0005790387955993051,0.00028951939779965256
kanan,NOR,1,kanan,0.0,0.0005790387955993051,0.00028951939779965256
kanada meksiko,GPE,1,kanada meksiko,0.0,0.0005790387955993051,0.00028951939779965256
kanada china,GPE,1,kanada china,0.0,0.0005790387955993051,0.00028951939779965256
kanada chile,GPE,1,kanada chile,0.0,0.0005790387955993051,0.00028951939779965256
kampus headquarters,LOC,1,kampus headquarters,0.0,0.0005790387955993051,0.00028951939779965256
kampus abm adadimalang com,ORG,1,kampus abm adadimalang com,0.0,0.0005790387955993051,0.00028951939779965256
kampanye pilpres as,EVT,1,kampanye pilpres as,0.0,0.0005790387955993051,0.00028951939779965256
kantor perdana,ORG,1,kantor perdana,0.0,0.0005790387955993051,0.00028951939779965256
kantor kementerian perdagangan,NOR,1,kantor kementerian perdagangan,0.0,0.0005790387955993051,0.00028951939779965256
kantor kemenko perekonomian,LOC,1,kantor kemenko perekonomian,0.0,0.0005790387955993051,0.00028951939779965256
kantor kabinet jepang,ORG,1,kantor kabinet jepang,0.0,0.0005790387955993051,0.00028951939779965256
kantor ekonom bank mandiri,ORG,1,kantor ekonom bank mandiri,0.0,0.0005790387955993051,0.00028951939779965256
kantor dagang as,NOR,1,kantor dagang as,0.0,0.0005790387955993051,0.00028951939779965256
kantor beritaafp,ORG,1,kantor beritaafp,0.0,0.0005790387955993051,0.00028951939779965256
kantor berita reuters,ORG,1,kantor berita reuters,0.0,0.0005790387955993051,0.00028951939779965256
kantor berita politik,ORG,1,kantor berita politik,0.0,0.0005790387955993051,0.00028951939779965256
kantor berita afp,ORG,1,kantor berita afp,0.0,0.0005790387955993051,0.00028951939779965256
kantor berita,ORG,1,kantor berita,0.0,0.0005790387955993051,0.00028951939779965256
kanselir jerman,NOR,1,kanselir jerman,0.0,0.0005790387955993051,0.00028951939779965256
kanselir baru,NOR,1,kanselir baru,0.0,0.0005790387955993051,0.00028951939779965256
donald trumpmenimbulkan,PER,1,donald trumpmenimbulkan,0.0,0.0005790387955993051,0.00028951939779965256
donald trumpmenghentikan,PER,1,donald trumpmenghentikan,0.0,0.0005790387955993051,0.00028951939779965256
donald trumpmengenakan,PER,1,donald trumpmengenakan,0.0,0.0005790387955993051,0.00028951939779965256
kartu grafis,PRD,1,kartu grafis,0.0,0.0005790387955993051,0.00028951939779965256
kartiwa sastraatmadja,PER,1,kartiwa sastraatmadja,0.0,0.0005790387955993051,0.00028951939779965256
karin keller sutter,PER,1,karin keller sutter,0.0,0.0005790387955993051,0.00028951939779965256
karim,PER,1,karim,0.0,0.0005790387955993051,0.00028951939779965256
karibia,GPE,1,karibia,0.0,0.0005790387955993051,0.00028951939779965256
karbon,PRD,1,karbon,0.0,0.0005790387955993051,0.00028951939779965256
kapal selam bertenaga nuklir,PRD,1,kapal selam bertenaga nuklir,0.0,0.0005790387955993051,0.00028951939779965256
kapal kargo,PRD,1,kapal kargo,0.0,0.0005790387955993051,0.00028951939779965256
kapabilitas,ORG,1,kapabilitas,0.0,0.0005790387955993051,0.00028951939779965256
kaos,PRD,1,kaos,0.0,0.0005790387955993051,0.00028951939779965256
kantor pusat,LOC,1,kantor pusat,0.0,0.0005790387955993051,0.00028951939779965256
kantor perwakilan wilayah bi banda,ORG,1,kantor perwakilan wilayah bi banda,0.0,0.0005790387955993051,0.00028951939779965256
kantor perwakilan dagang as,NOR,1,kantor perwakilan dagang as,0.0,0.0005790387955993051,0.00028951939779965256
kantor perwakilan dagang amerika serikat ustr,ORG,1,kantor perwakilan dagang amerika serikat ustr,0.0,0.0005790387955993051,0.00028951939779965256
kantor perwakilan dagang amerika serikat as,NOR,1,kantor perwakilan dagang amerika serikat as,0.0,0.0005790387955993051,0.00028951939779965256
kantor perwakilan,ORG,1,kantor perwakilan,0.0,0.0005790387955993051,0.00028951939779965256
asosiasi produsen serat dan benang filament indonesia,ORG,1,asosiasi produsen serat dan benang filament indonesia,0.0,0.0005790387955993051,0.00028951939779965256
asosiasi produsen serat dan benang filamen indonesia,ORG,1,asosiasi produsen serat dan benang filamen indonesia,0.0,0.0005790387955993051,0.00028951939779965256
asosiasi produsen peralatan listrik indonesia appi,ORG,1,asosiasi produsen peralatan listrik indonesia appi,0.0,0.0005790387955993051,0.00028951939779965256
asosiasi produsen,ORG,1,asosiasi produsen,0.0,0.0005790387955993051,0.00028951939779965256
asosiasi peternak layer indonesia,ORG,1,asosiasi peternak layer indonesia,0.0,0.0005790387955993051,0.00028951939779965256
asosiasi pengusahatrukindonesia aptrindo,ORG,1,asosiasi pengusahatrukindonesia aptrindo,0.0,0.0005790387955993051,0.00028951939779965256
katsunobu kato,PER,1,katsunobu kato,0.0,0.0005790387955993051,0.00028951939779965256
katie,PER,1,katie,0.0,0.0005790387955993051,0.00028951939779965256
kathleen quirk,PER,1,kathleen quirk,0.0,0.0005790387955993051,0.00028951939779965256
katharine gemmell,PER,1,katharine gemmell,0.0,0.0005790387955993051,0.00028951939779965256
kate barton,PER,1,kate barton,0.0,0.0005790387955993051,0.00028951939779965256
kata,PER,1,kata,0.0,0.0005790387955993051,0.00028951939779965256
kasman,PER,1,kasman,0.0,0.0005790387955993051,0.00028951939779965256
kasia klimasinska bloomberg news bloomberg,ORG,1,kasia klimasinska bloomberg news bloomberg,0.0,0.0005790387955993051,0.00028951939779965256
kartu sakti,PRD,1,kartu sakti,0.0,0.0005790387955993051,0.00028951939779965256
kartu grafis premium bikinan,PRD,1,kartu grafis premium bikinan,0.0,0.0005790387955993051,0.00028951939779965256
kebijakan bi,PRD,1,kebijakan bi,0.0,0.0005790387955993051,0.00028951939779965256
kbs,ORG,1,kbs,0.0,0.0005790387955993051,0.00028951939779965256
kawasan serpong tangerang,LOC,1,kawasan serpong tangerang,0.0,0.0005790387955993051,0.00028951939779965256
kawasan batang jawa,LOC,1,kawasan batang jawa,0.0,0.0005790387955993051,0.00028951939779965256
kawasaki,PRD,1,kawasaki,0.0,0.0005790387955993051,0.00028951939779965256
kautsar primadi,PER,1,kautsar primadi,0.0,0.0005790387955993051,0.00028951939779965256
kaur radarkaur co id,ORG,1,kaur radarkaur co id,0.0,0.0005790387955993051,0.00028951939779965256
kaukus,NOR,1,kaukus,0.0,0.0005790387955993051,0.00028951939779965256
association indonesia,ORG,1,association indonesia,0.0,0.0005790387955993051,0.00028951939779965256
association,ORG,1,association,0.0,0.0005790387955993051,0.00028951939779965256
associated,ORG,1,associated,0.0,0.0005790387955993051,0.00028951939779965256
associate indef,ORG,1,associate indef,0.0,0.0005790387955993051,0.00028951939779965256
asri,ORG,1,asri,0.0,0.0005790387955993051,0.00028951939779965256
asosiasi sistem pembayaran indonesia,ORG,1,asosiasi sistem pembayaran indonesia,0.0,0.0005790387955993051,0.00028951939779965256
asosiasi pulp dan kertas indonesia,ORG,1,asosiasi pulp dan kertas indonesia,0.0,0.0005790387955993051,0.00028951939779965256
asosiasi produsen suku cadang otomotif kanada,ORG,1,asosiasi produsen suku cadang otomotif kanada,0.0,0.0005790387955993051,0.00028951939779965256
donald trump prabowo,PER,1,donald trump prabowo,0.0,0.0005790387955993051,0.00028951939779965256
donald trump indonesia,PER,1,donald trump indonesia,0.0,0.0005790387955993051,0.00028951939779965256
donald trump fauzi,PER,1,donald trump fauzi,0.0,0.0005790387955993051,0.00028951939779965256
donald trump china,PER,1,donald trump china,0.0,0.0005790387955993051,0.00028951939779965256
donald trump bahlil,PER,1,donald trump bahlil,0.0,0.0005790387955993051,0.00028951939779965256
donald trump airlangga,PER,1,donald trump airlangga,0.0,0.0005790387955993051,0.00028951939779965256
donald kohn,PER,1,donald kohn,0.0,0.0005790387955993051,0.00028951939779965256
donald john trump,PER,1,donald john trump,0.0,0.0005790387955993051,0.00028951939779965256
don bosco selamun,PER,1,don bosco selamun,0.0,0.0005790387955993051,0.00028951939779965256
dompet,PRD,1,dompet,0.0,0.0005790387955993051,0.00028951939779965256
dollar taiwan,MON,1,dollar taiwan,0.0,0.0005790387955993051,0.00028951939779965256
dolaramerika serikat,MON,1,dolaramerika serikat,0.0,0.0005790387955993051,0.00028951939779965256
kedutaan besar,NOR,1,kedutaan besar,0.0,0.0005790387955993051,0.00028951939779965256
keduadonald,ORD,1,keduadonald,0.0,0.0005790387955993051,0.00028951939779965256
kedelai berjangka,PRD,1,kedelai berjangka,0.0,0.0005790387955993051,0.00028951939779965256
kecerdasan buatan,PRD,1,kecerdasan buatan,0.0,0.0005790387955993051,0.00028951939779965256
kemayoran,ORG,1,kemayoran,0.0,0.0005790387955993051,0.00028951939779965256
kelompok,ORG,1,kelompok,0.0,0.0005790387955993051,0.00028951939779965256
kelly ann shaw,PER,1,kelly ann shaw,0.0,0.0005790387955993051,0.00028951939779965256
kelapa sawit indonesia gapki,NOR,1,kelapa sawit indonesia gapki,0.0,0.0005790387955993051,0.00028951939779965256
kelapa,ORG,1,kelapa,0.0,0.0005790387955993051,0.00028951939779965256
kekayaan,EVT,1,kekayaan,0.0,0.0005790387955993051,0.00028951939779965256
keir starmer antonio costa,PER,1,keir starmer antonio costa,0.0,0.0005790387955993051,0.00028951939779965256
keir starmer,PER,1,keir starmer,0.0,0.0005790387955993051,0.00028951939779965256
keimigrasian,NOR,1,keimigrasian,0.0,0.0005790387955993051,0.00028951939779965256
kedutaan besar tiongkok,NOR,1,kedutaan besar tiongkok,0.0,0.0005790387955993051,0.00028951939779965256
kedutaan besar china,NOR,1,kedutaan besar china,0.0,0.0005790387955993051,0.00028951939779965256
kedutaan besar as washington,NOR,1,kedutaan besar as washington,0.0,0.0005790387955993051,0.00028951939779965256
kedutaan besar as,NOR,1,kedutaan besar as,0.0,0.0005790387955993051,0.00028951939779965256
donald trumpbakal,PER,1,donald trumpbakal,0.0,0.0005790387955993051,0.00028951939779965256
donald trumpakhirnya,PER,1,donald trumpakhirnya,0.0,0.0005790387955993051,0.00028951939779965256
donald trump trump,PER,1,donald trump trump,0.0,0.0005790387955993051,0.00028951939779965256
kementerian luar negeri,NOR,1,kementerian luar negeri,0.0,0.0005790387955993051,0.00028951939779965256
kementerian lembaga,NOR,1,kementerian lembaga,0.0,0.0005790387955993051,0.00028951939779965256
kementerian koordinator bidang perekonomian jakarta,NOR,1,kementerian koordinator bidang perekonomian jakarta,0.0,0.0005790387955993051,0.00028951939779965256
kementerian koordinator bidang,NOR,1,kementerian koordinator bidang,0.0,0.0005790387955993051,0.00028951939779965256
kementerian koordinator,NOR,1,kementerian koordinator,0.0,0.0005790387955993051,0.00028951939779965256
kementerian keuangan as,ORG,1,kementerian keuangan as,0.0,0.0005790387955993051,0.00028951939779965256
kementerian ketenagakerjaan,NOR,1,kementerian ketenagakerjaan,0.0,0.0005790387955993051,0.00028951939779965256
kementerian kelautan dan perikanan kkp ri,NOR,1,kementerian kelautan dan perikanan kkp ri,0.0,0.0005790387955993051,0.00028951939779965256
kementerian investasi dan hilirisasi,NOR,1,kementerian investasi dan hilirisasi,0.0,0.0005790387955993051,0.00028951939779965256
kementerian energi dan sumber,NOR,1,kementerian energi dan sumber,0.0,0.0005790387955993051,0.00028951939779965256
kementerian energi,NOR,1,kementerian energi,0.0,0.0005790387955993051,0.00028951939779965256
kementerian ekonomi,NOR,1,kementerian ekonomi,0.0,0.0005790387955993051,0.00028951939779965256
kemenlu as,NOR,1,kemenlu as,0.0,0.0005790387955993051,0.00028951939779965256
kemenko perekonomian jakarta pusat,NOR,1,kemenko perekonomian jakarta pusat,0.0,0.0005790387955993051,0.00028951939779965256
kemenko perekonomian,NOR,1,kemenko perekonomian,0.0,0.0005790387955993051,0.00028951939779965256
kemendag jakarta,NOR,1,kemendag jakarta,0.0,0.0005790387955993051,0.00028951939779965256
kemerdekaan,EVT,1,kemerdekaan,0.0,0.0005790387955993051,0.00028951939779965256
kementrian esdm,NOR,1,kementrian esdm,0.0,0.0005790387955993051,0.00028951939779965256
kementerianesdmberperan,NOR,1,kementerianesdmberperan,0.0,0.0005790387955993051,0.00028951939779965256
kementerian pertahanan,NOR,1,kementerian pertahanan,0.0,0.0005790387955993051,0.00028951939779965256
kementerian perindustrian kemenperin,NOR,1,kementerian perindustrian kemenperin,0.0,0.0005790387955993051,0.00028951939779965256
kementerian perindustrian,NOR,1,kementerian perindustrian,0.0,0.0005790387955993051,0.00028951939779965256
kementerian perdagangan vietnam,NOR,1,kementerian perdagangan vietnam,0.0,0.0005790387955993051,0.00028951939779965256
kementerian perdagangan ri amerika serikat,NOR,1,kementerian perdagangan ri amerika serikat,0.0,0.0005790387955993051,0.00028951939779965256
kementerian perdagangan ri,NOR,1,kementerian perdagangan ri,0.0,0.0005790387955993051,0.00028951939779965256
kementerian perdagangan dan,NOR,1,kementerian perdagangan dan,0.0,0.0005790387955993051,0.00028951939779965256
kementerian perdagangan as,NOR,1,kementerian perdagangan as,0.0,0.0005790387955993051,0.00028951939779965256
kementerian luar negeri ri,NOR,1,kementerian luar negeri ri,0.0,0.0005790387955993051,0.00028951939779965256
kementerian luar negeri kemenlu,NOR,1,kementerian luar negeri kemenlu,0.0,0.0005790387955993051,0.00028951939779965256
kementerian luar negeri indonesia,NOR,1,kementerian luar negeri indonesia,0.0,0.0005790387955993051,0.00028951939779965256
kementerian luar negeri dan perdagangan,NOR,1,kementerian luar negeri dan perdagangan,0.0,0.0005790387955993051,0.00028951939779965256
kementerian luar negeri amerika serikat,NOR,1,kementerian luar negeri amerika serikat,0.0,0.0005790387955993051,0.00028951939779965256
kepala eksekutif toyota,ORG,1,kepala eksekutif toyota,0.0,0.0005790387955993051,0.00028951939779965256
kepala ekonom permata bank,ORG,1,kepala ekonom permata bank,0.0,0.0005790387955993051,0.00028951939779965256
kepala ekonom grup bank dunia indermit,ORG,1,kepala ekonom grup bank dunia indermit,0.0,0.0005790387955993051,0.00028951939779965256
kepala ekonom global jpmorgan,ORG,1,kepala ekonom global jpmorgan,0.0,0.0005790387955993051,0.00028951939779965256
kepala ekonom bank mandiri,ORG,1,kepala ekonom bank mandiri,0.0,0.0005790387955993051,0.00028951939779965256
kepala departemen pengelolaan moneter bank indonesia bi,ORG,1,kepala departemen pengelolaan moneter bank indonesia bi,0.0,0.0005790387955993051,0.00028951939779965256
kepala departemen komunikasi bi,NOR,1,kepala departemen komunikasi bi,0.0,0.0005790387955993051,0.00028951939779965256
kepala departemen kebijakan pajak kementerian keuangan vietnam,NOR,1,kepala departemen kebijakan pajak kementerian keuangan vietnam,0.0,0.0005790387955993051,0.00028951939779965256
kepala bps amalia,ORG,1,kepala bps amalia,0.0,0.0005790387955993051,0.00028951939779965256
kepala bea cukai,NOR,1,kepala bea cukai,0.0,0.0005790387955993051,0.00028951939779965256
kepala badan,NOR,1,kepala badan,0.0,0.0005790387955993051,0.00028951939779965256
kepala analis,ORG,1,kepala analis,0.0,0.0005790387955993051,0.00028951939779965256
kentucky,GPE,1,kentucky,0.0,0.0005790387955993051,0.00028951939779965256
keneutralannya,PER,1,keneutralannya,0.0,0.0005790387955993051,0.00028951939779965256
kendaraan listrik,PRD,1,kendaraan listrik,0.0,0.0005790387955993051,0.00028951939779965256
kendal,GPE,1,kendal,0.0,0.0005790387955993051,0.00028951939779965256
kerja sama bilateral,EVT,1,kerja sama bilateral,0.0,0.0005790387955993051,0.00028951939779965256
kerangan,PRD,1,kerangan,0.0,0.0005790387955993051,0.00028951939779965256
kerajinan indonesia,ORG,1,kerajinan indonesia,0.0,0.0005790387955993051,0.00028951939779965256
keputusan presiden nomor tahun danantara,LAW,1,keputusan presiden nomor tahun danantara,0.0,0.0005790387955993051,0.00028951939779965256
kepulauan virgin inggris,MON,1,kepulauan virgin inggris,0.0,0.0005790387955993051,0.00028951939779965256
kepulauan mcdonalds,LOC,1,kepulauan mcdonalds,0.0,0.0005790387955993051,0.00028951939779965256
kepulauan heard,LOC,1,kepulauan heard,0.0,0.0005790387955993051,0.00028951939779965256
kepemimpinan,ORG,1,kepemimpinan,0.0,0.0005790387955993051,0.00028951939779965256
kepemilikan asing,LAW,1,kepemilikan asing,0.0,0.0005790387955993051,0.00028951939779965256
kepalang,NOR,1,kepalang,0.0,0.0005790387955993051,0.00028951939779965256
kepala sekretaris kabinet jepang,NOR,1,kepala sekretaris kabinet jepang,0.0,0.0005790387955993051,0.00028951939779965256
kepala pusat industri perdagangan dan investasi institute for development of economics and finance indef,ORG,1,kepala pusat industri perdagangan dan investasi institute for development of economics and finance indef,0.0,0.0005790387955993051,0.00028951939779965256
kepala pabrik pohon natal,ORG,1,kepala pabrik pohon natal,0.0,0.0005790387955993051,0.00028951939779965256
kepala organisasi perdagangan dunia wto,NOR,1,kepala organisasi perdagangan dunia wto,0.0,0.0005790387955993051,0.00028951939779965256
kepala negara as,NOR,1,kepala negara as,0.0,0.0005790387955993051,0.00028951939779965256
kepala kantor pelayanan utama kpu bea cukai batam,NOR,1,kepala kantor pelayanan utama kpu bea cukai batam,0.0,0.0005790387955993051,0.00028951939779965256
dolar kanada,MON,1,dolar kanada,0.0,0.0005790387955993051,0.00028951939779965256
dolar hong kong,MON,1,dolar hong kong,0.0,0.0005790387955993051,0.00028951939779965256
dolar as usd,MON,1,dolar as usd,0.0,0.0005790387955993051,0.00028951939779965256
dolar as brics,MON,1,dolar as brics,0.0,0.0005790387955993051,0.00028951939779965256
dokumen,LAW,1,dokumen,0.0,0.0005790387955993051,0.00028951939779965256
dok,ORG,1,dok,0.0,0.0005790387955993051,0.00028951939779965256
dndf,PRD,1,dndf,0.0,0.0005790387955993051,0.00028951939779965256
dna,PRD,1,dna,0.0,0.0005790387955993051,0.00028951939779965256
dmo,PRD,1,dmo,0.0,0.0005790387955993051,0.00028951939779965256
djt,ORG,1,djt,0.0,0.0005790387955993051,0.00028951939779965256
djoko widajatno,PER,1,djoko widajatno,0.0,0.0005790387955993051,0.00028951939779965256
ketigaamerika,ORD,1,ketigaamerika,0.0,0.0005790387955993051,0.00028951939779965256
ketenagakerjaan,PRD,1,ketenagakerjaan,0.0,0.0005790387955993051,0.00028951939779965256
ketebalan,PRD,1,ketebalan,0.0,0.0005790387955993051,0.00028951939779965256
kesehatan,LAW,1,kesehatan,0.0,0.0005790387955993051,0.00028951939779965256
kertas furnitur,PRD,1,kertas furnitur,0.0,0.0005790387955993051,0.00028951939779965256
ketua umum asosiasi produsen serat dan benang filament indonesia,ORG,1,ketua umum asosiasi produsen serat dan benang filament indonesia,0.0,0.0005790387955993051,0.00028951939779965256
ketua umum asosiasi pertekstilan indonesia,ORG,1,ketua umum asosiasi pertekstilan indonesia,0.0,0.0005790387955993051,0.00028951939779965256
ketua umum asosiasi pengusaha indonesia apindo,ORG,1,ketua umum asosiasi pengusaha indonesia apindo,0.0,0.0005790387955993051,0.00028951939779965256
ketua the fedjerome,ORG,1,ketua the fedjerome,0.0,0.0005790387955993051,0.00028951939779965256
ketua program studi feb ub,ORG,1,ketua program studi feb ub,0.0,0.0005790387955993051,0.00028951939779965256
ketua kamar dagang dan industri kadin indonesia,NOR,1,ketua kamar dagang dan industri kadin indonesia,0.0,0.0005790387955993051,0.00028951939779965256
ketua indonesia mining energy forum imef,ORG,1,ketua indonesia mining energy forum imef,0.0,0.0005790387955993051,0.00028951939779965256
ketua indonesia mining energi forum imef,ORG,1,ketua indonesia mining energi forum imef,0.0,0.0005790387955993051,0.00028951939779965256
ketua federal reserve the fed fed,ORG,1,ketua federal reserve the fed fed,0.0,0.0005790387955993051,0.00028951939779965256
ketua dewan pengawas,NOR,1,ketua dewan pengawas,0.0,0.0005790387955993051,0.00028951939779965256
ketua bank,ORG,1,ketua bank,0.0,0.0005790387955993051,0.00028951939779965256
ketua asean,NOR,1,ketua asean,0.0,0.0005790387955993051,0.00028951939779965256
ketua amcham china,ORG,1,ketua amcham china,0.0,0.0005790387955993051,0.00028951939779965256
dolar taiwan,MON,1,dolar taiwan,0.0,0.0005790387955993051,0.00028951939779965256
dolar singapura,MON,1,dolar singapura,0.0,0.0005790387955993051,0.00028951939779965256
dolar sen,MON,1,dolar sen,0.0,0.0005790387955993051,0.00028951939779965256
asia singapura,GPE,1,asia singapura,0.0,0.0005790387955993051,0.00028951939779965256
klaten,GPE,1,klaten,0.0,0.0005790387955993051,0.00028951939779965256
kkp jakarta,ORG,1,kkp jakarta,0.0,0.0005790387955993051,0.00028951939779965256
kismis,ORG,1,kismis,0.0,0.0005790387955993051,0.00028951939779965256
kiri,NOR,1,kiri,0.0,0.0005790387955993051,0.00028951939779965256
kim,PER,1,kim,0.0,0.0005790387955993051,0.00028951939779965256
kic,ORG,1,kic,0.0,0.0005790387955993051,0.00028951939779965256
khusus,ORG,1,khusus,0.0,0.0005790387955993051,0.00028951939779965256
khairul fahmi,PER,1,khairul fahmi,0.0,0.0005790387955993051,0.00028951939779965256
kevin hassett,PER,1,kevin hassett,0.0,0.0005790387955993051,0.00028951939779965256
kevin carter,PER,1,kevin carter,0.0,0.0005790387955993051,0.00028951939779965256
keunggulan,ORG,1,keunggulan,0.0,0.0005790387955993051,0.00028951939779965256
ketua umum sedulur kayu dan mebel sekabel,ORG,1,ketua umum sedulur kayu dan mebel sekabel,0.0,0.0005790387955993051,0.00028951939779965256
ketua umum ketum partai golkarbahlil,NOR,1,ketua umum ketum partai golkarbahlil,0.0,0.0005790387955993051,0.00028951939779965256
ketua umum gapki,NOR,1,ketua umum gapki,0.0,0.0005790387955993051,0.00028951939779965256
ketua umum bidang kebijakan publik,ORG,1,ketua umum bidang kebijakan publik,0.0,0.0005790387955993051,0.00028951939779965256
koin,PRD,1,koin,0.0,0.0005790387955993051,0.00028951939779965256
kode qr bi,PRD,1,kode qr bi,0.0,0.0005790387955993051,0.00028951939779965256
kode hs digit,PRD,1,kode hs digit,0.0,0.0005790387955993051,0.00028951939779965256
kobe huang,PER,1,kobe huang,0.0,0.0005790387955993051,0.00028951939779965256
klub,LOC,1,klub,0.0,0.0005790387955993051,0.00028951939779965256
klein pvh corp,ORG,1,klein pvh corp,0.0,0.0005790387955993051,0.00028951939779965256
asosiasi pengusaha indonesia,ORG,1,asosiasi pengusaha indonesia,0.0,0.0005790387955993051,0.00028951939779965256
asosiasi minuman ringan asrim,ORG,1,asosiasi minuman ringan asrim,0.0,0.0005790387955993051,0.00028951939779965256
asosiasi jurnalis,ORG,1,asosiasi jurnalis,0.0,0.0005790387955993051,0.00028951939779965256
asosiasi energi surya indonesia,ORG,1,asosiasi energi surya indonesia,0.0,0.0005790387955993051,0.00028951939779965256
askini,ORG,1,askini,0.0,0.0005790387955993051,0.00028951939779965256
asing valas,ORG,1,asing valas,0.0,0.0005790387955993051,0.00028951939779965256
asiaone,ORG,1,asiaone,0.0,0.0005790387955993051,0.00028951939779965256
asian insights conference,EVT,1,asian insights conference,0.0,0.0005790387955993051,0.00028951939779965256
asian,ORG,1,asian,0.0,0.0005790387955993051,0.00028951939779965256
asiadi,GPE,1,asiadi,0.0,0.0005790387955993051,0.00028951939779965256
kompas bank indonesia,ORG,1,kompas bank indonesia,0.0,0.0005790387955993051,0.00028951939779965256
kompas badan pusat statistik,ORG,1,kompas badan pusat statistik,0.0,0.0005790387955993051,0.00028951939779965256
komite stabilitas sistem keuangan,ORG,1,komite stabilitas sistem keuangan,0.0,0.0005790387955993051,0.00028951939779965256
komite stabilitas sistem,ORG,1,komite stabilitas sistem,0.0,0.0005790387955993051,0.00028951939779965256
komite nasional ekonomi dan keuangan syariah kneks,ORG,1,komite nasional ekonomi dan keuangan syariah kneks,0.0,0.0005790387955993051,0.00028951939779965256
komisioner perdagangan uni eropa ue,NOR,1,komisioner perdagangan uni eropa ue,0.0,0.0005790387955993051,0.00028951939779965256
komisioner perdagangan uni eropa,NOR,1,komisioner perdagangan uni eropa,0.0,0.0005790387955993051,0.00028951939779965256
komisioner,NOR,1,komisioner,0.0,0.0005790387955993051,0.00028951939779965256
komisi xii dpr,NOR,1,komisi xii dpr,0.0,0.0005790387955993051,0.00028951939779965256
komisi xi,NOR,1,komisi xi,0.0,0.0005790387955993051,0.00028951939779965256
komisi vii dpr ri,NOR,1,komisi vii dpr ri,0.0,0.0005790387955993051,0.00028951939779965256
komisi vi dpr ri,NOR,1,komisi vi dpr ri,0.0,0.0005790387955993051,0.00028951939779965256
komisi vi dpr,NOR,1,komisi vi dpr,0.0,0.0005790387955993051,0.00028951939779965256
komisi pemilihan umum,NOR,1,komisi pemilihan umum,0.0,0.0005790387955993051,0.00028951939779965256
komatsu,ORG,1,komatsu,0.0,0.0005790387955993051,0.00028951939779965256
koji sato,PER,1,koji sato,0.0,0.0005790387955993051,0.00028951939779965256
ditas lopez,PER,1,ditas lopez,0.0,0.0005790387955993051,0.00028951939779965256
distrik,GPE,1,distrik,0.0,0.0005790387955993051,0.00028951939779965256
dirjen,ORG,1,dirjen,0.0,0.0005790387955993051,0.00028951939779965256
direktur utama pt pertamina persero,ORG,1,direktur utama pt pertamina persero,0.0,0.0005790387955993051,0.00028951939779965256
direktur utama pt indonesia battery corporation,ORG,1,direktur utama pt indonesia battery corporation,0.0,0.0005790387955993051,0.00028951939779965256
direktur utama isea,ORG,1,direktur utama isea,0.0,0.0005790387955993051,0.00028951939779965256
direktur unvr,ORG,1,direktur unvr,0.0,0.0005790387955993051,0.00028951939779965256
direktur riset dan pemikiran institut peradaban,ORG,1,direktur riset dan pemikiran institut peradaban,0.0,0.0005790387955993051,0.00028951939779965256
direktur pt doo financial futures,ORG,1,direktur pt doo financial futures,0.0,0.0005790387955993051,0.00028951939779965256
direktur program institute for development of economics and finance indef eisha,ORG,1,direktur program institute for development of economics and finance indef eisha,0.0,0.0005790387955993051,0.00028951939779965256
direktur pengembangan investasi bpjs tk,NOR,1,direktur pengembangan investasi bpjs tk,0.0,0.0005790387955993051,0.00028951939779965256
direktur pengembangan bursa efek indonesia bei,ORG,1,direktur pengembangan bursa efek indonesia bei,0.0,0.0005790387955993051,0.00028951939779965256
kompas com smartphonealias,PRD,1,kompas com smartphonealias,0.0,0.0005790387955993051,0.00028951939779965256
kompas com indonesia,ORG,1,kompas com indonesia,0.0,0.0005790387955993051,0.00028951939779965256
kompas com bank indonesia bi,ORG,1,kompas com bank indonesia bi,0.0,0.0005790387955993051,0.00028951939779965256
kompas com adidas,ORG,1,kompas com adidas,0.0,0.0005790387955993051,0.00028951939779965256
konferensi konsumen,EVT,1,konferensi konsumen,0.0,0.0005790387955993051,0.00028951939779965256
konferensi keamanan,EVT,1,konferensi keamanan,0.0,0.0005790387955993051,0.00028951939779965256
konferensi dana moneter internasional imf,EVT,1,konferensi dana moneter internasional imf,0.0,0.0005790387955993051,0.00028951939779965256
kon,ORG,1,kon,0.0,0.0005790387955993051,0.00028951939779965256
komunitas crypto,ORG,1,komunitas crypto,0.0,0.0005790387955993051,0.00028951939779965256
komputer baterai kamera motor,PRD,1,komputer baterai kamera motor,0.0,0.0005790387955993051,0.00028951939779965256
komponengadgetdan,PRD,1,komponengadgetdan,0.0,0.0005790387955993051,0.00028951939779965256
kompleks istana kepresidenan jakarta pusat,LOC,1,kompleks istana kepresidenan jakarta pusat,0.0,0.0005790387955993051,0.00028951939779965256
kompas tv china,ORG,1,kompas tv china,0.0,0.0005790387955993051,0.00028951939779965256
kompas saham bank bank badan usaha milik negara,ORG,1,kompas saham bank bank badan usaha milik negara,0.0,0.0005790387955993051,0.00028951939779965256
kompas pemerintah,ORG,1,kompas pemerintah,0.0,0.0005790387955993051,0.00028951939779965256
kompas indonesia,ORG,1,kompas indonesia,0.0,0.0005790387955993051,0.00028951939779965256
kompas dana moneter internasional,ORG,1,kompas dana moneter internasional,0.0,0.0005790387955993051,0.00028951939779965256
djauhari oratmangun,PER,1,djauhari oratmangun,0.0,0.0005790387955993051,0.00028951939779965256
djauhari,PER,1,djauhari,0.0,0.0005790387955993051,0.00028951939779965256
djarmiko,NOR,1,djarmiko,0.0,0.0005790387955993051,0.00028951939779965256
konsulat as,NOR,1,konsulat as,0.0,0.0005790387955993051,0.00028951939779965256
konsul jenderal republik rakyat cina,NOR,1,konsul jenderal republik rakyat cina,0.0,0.0005790387955993051,0.00028951939779965256
kongres as us capitol washington dc,LOC,1,kongres as us capitol washington dc,0.0,0.0005790387955993051,0.00028951939779965256
kongres as,NOR,1,kongres as,0.0,0.0005790387955993051,0.00028951939779965256
kongo,GPE,1,kongo,0.0,0.0005790387955993051,0.00028951939779965256
konglomerat tp rachmat pt dharma polimetal tbk,ORG,1,konglomerat tp rachmat pt dharma polimetal tbk,0.0,0.0005790387955993051,0.00028951939779965256
konferensi tingkat tinggi apec,EVT,1,konferensi tingkat tinggi apec,0.0,0.0005790387955993051,0.00028951939779965256
konferensi tingkat tinggi,EVT,1,konferensi tingkat tinggi,0.0,0.0005790387955993051,0.00028951939779965256
konferensi pers komite stabilitas sistem keuangan kssk,EVT,1,konferensi pers komite stabilitas sistem keuangan kssk,0.0,0.0005790387955993051,0.00028951939779965256
konferensi pers komite,EVT,1,konferensi pers komite,0.0,0.0005790387955993051,0.00028951939779965256
konferensi pers kamis penjualanunilever indonesiamemang,EVT,1,konferensi pers kamis penjualanunilever indonesiamemang,0.0,0.0005790387955993051,0.00028951939779965256
konferensi pers jumat,EVT,1,konferensi pers jumat,0.0,0.0005790387955993051,0.00028951939779965256
konferensi pers daring,EVT,1,konferensi pers daring,0.0,0.0005790387955993051,0.00028951939779965256
konferensi pers apbn kita,EVT,1,konferensi pers apbn kita,0.0,0.0005790387955993051,0.00028951939779965256
konferensi permusyawarakatan politik rakyat tiongkok shenzen,EVT,1,konferensi permusyawarakatan politik rakyat tiongkok shenzen,0.0,0.0005790387955993051,0.00028951939779965256
konferensi perdagangan dan pembangunan pbb unctad,NOR,1,konferensi perdagangan dan pembangunan pbb unctad,0.0,0.0005790387955993051,0.00028951939779965256
kopenhagen,PER,1,kopenhagen,0.0,0.0005790387955993051,0.00028951939779965256
koordinator perekonomian,ORG,1,koordinator perekonomian,0.0,0.0005790387955993051,0.00028951939779965256
kontan co id jakarta,ORG,1,kontan co id jakarta,0.0,0.0005790387955993051,0.00028951939779965256
kontan co id,PRD,1,kontan co id,0.0,0.0005790387955993051,0.00028951939779965256
asia liputan com jakarta,ORG,1,asia liputan com jakarta,0.0,0.0005790387955993051,0.00028951939779965256
asia china,GPE,1,asia china,0.0,0.0005790387955993051,0.00028951939779965256
asdengan,GPE,1,asdengan,0.0,0.0005790387955993051,0.00028951939779965256
asdari,GPE,1,asdari,0.0,0.0005790387955993051,0.00028951939779965256
asdan,GPE,1,asdan,0.0,0.0005790387955993051,0.00028951939779965256
ascend,ORG,1,ascend,0.0,0.0005790387955993051,0.00028951939779965256
asbersiap,PRD,1,asbersiap,0.0,0.0005790387955993051,0.00028951939779965256
asaxiosmengutip,ORG,1,asaxiosmengutip,0.0,0.0005790387955993051,0.00028951939779965256
asa,ORG,1,asa,0.0,0.0005790387955993051,0.00028951939779965256
aru armando,PER,1,aru armando,0.0,0.0005790387955993051,0.00028951939779965256
artificial intelligence ai,PRD,1,artificial intelligence ai,0.0,0.0005790387955993051,0.00028951939779965256
artichoke,ORG,1,artichoke,0.0,0.0005790387955993051,0.00028951939779965256
direktur keuangan unilever indonesia,ORG,1,direktur keuangan unilever indonesia,0.0,0.0005790387955993051,0.00028951939779965256
direktur keuangan,ORG,1,direktur keuangan,0.0,0.0005790387955993051,0.00028951939779965256
direktur jenderal perundingan perdagangan internasional kementerian perdagangan kemendag,NOR,1,direktur jenderal perundingan perdagangan internasional kementerian perdagangan kemendag,0.0,0.0005790387955993051,0.00028951939779965256
direktur jenderal perundingan perdagangan internasional kementerian,NOR,1,direktur jenderal perundingan perdagangan internasional kementerian,0.0,0.0005790387955993051,0.00028951939779965256
direktur jenderal perundingan perdagangan internasional dirjen ppi kemendag,NOR,1,direktur jenderal perundingan perdagangan internasional dirjen ppi kemendag,0.0,0.0005790387955993051,0.00028951939779965256
direktur jenderal mineral dan batu bara minerba,ORG,1,direktur jenderal mineral dan batu bara minerba,0.0,0.0005790387955993051,0.00028951939779965256
direktur jenderal industri logam mesin alat transportasi dan elektronika ilmate,ORG,1,direktur jenderal industri logam mesin alat transportasi dan elektronika ilmate,0.0,0.0005790387955993051,0.00028951939779965256
direktur industri produk halal kneks,ORG,1,direktur industri produk halal kneks,0.0,0.0005790387955993051,0.00028951939779965256
direktur great institute,ORG,1,direktur great institute,0.0,0.0005790387955993051,0.00028951939779965256
kostas,PER,1,kostas,0.0,0.0005790387955993051,0.00028951939779965256
korporasi ekonomi,ORG,1,korporasi ekonomi,0.0,0.0005790387955993051,0.00028951939779965256
korea utara,GPE,1,korea utara,0.0,0.0005790387955993051,0.00028951939779965256
korea selatanpada,GPE,1,korea selatanpada,0.0,0.0005790387955993051,0.00028951939779965256
korea first solar inc,ORG,1,korea first solar inc,0.0,0.0005790387955993051,0.00028951939779965256
kopma fair session,EVT,1,kopma fair session,0.0,0.0005790387955993051,0.00028951939779965256
koperasi mahasiswa kopma padang,ORG,1,koperasi mahasiswa kopma padang,0.0,0.0005790387955993051,0.00028951939779965256
krismon,MON,1,krismon,0.0,0.0005790387955993051,0.00028951939779965256
krishna,ORG,1,krishna,0.0,0.0005790387955993051,0.00028951939779965256
kris,PRD,1,kris,0.0,0.0005790387955993051,0.00028951939779965256
kripto bitcoin,PRD,1,kripto bitcoin,0.0,0.0005790387955993051,0.00028951939779965256
kripto as,PRD,1,kripto as,0.0,0.0005790387955993051,0.00028951939779965256
kremlin,ORG,1,kremlin,0.0,0.0005790387955993051,0.00028951939779965256
kreator,ORG,1,kreator,0.0,0.0005790387955993051,0.00028951939779965256
krakow university of economics,ORG,1,krakow university of economics,0.0,0.0005790387955993051,0.00028951939779965256
kppu,ORG,1,kppu,0.0,0.0005790387955993051,0.00028951939779965256
kpmg,ORG,1,kpmg,0.0,0.0005790387955993051,0.00028951939779965256
kpler,ORG,1,kpler,0.0,0.0005790387955993051,0.00028951939779965256
direktur pengamanan perdagangan kementerian perdagangan kemendag,NOR,1,direktur pengamanan perdagangan kementerian perdagangan kemendag,0.0,0.0005790387955993051,0.00028951939779965256
direktur pelaksana konsultan aerodynamic advisory,ORG,1,direktur pelaksana konsultan aerodynamic advisory,0.0,0.0005790387955993051,0.00028951939779965256
direktur pelaksana imf,ORG,1,direktur pelaksana imf,0.0,0.0005790387955993051,0.00028951939779965256
direktur pascasarjana universitas airlangga,ORG,1,direktur pascasarjana universitas airlangga,0.0,0.0005790387955993051,0.00028951939779965256
direktur nusantara tv,ORG,1,direktur nusantara tv,0.0,0.0005790387955993051,0.00028951939779965256
kva,PRD,1,kva,0.0,0.0005790387955993051,0.00028951939779965256
kuwait,GPE,1,kuwait,0.0,0.0005790387955993051,0.00028951939779965256
kusno,PER,1,kusno,0.0,0.0005790387955993051,0.00028951939779965256
kurs,MON,1,kurs,0.0,0.0005790387955993051,0.00028951939779965256
kurniawan irma tambunan,PER,1,kurniawan irma tambunan,0.0,0.0005790387955993051,0.00028951939779965256
kuntum,ORG,1,kuntum,0.0,0.0005790387955993051,0.00028951939779965256
kun kusno,PER,1,kun kusno,0.0,0.0005790387955993051,0.00028951939779965256
kumparan halal forum jakarta selatan,EVT,1,kumparan halal forum jakarta selatan,0.0,0.0005790387955993051,0.00028951939779965256
kubupro competition,ORG,1,kubupro competition,0.0,0.0005790387955993051,0.00028951939779965256
kubaselain,GPE,1,kubaselain,0.0,0.0005790387955993051,0.00028951939779965256
kuasa usaha ad interim kedutaan besar as,NOR,1,kuasa usaha ad interim kedutaan besar as,0.0,0.0005790387955993051,0.00028951939779965256
kuasa,ORG,1,kuasa,0.0,0.0005790387955993051,0.00028951939779965256
kuartal,ORG,1,kuartal,0.0,0.0005790387955993051,0.00028951939779965256
kttaseanpada,EVT,1,kttaseanpada,0.0,0.0005790387955993051,0.00028951939779965256
ktt perhimpunan,EVT,1,ktt perhimpunan,0.0,0.0005790387955993051,0.00028951939779965256
kristalina,PER,1,kristalina,0.0,0.0005790387955993051,0.00028951939779965256
laptop perangkat penyimpanan data peralatan pengolah data otomatis semikonduktor chip memori,PRD,1,laptop perangkat penyimpanan data peralatan pengolah data otomatis semikonduktor chip memori,0.0,0.0005790387955993051,0.00028951939779965256
laptop modular,PRD,1,laptop modular,0.0,0.0005790387955993051,0.00028951939779965256
lanka,GPE,1,lanka,0.0,0.0005790387955993051,0.00028951939779965256
lampung,GPE,1,lampung,0.0,0.0005790387955993051,0.00028951939779965256
lampu kuning merah,PRD,1,lampu kuning merah,0.0,0.0005790387955993051,0.00028951939779965256
lampu kuning biru,PRD,1,lampu kuning biru,0.0,0.0005790387955993051,0.00028951939779965256
lamborghini,ORG,1,lamborghini,0.0,0.0005790387955993051,0.00028951939779965256
lamanchannel news asia,ORG,1,lamanchannel news asia,0.0,0.0005790387955993051,0.00028951939779965256
lam,PER,1,lam,0.0,0.0005790387955993051,0.00028951939779965256
laken,LAW,1,laken,0.0,0.0005790387955993051,0.00028951939779965256
laffer,PER,1,laffer,0.0,0.0005790387955993051,0.00028951939779965256
laboratorium,PRD,1,laboratorium,0.0,0.0005790387955993051,0.00028951939779965256
la,PER,1,la,0.0,0.0005790387955993051,0.00028951939779965256
kyushu,ORG,1,kyushu,0.0,0.0005790387955993051,0.00028951939779965256
kyle,PER,1,kyle,0.0,0.0005790387955993051,0.00028951939779965256
kw,PRD,1,kw,0.0,0.0005790387955993051,0.00028951939779965256
direktur departemen kebijakan ekonomi dan moneter bank indonesia,ORG,1,direktur departemen kebijakan ekonomi dan moneter bank indonesia,0.0,0.0005790387955993051,0.00028951939779965256
direktur bina pasar dalam negeri,ORG,1,direktur bina pasar dalam negeri,0.0,0.0005790387955993051,0.00028951939779965256
direktur asosiasi rand china research center,ORG,1,direktur asosiasi rand china research center,0.0,0.0005790387955993051,0.00028951939779965256
direktur asian affairs huawei global,ORG,1,direktur asian affairs huawei global,0.0,0.0005790387955993051,0.00028951939779965256
diplomasi solidaritas regional asean,EVT,1,diplomasi solidaritas regional asean,0.0,0.0005790387955993051,0.00028951939779965256
diplomasi,ORG,1,diplomasi,0.0,0.0005790387955993051,0.00028951939779965256
dinas,ORG,1,dinas,0.0,0.0005790387955993051,0.00028951939779965256
dina gurning,PER,1,dina gurning,0.0,0.0005790387955993051,0.00028951939779965256
dimon,PER,1,dimon,0.0,0.0005790387955993051,0.00028951939779965256
dilansirassociated press,ORG,1,dilansirassociated press,0.0,0.0005790387955993051,0.00028951939779965256
lawrence wong,PER,1,lawrence wong,0.0,0.0005790387955993051,0.00028951939779965256
laurent,PER,1,laurent,0.0,0.0005790387955993051,0.00028951939779965256
laura dhillon,PER,1,laura dhillon,0.0,0.0005790387955993051,0.00028951939779965256
laser optik perangkat radar dan magnet berdaya,PRD,1,laser optik perangkat radar dan magnet berdaya,0.0,0.0005790387955993051,0.00028951939779965256
largestadalah,PRD,1,largestadalah,0.0,0.0005790387955993051,0.00028951939779965256
laptop ultra,PRD,1,laptop ultra,0.0,0.0005790387955993051,0.00028951939779965256
lemak minyak hewan nabati,PRD,1,lemak minyak hewan nabati,0.0,0.0005790387955993051,0.00028951939779965256
lelang,EVT,1,lelang,0.0,0.0005790387955993051,0.00028951939779965256
lego,ORG,1,lego,0.0,0.0005790387955993051,0.00028951939779965256
legislator ri,NOR,1,legislator ri,0.0,0.0005790387955993051,0.00028951939779965256
lee bloomberg news bloomberg,ORG,1,lee bloomberg news bloomberg,0.0,0.0005790387955993051,0.00028951939779965256
lecturedengan temanavigating megatrends,EVT,1,lecturedengan temanavigating megatrends,0.0,0.0005790387955993051,0.00028951939779965256
lebaran,PRD,1,lebaran,0.0,0.0005790387955993051,0.00028951939779965256
leba mei wib internasional geneva,ORG,1,leba mei wib internasional geneva,0.0,0.0005790387955993051,0.00028951939779965256
leavittdalam,PER,1,leavittdalam,0.0,0.0005790387955993051,0.00028951939779965256
learned,PRD,1,learned,0.0,0.0005790387955993051,0.00028951939779965256
leaching,PRD,1,leaching,0.0,0.0005790387955993051,0.00028951939779965256
lazuardy patriari,PER,1,lazuardy patriari,0.0,0.0005790387955993051,0.00028951939779965256
lawrence wong pap,PER,1,lawrence wong pap,0.0,0.0005790387955993051,0.00028951939779965256
direktur global market uob indonesia,ORG,1,direktur global market uob indonesia,0.0,0.0005790387955993051,0.00028951939779965256
direktur eksekutif pelabuhan los angeles,ORG,1,direktur eksekutif pelabuhan los angeles,0.0,0.0005790387955993051,0.00028951939779965256
direktur ekonomi digital center of economic and law studies,ORG,1,direktur ekonomi digital center of economic and law studies,0.0,0.0005790387955993051,0.00028951939779965256
liechtenstein,GPE,1,liechtenstein,0.0,0.0005790387955993051,0.00028951939779965256
libya,GPE,1,libya,0.0,0.0005790387955993051,0.00028951939779965256
liberty justice center,ORG,1,liberty justice center,0.0,0.0005790387955993051,0.00028951939779965256
liberation day hari,EVT,1,liberation day hari,0.0,0.0005790387955993051,0.00028951939779965256
li qiang,PER,1,li qiang,0.0,0.0005790387955993051,0.00028951939779965256
li chenggang,PER,1,li chenggang,0.0,0.0005790387955993051,0.00028951939779965256
levy,ORG,1,levy,0.0,0.0005790387955993051,0.00028951939779965256
lesson learned,PRD,1,lesson learned,0.0,0.0005790387955993051,0.00028951939779965256
lesson,LAW,1,lesson,0.0,0.0005790387955993051,0.00028951939779965256
lembaran baja putih,PRD,1,lembaran baja putih,0.0,0.0005790387955993051,0.00028951939779965256
lembaga riset ekonomi politik dan teknologi great institute,ORG,1,lembaga riset ekonomi politik dan teknologi great institute,0.0,0.0005790387955993051,0.00028951939779965256
lembaga perdagangan barang dan jasa,ORG,1,lembaga perdagangan barang dan jasa,0.0,0.0005790387955993051,0.00028951939779965256
lembaga pengelola dana publik pelat merah,ORG,1,lembaga pengelola dana publik pelat merah,0.0,0.0005790387955993051,0.00028951939779965256
lembaga pengawas keuangan finansinspektionen,ORG,1,lembaga pengawas keuangan finansinspektionen,0.0,0.0005790387955993051,0.00028951939779965256
lembaga,NOR,1,lembaga,0.0,0.0005790387955993051,0.00028951939779965256
lemari,PRD,1,lemari,0.0,0.0005790387955993051,0.00028951939779965256
basri,PER,1,basri,0.0,0.0005790387955993051,0.00028951939779965256
barriers amid,EVT,1,barriers amid,0.0,0.0005790387955993051,0.00028951939779965256
baron,ORG,1,baron,0.0,0.0005790387955993051,0.00028951939779965256
barito renewables energy,ORG,1,barito renewables energy,0.0,0.0005790387955993051,0.00028951939779965256
barel,MON,1,barel,0.0,0.0005790387955993051,0.00028951939779965256
barclays,ORG,1,barclays,0.0,0.0005790387955993051,0.00028951939779965256
barang indonesia,LAW,1,barang indonesia,0.0,0.0005790387955993051,0.00028951939779965256
barang,PRD,1,barang,0.0,0.0005790387955993051,0.00028951939779965256
ling,PER,1,ling,0.0,0.0005790387955993051,0.00028951939779965256
lin china,PER,1,lin china,0.0,0.0005790387955993051,0.00028951939779965256
lima jam,QTY,1,lima jam,0.0,0.0005790387955993051,0.00028951939779965256
lima hari,QTY,1,lima hari,0.0,0.0005790387955993051,0.00028951939779965256
lima bulan,QTY,1,lima bulan,0.0,0.0005790387955993051,0.00028951939779965256
lihatcrypto,ORG,1,lihatcrypto,0.0,0.0005790387955993051,0.00028951939779965256
liga,ORG,1,liga,0.0,0.0005790387955993051,0.00028951939779965256
lifeng,ORG,1,lifeng,0.0,0.0005790387955993051,0.00028951939779965256
liu pengyu,PER,1,liu pengyu,0.0,0.0005790387955993051,0.00028951939779965256
listya endang artiani,PER,1,listya endang artiani,0.0,0.0005790387955993051,0.00028951939779965256
listrik alas kaki,PRD,1,listrik alas kaki,0.0,0.0005790387955993051,0.00028951939779965256
liquefied natural gas lgn,PRD,1,liquefied natural gas lgn,0.0,0.0005790387955993051,0.00028951939779965256
liputan com jakartapresidenprabowo,ORG,1,liputan com jakartapresidenprabowo,0.0,0.0005790387955993051,0.00028951939779965256
liputan com jakartabukandonald,ORG,1,liputan com jakartabukandonald,0.0,0.0005790387955993051,0.00028951939779965256
liputan com jakarta pop,ORG,1,liputan com jakarta pop,0.0,0.0005790387955993051,0.00028951939779965256
lip balm,ORG,1,lip balm,0.0,0.0005790387955993051,0.00028951939779965256
lionel xu,PER,1,lionel xu,0.0,0.0005790387955993051,0.00028951939779965256
lintas atlantik,EVT,1,lintas atlantik,0.0,0.0005790387955993051,0.00028951939779965256
lintang,ORG,1,lintang,0.0,0.0005790387955993051,0.00028951939779965256
linkedin,ORG,1,linkedin,0.0,0.0005790387955993051,0.00028951939779965256
linkaja,PRD,1,linkaja,0.0,0.0005790387955993051,0.00028951939779965256
ling ji,PER,1,ling ji,0.0,0.0005790387955993051,0.00028951939779965256
dikutippolitico,ORG,1,dikutippolitico,0.0,0.0005790387955993051,0.00028951939779965256
batavia,GPE,1,batavia,0.0,0.0005790387955993051,0.00028951939779965256
lpc,NOR,1,lpc,0.0,0.0005790387955993051,0.00028951939779965256
lowenkron bloomberg news bloomberg,ORG,1,lowenkron bloomberg news bloomberg,0.0,0.0005790387955993051,0.00028951939779965256
low partner,ORG,1,low partner,0.0,0.0005790387955993051,0.00028951939779965256
lousiana,GPE,1,lousiana,0.0,0.0005790387955993051,0.00028951939779965256
louisiana,GPE,1,louisiana,0.0,0.0005790387955993051,0.00028951939779965256
louis,ORG,1,louis,0.0,0.0005790387955993051,0.00028951939779965256
loss,ORG,1,loss,0.0,0.0005790387955993051,0.00028951939779965256
los angeles times,ORG,1,los angeles times,0.0,0.0005790387955993051,0.00028951939779965256
los angeles,GPE,1,los angeles,0.0,0.0005790387955993051,0.00028951939779965256
los,ORG,1,los,0.0,0.0005790387955993051,0.00028951939779965256
lombok,GPE,1,lombok,0.0,0.0005790387955993051,0.00028951939779965256
lohia,ORG,1,lohia,0.0,0.0005790387955993051,0.00028951939779965256
logam london lme,ORG,1,logam london lme,0.0,0.0005790387955993051,0.00028951939779965256
logam,PRD,1,logam,0.0,0.0005790387955993051,0.00028951939779965256
lobster,PRD,1,lobster,0.0,0.0005790387955993051,0.00028951939779965256
liza camelia,PER,1,liza camelia,0.0,0.0005790387955993051,0.00028951939779965256
lumpur johor,ORG,1,lumpur johor,0.0,0.0005790387955993051,0.00028951939779965256
lululemon hermes,PRD,1,lululemon hermes,0.0,0.0005790387955993051,0.00028951939779965256
lululemon athletica inc,ORG,1,lululemon athletica inc,0.0,0.0005790387955993051,0.00028951939779965256
lululemon,ORG,1,lululemon,0.0,0.0005790387955993051,0.00028951939779965256
luksemburg,GPE,1,luksemburg,0.0,0.0005790387955993051,0.00028951939779965256
lukman leong,PER,1,lukman leong,0.0,0.0005790387955993051,0.00028951939779965256
lukman,PER,1,lukman,0.0,0.0005790387955993051,0.00028951939779965256
luhut,NOR,1,luhut,0.0,0.0005790387955993051,0.00028951939779965256
luhu,NOR,1,luhu,0.0,0.0005790387955993051,0.00028951939779965256
lucia kassai bloomberg news bloomberg venezuela,ORG,1,lucia kassai bloomberg news bloomberg venezuela,0.0,0.0005790387955993051,0.00028951939779965256
luc,ORG,1,luc,0.0,0.0005790387955993051,0.00028951939779965256
luar kawasan,NOR,1,luar kawasan,0.0,0.0005790387955993051,0.00028951939779965256
ltj,PRD,1,ltj,0.0,0.0005790387955993051,0.00028951939779965256
lph,LAW,1,lph,0.0,0.0005790387955993051,0.00028951939779965256
lpem feb ui,ORG,1,lpem feb ui,0.0,0.0005790387955993051,0.00028951939779965256
lpem,ORG,1,lpem,0.0,0.0005790387955993051,0.00028951939779965256
maju,ORG,1,maju,0.0,0.0005790387955993051,0.00028951939779965256
majalengka,GPE,1,majalengka,0.0,0.0005790387955993051,0.00028951939779965256
mainan barbie,PRD,1,mainan barbie,0.0,0.0005790387955993051,0.00028951939779965256
mail,PRD,1,mail,0.0,0.0005790387955993051,0.00028951939779965256
mahkamah perdagangan internasional amerika serikat,NOR,1,mahkamah perdagangan internasional amerika serikat,0.0,0.0005790387955993051,0.00028951939779965256
maghfiruha rachbini,PER,1,maghfiruha rachbini,0.0,0.0005790387955993051,0.00028951939779965256
maggie,ORG,1,maggie,0.0,0.0005790387955993051,0.00028951939779965256
maesaroh,PER,1,maesaroh,0.0,0.0005790387955993051,0.00028951939779965256
made in france,ORG,1,made in france,0.0,0.0005790387955993051,0.00028951939779965256
made in,PRD,1,made in,0.0,0.0005790387955993051,0.00028951939779965256
made,ORG,1,made,0.0,0.0005790387955993051,0.00028951939779965256
madagaskar,GPE,1,madagaskar,0.0,0.0005790387955993051,0.00028951939779965256
macem,ORG,1,macem,0.0,0.0005790387955993051,0.00028951939779965256
mac,PRD,1,mac,0.0,0.0005790387955993051,0.00028951939779965256
mabu,PRD,1,mabu,0.0,0.0005790387955993051,0.00028951939779965256
lund,ORG,1,lund,0.0,0.0005790387955993051,0.00028951939779965256
dikutipchannel news asia,ORG,1,dikutipchannel news asia,0.0,0.0005790387955993051,0.00028951939779965256
dikutipafppada,ORG,1,dikutipafppada,0.0,0.0005790387955993051,0.00028951939779965256
dikorea selatanpada,ORG,1,dikorea selatanpada,0.0,0.0005790387955993051,0.00028951939779965256
dihimpuncnbc indonesiadari,ORG,1,dihimpuncnbc indonesiadari,0.0,0.0005790387955993051,0.00028951939779965256
didin,PER,1,didin,0.0,0.0005790387955993051,0.00028951939779965256
diberitakancnbc indonesia,ORG,1,diberitakancnbc indonesia,0.0,0.0005790387955993051,0.00028951939779965256
diane swonk,PER,1,diane swonk,0.0,0.0005790387955993051,0.00028951939779965256
dian,PER,1,dian,0.0,0.0005790387955993051,0.00028951939779965256
dhita karuniawati,PER,1,dhita karuniawati,0.0,0.0005790387955993051,0.00028951939779965256
dhe,ORG,1,dhe,0.0,0.0005790387955993051,0.00028951939779965256
dewan pengurus appi,ORG,1,dewan pengurus appi,0.0,0.0005790387955993051,0.00028951939779965256
malika kbr jakarta,ORG,1,malika kbr jakarta,0.0,0.0005790387955993051,0.00028951939779965256
malayan banking bhd,ORG,1,malayan banking bhd,0.0,0.0005790387955993051,0.00028951939779965256
malaikha kridaman,PER,1,malaikha kridaman,0.0,0.0005790387955993051,0.00028951939779965256
makedonia,GPE,1,makedonia,0.0,0.0005790387955993051,0.00028951939779965256
makanan,ORG,1,makanan,0.0,0.0005790387955993051,0.00028951939779965256
mar,ORG,1,mar,0.0,0.0005790387955993051,0.00028951939779965256
mapi,ORG,1,mapi,0.0,0.0005790387955993051,0.00028951939779965256
manufaktur,ORG,1,manufaktur,0.0,0.0005790387955993051,0.00028951939779965256
mangga dua,LOC,1,mangga dua,0.0,0.0005790387955993051,0.00028951939779965256
manajer portofolio untuk,ORG,1,manajer portofolio untuk,0.0,0.0005790387955993051,0.00028951939779965256
manajer pemasaran conmo electronic co,ORG,1,manajer pemasaran conmo electronic co,0.0,0.0005790387955993051,0.00028951939779965256
manajer,ORG,1,manajer,0.0,0.0005790387955993051,0.00028951939779965256
manajemen adidas,ORG,1,manajemen adidas,0.0,0.0005790387955993051,0.00028951939779965256
manahan,GPE,1,manahan,0.0,0.0005790387955993051,0.00028951939779965256
managing director imf,ORG,1,managing director imf,0.0,0.0005790387955993051,0.00028951939779965256
mamin,PER,1,mamin,0.0,0.0005790387955993051,0.00028951939779965256
maluku,GPE,1,maluku,0.0,0.0005790387955993051,0.00028951939779965256
malindo,ORG,1,malindo,0.0,0.0005790387955993051,0.00028951939779965256
baradan,PRD,1,baradan,0.0,0.0005790387955993051,0.00028951939779965256
dikutipcnn,ORG,1,dikutipcnn,0.0,0.0005790387955993051,0.00028951939779965256
dikutipcnbc international,ORG,1,dikutipcnbc international,0.0,0.0005790387955993051,0.00028951939779965256
marta ulbrych phd,PER,1,marta ulbrych phd,0.0,0.0005790387955993051,0.00028951939779965256
marta marta,PER,1,marta marta,0.0,0.0005790387955993051,0.00028951939779965256
maroko,GPE,1,maroko,0.0,0.0005790387955993051,0.00028951939779965256
maro,NOR,1,maro,0.0,0.0005790387955993051,0.00028951939779965256
marketing director pt astra daihatsu motor,ORG,1,marketing director pt astra daihatsu motor,0.0,0.0005790387955993051,0.00028951939779965256
market,ORG,1,market,0.0,0.0005790387955993051,0.00028951939779965256
mark rutte,PER,1,mark rutte,0.0,0.0005790387955993051,0.00028951939779965256
marjorie,PER,1,marjorie,0.0,0.0005790387955993051,0.00028951939779965256
maritime week imw,EVT,1,maritime week imw,0.0,0.0005790387955993051,0.00028951939779965256
maria lopes costa,PER,1,maria lopes costa,0.0,0.0005790387955993051,0.00028951939779965256
mari elka,PER,1,mari elka,0.0,0.0005790387955993051,0.00028951939779965256
mari,PER,1,mari,0.0,0.0005790387955993051,0.00028951939779965256
mareta,PER,1,mareta,0.0,0.0005790387955993051,0.00028951939779965256
maret maret wib,DAT,1,maret maret wib,0.0,0.0005790387955993051,0.00028951939779965256
marco rubiodi,PER,1,marco rubiodi,0.0,0.0005790387955993051,0.00028951939779965256
mar a lago florida,LOC,1,mar a lago florida,0.0,0.0005790387955993051,0.00028951939779965256
matthew biondi goenawan,PER,1,matthew biondi goenawan,0.0,0.0005790387955993051,0.00028951939779965256
matthew,ORG,1,matthew,0.0,0.0005790387955993051,0.00028951939779965256
mattel indonesia,ORG,1,mattel indonesia,0.0,0.0005790387955993051,0.00028951939779965256
mattel inc,ORG,1,mattel inc,0.0,0.0005790387955993051,0.00028951939779965256
matt,ORG,1,matt,0.0,0.0005790387955993051,0.00028951939779965256
mathias cormann,PER,1,mathias cormann,0.0,0.0005790387955993051,0.00028951939779965256
mathias,PER,1,mathias,0.0,0.0005790387955993051,0.00028951939779965256
mataram,ORG,1,mataram,0.0,0.0005790387955993051,0.00028951939779965256
masters of,ORG,1,masters of,0.0,0.0005790387955993051,0.00028951939779965256
masquerading,PRD,1,masquerading,0.0,0.0005790387955993051,0.00028951939779965256
maskapai penerbangan nasionalvietnam airlineshampir,ORG,1,maskapai penerbangan nasionalvietnam airlineshampir,0.0,0.0005790387955993051,0.00028951939779965256
masayoshi son,PER,1,masayoshi son,0.0,0.0005790387955993051,0.00028951939779965256
maryland,GPE,1,maryland,0.0,0.0005790387955993051,0.00028951939779965256
martono,PRD,1,martono,0.0,0.0005790387955993051,0.00028951939779965256
martin ritchie bloomberg news bloomberg posco holdings inc,ORG,1,martin ritchie bloomberg news bloomberg posco holdings inc,0.0,0.0005790387955993051,0.00028951939779965256
marte bloomberg news bloomberg,ORG,1,marte bloomberg news bloomberg,0.0,0.0005790387955993051,0.00028951939779965256
dewan kerja,NOR,1,dewan kerja,0.0,0.0005790387955993051,0.00028951939779965256
dewan ekonomi nasional gedung,ORG,1,dewan ekonomi nasional gedung,0.0,0.0005790387955993051,0.00028951939779965256
deutschland,PER,1,deutschland,0.0,0.0005790387955993051,0.00028951939779965256
deutsche bank ag,ORG,1,deutsche bank ag,0.0,0.0005790387955993051,0.00028951939779965256
deutsche bank,ORG,1,deutsche bank,0.0,0.0005790387955993051,0.00028951939779965256
detikers,ORG,1,detikers,0.0,0.0005790387955993051,0.00028951939779965256
detik com foto,ORG,1,detik com foto,0.0,0.0005790387955993051,0.00028951939779965256
mcmoran,ORG,1,mcmoran,0.0,0.0005790387955993051,0.00028951939779965256
mcdonalds,LOC,1,mcdonalds,0.0,0.0005790387955993051,0.00028951939779965256
mcdonald islands,LOC,1,mcdonald islands,0.0,0.0005790387955993051,0.00028951939779965256
mcdonald,LOC,1,mcdonald,0.0,0.0005790387955993051,0.00028951939779965256
mcclay,PER,1,mcclay,0.0,0.0005790387955993051,0.00028951939779965256
maybank,PER,1,maybank,0.0,0.0005790387955993051,0.00028951939779965256
max,ORG,1,max,0.0,0.0005790387955993051,0.00028951939779965256
mawar,LOC,1,mawar,0.0,0.0005790387955993051,0.00028951939779965256
mauritius,GPE,1,mauritius,0.0,0.0005790387955993051,0.00028951939779965256
arif suhartono,PER,1,arif suhartono,0.0,0.0005790387955993051,0.00028951939779965256
menjabat,NOR,1,menjabat,0.0,0.0005790387955993051,0.00028951939779965256
menguat persen,PRC,1,menguat persen,0.0,0.0005790387955993051,0.00028951939779965256
menara kadin jakarta selatan,LOC,1,menara kadin jakarta selatan,0.0,0.0005790387955993051,0.00028951939779965256
mekanis,PRD,1,mekanis,0.0,0.0005790387955993051,0.00028951939779965256
megacity,PRD,1,megacity,0.0,0.0005790387955993051,0.00028951939779965256
mega,ORG,1,mega,0.0,0.0005790387955993051,0.00028951939779965256
meetingsimf bank duniamenyepakatiglobal,ORG,1,meetingsimf bank duniamenyepakatiglobal,0.0,0.0005790387955993051,0.00028951939779965256
meeting,EVT,1,meeting,0.0,0.0005790387955993051,0.00028951939779965256
meet the press dinbc,EVT,1,meet the press dinbc,0.0,0.0005790387955993051,0.00028951939779965256
meet the press,EVT,1,meet the press,0.0,0.0005790387955993051,0.00028951939779965256
medis,PRD,1,medis,0.0,0.0005790387955993051,0.00028951939779965256
media sosial,ORG,1,media sosial,0.0,0.0005790387955993051,0.00028951939779965256
dewan pakar apindo wijayato,ORG,1,dewan pakar apindo wijayato,0.0,0.0005790387955993051,0.00028951939779965256
dewan pakar apindo,ORG,1,dewan pakar apindo,0.0,0.0005790387955993051,0.00028951939779965256
dewan komisi tarif kementerian keuangan china,NOR,1,dewan komisi tarif kementerian keuangan china,0.0,0.0005790387955993051,0.00028951939779965256
departemen riset industri dan daerah,ORG,1,departemen riset industri dan daerah,0.0,0.0005790387955993051,0.00028951939779965256
departemen pemilihan umum singapura,NOR,1,departemen pemilihan umum singapura,0.0,0.0005790387955993051,0.00028951939779965256
departemen komunikasi bank indonesia,ORG,1,departemen komunikasi bank indonesia,0.0,0.0005790387955993051,0.00028951939779965256
departemen efisiensi pemerintahan doge,NOR,1,departemen efisiensi pemerintahan doge,0.0,0.0005790387955993051,0.00028951939779965256
departemen efisiensi pemerintah amerika serikat,NOR,1,departemen efisiensi pemerintah amerika serikat,0.0,0.0005790387955993051,0.00028951939779965256
departemen efisiensi pemerintah,NOR,1,departemen efisiensi pemerintah,0.0,0.0005790387955993051,0.00028951939779965256
menko bidang perekonomian,NOR,1,menko bidang perekonomian,0.0,0.0005790387955993051,0.00028951939779965256
arsjad rasjid,PER,1,arsjad rasjid,0.0,0.0005790387955993051,0.00028951939779965256
arsad ddin jakarta,ORG,1,arsad ddin jakarta,0.0,0.0005790387955993051,0.00028951939779965256
arnault,PER,1,arnault,0.0,0.0005790387955993051,0.00028951939779965256
armenia,GPE,1,armenia,0.0,0.0005790387955993051,0.00028951939779965256
armando,PER,1,armando,0.0,0.0005790387955993051,0.00028951939779965256
armadanya,ORG,1,armadanya,0.0,0.0005790387955993051,0.00028951939779965256
arizona,GPE,1,arizona,0.0,0.0005790387955993051,0.00028951939779965256
ariston,PRD,1,ariston,0.0,0.0005790387955993051,0.00028951939779965256
arifdi,PER,1,arifdi,0.0,0.0005790387955993051,0.00028951939779965256
menteri koordinator bidang perekonomian indonesia,NOR,1,menteri koordinator bidang perekonomian indonesia,0.0,0.0005790387955993051,0.00028951939779965256
menteri keuanganamerika serikatscott,NOR,1,menteri keuanganamerika serikatscott,0.0,0.0005790387955993051,0.00028951939779965256
menteri kelautan,NOR,1,menteri kelautan,0.0,0.0005790387955993051,0.00028951939779965256
menteri esdm,NOR,1,menteri esdm,0.0,0.0005790387955993051,0.00028951939779965256
menteri energi,NOR,1,menteri energi,0.0,0.0005790387955993051,0.00028951939779965256
menteri ekonominya,NOR,1,menteri ekonominya,0.0,0.0005790387955993051,0.00028951939779965256
menteri ekonomi meksiko,NOR,1,menteri ekonomi meksiko,0.0,0.0005790387955993051,0.00028951939779965256
menteri bumn,NOR,1,menteri bumn,0.0,0.0005790387955993051,0.00028951939779965256
menperin,NOR,1,menperin,0.0,0.0005790387955993051,0.00028951939779965256
menluamerika serikat as,NOR,1,menluamerika serikat as,0.0,0.0005790387955993051,0.00028951939779965256
menlu as,NOR,1,menlu as,0.0,0.0005790387955993051,0.00028951939779965256
menko perekonomianairlangga,NOR,1,menko perekonomianairlangga,0.0,0.0005790387955993051,0.00028951939779965256
detik com,ORG,1,detik com,0.0,0.0005790387955993051,0.00028951939779965256
destry damayanti,PER,1,destry damayanti,0.0,0.0005790387955993051,0.00028951939779965256
desai,ORG,1,desai,0.0,0.0005790387955993051,0.00028951939779965256
department,ORG,1,department,0.0,0.0005790387955993051,0.00028951939779965256
menteri pembangunan internasional kanada,NOR,1,menteri pembangunan internasional kanada,0.0,0.0005790387955993051,0.00028951939779965256
menteri malaysia,NOR,1,menteri malaysia,0.0,0.0005790387955993051,0.00028951939779965256
menteri luar negeriamerika serikatmarco,NOR,1,menteri luar negeriamerika serikatmarco,0.0,0.0005790387955993051,0.00028951939779965256
menteri luar negeriamerika serikat as,NOR,1,menteri luar negeriamerika serikat as,0.0,0.0005790387955993051,0.00028951939779965256
menteri luar negeri ri,NOR,1,menteri luar negeri ri,0.0,0.0005790387955993051,0.00028951939779965256
menteri luar negeri republik indonesiasugionobertemu,NOR,1,menteri luar negeri republik indonesiasugionobertemu,0.0,0.0005790387955993051,0.00028951939779965256
menteri luar negeri nato,NOR,1,menteri luar negeri nato,0.0,0.0005790387955993051,0.00028951939779965256
menteri luar negeri menlu ri,NOR,1,menteri luar negeri menlu ri,0.0,0.0005790387955993051,0.00028951939779965256
menteri luar negeri indonesia periode,NOR,1,menteri luar negeri indonesia periode,0.0,0.0005790387955993051,0.00028951939779965256
menteri luar negeri china,NOR,1,menteri luar negeri china,0.0,0.0005790387955993051,0.00028951939779965256
menteri koordinator menko bidang perekonomianairlangga,NOR,1,menteri koordinator menko bidang perekonomianairlangga,0.0,0.0005790387955993051,0.00028951939779965256
menteri koordinator menko bidang perekonomian,NOR,1,menteri koordinator menko bidang perekonomian,0.0,0.0005790387955993051,0.00028951939779965256
menteri koordinator kemenko,NOR,1,menteri koordinator kemenko,0.0,0.0005790387955993051,0.00028951939779965256
menteri koordinator bidang perekonomianairlanggahartarto,NOR,1,menteri koordinator bidang perekonomianairlanggahartarto,0.0,0.0005790387955993051,0.00028951939779965256
menteri koordinator bidang perekonomianairlanggahartanto,NOR,1,menteri koordinator bidang perekonomianairlanggahartanto,0.0,0.0005790387955993051,0.00028951939779965256
menteri koordinator bidang perekonomianairlangga,NOR,1,menteri koordinator bidang perekonomianairlangga,0.0,0.0005790387955993051,0.00028951939779965256
merinci,ORG,1,merinci,0.0,0.0005790387955993051,0.00028951939779965256
mercedes benz group ag,ORG,1,mercedes benz group ag,0.0,0.0005790387955993051,0.00028951939779965256
mercedes,ORG,1,mercedes,0.0,0.0005790387955993051,0.00028951939779965256
merakitsmartphonedan,PRD,1,merakitsmartphonedan,0.0,0.0005790387955993051,0.00028951939779965256
merah,LOC,1,merah,0.0,0.0005790387955993051,0.00028951939779965256
menteri ri,NOR,1,menteri ri,0.0,0.0005790387955993051,0.00028951939779965256
menteri perubahan,NOR,1,menteri perubahan,0.0,0.0005790387955993051,0.00028951939779965256
menteri pertahanan,NOR,1,menteri pertahanan,0.0,0.0005790387955993051,0.00028951939779965256
menteri perindustrian menperin,NOR,1,menteri perindustrian menperin,0.0,0.0005790387955993051,0.00028951939779965256
menteri perindustrian korea selatan,NOR,1,menteri perindustrian korea selatan,0.0,0.0005790387955993051,0.00028951939779965256
menteri perindustrian dan perdagangan,NOR,1,menteri perindustrian dan perdagangan,0.0,0.0005790387955993051,0.00028951939779965256
menteri perindustrian,NOR,1,menteri perindustrian,0.0,0.0005790387955993051,0.00028951939779965256
menteri perdaganganashoward,NOR,1,menteri perdaganganashoward,0.0,0.0005790387955993051,0.00028951939779965256
menteri perdagangan jepang,NOR,1,menteri perdagangan jepang,0.0,0.0005790387955993051,0.00028951939779965256
menteri perdagangan inggris,NOR,1,menteri perdagangan inggris,0.0,0.0005790387955993051,0.00028951939779965256
menteri perdagangan apec,NOR,1,menteri perdagangan apec,0.0,0.0005790387955993051,0.00028951939779965256
mexico city,GPE,1,mexico city,0.0,0.0005790387955993051,0.00028951939779965256
meta platforms inc,ORG,1,meta platforms inc,0.0,0.0005790387955993051,0.00028951939779965256
meta,ORG,1,meta,0.0,0.0005790387955993051,0.00028951939779965256
mesir etiopia,GPE,1,mesir etiopia,0.0,0.0005790387955993051,0.00028951939779965256
mesir,GPE,1,mesir,0.0,0.0005790387955993051,0.00028951939779965256
mesin tenaga,PRD,1,mesin tenaga,0.0,0.0005790387955993051,0.00028951939779965256
mesin rumit,PRD,1,mesin rumit,0.0,0.0005790387955993051,0.00028951939779965256
mesin perlengkapan elektronik,PRD,1,mesin perlengkapan elektronik,0.0,0.0005790387955993051,0.00028951939779965256
mesin penyaring,PRD,1,mesin penyaring,0.0,0.0005790387955993051,0.00028951939779965256
mesin penambangan,PRD,1,mesin penambangan,0.0,0.0005790387955993051,0.00028951939779965256
mesin pembakaran,PRD,1,mesin pembakaran,0.0,0.0005790387955993051,0.00028951939779965256
mesin jahit gunting,PRD,1,mesin jahit gunting,0.0,0.0005790387955993051,0.00028951939779965256
mesin diesel,PRD,1,mesin diesel,0.0,0.0005790387955993051,0.00028951939779965256
mesin bahan kimia kosmetik obat obatan besi baja,PRD,1,mesin bahan kimia kosmetik obat obatan besi baja,0.0,0.0005790387955993051,0.00028951939779965256
merzjuga,PER,1,merzjuga,0.0,0.0005790387955993051,0.00028951939779965256
merujukcnbc,ORG,1,merujukcnbc,0.0,0.0005790387955993051,0.00028951939779965256
denny,PER,1,denny,0.0,0.0005790387955993051,0.00028951939779965256
dendi ramdani,PER,1,dendi ramdani,0.0,0.0005790387955993051,0.00028951939779965256
den mari elka pangestu,PER,1,den mari elka pangestu,0.0,0.0005790387955993051,0.00028951939779965256
den,PER,1,den,0.0,0.0005790387955993051,0.00028951939779965256
demonstrasihands,EVT,1,demonstrasihands,0.0,0.0005790387955993051,0.00028951939779965256
demokratik,NOR,1,demokratik,0.0,0.0005790387955993051,0.00028951939779965256
demokrasi,NOR,1,demokrasi,0.0,0.0005790387955993051,0.00028951939779965256
dell technologies,ORG,1,dell technologies,0.0,0.0005790387955993051,0.00028951939779965256
delivery,ORG,1,delivery,0.0,0.0005790387955993051,0.00028951939779965256
microsoft,ORG,1,microsoft,0.0,0.0005790387955993051,0.00028951939779965256
microchip,PRD,1,microchip,0.0,0.0005790387955993051,0.00028951939779965256
michael kors,PER,1,michael kors,0.0,0.0005790387955993051,0.00028951939779965256
michael jordan,PER,1,michael jordan,0.0,0.0005790387955993051,0.00028951939779965256
michael hart,PER,1,michael hart,0.0,0.0005790387955993051,0.00028951939779965256
michael,ORG,1,michael,0.0,0.0005790387955993051,0.00028951939779965256
mfn,PRD,1,mfn,0.0,0.0005790387955993051,0.00028951939779965256
miliar us miliar,MON,1,miliar us miliar,0.0,0.0005790387955993051,0.00028951939779965256
miliar ud miliar,MON,1,miliar ud miliar,0.0,0.0005790387955993051,0.00028951939779965256
miliar rp triliun,MON,1,miliar rp triliun,0.0,0.0005790387955993051,0.00028951939779965256
miliar maret,ORG,1,miliar maret,0.0,0.0005790387955993051,0.00028951939779965256
miliar hong kong,MON,1,miliar hong kong,0.0,0.0005790387955993051,0.00028951939779965256
miliar euro rp triliun,MON,1,miliar euro rp triliun,0.0,0.0005790387955993051,0.00028951939779965256
miliar dollar as persen,MON,1,miliar dollar as persen,0.0,0.0005790387955993051,0.00028951939779965256
miliar dolar,MON,1,miliar dolar,0.0,0.0005790387955993051,0.00028951939779965256
miliar baht,MON,1,miliar baht,0.0,0.0005790387955993051,0.00028951939779965256
milan,ORG,1,milan,0.0,0.0005790387955993051,0.00028951939779965256
mifflin,ORG,1,mifflin,0.0,0.0005790387955993051,0.00028951939779965256
midterm,EVT,1,midterm,0.0,0.0005790387955993051,0.00028951939779965256
middle east,ORG,1,middle east,0.0,0.0005790387955993051,0.00028951939779965256
departemen departemen,NOR,1,departemen departemen,0.0,0.0005790387955993051,0.00028951939779965256
departemen administrasi publik dan,NOR,1,departemen administrasi publik dan,0.0,0.0005790387955993051,0.00028951939779965256
denpasar,GPE,1,denpasar,0.0,0.0005790387955993051,0.00028951939779965256
april indonesia,DAT,1,april indonesia,0.0,0.0005790387955993051,0.00028951939779965256
april china daily,ORG,1,april china daily,0.0,0.0005790387955993051,0.00028951939779965256
minggu mei wib,DAT,1,minggu mei wib,0.0,0.0005790387955993051,0.00028951939779965256
minggu maret wib,DAT,1,minggu maret wib,0.0,0.0005790387955993051,0.00028951939779965256
minggu juni,DAT,1,minggu juni,0.0,0.0005790387955993051,0.00028951939779965256
minggu februari,DAT,1,minggu februari,0.0,0.0005790387955993051,0.00028951939779965256
minggu arrmanatha,DAT,1,minggu arrmanatha,0.0,0.0005790387955993051,0.00028951939779965256
minerba,ORG,1,minerba,0.0,0.0005790387955993051,0.00028951939779965256
mineral,NOR,1,mineral,0.0,0.0005790387955993051,0.00028951939779965256
milk,PRD,1,milk,0.0,0.0005790387955993051,0.00028951939779965256
miliarderelon,NOR,1,miliarderelon,0.0,0.0005790387955993051,0.00028951939779965256
miliarder,MON,1,miliarder,0.0,0.0005790387955993051,0.00028951939779965256
miliar yen us juta,MON,1,miliar yen us juta,0.0,0.0005790387955993051,0.00028951939779965256
miliar yen,MON,1,miliar yen,0.0,0.0005790387955993051,0.00028951939779965256
miliar won us juta,MON,1,miliar won us juta,0.0,0.0005790387955993051,0.00028951939779965256
miliar won,MON,1,miliar won,0.0,0.0005790387955993051,0.00028951939779965256
minyak brent,PRD,1,minyak brent,0.0,0.0005790387955993051,0.00028951939779965256
minyak bbm,PRD,1,minyak bbm,0.0,0.0005790387955993051,0.00028951939779965256
minyak as,PRD,1,minyak as,0.0,0.0005790387955993051,0.00028951939779965256
minus persen,PRC,1,minus persen,0.0,0.0005790387955993051,0.00028951939779965256
minuman anggur sampanye,PRD,1,minuman anggur sampanye,0.0,0.0005790387955993051,0.00028951939779965256
minuman,ORG,1,minuman,0.0,0.0005790387955993051,0.00028951939779965256
minimis,PRD,1,minimis,0.0,0.0005790387955993051,0.00028951939779965256
arif,PER,1,arif,0.0,0.0005790387955993051,0.00028951939779965256
ariadne anwar jun,PER,1,ariadne anwar jun,0.0,0.0005790387955993051,0.00028951939779965256
ariadne anwar elsa emiria leba mahdi muhammad nur hidayati,PER,1,ariadne anwar elsa emiria leba mahdi muhammad nur hidayati,0.0,0.0005790387955993051,0.00028951939779965256
ariadne anwar elsa emiria leba,PER,1,ariadne anwar elsa emiria leba,0.0,0.0005790387955993051,0.00028951939779965256
arfian prasetya aji,PER,1,arfian prasetya aji,0.0,0.0005790387955993051,0.00028951939779965256
arabmelaporkan,GPE,1,arabmelaporkan,0.0,0.0005790387955993051,0.00028951939779965256
arab saudi,GPE,1,arab saudi,0.0,0.0005790387955993051,0.00028951939779965256
ara,ORG,1,ara,0.0,0.0005790387955993051,0.00028951939779965256
april views,ORG,1,april views,0.0,0.0005790387955993051,0.00028951939779965256
deklarasi darurat,EVT,1,deklarasi darurat,0.0,0.0005790387955993051,0.00028951939779965256
deklarasi,LAW,1,deklarasi,0.0,0.0005790387955993051,0.00028951939779965256
defisit,ORG,1,defisit,0.0,0.0005790387955993051,0.00028951939779965256
declare,LAW,1,declare,0.0,0.0005790387955993051,0.00028951939779965256
deaux,PER,1,deaux,0.0,0.0005790387955993051,0.00028951939779965256
de minimis,PRD,1,de minimis,0.0,0.0005790387955993051,0.00028951939779965256
de,PRD,1,de,0.0,0.0005790387955993051,0.00028951939779965256
ddtcnews organisation for economic co operation and development oecd,ORG,1,ddtcnews organisation for economic co operation and development oecd,0.0,0.0005790387955993051,0.00028951939779965256
dc niaga asia indonesia,ORG,1,dc niaga asia indonesia,0.0,0.0005790387955993051,0.00028951939779965256
minyak mentah west texas intermediate wti,PRD,1,minyak mentah west texas intermediate wti,0.0,0.0005790387955993051,0.00028951939779965256
minyak mentah jenis west texas intermediate wti,PRD,1,minyak mentah jenis west texas intermediate wti,0.0,0.0005790387955993051,0.00028951939779965256
minyak mentah global,PRD,1,minyak mentah global,0.0,0.0005790387955993051,0.00028951939779965256
minyak mentah brent,PRD,1,minyak mentah brent,0.0,0.0005790387955993051,0.00028951939779965256
minyak mentah berjangka west texas intermediate,PRD,1,minyak mentah berjangka west texas intermediate,0.0,0.0005790387955993051,0.00028951939779965256
minyak kelapa sawit mentah,PRD,1,minyak kelapa sawit mentah,0.0,0.0005790387955993051,0.00028951939779965256
minyak cair,PRD,1,minyak cair,0.0,0.0005790387955993051,0.00028951939779965256
mobil buatan,PRD,1,mobil buatan,0.0,0.0005790387955993051,0.00028951939779965256
mobil bermesin besar,PRD,1,mobil bermesin besar,0.0,0.0005790387955993051,0.00028951939779965256
mobil baja,PRD,1,mobil baja,0.0,0.0005790387955993051,0.00028951939779965256
mm limbah,PRD,1,mm limbah,0.0,0.0005790387955993051,0.00028951939779965256
miuccia,ORG,1,miuccia,0.0,0.0005790387955993051,0.00028951939779965256
miu,ORG,1,miu,0.0,0.0005790387955993051,0.00028951939779965256
mitra,ORG,1,mitra,0.0,0.0005790387955993051,0.00028951939779965256
mitigasi,NOR,1,mitigasi,0.0,0.0005790387955993051,0.00028951939779965256
minyak ri,PRD,1,minyak ri,0.0,0.0005790387955993051,0.00028951939779965256
minyak pemanas rumah,PRD,1,minyak pemanas rumah,0.0,0.0005790387955993051,0.00028951939779965256
minyak nabati,PRD,1,minyak nabati,0.0,0.0005790387955993051,0.00028951939779965256
delegasi pemerintahan amerika serikat,NOR,1,delegasi pemerintahan amerika serikat,0.0,0.0005790387955993051,0.00028951939779965256
delegasi pemerintah ri,NOR,1,delegasi pemerintah ri,0.0,0.0005790387955993051,0.00028951939779965256
delegasi pemerintah indonesia,NOR,1,delegasi pemerintah indonesia,0.0,0.0005790387955993051,0.00028951939779965256
delegasi cina,NOR,1,delegasi cina,0.0,0.0005790387955993051,0.00028951939779965256
deklarasi kemerdekaan ekonomi,EVT,1,deklarasi kemerdekaan ekonomi,0.0,0.0005790387955993051,0.00028951939779965256
model gripen,PRD,1,model gripen,0.0,0.0005790387955993051,0.00028951939779965256
model,PRD,1,model,0.0,0.0005790387955993051,0.00028951939779965256
mobilyang,PRD,1,mobilyang,0.0,0.0005790387955993051,0.00028951939779965256
mobile services gms,ORG,1,mobile services gms,0.0,0.0005790387955993051,0.00028951939779965256
mobilan,PRD,1,mobilan,0.0,0.0005790387955993051,0.00028951939779965256
mobil wholesales,PRD,1,mobil wholesales,0.0,0.0005790387955993051,0.00028951939779965256
mobil top,PRD,1,mobil top,0.0,0.0005790387955993051,0.00028951939779965256
mobil timber lumber,PRD,1,mobil timber lumber,0.0,0.0005790387955993051,0.00028951939779965256
mobil scroll,PRD,1,mobil scroll,0.0,0.0005790387955993051,0.00028951939779965256
mobil penumpang truk ringan,PRD,1,mobil penumpang truk ringan,0.0,0.0005790387955993051,0.00028951939779965256
mobil penumpang as,PRD,1,mobil penumpang as,0.0,0.0005790387955993051,0.00028951939779965256
mobil otomotif,PRD,1,mobil otomotif,0.0,0.0005790387955993051,0.00028951939779965256
mobil mobil,PRD,1,mobil mobil,0.0,0.0005790387955993051,0.00028951939779965256
mobil listriknya,PRD,1,mobil listriknya,0.0,0.0005790387955993051,0.00028951939779965256
mobil inggris,PRD,1,mobil inggris,0.0,0.0005790387955993051,0.00028951939779965256
mobil impor,PRD,1,mobil impor,0.0,0.0005790387955993051,0.00028951939779965256
morning briefing,ORG,1,morning briefing,0.0,0.0005790387955993051,0.00028951939779965256
morgan stanley,ORG,1,morgan stanley,0.0,0.0005790387955993051,0.00028951939779965256
morgan,PER,1,morgan,0.0,0.0005790387955993051,0.00028951939779965256
more,ORG,1,more,0.0,0.0005790387955993051,0.00028951939779965256
moon,NOR,1,moon,0.0,0.0005790387955993051,0.00028951939779965256
monster,ORG,1,monster,0.0,0.0005790387955993051,0.00028951939779965256
moneter internasional international monetary fund,PRD,1,moneter internasional international monetary fund,0.0,0.0005790387955993051,0.00028951939779965256
moldova,GPE,1,moldova,0.0,0.0005790387955993051,0.00028951939779965256
mohan,ORG,1,mohan,0.0,0.0005790387955993051,0.00028951939779965256
mohammed bin salman mbs,PER,1,mohammed bin salman mbs,0.0,0.0005790387955993051,0.00028951939779965256
mohammad solikin,PER,1,mohammad solikin,0.0,0.0005790387955993051,0.00028951939779965256
mohammad koba,PER,1,mohammad koba,0.0,0.0005790387955993051,0.00028951939779965256
mohamed,PER,1,mohamed,0.0,0.0005790387955993051,0.00028951939779965256
moet,PRD,1,moet,0.0,0.0005790387955993051,0.00028951939779965256
moerdijat rerie,PER,1,moerdijat rerie,0.0,0.0005790387955993051,0.00028951939779965256
modi,PER,1,modi,0.0,0.0005790387955993051,0.00028951939779965256
multilateralisme,ORG,1,multilateralisme,0.0,0.0005790387955993051,0.00028951939779965256
muhammadiyah or id yogyakarta,ORG,1,muhammadiyah or id yogyakarta,0.0,0.0005790387955993051,0.00028951939779965256
muhammad mei wib,PER,1,muhammad mei wib,0.0,0.0005790387955993051,0.00028951939779965256
muhammad imam hatami,PER,1,muhammad imam hatami,0.0,0.0005790387955993051,0.00028951939779965256
muhammad herlambang,PER,1,muhammad herlambang,0.0,0.0005790387955993051,0.00028951939779965256
muhammad fadli bloomberg,PER,1,muhammad fadli bloomberg,0.0,0.0005790387955993051,0.00028951939779965256
muhammad akbar ramadhan,PER,1,muhammad akbar ramadhan,0.0,0.0005790387955993051,0.00028951939779965256
msci,PRD,1,msci,0.0,0.0005790387955993051,0.00028951939779965256
mr,PER,1,mr,0.0,0.0005790387955993051,0.00028951939779965256
mp materials corp,ORG,1,mp materials corp,0.0,0.0005790387955993051,0.00028951939779965256
mozambik,GPE,1,mozambik,0.0,0.0005790387955993051,0.00028951939779965256
motorola,ORG,1,motorola,0.0,0.0005790387955993051,0.00028951939779965256
motor listrik,PRD,1,motor listrik,0.0,0.0005790387955993051,0.00028951939779965256
motor general motors gm,ORG,1,motor general motors gm,0.0,0.0005790387955993051,0.00028951939779965256
motor aksi linier silinder,PRD,1,motor aksi linier silinder,0.0,0.0005790387955993051,0.00028951939779965256
moto,PRD,1,moto,0.0,0.0005790387955993051,0.00028951939779965256
daybook americas,PRD,1,daybook americas,0.0,0.0005790387955993051,0.00028951939779965256
daya anagata,PRD,1,daya anagata,0.0,0.0005790387955993051,0.00028951939779965256
davos,GPE,1,davos,0.0,0.0005790387955993051,0.00028951939779965256
davies surya,PER,1,davies surya,0.0,0.0005790387955993051,0.00028951939779965256
david wee,PER,1,david wee,0.0,0.0005790387955993051,0.00028951939779965256
david seif,PER,1,david seif,0.0,0.0005790387955993051,0.00028951939779965256
david forrester,PER,1,david forrester,0.0,0.0005790387955993051,0.00028951939779965256
david allen,PER,1,david allen,0.0,0.0005790387955993051,0.00028951939779965256
datuk,PER,1,datuk,0.0,0.0005790387955993051,0.00028951939779965256
datainvesting com,ORG,1,datainvesting com,0.0,0.0005790387955993051,0.00028951939779965256
dasco ahmadmerespons,PER,1,dasco ahmadmerespons,0.0,0.0005790387955993051,0.00028951939779965256
musbar mesdi,PER,1,musbar mesdi,0.0,0.0005790387955993051,0.00028951939779965256
mumbi,ORG,1,mumbi,0.0,0.0005790387955993051,0.00028951939779965256
mulyani indrawatiyang,PER,1,mulyani indrawatiyang,0.0,0.0005790387955993051,0.00028951939779965256
mulyani indrawatimenyebut,PER,1,mulyani indrawatimenyebut,0.0,0.0005790387955993051,0.00028951939779965256
multiproduk,PRD,1,multiproduk,0.0,0.0005790387955993051,0.00028951939779965256
narkoba,PRD,1,narkoba,0.0,0.0005790387955993051,0.00028951939779965256
narendra modi modi,PER,1,narendra modi modi,0.0,0.0005790387955993051,0.00028951939779965256
narendra modi,PER,1,narendra modi,0.0,0.0005790387955993051,0.00028951939779965256
namibia,GPE,1,namibia,0.0,0.0005790387955993051,0.00028951939779965256
nahyan,PER,1,nahyan,0.0,0.0005790387955993051,0.00028951939779965256
nafta,LAW,1,nafta,0.0,0.0005790387955993051,0.00028951939779965256
nabati karet,PRD,1,nabati karet,0.0,0.0005790387955993051,0.00028951939779965256
myung,PER,1,myung,0.0,0.0005790387955993051,0.00028951939779965256
my scene,ORG,1,my scene,0.0,0.0005790387955993051,0.00028951939779965256
mxn us,MON,1,mxn us,0.0,0.0005790387955993051,0.00028951939779965256
mwa,ORG,1,mwa,0.0,0.0005790387955993051,0.00028951939779965256
mva,PRD,1,mva,0.0,0.0005790387955993051,0.00028951939779965256
muskdan,PER,1,muskdan,0.0,0.0005790387955993051,0.00028951939779965256
musim,EVT,1,musim,0.0,0.0005790387955993051,0.00028951939779965256
dc niaga asia,NOR,1,dc niaga asia,0.0,0.0005790387955993051,0.00028951939779965256
dc gedung,LOC,1,dc gedung,0.0,0.0005790387955993051,0.00028951939779965256
apki,ORG,1,apki,0.0,0.0005790387955993051,0.00028951939779965256
apindo,NOR,1,apindo,0.0,0.0005790387955993051,0.00028951939779965256
api,ORG,1,api,0.0,0.0005790387955993051,0.00028951939779965256
apel,PRD,1,apel,0.0,0.0005790387955993051,0.00028951939779965256
ne,MON,1,ne,0.0,0.0005790387955993051,0.00028951939779965256
ndf,ORG,1,ndf,0.0,0.0005790387955993051,0.00028951939779965256
nbs,ORG,1,nbs,0.0,0.0005790387955993051,0.00028951939779965256
nbc news,ORG,1,nbc news,0.0,0.0005790387955993051,0.00028951939779965256
nazmul,ORG,1,nazmul,0.0,0.0005790387955993051,0.00028951939779965256
navy banana,PRD,1,navy banana,0.0,0.0005790387955993051,0.00028951939779965256
navi,PRD,1,navi,0.0,0.0005790387955993051,0.00028951939779965256
nauli siregar,PER,1,nauli siregar,0.0,0.0005790387955993051,0.00028951939779965256
national trade estimate nte report on foreign trade barriers pemerintah,LAW,1,national trade estimate nte report on foreign trade barriers pemerintah,0.0,0.0005790387955993051,0.00028951939779965256
national trade estimate nte report on foreign trade barriers,LAW,1,national trade estimate nte report on foreign trade barriers,0.0,0.0005790387955993051,0.00028951939779965256
nasional uea,NOR,1,nasional uea,0.0,0.0005790387955993051,0.00028951939779965256
nasional dan,NOR,1,nasional dan,0.0,0.0005790387955993051,0.00028951939779965256
daring,EVT,1,daring,0.0,0.0005790387955993051,0.00028951939779965256
daricnn advertisement scroll to,ORG,1,daricnn advertisement scroll to,0.0,0.0005790387955993051,0.00028951939779965256
daribisnis com,ORG,1,daribisnis com,0.0,0.0005790387955993051,0.00028951939779965256
dariafp beijing,ORG,1,dariafp beijing,0.0,0.0005790387955993051,0.00028951939779965256
dariafp,ORG,1,dariafp,0.0,0.0005790387955993051,0.00028951939779965256
danjen kopassus,NOR,1,danjen kopassus,0.0,0.0005790387955993051,0.00028951939779965256
daniel flatley,PER,1,daniel flatley,0.0,0.0005790387955993051,0.00028951939779965256
daniel,PER,1,daniel,0.0,0.0005790387955993051,0.00028951939779965256
danau jenewa,LOC,1,danau jenewa,0.0,0.0005790387955993051,0.00028951939779965256
apr wib nusantara bandung,ORG,1,apr wib nusantara bandung,0.0,0.0005790387955993051,0.00028951939779965256
apptronik,ORG,1,apptronik,0.0,0.0005790387955993051,0.00028951939779965256
apple s,PRD,1,apple s,0.0,0.0005790387955993051,0.00028951939779965256
apple indonesia,ORG,1,apple indonesia,0.0,0.0005790387955993051,0.00028951939779965256
apple ford porsche,ORG,1,apple ford porsche,0.0,0.0005790387955993051,0.00028951939779965256
apple amazon,PRD,1,apple amazon,0.0,0.0005790387955993051,0.00028951939779965256
appi,ORG,1,appi,0.0,0.0005790387955993051,0.00028951939779965256
new baseline tariff,PRD,1,new baseline tariff,0.0,0.0005790387955993051,0.00028951939779965256
netty,ORG,1,netty,0.0,0.0005790387955993051,0.00028951939779965256
netto,ORG,1,netto,0.0,0.0005790387955993051,0.00028951939779965256
neom,ORG,1,neom,0.0,0.0005790387955993051,0.00028951939779965256
nenek,PRD,1,nenek,0.0,0.0005790387955993051,0.00028951939779965256
neil jerome morales,PER,1,neil jerome morales,0.0,0.0005790387955993051,0.00028951939779965256
negosiator perdagangan,ORG,1,negosiator perdagangan,0.0,0.0005790387955993051,0.00028951939779965256
negeri sakura,GPE,1,negeri sakura,0.0,0.0005790387955993051,0.00028951939779965256
negeri beruang,GPE,1,negeri beruang,0.0,0.0005790387955993051,0.00028951939779965256
negeri abang sam,GPE,1,negeri abang sam,0.0,0.0005790387955993051,0.00028951939779965256
negara sbn,PRD,1,negara sbn,0.0,0.0005790387955993051,0.00028951939779965256
neeraj lal,PER,1,neeraj lal,0.0,0.0005790387955993051,0.00028951939779965256
dasco,PER,1,dasco,0.0,0.0005790387955993051,0.00028951939779965256
dasar,LAW,1,dasar,0.0,0.0005790387955993051,0.00028951939779965256
darussalam,GPE,1,darussalam,0.0,0.0005790387955993051,0.00028951939779965256
darus,ORG,1,darus,0.0,0.0005790387955993051,0.00028951939779965256
nike air jordan,ORG,1,nike air jordan,0.0,0.0005790387955993051,0.00028951939779965256
nikaragua,GPE,1,nikaragua,0.0,0.0005790387955993051,0.00028951939779965256
nicolas,PRD,1,nicolas,0.0,0.0005790387955993051,0.00028951939779965256
nickel,PRD,1,nickel,0.0,0.0005790387955993051,0.00028951939779965256
nguyen quoc hung,PER,1,nguyen quoc hung,0.0,0.0005790387955993051,0.00028951939779965256
nguyen hong dien,PER,1,nguyen hong dien,0.0,0.0005790387955993051,0.00028951939779965256
nguyen dieu tu uyen,PER,1,nguyen dieu tu uyen,0.0,0.0005790387955993051,0.00028951939779965256
ngozi okonjo iweala,PER,1,ngozi okonjo iweala,0.0,0.0005790387955993051,0.00028951939779965256
nfl super bowl,EVT,1,nfl super bowl,0.0,0.0005790387955993051,0.00028951939779965256
newsome,ORG,1,newsome,0.0,0.0005790387955993051,0.00028951939779965256
newsmenyeb,ORG,1,newsmenyeb,0.0,0.0005790387955993051,0.00028951939779965256
news pasar cryptokembali,ORG,1,news pasar cryptokembali,0.0,0.0005790387955993051,0.00028951939779965256
new york times newsom,ORG,1,new york times newsom,0.0,0.0005790387955993051,0.00028951939779965256
new york pennsylvania utah,GPE,1,new york pennsylvania utah,0.0,0.0005790387955993051,0.00028951939779965256
new york auto show,EVT,1,new york auto show,0.0,0.0005790387955993051,0.00028951939779965256
new york as,GPE,1,new york as,0.0,0.0005790387955993051,0.00028951939779965256
daihatsu,ORG,1,daihatsu,0.0,0.0005790387955993051,0.00028951939779965256
daging,PRD,1,daging,0.0,0.0005790387955993051,0.00028951939779965256
dagang amerika serikat,NOR,1,dagang amerika serikat,0.0,0.0005790387955993051,0.00028951939779965256
dafang,EVT,1,dafang,0.0,0.0005790387955993051,0.00028951939779965256
daerah,PRD,1,daerah,0.0,0.0005790387955993051,0.00028951939779965256
daeng donsingha,PER,1,daeng donsingha,0.0,0.0005790387955993051,0.00028951939779965256
dado ruvic,PER,1,dado ruvic,0.0,0.0005790387955993051,0.00028951939779965256
cyril ramaphosa trump,PER,1,cyril ramaphosa trump,0.0,0.0005790387955993051,0.00028951939779965256
cyril ramaphosa,PER,1,cyril ramaphosa,0.0,0.0005790387955993051,0.00028951939779965256
currently,PER,1,currently,0.0,0.0005790387955993051,0.00028951939779965256
cupertino,GPE,1,cupertino,0.0,0.0005790387955993051,0.00028951939779965256
ning wahyu astutik,PER,1,ning wahyu astutik,0.0,0.0005790387955993051,0.00028951939779965256
nikkei asia,ORG,1,nikkei asia,0.0,0.0005790387955993051,0.00028951939779965256
nikkei,ORG,1,nikkei,0.0,0.0005790387955993051,0.00028951939779965256
nikel olahan,PRD,1,nikel olahan,0.0,0.0005790387955993051,0.00028951939779965256
nikel indonesia,PRD,1,nikel indonesia,0.0,0.0005790387955993051,0.00028951939779965256
north,ORG,1,north,0.0,0.0005790387955993051,0.00028951939779965256
norfolk,ORG,1,norfolk,0.0,0.0005790387955993051,0.00028951939779965256
nonpemerintah,ORG,1,nonpemerintah,0.0,0.0005790387955993051,0.00028951939779965256
nonbank,LAW,1,nonbank,0.0,0.0005790387955993051,0.00028951939779965256
non disclosure agreement nda,LAW,1,non disclosure agreement nda,0.0,0.0005790387955993051,0.00028951939779965256
non,PRD,1,non,0.0,0.0005790387955993051,0.00028951939779965256
nomura,GPE,1,nomura,0.0,0.0005790387955993051,0.00028951939779965256
nol persen,LAW,1,nol persen,0.0,0.0005790387955993051,0.00028951939779965256
nokia,ORG,1,nokia,0.0,0.0005790387955993051,0.00028951939779965256
no,PER,1,no,0.0,0.0005790387955993051,0.00028951939779965256
nissan,ORG,1,nissan,0.0,0.0005790387955993051,0.00028951939779965256
niseiy,PER,1,niseiy,0.0,0.0005790387955993051,0.00028951939779965256
nippon steel corp,ORG,1,nippon steel corp,0.0,0.0005790387955993051,0.00028951939779965256
nintendo mattel inc,ORG,1,nintendo mattel inc,0.0,0.0005790387955993051,0.00028951939779965256
dan kertas,ORG,1,dan kertas,0.0,0.0005790387955993051,0.00028951939779965256
dalam,PRD,1,dalam,0.0,0.0005790387955993051,0.00028951939779965256
nvidia huawei,ORG,1,nvidia huawei,0.0,0.0005790387955993051,0.00028951939779965256
nvidia corp,ORG,1,nvidia corp,0.0,0.0005790387955993051,0.00028951939779965256
nusapersada,ORG,1,nusapersada,0.0,0.0005790387955993051,0.00028951939779965256
nusantaratv com nusantara tv,ORG,1,nusantaratv com nusantara tv,0.0,0.0005790387955993051,0.00028951939779965256
nusantara danantara,ORG,1,nusantara danantara,0.0,0.0005790387955993051,0.00028951939779965256
nusadaily com washington,ORG,1,nusadaily com washington,0.0,0.0005790387955993051,0.00028951939779965256
nugraha,PER,1,nugraha,0.0,0.0005790387955993051,0.00028951939779965256
nugini,GPE,1,nugini,0.0,0.0005790387955993051,0.00028951939779965256
ntv insight,ORG,1,ntv insight,0.0,0.0005790387955993051,0.00028951939779965256
ntb,GPE,1,ntb,0.0,0.0005790387955993051,0.00028951939779965256
npr,ORG,1,npr,0.0,0.0005790387955993051,0.00028951939779965256
noudhy valdryno,PER,1,noudhy valdryno,0.0,0.0005790387955993051,0.00028951939779965256
nota presiden kebijakan perdagangan america first,LAW,1,nota presiden kebijakan perdagangan america first,0.0,0.0005790387955993051,0.00028951939779965256
nota presiden,LAW,1,nota presiden,0.0,0.0005790387955993051,0.00028951939779965256
nota,LAW,1,nota,0.0,0.0005790387955993051,0.00028951939779965256
norwegia rusia,GPE,1,norwegia rusia,0.0,0.0005790387955993051,0.00028951939779965256
ct,ORG,1,ct,0.0,0.0005790387955993051,0.00028951939779965256
csi,ORG,1,csi,0.0,0.0005790387955993051,0.00028951939779965256
cryptocurrency,PRD,1,cryptocurrency,0.0,0.0005790387955993051,0.00028951939779965256
crude oil minyak mentah dangasoline bensin,PRD,1,crude oil minyak mentah dangasoline bensin,0.0,0.0005790387955993051,0.00028951939779965256
critical,PRD,1,critical,0.0,0.0005790387955993051,0.00028951939779965256
creditcards com,ORG,1,creditcards com,0.0,0.0005790387955993051,0.00028951939779965256
credit agricole,ORG,1,credit agricole,0.0,0.0005790387955993051,0.00028951939779965256
crawling,PER,1,crawling,0.0,0.0005790387955993051,0.00028951939779965256
crafts,ORG,1,crafts,0.0,0.0005790387955993051,0.00028951939779965256
cpoindonesia,GPE,1,cpoindonesia,0.0,0.0005790387955993051,0.00028951939779965256
of preferences,LAW,1,of preferences,0.0,0.0005790387955993051,0.00028951939779965256
of latin american and caribbean states,ORG,1,of latin american and caribbean states,0.0,0.0005790387955993051,0.00028951939779965256
obat obatan,PRD,1,obat obatan,0.0,0.0005790387955993051,0.00028951939779965256
obamayang,PER,1,obamayang,0.0,0.0005790387955993051,0.00028951939779965256
nyoman,ORG,1,nyoman,0.0,0.0005790387955993051,0.00028951939779965256
nyamuk,PRD,1,nyamuk,0.0,0.0005790387955993051,0.00028951939779965256
oneplus,ORG,1,oneplus,0.0,0.0005790387955993051,0.00028951939779965256
on foreign,LAW,1,on foreign,0.0,0.0005790387955993051,0.00028951939779965256
on,ORG,1,on,0.0,0.0005790387955993051,0.00028951939779965256
oman,GPE,1,oman,0.0,0.0005790387955993051,0.00028951939779965256
olof,PER,1,olof,0.0,0.0005790387955993051,0.00028951939779965256
olivia tam,PER,1,olivia tam,0.0,0.0005790387955993051,0.00028951939779965256
old,ORG,1,old,0.0,0.0005790387955993051,0.00028951939779965256
olahan udangpt indo american seafoods tbk,PRD,1,olahan udangpt indo american seafoods tbk,0.0,0.0005790387955993051,0.00028951939779965256
olaf scholz,PER,1,olaf scholz,0.0,0.0005790387955993051,0.00028951939779965256
oki,ORG,1,oki,0.0,0.0005790387955993051,0.00028951939779965256
oilatau,ORG,1,oilatau,0.0,0.0005790387955993051,0.00028951939779965256
oil,ORG,1,oil,0.0,0.0005790387955993051,0.00028951939779965256
officials thanking,ORG,1,officials thanking,0.0,0.0005790387955993051,0.00028951939779965256
official dialogue sod perdana,EVT,1,official dialogue sod perdana,0.0,0.0005790387955993051,0.00028951939779965256
cui,PER,1,cui,0.0,0.0005790387955993051,0.00028951939779965256
cto,ORG,1,cto,0.0,0.0005790387955993051,0.00028951939779965256
otoritas bea cukai as,NOR,1,otoritas bea cukai as,0.0,0.0005790387955993051,0.00028951939779965256
oss,ORG,1,oss,0.0,0.0005790387955993051,0.00028951939779965256
orleans,LOC,1,orleans,0.0,0.0005790387955993051,0.00028951939779965256
organization for economic cooperation and development oecd,ORG,1,organization for economic cooperation and development oecd,0.0,0.0005790387955993051,0.00028951939779965256
organization,ORG,1,organization,0.0,0.0005790387955993051,0.00028951939779965256
organisasi pertahanan atlantik utara nato,NOR,1,organisasi pertahanan atlantik utara nato,0.0,0.0005790387955993051,0.00028951939779965256
organisasi multilateral benua biru,ORG,1,organisasi multilateral benua biru,0.0,0.0005790387955993051,0.00028951939779965256
organik,PRD,1,organik,0.0,0.0005790387955993051,0.00028951939779965256
oregon,GPE,1,oregon,0.0,0.0005790387955993051,0.00028951939779965256
or,PER,1,or,0.0,0.0005790387955993051,0.00028951939779965256
oppo,ORG,1,oppo,0.0,0.0005790387955993051,0.00028951939779965256
openai llc,ORG,1,openai llc,0.0,0.0005790387955993051,0.00028951939779965256
openai,ORG,1,openai,0.0,0.0005790387955993051,0.00028951939779965256
open economy,ORG,1,open economy,0.0,0.0005790387955993051,0.00028951939779965256
online,ORG,1,online,0.0,0.0005790387955993051,0.00028951939779965256
oneplus xiaomi oppo,ORG,1,oneplus xiaomi oppo,0.0,0.0005790387955993051,0.00028951939779965256
costa,PRD,1,costa,0.0,0.0005790387955993051,0.00028951939779965256
cornell,ORG,1,cornell,0.0,0.0005790387955993051,0.00028951939779965256
copal,ORG,1,copal,0.0,0.0005790387955993051,0.00028951939779965256
coopers,PRD,1,coopers,0.0,0.0005790387955993051,0.00028951939779965256
contreras,ORG,1,contreras,0.0,0.0005790387955993051,0.00028951939779965256
continue,PRD,1,continue,0.0,0.0005790387955993051,0.00028951939779965256
content walmart,ORG,1,content walmart,0.0,0.0005790387955993051,0.00028951939779965256
conmo electronic co,ORG,1,conmo electronic co,0.0,0.0005790387955993051,0.00028951939779965256
oxford economics,ORG,1,oxford economics,0.0,0.0005790387955993051,0.00028951939779965256
ovo,PRD,1,ovo,0.0,0.0005790387955993051,0.00028951939779965256
oval office,ORG,1,oval office,0.0,0.0005790387955993051,0.00028951939779965256
ottawa kompas com,ORG,1,ottawa kompas com,0.0,0.0005790387955993051,0.00028951939779965256
ottawa carney,LOC,1,ottawa carney,0.0,0.0005790387955993051,0.00028951939779965256
otoritas jasa keuangan ojk,ORG,1,otoritas jasa keuangan ojk,0.0,0.0005790387955993051,0.00028951939779965256
otoritas jasa,ORG,1,otoritas jasa,0.0,0.0005790387955993051,0.00028951939779965256
otoritas bea cukai china,NOR,1,otoritas bea cukai china,0.0,0.0005790387955993051,0.00028951939779965256
pakar politik luar negeri as,NOR,1,pakar politik luar negeri as,0.0,0.0005790387955993051,0.00028951939779965256
pakar ekonomi ipb university,ORG,1,pakar ekonomi ipb university,0.0,0.0005790387955993051,0.00028951939779965256
pakaian tidur,PRD,1,pakaian tidur,0.0,0.0005790387955993051,0.00028951939779965256
pakaian pakaian murahmereka,PRD,1,pakaian pakaian murahmereka,0.0,0.0005790387955993051,0.00028951939779965256
pakaian pakaian,PRD,1,pakaian pakaian,0.0,0.0005790387955993051,0.00028951939779965256
pakaian mainan,PRD,1,pakaian mainan,0.0,0.0005790387955993051,0.00028951939779965256
pakaian alas kaki karet pakaian jadi mesin,PRD,1,pakaian alas kaki karet pakaian jadi mesin,0.0,0.0005790387955993051,0.00028951939779965256
paetongtarn shinawatra,PER,1,paetongtarn shinawatra,0.0,0.0005790387955993051,0.00028951939779965256
pacific economic cooperation apec,EVT,1,pacific economic cooperation apec,0.0,0.0005790387955993051,0.00028951939779965256
pabrikchinayang,ORG,1,pabrikchinayang,0.0,0.0005790387955993051,0.00028951939779965256
pabrik pet botol,PRD,1,pabrik pet botol,0.0,0.0005790387955993051,0.00028951939779965256
cpo ri,PRD,1,cpo ri,0.0,0.0005790387955993051,0.00028951939779965256
cox,PRD,1,cox,0.0,0.0005790387955993051,0.00028951939779965256
country,ORG,1,country,0.0,0.0005790387955993051,0.00028951939779965256
countries,PRD,1,countries,0.0,0.0005790387955993051,0.00028951939779965256
counterpoint research,ORG,1,counterpoint research,0.0,0.0005790387955993051,0.00028951939779965256
panasonic,PRD,1,panasonic,0.0,0.0005790387955993051,0.00028951939779965256
pameran canton fair,EVT,1,pameran canton fair,0.0,0.0005790387955993051,0.00028951939779965256
pambudi,PER,1,pambudi,0.0,0.0005790387955993051,0.00028951939779965256
palm beach,ORG,1,palm beach,0.0,0.0005790387955993051,0.00028951939779965256
palembang,GPE,1,palembang,0.0,0.0005790387955993051,0.00028951939779965256
palantir,ORG,1,palantir,0.0,0.0005790387955993051,0.00028951939779965256
pakta pertahanan atlantik utara,NOR,1,pakta pertahanan atlantik utara,0.0,0.0005790387955993051,0.00028951939779965256
ap,ORG,1,ap,0.0,0.0005790387955993051,0.00028951939779965256
antony,PER,1,antony,0.0,0.0005790387955993051,0.00028951939779965256
anthony,PER,1,anthony,0.0,0.0005790387955993051,0.00028951939779965256
antarafoto,ORG,1,antarafoto,0.0,0.0005790387955993051,0.00028951939779965256
antam,ORG,1,antam,0.0,0.0005790387955993051,0.00028951939779965256
antalya,GPE,1,antalya,0.0,0.0005790387955993051,0.00028951939779965256
annmarie hordern,PER,1,annmarie hordern,0.0,0.0005790387955993051,0.00028951939779965256
annie,ORG,1,annie,0.0,0.0005790387955993051,0.00028951939779965256
annabel fiddes,PER,1,annabel fiddes,0.0,0.0005790387955993051,0.00028951939779965256
partai aksi rakyat pap,NOR,1,partai aksi rakyat pap,0.0,0.0005790387955993051,0.00028951939779965256
parlemen uni eropa,NOR,1,parlemen uni eropa,0.0,0.0005790387955993051,0.00028951939779965256
paripurna dpr,NOR,1,paripurna dpr,0.0,0.0005790387955993051,0.00028951939779965256
pardede,PER,1,pardede,0.0,0.0005790387955993051,0.00028951939779965256
parawhalekripto,ORG,1,parawhalekripto,0.0,0.0005790387955993051,0.00028951939779965256
parawhalecrypto,ORG,1,parawhalecrypto,0.0,0.0005790387955993051,0.00028951939779965256
papua,GPE,1,papua,0.0,0.0005790387955993051,0.00028951939779965256
panyu guangzhou,LOC,1,panyu guangzhou,0.0,0.0005790387955993051,0.00028951939779965256
pantau,NOR,1,pantau,0.0,0.0005790387955993051,0.00028951939779965256
panjang lebaran,EVT,1,panjang lebaran,0.0,0.0005790387955993051,0.00028951939779965256
pani,ORG,1,pani,0.0,0.0005790387955993051,0.00028951939779965256
panel layar datar,PRD,1,panel layar datar,0.0,0.0005790387955993051,0.00028951939779965256
panel,PRD,1,panel,0.0,0.0005790387955993051,0.00028951939779965256
pandu mustika apr wib,ORG,1,pandu mustika apr wib,0.0,0.0005790387955993051,0.00028951939779965256
pandu mustika apr,PER,1,pandu mustika apr,0.0,0.0005790387955993051,0.00028951939779965256
pandemi,EVT,1,pandemi,0.0,0.0005790387955993051,0.00028951939779965256
comprehensive,ORG,1,comprehensive,0.0,0.0005790387955993051,0.00028951939779965256
compada,ORG,1,compada,0.0,0.0005790387955993051,0.00028951939779965256
commodity futures trading commission,ORG,1,commodity futures trading commission,0.0,0.0005790387955993051,0.00028951939779965256
commerce amerika serikat,NOR,1,commerce amerika serikat,0.0,0.0005790387955993051,0.00028951939779965256
commerce,ORG,1,commerce,0.0,0.0005790387955993051,0.00028951939779965256
comdi jakarta,ORG,1,comdi jakarta,0.0,0.0005790387955993051,0.00028951939779965256
com tencent,PRD,1,com tencent,0.0,0.0005790387955993051,0.00028951939779965256
com produsen graphics processing unit,ORG,1,com produsen graphics processing unit,0.0,0.0005790387955993051,0.00028951939779965256
com ottawa,ORG,1,com ottawa,0.0,0.0005790387955993051,0.00028951939779965256
columbia,ORG,1,columbia,0.0,0.0005790387955993051,0.00028951939779965256
cold rolled coil crc,PRD,1,cold rolled coil crc,0.0,0.0005790387955993051,0.00028951939779965256
partai golkar,NOR,1,partai golkar,0.0,0.0005790387955993051,0.00028951939779965256
partai demokratnya,NOR,1,partai demokratnya,0.0,0.0005790387955993051,0.00028951939779965256
partai demokratik,NOR,1,partai demokratik,0.0,0.0005790387955993051,0.00028951939779965256
partai buruh,NOR,1,partai buruh,0.0,0.0005790387955993051,0.00028951939779965256
partai berkuasa,NOR,1,partai berkuasa,0.0,0.0005790387955993051,0.00028951939779965256
pati,PER,1,pati,0.0,0.0005790387955993051,0.00028951939779965256
pasifik ikan,PRD,1,pasifik ikan,0.0,0.0005790387955993051,0.00028951939779965256
pasaronshore,LOC,1,pasaronshore,0.0,0.0005790387955993051,0.00028951939779965256
pasardana id,ORG,1,pasardana id,0.0,0.0005790387955993051,0.00028951939779965256
pasar mangga dua,LOC,1,pasar mangga dua,0.0,0.0005790387955993051,0.00028951939779965256
pasar mangga,LOC,1,pasar mangga,0.0,0.0005790387955993051,0.00028951939779965256
pasalnya,ORG,1,pasalnya,0.0,0.0005790387955993051,0.00028951939779965256
pasal ayat,LAW,1,pasal ayat,0.0,0.0005790387955993051,0.00028951939779965256
partai republikan,NOR,1,partai republikan,0.0,0.0005790387955993051,0.00028951939779965256
partai republik tengah,NOR,1,partai republik tengah,0.0,0.0005790387955993051,0.00028951939779965256
partai konservatif kanada,NOR,1,partai konservatif kanada,0.0,0.0005790387955993051,0.00028951939779965256
partai konservatif cdu,NOR,1,partai konservatif cdu,0.0,0.0005790387955993051,0.00028951939779965256
partai komunis,NOR,1,partai komunis,0.0,0.0005790387955993051,0.00028951939779965256
congressional,NOR,1,congressional,0.0,0.0005790387955993051,0.00028951939779965256
conference of parties cop,EVT,1,conference of parties cop,0.0,0.0005790387955993051,0.00028951939779965256
conference,ORG,1,conference,0.0,0.0005790387955993051,0.00028951939779965256
pedesaan,LOC,1,pedesaan,0.0,0.0005790387955993051,0.00028951939779965256
pe,ORG,1,pe,0.0,0.0005790387955993051,0.00028951939779965256
pdd,ORG,1,pdd,0.0,0.0005790387955993051,0.00028951939779965256
pd,ORG,1,pd,0.0,0.0005790387955993051,0.00028951939779965256
pco,ORG,1,pco,0.0,0.0005790387955993051,0.00028951939779965256
pc global,PRD,1,pc global,0.0,0.0005790387955993051,0.00028951939779965256
pbs,ORG,1,pbs,0.0,0.0005790387955993051,0.00028951939779965256
pbkn ojk,ORG,1,pbkn ojk,0.0,0.0005790387955993051,0.00028951939779965256
pbi,PRD,1,pbi,0.0,0.0005790387955993051,0.00028951939779965256
paul krugman,PER,1,paul krugman,0.0,0.0005790387955993051,0.00028951939779965256
paul henning,PER,1,paul henning,0.0,0.0005790387955993051,0.00028951939779965256
paul,ORG,1,paul,0.0,0.0005790387955993051,0.00028951939779965256
patrizio,ORG,1,patrizio,0.0,0.0005790387955993051,0.00028951939779965256
patrick malone,PER,1,patrick malone,0.0,0.0005790387955993051,0.00028951939779965256
patrick,PER,1,patrick,0.0,0.0005790387955993051,0.00028951939779965256
patpicha,ORG,1,patpicha,0.0,0.0005790387955993051,0.00028951939779965256
pemerintah china as,NOR,1,pemerintah china as,0.0,0.0005790387955993051,0.00028951939779965256
pemerintah asing,NOR,1,pemerintah asing,0.0,0.0005790387955993051,0.00028951939779965256
pemerintah afrika selatan,NOR,1,pemerintah afrika selatan,0.0,0.0005790387955993051,0.00028951939779965256
pemerinta,NOR,1,pemerinta,0.0,0.0005790387955993051,0.00028951939779965256
pembukaan perdagangan sesi i,EVT,1,pembukaan perdagangan sesi i,0.0,0.0005790387955993051,0.00028951939779965256
pembebasan liberation day,EVT,1,pembebasan liberation day,0.0,0.0005790387955993051,0.00028951939779965256
pembayaran undang undang nomor tahun tentang bank indonesia,LAW,1,pembayaran undang undang nomor tahun tentang bank indonesia,0.0,0.0005790387955993051,0.00028951939779965256
pembayaran nasional gpn,EVT,1,pembayaran nasional gpn,0.0,0.0005790387955993051,0.00028951939779965256
pembatasan,ORG,1,pembatasan,0.0,0.0005790387955993051,0.00028951939779965256
pembangunan internasional amerika serikat,ORG,1,pembangunan internasional amerika serikat,0.0,0.0005790387955993051,0.00028951939779965256
pembangkit,PRD,1,pembangkit,0.0,0.0005790387955993051,0.00028951939779965256
pelindo,ORG,1,pelindo,0.0,0.0005790387955993051,0.00028951939779965256
pelemahan,ORG,1,pelemahan,0.0,0.0005790387955993051,0.00028951939779965256
pelabuhan tanjung priok,FAC,1,pelabuhan tanjung priok,0.0,0.0005790387955993051,0.00028951939779965256
pelabuhan,ORG,1,pelabuhan,0.0,0.0005790387955993051,0.00028951939779965256
pejabat,NOR,1,pejabat,0.0,0.0005790387955993051,0.00028951939779965256
anggota dprd provinsi jawa barat,NOR,1,anggota dprd provinsi jawa barat,0.0,0.0005790387955993051,0.00028951939779965256
anggoro,ORG,1,anggoro,0.0,0.0005790387955993051,0.00028951939779965256
anggito abimanyu,PER,1,anggito abimanyu,0.0,0.0005790387955993051,0.00028951939779965256
anggawira,PER,1,anggawira,0.0,0.0005790387955993051,0.00028951939779965256
anggaran pendapatan dan belanja negara apbn,LAW,1,anggaran pendapatan dan belanja negara apbn,0.0,0.0005790387955993051,0.00028951939779965256
pemerintahamerika serikat as,NOR,1,pemerintahamerika serikat as,0.0,0.0005790387955993051,0.00028951939779965256
pemerintahamerika serikat,NOR,1,pemerintahamerika serikat,0.0,0.0005790387955993051,0.00028951939779965256
pemerintah vietnam,NOR,1,pemerintah vietnam,0.0,0.0005790387955993051,0.00028951939779965256
pemerintah tiongkok,NOR,1,pemerintah tiongkok,0.0,0.0005790387955993051,0.00028951939779965256
pemerintah presiden amerika serikat as,NOR,1,pemerintah presiden amerika serikat as,0.0,0.0005790387955993051,0.00028951939779965256
pemerintah negara bagiancaliforniajadi,NOR,1,pemerintah negara bagiancaliforniajadi,0.0,0.0005790387955993051,0.00028951939779965256
pemerintah korsel,NOR,1,pemerintah korsel,0.0,0.0005790387955993051,0.00028951939779965256
pemerintah india,NOR,1,pemerintah india,0.0,0.0005790387955993051,0.00028951939779965256
pemerintah hong kong,NOR,1,pemerintah hong kong,0.0,0.0005790387955993051,0.00028951939779965256
pemerintah daerah,NOR,1,pemerintah daerah,0.0,0.0005790387955993051,0.00028951939779965256
pemerintah chinamenyatakan,NOR,1,pemerintah chinamenyatakan,0.0,0.0005790387955993051,0.00028951939779965256
pemilihan presiden presiden as,EVT,1,pemilihan presiden presiden as,0.0,0.0005790387955993051,0.00028951939779965256
pemilihan kepemimpinan,EVT,1,pemilihan kepemimpinan,0.0,0.0005790387955993051,0.00028951939779965256
pemerintahkorselmengucurkan,NOR,1,pemerintahkorselmengucurkan,0.0,0.0005790387955993051,0.00028951939779965256
pemerintahjermanmemprediksikan,NOR,1,pemerintahjermanmemprediksikan,0.0,0.0005790387955993051,0.00028951939779965256
pemerintahchinamenyatakan,NOR,1,pemerintahchinamenyatakan,0.0,0.0005790387955993051,0.00028951939779965256
pemerintahan xi jinping,NOR,1,pemerintahan xi jinping,0.0,0.0005790387955993051,0.00028951939779965256
pemerintahan negeri paman sam,NOR,1,pemerintahan negeri paman sam,0.0,0.0005790387955993051,0.00028951939779965256
pemerintahan negara asia tenggara,NOR,1,pemerintahan negara asia tenggara,0.0,0.0005790387955993051,0.00028951939779965256
anna liu,PER,1,anna liu,0.0,0.0005790387955993051,0.00028951939779965256
ankara,GPE,1,ankara,0.0,0.0005790387955993051,0.00028951939779965256
anisah shukry philip heijmans,PER,1,anisah shukry philip heijmans,0.0,0.0005790387955993051,0.00028951939779965256
anindya bakrie,PER,1,anindya bakrie,0.0,0.0005790387955993051,0.00028951939779965256
anindya,ORG,1,anindya,0.0,0.0005790387955993051,0.00028951939779965256
angola,GPE,1,angola,0.0,0.0005790387955993051,0.00028951939779965256
angkatan udara kerajaan thailand,NOR,1,angkatan udara kerajaan thailand,0.0,0.0005790387955993051,0.00028951939779965256
anggur champagne,PRD,1,anggur champagne,0.0,0.0005790387955993051,0.00028951939779965256
coamerika serikat,ORG,1,coamerika serikat,0.0,0.0005790387955993051,0.00028951939779965256
cnnindonesia com,ORG,1,cnnindonesia com,0.0,0.0005790387955993051,0.00028951939779965256
cnn indonesia,ORG,1,cnn indonesia,0.0,0.0005790387955993051,0.00028951939779965256
cnf,NOR,1,cnf,0.0,0.0005790387955993051,0.00028951939779965256
cncb indonesia,ORG,1,cncb indonesia,0.0,0.0005790387955993051,0.00028951939779965256
cnbcmelaporkan,ORG,1,cnbcmelaporkan,0.0,0.0005790387955993051,0.00028951939779965256
cnbcindonesia,ORG,1,cnbcindonesia,0.0,0.0005790387955993051,0.00028951939779965256
cnbc internationalmencontohkan,ORG,1,cnbc internationalmencontohkan,0.0,0.0005790387955993051,0.00028951939779965256
cnbc internasional,ORG,1,cnbc internasional,0.0,0.0005790387955993051,0.00028951939779965256
cnbc indonesia raksasa ritel amerika serikat,ORG,1,cnbc indonesia raksasa ritel amerika serikat,0.0,0.0005790387955993051,0.00028951939779965256
cnbc indonesia pt pelabuhan indonesia persero,ORG,1,cnbc indonesia pt pelabuhan indonesia persero,0.0,0.0005790387955993051,0.00028951939779965256
pemilu trump,EVT,1,pemilu trump,0.0,0.0005790387955993051,0.00028951939779965256
pemilu buruh,EVT,1,pemilu buruh,0.0,0.0005790387955993051,0.00028951939779965256
pemilihan umum pemilu,EVT,1,pemilihan umum pemilu,0.0,0.0005790387955993051,0.00028951939779965256
pemilihan umum federal,EVT,1,pemilihan umum federal,0.0,0.0005790387955993051,0.00028951939779965256
pemilihan umum carney,EVT,1,pemilihan umum carney,0.0,0.0005790387955993051,0.00028951939779965256
pengadilan banding federal as,NOR,1,pengadilan banding federal as,0.0,0.0005790387955993051,0.00028951939779965256
pengadilan as,NOR,1,pengadilan as,0.0,0.0005790387955993051,0.00028951939779965256
peneliti center of reform on economics core indonesia,ORG,1,peneliti center of reform on economics core indonesia,0.0,0.0005790387955993051,0.00028951939779965256
pendiri agung sedayu group,ORG,1,pendiri agung sedayu group,0.0,0.0005790387955993051,0.00028951939779965256
pendanaancina,ORG,1,pendanaancina,0.0,0.0005790387955993051,0.00028951939779965256
penasihat pertambangan asosiasi penambang nikel indonesia,ORG,1,penasihat pertambangan asosiasi penambang nikel indonesia,0.0,0.0005790387955993051,0.00028951939779965256
pemotongan,LAW,1,pemotongan,0.0,0.0005790387955993051,0.00028951939779965256
pemimpin vietnam,NOR,1,pemimpin vietnam,0.0,0.0005790387955993051,0.00028951939779965256
pemimpin uni eropa ue,NOR,1,pemimpin uni eropa ue,0.0,0.0005790387955993051,0.00028951939779965256
pemimpin partai liberal,NOR,1,pemimpin partai liberal,0.0,0.0005790387955993051,0.00028951939779965256
pemimpin kanada,NOR,1,pemimpin kanada,0.0,0.0005790387955993051,0.00028951939779965256
pemimpin china,NOR,1,pemimpin china,0.0,0.0005790387955993051,0.00028951939779965256
pemimpin asia tenggara,NOR,1,pemimpin asia tenggara,0.0,0.0005790387955993051,0.00028951939779965256
coketua dpr ri,NOR,1,coketua dpr ri,0.0,0.0005790387955993051,0.00028951939779965256
coindesk bitcoin,ORG,1,coindesk bitcoin,0.0,0.0005790387955993051,0.00028951939779965256
codenya,ORG,1,codenya,0.0,0.0005790387955993051,0.00028951939779965256
peralihan,PRD,1,peralihan,0.0,0.0005790387955993051,0.00028951939779965256
peralatan mekanik,PRD,1,peralatan mekanik,0.0,0.0005790387955993051,0.00028951939779965256
peralatan listrik alas kaki pakaian,PRD,1,peralatan listrik alas kaki pakaian,0.0,0.0005790387955993051,0.00028951939779965256
peralatan listrik,PRD,1,peralatan listrik,0.0,0.0005790387955993051,0.00028951939779965256
pentagon,NOR,1,pentagon,0.0,0.0005790387955993051,0.00028951939779965256
pengusaha kelapa,ORG,1,pengusaha kelapa,0.0,0.0005790387955993051,0.00028951939779965256
penguatan,ORG,1,penguatan,0.0,0.0005790387955993051,0.00028951939779965256
pengendalian ekspor dan,EVT,1,pengendalian ekspor dan,0.0,0.0005790387955993051,0.00028951939779965256
pengawas,NOR,1,pengawas,0.0,0.0005790387955993051,0.00028951939779965256
pengamat ekonomi universitas andalas,ORG,1,pengamat ekonomi universitas andalas,0.0,0.0005790387955993051,0.00028951939779965256
pengadilan perdagangan internasional federal amerika serikat as,NOR,1,pengadilan perdagangan internasional federal amerika serikat as,0.0,0.0005790387955993051,0.00028951939779965256
pengadilan perdagangan internasional as,NOR,1,pengadilan perdagangan internasional as,0.0,0.0005790387955993051,0.00028951939779965256
pengadilan perdagangan internasional amerika serikat,NOR,1,pengadilan perdagangan internasional amerika serikat,0.0,0.0005790387955993051,0.00028951939779965256
pengadilan konstitusi,LAW,1,pengadilan konstitusi,0.0,0.0005790387955993051,0.00028951939779965256
pengadilan federal as,NOR,1,pengadilan federal as,0.0,0.0005790387955993051,0.00028951939779965256
pengadilan federal,NOR,1,pengadilan federal,0.0,0.0005790387955993051,0.00028951939779965256
cnbc indonesia bank indonesia bi,ORG,1,cnbc indonesia bank indonesia bi,0.0,0.0005790387955993051,0.00028951939779965256
cnbc indonesia asia pacific economic cooperation apec,ORG,1,cnbc indonesia asia pacific economic cooperation apec,0.0,0.0005790387955993051,0.00028951939779965256
closing,EVT,1,closing,0.0,0.0005790387955993051,0.00028951939779965256
climate wib,PRD,1,climate wib,0.0,0.0005790387955993051,0.00028951939779965256
cleveland,ORG,1,cleveland,0.0,0.0005790387955993051,0.00028951939779965256
claudia sheinbaummengumumkan,PER,1,claudia sheinbaummengumumkan,0.0,0.0005790387955993051,0.00028951939779965256
peraturan presiden perpres nomor tahun tentang pengadaan barang dan jasa pbj,LAW,1,peraturan presiden perpres nomor tahun tentang pengadaan barang dan jasa pbj,0.0,0.0005790387955993051,0.00028951939779965256
peraturan pemerintah nomor tahun,LAW,1,peraturan pemerintah nomor tahun,0.0,0.0005790387955993051,0.00028951939779965256
peraturan bi nomor tahun tentang sistem pembayaran,LAW,1,peraturan bi nomor tahun tentang sistem pembayaran,0.0,0.0005790387955993051,0.00028951939779965256
peraturan bi nomor tahun tentang,LAW,1,peraturan bi nomor tahun tentang,0.0,0.0005790387955993051,0.00028951939779965256
perangkat,PRD,1,perangkat,0.0,0.0005790387955993051,0.00028951939779965256
perang dagang trans atlantik,EVT,1,perang dagang trans atlantik,0.0,0.0005790387955993051,0.00028951939779965256
perang dagang jilid i as,EVT,1,perang dagang jilid i as,0.0,0.0005790387955993051,0.00028951939779965256
perang dagang jilid,EVT,1,perang dagang jilid,0.0,0.0005790387955993051,0.00028951939779965256
perang dagang,EVT,1,perang dagang,0.0,0.0005790387955993051,0.00028951939779965256
perang,NOR,1,perang,0.0,0.0005790387955993051,0.00028951939779965256
perdana menteri pm malaysia,NOR,1,perdana menteri pm malaysia,0.0,0.0005790387955993051,0.00028951939779965256
perdana menteri pm australia,NOR,1,perdana menteri pm australia,0.0,0.0005790387955993051,0.00028951939779965256
perdana menteri pm,NOR,1,perdana menteri pm,0.0,0.0005790387955993051,0.00028951939779965256
perdana menteri laos,NOR,1,perdana menteri laos,0.0,0.0005790387955993051,0.00028951939779965256
perdana menteri kamboja,NOR,1,perdana menteri kamboja,0.0,0.0005790387955993051,0.00028951939779965256
perdana menteri india,NOR,1,perdana menteri india,0.0,0.0005790387955993051,0.00028951939779965256
perdagangan nasional nte,LAW,1,perdagangan nasional nte,0.0,0.0005790387955993051,0.00028951939779965256
perdagangan nasional national,LAW,1,perdagangan nasional national,0.0,0.0005790387955993051,0.00028951939779965256
perdagangan internasional as,ORG,1,perdagangan internasional as,0.0,0.0005790387955993051,0.00028951939779965256
perdagangan gedung putih,ORG,1,perdagangan gedung putih,0.0,0.0005790387955993051,0.00028951939779965256
perdagangan dalam negeri djpdn kemendagnawandaru,NOR,1,perdagangan dalam negeri djpdn kemendagnawandaru,0.0,0.0005790387955993051,0.00028951939779965256
perdagangan china,ORG,1,perdagangan china,0.0,0.0005790387955993051,0.00028951939779965256
perbankan,ORG,1,perbankan,0.0,0.0005790387955993051,0.00028951939779965256
cnbc indonesia ecommerce china,ORG,1,cnbc indonesia ecommerce china,0.0,0.0005790387955993051,0.00028951939779965256
cnbc indonesia beijing,ORG,1,cnbc indonesia beijing,0.0,0.0005790387955993051,0.00028951939779965256
cnbc indonesia bank sentral amerika serikat as,ORG,1,cnbc indonesia bank sentral amerika serikat as,0.0,0.0005790387955993051,0.00028951939779965256
perjanjian perdagangan,LAW,1,perjanjian perdagangan,0.0,0.0005790387955993051,0.00028951939779965256
perjanjian paris,LAW,1,perjanjian paris,0.0,0.0005790387955993051,0.00028951939779965256
perjanjian kerangka kerja perdagangan dan investasi tifa,LAW,1,perjanjian kerangka kerja perdagangan dan investasi tifa,0.0,0.0005790387955993051,0.00028951939779965256
perjanjian kerahasiaan non disclosure agreement,LAW,1,perjanjian kerahasiaan non disclosure agreement,0.0,0.0005790387955993051,0.00028951939779965256
perjanjian,LAW,1,perjanjian,0.0,0.0005790387955993051,0.00028951939779965256
perikanan laut,PRD,1,perikanan laut,0.0,0.0005790387955993051,0.00028951939779965256
perhimpunan bangsa bangsa,ORG,1,perhimpunan bangsa bangsa,0.0,0.0005790387955993051,0.00028951939779965256
perguruan tinggi negeri ptn,ORG,1,perguruan tinggi negeri ptn,0.0,0.0005790387955993051,0.00028951939779965256
perempat,QTY,1,perempat,0.0,0.0005790387955993051,0.00028951939779965256
perekonomianairlangga,ORG,1,perekonomianairlangga,0.0,0.0005790387955993051,0.00028951939779965256
perekonomian jakarta,ORG,1,perekonomian jakarta,0.0,0.0005790387955993051,0.00028951939779965256
perdana menterikanadayang,NOR,1,perdana menterikanadayang,0.0,0.0005790387955993051,0.00028951939779965256
perdana menteriisraelbenjaminnetanyahutiba,NOR,1,perdana menteriisraelbenjaminnetanyahutiba,0.0,0.0005790387955993051,0.00028951939779965256
perdana menteri timor leste,NOR,1,perdana menteri timor leste,0.0,0.0005790387955993051,0.00028951939779965256
perdana menteri thailand,NOR,1,perdana menteri thailand,0.0,0.0005790387955993051,0.00028951939779965256
perdana menteri singapura,NOR,1,perdana menteri singapura,0.0,0.0005790387955993051,0.00028951939779965256
batu bara minyak sawit nikel,PRD,1,batu bara minyak sawit nikel,0.0,0.0005790387955993051,0.00028951939779965256
batik,PRD,1,batik,0.0,0.0005790387955993051,0.00028951939779965256
baterai storage,PRD,1,baterai storage,0.0,0.0005790387955993051,0.00028951939779965256
baterai kendaraan listriknya,PRD,1,baterai kendaraan listriknya,0.0,0.0005790387955993051,0.00028951939779965256
baterai baterai kendaraan listrik,PRD,1,baterai baterai kendaraan listrik,0.0,0.0005790387955993051,0.00028951939779965256
class,PRD,1,class,0.0,0.0005790387955993051,0.00028951939779965256
clara,PRD,1,clara,0.0,0.0005790387955993051,0.00028951939779965256
civitas akademikastie malangkucecwara abm malang,ORG,1,civitas akademikastie malangkucecwara abm malang,0.0,0.0005790387955993051,0.00028951939779965256
perpres nomor tahun tentang pengadaan barang jasa pemerintah,LAW,1,perpres nomor tahun tentang pengadaan barang jasa pemerintah,0.0,0.0005790387955993051,0.00028951939779965256
perpres,LAW,1,perpres,0.0,0.0005790387955993051,0.00028951939779965256
permesinan otomotif,ORG,1,permesinan otomotif,0.0,0.0005790387955993051,0.00028951939779965256
permainan video,ORG,1,permainan video,0.0,0.0005790387955993051,0.00028951939779965256
perlengkapan elektrik hs,PRD,1,perlengkapan elektrik hs,0.0,0.0005790387955993051,0.00028951939779965256
perlengkapan elektrik,PRD,1,perlengkapan elektrik,0.0,0.0005790387955993051,0.00028951939779965256
perkebunan,ORG,1,perkebunan,0.0,0.0005790387955993051,0.00028951939779965256
perjanjian perdagangan bebas,LAW,1,perjanjian perdagangan bebas,0.0,0.0005790387955993051,0.00028951939779965256
anchor,LAW,1,anchor,0.0,0.0005790387955993051,0.00028951939779965256
pertemuan apec,EVT,1,pertemuan apec,0.0,0.0005790387955993051,0.00028951939779965256
pertemuan,EVT,1,pertemuan,0.0,0.0005790387955993051,0.00028951939779965256
pertanian,PRD,1,pertanian,0.0,0.0005790387955993051,0.00028951939779965256
persidangan iii tahun sidang dpr,EVT,1,persidangan iii tahun sidang dpr,0.0,0.0005790387955993051,0.00028951939779965256
persidangan iii,EVT,1,persidangan iii,0.0,0.0005790387955993051,0.00028951939779965256
persetujuanetf bitcoin,ORG,1,persetujuanetf bitcoin,0.0,0.0005790387955993051,0.00028951939779965256
perseroan,ORG,1,perseroan,0.0,0.0005790387955993051,0.00028951939779965256
perserikatan,NOR,1,perserikatan,0.0,0.0005790387955993051,0.00028951939779965256
persatuan,ORG,1,persatuan,0.0,0.0005790387955993051,0.00028951939779965256
perry warjiyodan,PER,1,perry warjiyodan,0.0,0.0005790387955993051,0.00028951939779965256
perry warjiyo,PER,1,perry warjiyo,0.0,0.0005790387955993051,0.00028951939779965256
baziedy aditya darmawan,PER,1,baziedy aditya darmawan,0.0,0.0005790387955993051,0.00028951939779965256
bayu saputrasenin mei,PER,1,bayu saputrasenin mei,0.0,0.0005790387955993051,0.00028951939779965256
bayu saputra,PER,1,bayu saputra,0.0,0.0005790387955993051,0.00028951939779965256
bawang putihsaat,PRD,1,bawang putihsaat,0.0,0.0005790387955993051,0.00028951939779965256
perth,GPE,1,perth,0.0,0.0005790387955993051,0.00028951939779965256
pertemuang,EVT,1,pertemuang,0.0,0.0005790387955993051,0.00028951939779965256
pertemuanfomcperiode,EVT,1,pertemuanfomcperiode,0.0,0.0005790387955993051,0.00028951939779965256
anggaran,EVT,1,anggaran,0.0,0.0005790387955993051,0.00028951939779965256
andy palmer,PER,1,andy palmer,0.0,0.0005790387955993051,0.00028951939779965256
andy,PRD,1,andy,0.0,0.0005790387955993051,0.00028951939779965256
andry satrio nugroho,PER,1,andry satrio nugroho,0.0,0.0005790387955993051,0.00028951939779965256
andry asmoro,PER,1,andry asmoro,0.0,0.0005790387955993051,0.00028951939779965256
andry,ORG,1,andry,0.0,0.0005790387955993051,0.00028951939779965256
android headlines,ORG,1,android headlines,0.0,0.0005790387955993051,0.00028951939779965256
andrea,ORG,1,andrea,0.0,0.0005790387955993051,0.00028951939779965256
andre schulten,PER,1,andre schulten,0.0,0.0005790387955993051,0.00028951939779965256
andre janse van vuuren,PER,1,andre janse van vuuren,0.0,0.0005790387955993051,0.00028951939779965256
andre,PER,1,andre,0.0,0.0005790387955993051,0.00028951939779965256
andalas,ORG,1,andalas,0.0,0.0005790387955993051,0.00028951939779965256
and investment framework agreement tifa,EVT,1,and investment framework agreement tifa,0.0,0.0005790387955993051,0.00028951939779965256
pesawat penuh,PRD,1,pesawat penuh,0.0,0.0005790387955993051,0.00028951939779965256
pesawat max lorong tunggal,PRD,1,pesawat max lorong tunggal,0.0,0.0005790387955993051,0.00028951939779965256
pesawat komersial,PRD,1,pesawat komersial,0.0,0.0005790387955993051,0.00028951939779965256
pesawat jet komersial,PRD,1,pesawat jet komersial,0.0,0.0005790387955993051,0.00028951939779965256
pesawat jet boeing,PRD,1,pesawat jet boeing,0.0,0.0005790387955993051,0.00028951939779965256
pesawat boeing max,PRD,1,pesawat boeing max,0.0,0.0005790387955993051,0.00028951939779965256
pesawat boeing jet max,PRD,1,pesawat boeing jet max,0.0,0.0005790387955993051,0.00028951939779965256
pesawat boeing,PRD,1,pesawat boeing,0.0,0.0005790387955993051,0.00028951939779965256
pesawat berbadan sempit,PRD,1,pesawat berbadan sempit,0.0,0.0005790387955993051,0.00028951939779965256
pesawat as boeing,PRD,1,pesawat as boeing,0.0,0.0005790387955993051,0.00028951939779965256
pesawat as,PRD,1,pesawat as,0.0,0.0005790387955993051,0.00028951939779965256
perwakilan perdagangan amerika serikat,NOR,1,perwakilan perdagangan amerika serikat,0.0,0.0005790387955993051,0.00028951939779965256
perwakilan perdagangan,NOR,1,perwakilan perdagangan,0.0,0.0005790387955993051,0.00028951939779965256
perwakilan dagang,NOR,1,perwakilan dagang,0.0,0.0005790387955993051,0.00028951939779965256
perusah,ORG,1,perusah,0.0,0.0005790387955993051,0.00028951939779965256
pertumbuhan ekonomi indonesia,ORG,1,pertumbuhan ekonomi indonesia,0.0,0.0005790387955993051,0.00028951939779965256
phoenix,GPE,1,phoenix,0.0,0.0005790387955993051,0.00028951939779965256
philip heijmans,PER,1,philip heijmans,0.0,0.0005790387955993051,0.00028951939779965256
pham minh chinh,PER,1,pham minh chinh,0.0,0.0005790387955993051,0.00028951939779965256
phal niseiy,PER,1,phal niseiy,0.0,0.0005790387955993051,0.00028951939779965256
ph,ORG,1,ph,0.0,0.0005790387955993051,0.00028951939779965256
pew,ORG,1,pew,0.0,0.0005790387955993051,0.00028951939779965256
petromenolak,PER,1,petromenolak,0.0,0.0005790387955993051,0.00028951939779965256
petroleum,ORG,1,petroleum,0.0,0.0005790387955993051,0.00028951939779965256
petikemas,LOC,1,petikemas,0.0,0.0005790387955993051,0.00028951939779965256
peterson institute for international economics,ORG,1,peterson institute for international economics,0.0,0.0005790387955993051,0.00028951939779965256
peter navarro,PER,1,peter navarro,0.0,0.0005790387955993051,0.00028951939779965256
peter,PER,1,peter,0.0,0.0005790387955993051,0.00028951939779965256
pesisir timur,LOC,1,pesisir timur,0.0,0.0005790387955993051,0.00028951939779965256
pesawatboeingdari,PRD,1,pesawatboeingdari,0.0,0.0005790387955993051,0.00028951939779965256
pesawat tempur,PRD,1,pesawat tempur,0.0,0.0005790387955993051,0.00028951939779965256
pesawat produksiboeingdan,PRD,1,pesawat produksiboeingdan,0.0,0.0005790387955993051,0.00028951939779965256
pkp,NOR,1,pkp,0.0,0.0005790387955993051,0.00028951939779965256
pjsp,ORG,1,pjsp,0.0,0.0005790387955993051,0.00028951939779965256
pittsburgh,GPE,1,pittsburgh,0.0,0.0005790387955993051,0.00028951939779965256
piston,PRD,1,piston,0.0,0.0005790387955993051,0.00028951939779965256
pipa,PRD,1,pipa,0.0,0.0005790387955993051,0.00028951939779965256
pintu,ORG,1,pintu,0.0,0.0005790387955993051,0.00028951939779965256
pimpinan negara negara asean,NOR,1,pimpinan negara negara asean,0.0,0.0005790387955993051,0.00028951939779965256
pimpinan mpr ri,NOR,1,pimpinan mpr ri,0.0,0.0005790387955993051,0.00028951939779965256
pimpinan amazon group,ORG,1,pimpinan amazon group,0.0,0.0005790387955993051,0.00028951939779965256
pilpres as,EVT,1,pilpres as,0.0,0.0005790387955993051,0.00028951939779965256
pilpres,EVT,1,pilpres,0.0,0.0005790387955993051,0.00028951939779965256
pierre olivier gourinchas,PER,1,pierre olivier gourinchas,0.0,0.0005790387955993051,0.00028951939779965256
pierre gabris,PER,1,pierre gabris,0.0,0.0005790387955993051,0.00028951939779965256
pidato penutupan,EVT,1,pidato penutupan,0.0,0.0005790387955993051,0.00028951939779965256
pidato berapi api,EVT,1,pidato berapi api,0.0,0.0005790387955993051,0.00028951939779965256
picu,ORG,1,picu,0.0,0.0005790387955993051,0.00028951939779965256
cip huawei,PRD,1,cip huawei,0.0,0.0005790387955993051,0.00028951939779965256
cip,PRD,1,cip,0.0,0.0005790387955993051,0.00028951939779965256
cinaxi,NOR,1,cinaxi,0.0,0.0005790387955993051,0.00028951939779965256
cinauntuk,GPE,1,cinauntuk,0.0,0.0005790387955993051,0.00028951939779965256
cinaturun,GPE,1,cinaturun,0.0,0.0005790387955993051,0.00028951939779965256
cina meksiko,GPE,1,cina meksiko,0.0,0.0005790387955993051,0.00028951939779965256
cina jepang,GPE,1,cina jepang,0.0,0.0005790387955993051,0.00028951939779965256
cilegon banten,ORG,1,cilegon banten,0.0,0.0005790387955993051,0.00028951939779965256
cilegon,GPE,1,cilegon,0.0,0.0005790387955993051,0.00028951939779965256
chrystia freeland,PER,1,chrystia freeland,0.0,0.0005790387955993051,0.00028951939779965256
christopher,PER,1,christopher,0.0,0.0005790387955993051,0.00028951939779965256
plts atap,PRD,1,plts atap,0.0,0.0005790387955993051,0.00028951939779965256
plts,PRD,1,plts,0.0,0.0005790387955993051,0.00028951939779965256
pln,ORG,1,pln,0.0,0.0005790387955993051,0.00028951939779965256
plc,PRD,1,plc,0.0,0.0005790387955993051,0.00028951939779965256
plato,ORG,1,plato,0.0,0.0005790387955993051,0.00028951939779965256
poliester,ORG,1,poliester,0.0,0.0005790387955993051,0.00028951939779965256
policy brief,LAW,1,policy brief,0.0,0.0005790387955993051,0.00028951939779965256
policy,LAW,1,policy,0.0,0.0005790387955993051,0.00028951939779965256
pol wasekjen dpp gerindra,NOR,1,pol wasekjen dpp gerindra,0.0,0.0005790387955993051,0.00028951939779965256
poin,PRD,1,poin,0.0,0.0005790387955993051,0.00028951939779965256
pohon pinus plastik,PRD,1,pohon pinus plastik,0.0,0.0005790387955993051,0.00028951939779965256
pohon,PRD,1,pohon,0.0,0.0005790387955993051,0.00028951939779965256
podcastbbc,ORG,1,podcastbbc,0.0,0.0005790387955993051,0.00028951939779965256
pocket,ORG,1,pocket,0.0,0.0005790387955993051,0.00028951939779965256
pmtb,ORG,1,pmtb,0.0,0.0005790387955993051,0.00028951939779965256
pmi manufaktur as,ORG,1,pmi manufaktur as,0.0,0.0005790387955993051,0.00028951939779965256
pltu,PRD,1,pltu,0.0,0.0005790387955993051,0.00028951939779965256
civilization,ORG,1,civilization,0.0,0.0005790387955993051,0.00028951939779965256
citi,ORG,1,citi,0.0,0.0005790387955993051,0.00028951939779965256
cip komputer scroll,PRD,1,cip komputer scroll,0.0,0.0005790387955993051,0.00028951939779965256
cip kecerdasan buatan ai,PRD,1,cip kecerdasan buatan ai,0.0,0.0005790387955993051,0.00028951939779965256
pound,MON,1,pound,0.0,0.0005790387955993051,0.00028951939779965256
post selasa,ORG,1,post selasa,0.0,0.0005790387955993051,0.00028951939779965256
posco,ORG,1,posco,0.0,0.0005790387955993051,0.00028951939779965256
porsche,ORG,1,porsche,0.0,0.0005790387955993051,0.00028951939779965256
popmenerima,ORG,1,popmenerima,0.0,0.0005790387955993051,0.00028951939779965256
popal,PRD,1,popal,0.0,0.0005790387955993051,0.00028951939779965256
pop,ORG,1,pop,0.0,0.0005790387955993051,0.00028951939779965256
poor dow,PRD,1,poor dow,0.0,0.0005790387955993051,0.00028951939779965256
ponselnya,PRD,1,ponselnya,0.0,0.0005790387955993051,0.00028951939779965256
ponsel pintar,PRD,1,ponsel pintar,0.0,0.0005790387955993051,0.00028951939779965256
ponsel mainan komputer,PRD,1,ponsel mainan komputer,0.0,0.0005790387955993051,0.00028951939779965256
ponsel android,PRD,1,ponsel android,0.0,0.0005790387955993051,0.00028951939779965256
poly kedua,ORG,1,poly kedua,0.0,0.0005790387955993051,0.00028951939779965256
polly,ORG,1,polly,0.0,0.0005790387955993051,0.00028951939779965256
polling,NOR,1,polling,0.0,0.0005790387955993051,0.00028951939779965256
polisi,NOR,1,polisi,0.0,0.0005790387955993051,0.00028951939779965256
presiden amerikadonald,NOR,1,presiden amerikadonald,0.0,0.0005790387955993051,0.00028951939779965256
presiden ameriak serikat as,NOR,1,presiden ameriak serikat as,0.0,0.0005790387955993051,0.00028951939779965256
presiden afrika selatan,NOR,1,presiden afrika selatan,0.0,0.0005790387955993051,0.00028951939779965256
prepared,PRD,1,prepared,0.0,0.0005790387955993051,0.00028951939779965256
prajogo pangestu,PER,1,prajogo pangestu,0.0,0.0005790387955993051,0.00028951939779965256
prajogo,ORG,1,prajogo,0.0,0.0005790387955993051,0.00028951939779965256
prada capai,ORG,1,prada capai,0.0,0.0005790387955993051,0.00028951939779965256
prabowosubianto,PER,1,prabowosubianto,0.0,0.0005790387955993051,0.00028951939779965256
prabowo subiantomenyetujui,PER,1,prabowo subiantomenyetujui,0.0,0.0005790387955993051,0.00028951939779965256
pr,PER,1,pr,0.0,0.0005790387955993051,0.00028951939779965256
pppk,NOR,1,pppk,0.0,0.0005790387955993051,0.00028951939779965256
ppadahal,ORG,1,ppadahal,0.0,0.0005790387955993051,0.00028951939779965256
powelluntuk,PER,1,powelluntuk,0.0,0.0005790387955993051,0.00028951939779965256
poundsterling inggris,MON,1,poundsterling inggris,0.0,0.0005790387955993051,0.00028951939779965256
poundsterling,MON,1,poundsterling,0.0,0.0005790387955993051,0.00028951939779965256
pound sterling inggris,MON,1,pound sterling inggris,0.0,0.0005790387955993051,0.00028951939779965256
chip ai nvidia,PRD,1,chip ai nvidia,0.0,0.0005790387955993051,0.00028951939779965256
chip ai ascend,PRD,1,chip ai ascend,0.0,0.0005790387955993051,0.00028951939779965256
chinapada,GPE,1,chinapada,0.0,0.0005790387955993051,0.00028951939779965256
chinamenjadi,GPE,1,chinamenjadi,0.0,0.0005790387955993051,0.00028951939779965256
chinamengumumkan,GPE,1,chinamengumumkan,0.0,0.0005790387955993051,0.00028951939779965256
presiden kamar dagang amerika,NOR,1,presiden kamar dagang amerika,0.0,0.0005790387955993051,0.00028951939779965256
presiden indonesia,NOR,1,presiden indonesia,0.0,0.0005790387955993051,0.00028951939779965256
presiden finlandia,NOR,1,presiden finlandia,0.0,0.0005790387955993051,0.00028951939779965256
presiden filipina,NOR,1,presiden filipina,0.0,0.0005790387955993051,0.00028951939779965256
presiden direktur pt unilever indonesia tbk unvr,ORG,1,presiden direktur pt unilever indonesia tbk unvr,0.0,0.0005790387955993051,0.00028951939779965256
presiden direktur pt doo financial futures,ORG,1,presiden direktur pt doo financial futures,0.0,0.0005790387955993051,0.00028951939779965256
presiden direktur,NOR,1,presiden direktur,0.0,0.0005790387955993051,0.00028951939779965256
presiden dewan eropa,NOR,1,presiden dewan eropa,0.0,0.0005790387955993051,0.00028951939779965256
presiden chinaxi,NOR,1,presiden chinaxi,0.0,0.0005790387955993051,0.00028951939779965256
presiden bank sentral jerman,ORG,1,presiden bank sentral jerman,0.0,0.0005790387955993051,0.00028951939779965256
presiden asosiasi peternak layer indonesia pln,ORG,1,presiden asosiasi peternak layer indonesia pln,0.0,0.0005790387955993051,0.00028951939779965256
presidengustavo,NOR,1,presidengustavo,0.0,0.0005790387955993051,0.00028951939779965256
presidenasdonald,NOR,1,presidenasdonald,0.0,0.0005790387955993051,0.00028951939779965256
presidenamerika serikatusai,NOR,1,presidenamerika serikatusai,0.0,0.0005790387955993051,0.00028951939779965256
presidenamerika serikat,NOR,1,presidenamerika serikat,0.0,0.0005790387955993051,0.00028951939779965256
presiden terpilih amerika serikat,NOR,1,presiden terpilih amerika serikat,0.0,0.0005790387955993051,0.00028951939779965256
presiden perancis,NOR,1,presiden perancis,0.0,0.0005790387955993051,0.00028951939779965256
presiden komisi,NOR,1,presiden komisi,0.0,0.0005790387955993051,0.00028951939779965256
presiden kolombia,NOR,1,presiden kolombia,0.0,0.0005790387955993051,0.00028951939779965256
christmas,LOC,1,christmas,0.0,0.0005790387955993051,0.00028951939779965256
chips,PRD,1,chips,0.0,0.0005790387955993051,0.00028951939779965256
chip semikonduktor,PRD,1,chip semikonduktor,0.0,0.0005790387955993051,0.00028951939779965256
chip pengganti,PRD,1,chip pengganti,0.0,0.0005790387955993051,0.00028951939779965256
chip nvidia,PRD,1,chip nvidia,0.0,0.0005790387955993051,0.00028951939779965256
chip memori,PRD,1,chip memori,0.0,0.0005790387955993051,0.00028951939779965256
chip komputasi canggih,PRD,1,chip komputasi canggih,0.0,0.0005790387955993051,0.00028951939779965256
chip canggih,PRD,1,chip canggih,0.0,0.0005790387955993051,0.00028951939779965256
anadolu,ORG,1,anadolu,0.0,0.0005790387955993051,0.00028951939779965256
amy stillman,PER,1,amy stillman,0.0,0.0005790387955993051,0.00028951939779965256
amy,PER,1,amy,0.0,0.0005790387955993051,0.00028951939779965256
amonium perfluorooctane sulphonate,PRD,1,amonium perfluorooctane sulphonate,0.0,0.0005790387955993051,0.00028951939779965256
amonia biru,PRD,1,amonia biru,0.0,0.0005790387955993051,0.00028951939779965256
amonia,PRD,1,amonia,0.0,0.0005790387955993051,0.00028951939779965256
prodi akuntansi,ORG,1,prodi akuntansi,0.0,0.0005790387955993051,0.00028951939779965256
procter gamble,ORG,1,procter gamble,0.0,0.0005790387955993051,0.00028951939779965256
privilese,PER,1,privilese,0.0,0.0005790387955993051,0.00028951939779965256
primayanticopyright,ORG,1,primayanticopyright,0.0,0.0005790387955993051,0.00028951939779965256
price,PER,1,price,0.0,0.0005790387955993051,0.00028951939779965256
press,ORG,1,press,0.0,0.0005790387955993051,0.00028951939779965256
presidentrumpdan,NOR,1,presidentrumpdan,0.0,0.0005790387955993051,0.00028951939779965256
presidenprabowosubianto,NOR,1,presidenprabowosubianto,0.0,0.0005790387955993051,0.00028951939779965256
presidenprabowo,NOR,1,presidenprabowo,0.0,0.0005790387955993051,0.00028951939779965256
presidennya,NOR,1,presidennya,0.0,0.0005790387955993051,0.00028951939779965256
china news china,ORG,1,china news china,0.0,0.0005790387955993051,0.00028951939779965256
china international energy storage eesa summit,EVT,1,china international energy storage eesa summit,0.0,0.0005790387955993051,0.00028951939779965256
china business councildalam,ORG,1,china business councildalam,0.0,0.0005790387955993051,0.00028951939779965256
chili,GPE,1,chili,0.0,0.0005790387955993051,0.00028951939779965256
chief executive officer ceo nokia,ORG,1,chief executive officer ceo nokia,0.0,0.0005790387955993051,0.00028951939779965256
chief economist permata bank,ORG,1,chief economist permata bank,0.0,0.0005790387955993051,0.00028951939779965256
chief economist citi indonesia,ORG,1,chief economist citi indonesia,0.0,0.0005790387955993051,0.00028951939779965256
chicago,GPE,1,chicago,0.0,0.0005790387955993051,0.00028951939779965256
ancang,ORG,1,ancang,0.0,0.0005790387955993051,0.00028951939779965256
anc,ORG,1,anc,0.0,0.0005790387955993051,0.00028951939779965256
anand krishnamoorthy,PER,1,anand krishnamoorthy,0.0,0.0005790387955993051,0.00028951939779965256
analisbloomberg economics,ORG,1,analisbloomberg economics,0.0,0.0005790387955993051,0.00028951939779965256
analis pasar utama kcm trade tim waterer,ORG,1,analis pasar utama kcm trade tim waterer,0.0,0.0005790387955993051,0.00028951939779965256
analis mata uang,ORG,1,analis mata uang,0.0,0.0005790387955993051,0.00028951939779965256
analis bank,ORG,1,analis bank,0.0,0.0005790387955993051,0.00028951939779965256
analis,ORG,1,analis,0.0,0.0005790387955993051,0.00028951939779965256
pt industri,ORG,1,pt industri,0.0,0.0005790387955993051,0.00028951939779965256
pt freeport indonesia ptfi,ORG,1,pt freeport indonesia ptfi,0.0,0.0005790387955993051,0.00028951939779965256
pt dharma polimetal tbk,ORG,1,pt dharma polimetal tbk,0.0,0.0005790387955993051,0.00028951939779965256
pt bursa efek indonesia bei,ORG,1,pt bursa efek indonesia bei,0.0,0.0005790387955993051,0.00028951939779965256
pt astra otoparts tbk auto,ORG,1,pt astra otoparts tbk auto,0.0,0.0005790387955993051,0.00028951939779965256
pt asia pacific,ORG,1,pt asia pacific,0.0,0.0005790387955993051,0.00028951939779965256
provinsi jiangsu china,GPE,1,provinsi jiangsu china,0.0,0.0005790387955993051,0.00028951939779965256
prosperity,ORG,1,prosperity,0.0,0.0005790387955993051,0.00028951939779965256
program nation hub cnbc,EVT,1,program nation hub cnbc,0.0,0.0005790387955993051,0.00028951939779965256
program autobizz cnbc indonesia,EVT,1,program autobizz cnbc indonesia,0.0,0.0005790387955993051,0.00028951939779965256
prof nasih,PER,1,prof nasih,0.0,0.0005790387955993051,0.00028951939779965256
produk pertanian,ORG,1,produk pertanian,0.0,0.0005790387955993051,0.00028951939779965256
produk perikanan tuna,PRD,1,produk perikanan tuna,0.0,0.0005790387955993051,0.00028951939779965256
chinadengan,GPE,1,chinadengan,0.0,0.0005790387955993051,0.00028951939779965256
chinadaily com,ORG,1,chinadaily com,0.0,0.0005790387955993051,0.00028951939779965256
china thailand,GPE,1,china thailand,0.0,0.0005790387955993051,0.00028951939779965256
pusat konvensi javits,LOC,1,pusat konvensi javits,0.0,0.0005790387955993051,0.00028951939779965256
purwanto nurul,PER,1,purwanto nurul,0.0,0.0005790387955993051,0.00028951939779965256
pulp,PRD,1,pulp,0.0,0.0005790387955993051,0.00028951939779965256
pulau norfolk,LOC,1,pulau norfolk,0.0,0.0005790387955993051,0.00028951939779965256
pulau mcdonald,LOC,1,pulau mcdonald,0.0,0.0005790387955993051,0.00028951939779965256
puan maharani,PER,1,puan maharani,0.0,0.0005790387955993051,0.00028951939779965256
puan,PER,1,puan,0.0,0.0005790387955993051,0.00028951939779965256
ptunileverindonesia tbk,ORG,1,ptunileverindonesia tbk,0.0,0.0005790387955993051,0.00028951939779965256
pttrisula,ORG,1,pttrisula,0.0,0.0005790387955993051,0.00028951939779965256
ptsp,ORG,1,ptsp,0.0,0.0005790387955993051,0.00028951939779965256
ptsn,ORG,1,ptsn,0.0,0.0005790387955993051,0.00028951939779965256
pt unilever indonesia tbk unvr,ORG,1,pt unilever indonesia tbk unvr,0.0,0.0005790387955993051,0.00028951939779965256
pt tifico,ORG,1,pt tifico,0.0,0.0005790387955993051,0.00028951939779965256
pt perusahaan listrik negara pln persero,ORG,1,pt perusahaan listrik negara pln persero,0.0,0.0005790387955993051,0.00028951939779965256
pt pertamina persero,ORG,1,pt pertamina persero,0.0,0.0005790387955993051,0.00028951939779965256
pt krakatau baja industri kbi,ORG,1,pt krakatau baja industri kbi,0.0,0.0005790387955993051,0.00028951939779965256
rabu juli,DAT,1,rabu juli,0.0,0.0005790387955993051,0.00028951939779965256
rabu gedung putih,DAT,1,rabu gedung putih,0.0,0.0005790387955993051,0.00028951939779965256
rabu februari,DAT,1,rabu februari,0.0,0.0005790387955993051,0.00028951939779965256
rabobank london,ORG,1,rabobank london,0.0,0.0005790387955993051,0.00028951939779965256
qxgrlxf,EVT,1,qxgrlxf,0.0,0.0005790387955993051,0.00028951939779965256
quirk,PER,1,quirk,0.0,0.0005790387955993051,0.00028951939779965256
quinlan,PER,1,quinlan,0.0,0.0005790387955993051,0.00028951939779965256
quick response indonesian standard qris,PRD,1,quick response indonesian standard qris,0.0,0.0005790387955993051,0.00028951939779965256
qrismungkin,ORG,1,qrismungkin,0.0,0.0005790387955993051,0.00028951939779965256
pvh,ORG,1,pvh,0.0,0.0005790387955993051,0.00028951939779965256
putu rusta adijayamenyebut,PER,1,putu rusta adijayamenyebut,0.0,0.0005790387955993051,0.00028951939779965256
putu rahwidhiyasa,PER,1,putu rahwidhiyasa,0.0,0.0005790387955993051,0.00028951939779965256
putu,PER,1,putu,0.0,0.0005790387955993051,0.00028951939779965256
pusat studi keamanan internasional coiss universitas muhammadiyah yogyakarta umy,ORG,1,pusat studi keamanan internasional coiss universitas muhammadiyah yogyakarta umy,0.0,0.0005790387955993051,0.00028951939779965256
pusat studi keamanan internasional coiss universitas muhammadiyah yogyakarta,ORG,1,pusat studi keamanan internasional coiss universitas muhammadiyah yogyakarta,0.0,0.0005790387955993051,0.00028951939779965256
pusat penelitian otomotif,ORG,1,pusat penelitian otomotif,0.0,0.0005790387955993051,0.00028951939779965256
channel,ORG,1,channel,0.0,0.0005790387955993051,0.00028951939779965256
changer,PRD,1,changer,0.0,0.0005790387955993051,0.00028951939779965256
chanel,PRD,1,chanel,0.0,0.0005790387955993051,0.00028951939779965256
chandra,ORG,1,chandra,0.0,0.0005790387955993051,0.00028951939779965256
chancay,GPE,1,chancay,0.0,0.0005790387955993051,0.00028951939779965256
chan zuckerberg initiative,ORG,1,chan zuckerberg initiative,0.0,0.0005790387955993051,0.00028951939779965256
chairul tanjung,PER,1,chairul tanjung,0.0,0.0005790387955993051,0.00028951939779965256
chairman ct corpchairul,ORG,1,chairman ct corpchairul,0.0,0.0005790387955993051,0.00028951939779965256
chairman ct corp,ORG,1,chairman ct corp,0.0,0.0005790387955993051,0.00028951939779965256
rahmat mulyana,PER,1,rahmat mulyana,0.0,0.0005790387955993051,0.00028951939779965256
rahmaneditor,PER,1,rahmaneditor,0.0,0.0005790387955993051,0.00028951939779965256
raeedah wahid,PER,1,raeedah wahid,0.0,0.0005790387955993051,0.00028951939779965256
radhika rao,PER,1,radhika rao,0.0,0.0005790387955993051,0.00028951939779965256
radhika,PER,1,radhika,0.0,0.0005790387955993051,0.00028951939779965256
rachmat,PER,1,rachmat,0.0,0.0005790387955993051,0.00028951939779965256
rabu maret,DAT,1,rabu maret,0.0,0.0005790387955993051,0.00028951939779965256
rapat kerja,EVT,1,rapat kerja,0.0,0.0005790387955993051,0.00028951939779965256
rapat inflasi,EVT,1,rapat inflasi,0.0,0.0005790387955993051,0.00028951939779965256
rapat fomc,EVT,1,rapat fomc,0.0,0.0005790387955993051,0.00028951939779965256
rapat berkala kssk ii tahun,EVT,1,rapat berkala kssk ii tahun,0.0,0.0005790387955993051,0.00028951939779965256
rand,ORG,1,rand,0.0,0.0005790387955993051,0.00028951939779965256
rampahosa,LAW,1,rampahosa,0.0,0.0005790387955993051,0.00028951939779965256
ramaphosa scroll,PER,1,ramaphosa scroll,0.0,0.0005790387955993051,0.00028951939779965256
ramaphosa,PER,1,ramaphosa,0.0,0.0005790387955993051,0.00028951939779965256
ramal,ORG,1,ramal,0.0,0.0005790387955993051,0.00028951939779965256
rakyat ppp,NOR,1,rakyat ppp,0.0,0.0005790387955993051,0.00028951939779965256
rakyat indonesia tbk,ORG,1,rakyat indonesia tbk,0.0,0.0005790387955993051,0.00028951939779965256
raksasa industri nordik saab,ORG,1,raksasa industri nordik saab,0.0,0.0005790387955993051,0.00028951939779965256
chen,PER,1,chen,0.0,0.0005790387955993051,0.00028951939779965256
chatib basri,PER,1,chatib basri,0.0,0.0005790387955993051,0.00028951939779965256
chase jamie dimon,PER,1,chase jamie dimon,0.0,0.0005790387955993051,0.00028951939779965256
channel news asia,ORG,1,channel news asia,0.0,0.0005790387955993051,0.00028951939779965256
reina sasaki bloomberg news bloomberg komatsu ltd,ORG,1,reina sasaki bloomberg news bloomberg komatsu ltd,0.0,0.0005790387955993051,0.00028951939779965256
regulasi,PRD,1,regulasi,0.0,0.0005790387955993051,0.00028951939779965256
reformasi,ORG,1,reformasi,0.0,0.0005790387955993051,0.00028951939779965256
redma gita wiraswasta,PER,1,redma gita wiraswasta,0.0,0.0005790387955993051,0.00028951939779965256
redaktur untung jakarta,ORG,1,redaktur untung jakarta,0.0,0.0005790387955993051,0.00028951939779965256
redaksi kumparan,ORG,1,redaksi kumparan,0.0,0.0005790387955993051,0.00028951939779965256
recursive dynamic global trade analysis project gtap,PRD,1,recursive dynamic global trade analysis project gtap,0.0,0.0005790387955993051,0.00028951939779965256
reagan,PER,1,reagan,0.0,0.0005790387955993051,0.00028951939779965256
rd,ORG,1,rd,0.0,0.0005790387955993051,0.00028951939779965256
rcep,ORG,1,rcep,0.0,0.0005790387955993051,0.00028951939779965256
razi,ORG,1,razi,0.0,0.0005790387955993051,0.00028951939779965256
ratu elizabeth ii,PER,1,ratu elizabeth ii,0.0,0.0005790387955993051,0.00028951939779965256
ratih herningtyas,PER,1,ratih herningtyas,0.0,0.0005790387955993051,0.00028951939779965256
rare,PER,1,rare,0.0,0.0005790387955993051,0.00028951939779965256
rapat majelis wali,EVT,1,rapat majelis wali,0.0,0.0005790387955993051,0.00028951939779965256
rapat koordinasi,EVT,1,rapat koordinasi,0.0,0.0005790387955993051,0.00028951939779965256
retno riyanti,PER,1,retno riyanti,0.0,0.0005790387955993051,0.00028951939779965256
response code indonesian standardadalah,PRD,1,response code indonesian standardadalah,0.0,0.0005790387955993051,0.00028951939779965256
response code indonesian standard,PRD,1,response code indonesian standard,0.0,0.0005790387955993051,0.00028951939779965256
response code indonesian,PRD,1,response code indonesian,0.0,0.0005790387955993051,0.00028951939779965256
response code,LAW,1,response code,0.0,0.0005790387955993051,0.00028951939779965256
response,EVT,1,response,0.0,0.0005790387955993051,0.00028951939779965256
reservedi,ORG,1,reservedi,0.0,0.0005790387955993051,0.00028951939779965256
rerie,PER,1,rerie,0.0,0.0005790387955993051,0.00028951939779965256
republikan,ORG,1,republikan,0.0,0.0005790387955993051,0.00028951939779965256
republik rakyat tiongkok china,GPE,1,republik rakyat tiongkok china,0.0,0.0005790387955993051,0.00028951939779965256
republic,ORG,1,republic,0.0,0.0005790387955993051,0.00028951939779965256
representative ustr,ORG,1,representative ustr,0.0,0.0005790387955993051,0.00028951939779965256
renda,PRD,1,renda,0.0,0.0005790387955993051,0.00028951939779965256
relations,ORG,1,relations,0.0,0.0005790387955993051,0.00028951939779965256
rektor,NOR,1,rektor,0.0,0.0005790387955993051,0.00028951939779965256
reinsch,ORG,1,reinsch,0.0,0.0005790387955993051,0.00028951939779965256
riley,ORG,1,riley,0.0,0.0005790387955993051,0.00028951939779965256
riitu,GPE,1,riitu,0.0,0.0005790387955993051,0.00028951939779965256
ricky hartono putra,PER,1,ricky hartono putra,0.0,0.0005790387955993051,0.00028951939779965256
richard aboulafia,PER,1,richard aboulafia,0.0,0.0005790387955993051,0.00028951939779965256
riarrmanatha nasirmenyatakan,PER,1,riarrmanatha nasirmenyatakan,0.0,0.0005790387955993051,0.00028951939779965256
ri as,ORG,1,ri as,0.0,0.0005790387955993051,0.00028951939779965256
rezim,NOR,1,rezim,0.0,0.0005790387955993051,0.00028951939779965256
reza pahlevi,PER,1,reza pahlevi,0.0,0.0005790387955993051,0.00028951939779965256
reza,PER,1,reza,0.0,0.0005790387955993051,0.00028951939779965256
revitalisasi,ORG,1,revitalisasi,0.0,0.0005790387955993051,0.00028951939779965256
review,ORG,1,review,0.0,0.0005790387955993051,0.00028951939779965256
reutersmenyebut,ORG,1,reutersmenyebut,0.0,0.0005790387955993051,0.00028951939779965256
reuters trump,ORG,1,reuters trump,0.0,0.0005790387955993051,0.00028951939779965256
reuters sabtu,ORG,1,reuters sabtu,0.0,0.0005790387955993051,0.00028951939779965256
reuters getty images,ORG,1,reuters getty images,0.0,0.0005790387955993051,0.00028951939779965256
reuters florence lo appledilaporkan,ORG,1,reuters florence lo appledilaporkan,0.0,0.0005790387955993051,0.00028951939779965256
robot humanoid,PRD,1,robot humanoid,0.0,0.0005790387955993051,0.00028951939779965256
robot,PRD,1,robot,0.0,0.0005790387955993051,0.00028951939779965256
roberto schmidtpresiden,PER,1,roberto schmidtpresiden,0.0,0.0005790387955993051,0.00028951939779965256
robert habeck,PER,1,robert habeck,0.0,0.0005790387955993051,0.00028951939779965256
robert armstrong,PER,1,robert armstrong,0.0,0.0005790387955993051,0.00028951939779965256
robert,PER,1,robert,0.0,0.0005790387955993051,0.00028951939779965256
rob,ORG,1,rob,0.0,0.0005790387955993051,0.00028951939779965256
rmol digoogle news,ORG,1,rmol digoogle news,0.0,0.0005790387955993051,0.00028951939779965256
rkef,PRD,1,rkef,0.0,0.0005790387955993051,0.00028951939779965256
rizki,PER,1,rizki,0.0,0.0005790387955993051,0.00028951939779965256
riyadh,GPE,1,riyadh,0.0,0.0005790387955993051,0.00028951939779965256
ritel domestik,PRD,1,ritel domestik,0.0,0.0005790387955993051,0.00028951939779965256
riswaneditor,ORG,1,riswaneditor,0.0,0.0005790387955993051,0.00028951939779965256
riset dan intelijen energi independen global rystad energy,ORG,1,riset dan intelijen energi independen global rystad energy,0.0,0.0005790387955993051,0.00028951939779965256
riset dan inovasi strategis,ORG,1,riset dan inovasi strategis,0.0,0.0005790387955993051,0.00028951939779965256
rimenunjukkan,NOR,1,rimenunjukkan,0.0,0.0005790387955993051,0.00028951939779965256
chad,ORG,1,chad,0.0,0.0005790387955993051,0.00028951939779965256
ch,PRD,1,ch,0.0,0.0005790387955993051,0.00028951939779965256
cfr,LAW,1,cfr,0.0,0.0005790387955993051,0.00028951939779965256
cex,ORG,1,cex,0.0,0.0005790387955993051,0.00028951939779965256
cepat,ORG,1,cepat,0.0,0.0005790387955993051,0.00028951939779965256
cepa,ORG,1,cepa,0.0,0.0005790387955993051,0.00028951939779965256
ceoapple,ORG,1,ceoapple,0.0,0.0005790387955993051,0.00028951939779965256
ceo ricky smartphone,ORG,1,ceo ricky smartphone,0.0,0.0005790387955993051,0.00028951939779965256
ceo raksasa bank amerika serikat as,ORG,1,ceo raksasa bank amerika serikat as,0.0,0.0005790387955993051,0.00028951939779965256
ceo nvidia,ORG,1,ceo nvidia,0.0,0.0005790387955993051,0.00028951939779965256
ceo leads property services indonesia,ORG,1,ceo leads property services indonesia,0.0,0.0005790387955993051,0.00028951939779965256
ceo ibc,ORG,1,ceo ibc,0.0,0.0005790387955993051,0.00028951939779965256
romana ninik feb,PER,1,romana ninik feb,0.0,0.0005790387955993051,0.00028951939779965256
rolled coil crc,PRD,1,rolled coil crc,0.0,0.0005790387955993051,0.00028951939779965256
rodrigo,PRD,1,rodrigo,0.0,0.0005790387955993051,0.00028951939779965256
robotika,PRD,1,robotika,0.0,0.0005790387955993051,0.00028951939779965256
rossiya,PER,1,rossiya,0.0,0.0005790387955993051,0.00028951939779965256
ammonia,GPE,1,ammonia,0.0,0.0005790387955993051,0.00028951939779965256
amman mineral internasional ammn,ORG,1,amman mineral internasional ammn,0.0,0.0005790387955993051,0.00028951939779965256
amerikanisasi,ORG,1,amerikanisasi,0.0,0.0005790387955993051,0.00028951939779965256
amerika serikatdi,GPE,1,amerika serikatdi,0.0,0.0005790387955993051,0.00028951939779965256
amerika kedelai babi daging sapi,PRD,1,amerika kedelai babi daging sapi,0.0,0.0005790387955993051,0.00028951939779965256
american girl,ORG,1,american girl,0.0,0.0005790387955993051,0.00028951939779965256
american businesses and workers,ORG,1,american businesses and workers,0.0,0.0005790387955993051,0.00028951939779965256
american alliance for solar manufacturing trade committee,ORG,1,american alliance for solar manufacturing trade committee,0.0,0.0005790387955993051,0.00028951939779965256
america wealth again,EVT,1,america wealth again,0.0,0.0005790387955993051,0.00028951939779965256
ross,PER,1,ross,0.0,0.0005790387955993051,0.00028951939779965256
roosevelt,PER,1,roosevelt,0.0,0.0005790387955993051,0.00028951939779965256
ronald,PER,1,ronald,0.0,0.0005790387955993051,0.00028951939779965256
chairman acer,ORG,1,chairman acer,0.0,0.0005790387955993051,0.00028951939779965256
chain globalkarena,ORG,1,chain globalkarena,0.0,0.0005790387955993051,0.00028951939779965256
chain,PRD,1,chain,0.0,0.0005790387955993051,0.00028951939779965256
ruang oval gedung putih,LOC,1,ruang oval gedung putih,0.0,0.0005790387955993051,0.00028951939779965256
ruang amphitheater gedung kh ibrahim,LOC,1,ruang amphitheater gedung kh ibrahim,0.0,0.0005790387955993051,0.00028951939779965256
ruang,LOC,1,ruang,0.0,0.0005790387955993051,0.00028951939779965256
rtx,ORG,1,rtx,0.0,0.0005790387955993051,0.00028951939779965256
rs,FAC,1,rs,0.0,0.0005790387955993051,0.00028951939779965256
rrc republik,NOR,1,rrc republik,0.0,0.0005790387955993051,0.00028951939779965256
rp us miliar,MON,1,rp us miliar,0.0,0.0005790387955993051,0.00028951939779965256
rp triliun neom,MON,1,rp triliun neom,0.0,0.0005790387955993051,0.00028951939779965256
rp triliun kurs,MON,1,rp triliun kurs,0.0,0.0005790387955993051,0.00028951939779965256
rp ribu triliun,MON,1,rp ribu triliun,0.0,0.0005790387955993051,0.00028951939779965256
rp miliar kurs,MON,1,rp miliar kurs,0.0,0.0005790387955993051,0.00028951939779965256
rp dolar as,MON,1,rp dolar as,0.0,0.0005790387955993051,0.00028951939779965256
rp bumn,MON,1,rp bumn,0.0,0.0005790387955993051,0.00028951939779965256
rp brics,MON,1,rp brics,0.0,0.0005790387955993051,0.00028951939779965256
rover,PRD,1,rover,0.0,0.0005790387955993051,0.00028951939779965256
rothman,PRD,1,rothman,0.0,0.0005790387955993051,0.00028951939779965256
rupslb,LAW,1,rupslb,0.0,0.0005790387955993051,0.00028951939779965256
rupsdi,PRD,1,rupsdi,0.0,0.0005790387955993051,0.00028951939779965256
rups,LAW,1,rups,0.0,0.0005790387955993051,0.00028951939779965256
rupiahyang,MON,1,rupiahyang,0.0,0.0005790387955993051,0.00028951939779965256
rupiahtetap,MON,1,rupiahtetap,0.0,0.0005790387955993051,0.00028951939779965256
rupiahdipengaruhiketidakpastianyang,MON,1,rupiahdipengaruhiketidakpastianyang,0.0,0.0005790387955993051,0.00028951939779965256
rupiahdipengaruhi,MON,1,rupiahdipengaruhi,0.0,0.0005790387955993051,0.00028951939779965256
rupiah ambles,MON,1,rupiah ambles,0.0,0.0005790387955993051,0.00028951939779965256
rumus matematika epapresiden,PRD,1,rumus matematika epapresiden,0.0,0.0005790387955993051,0.00028951939779965256
rully,PER,1,rully,0.0,0.0005790387955993051,0.00028951939779965256
rudolph contreras,PER,1,rudolph contreras,0.0,0.0005790387955993051,0.00028951939779965256
rudal,PRD,1,rudal,0.0,0.0005790387955993051,0.00028951939779965256
ruchir desai,PER,1,ruchir desai,0.0,0.0005790387955993051,0.00028951939779965256
ruchi bhatia bloomberg news bloomberg ekonomi india,ORG,1,ruchi bhatia bloomberg news bloomberg ekonomi india,0.0,0.0005790387955993051,0.00028951939779965256
ruang timur gedung putih washington dc,LOC,1,ruang timur gedung putih washington dc,0.0,0.0005790387955993051,0.00028951939779965256
ruang oval gedung putih washington dc,LOC,1,ruang oval gedung putih washington dc,0.0,0.0005790387955993051,0.00028951939779965256
saham apple,PRD,1,saham apple,0.0,0.0005790387955993051,0.00028951939779965256
safra catz,PER,1,safra catz,0.0,0.0005790387955993051,0.00028951939779965256
sacramento,GPE,1,sacramento,0.0,0.0005790387955993051,0.00028951939779965256
sabun,PRD,1,sabun,0.0,0.0005790387955993051,0.00028951939779965256
sabtu sobur,PER,1,sabtu sobur,0.0,0.0005790387955993051,0.00028951939779965256
sabtu mei wib,DAT,1,sabtu mei wib,0.0,0.0005790387955993051,0.00028951939779965256
sabtu mei,DAT,1,sabtu mei,0.0,0.0005790387955993051,0.00028951939779965256
sabtu maret wib,DAT,1,sabtu maret wib,0.0,0.0005790387955993051,0.00028951939779965256
sabtu maret,DAT,1,sabtu maret,0.0,0.0005790387955993051,0.00028951939779965256
sabtu juni,DAT,1,sabtu juni,0.0,0.0005790387955993051,0.00028951939779965256
sabtu februari,DAT,1,sabtu februari,0.0,0.0005790387955993051,0.00028951939779965256
sa,NOR,1,sa,0.0,0.0005790387955993051,0.00028951939779965256
ryzen,PRD,1,ryzen,0.0,0.0005790387955993051,0.00028951939779965256
ryan,PER,1,ryan,0.0,0.0005790387955993051,0.00028951939779965256
ruu,LAW,1,ruu,0.0,0.0005790387955993051,0.00028951939779965256
rusiasalah,GPE,1,rusiasalah,0.0,0.0005790387955993051,0.00028951939779965256
saham utama,PRD,1,saham utama,0.0,0.0005790387955993051,0.00028951939779965256
saham teslamenembus,PRD,1,saham teslamenembus,0.0,0.0005790387955993051,0.00028951939779965256
saham saham teknologi,PRD,1,saham saham teknologi,0.0,0.0005790387955993051,0.00028951939779965256
saham saham,PRD,1,saham saham,0.0,0.0005790387955993051,0.00028951939779965256
saham reksadana saham,PRD,1,saham reksadana saham,0.0,0.0005790387955993051,0.00028951939779965256
saham reksadana,PRD,1,saham reksadana,0.0,0.0005790387955993051,0.00028951939779965256
saham otomotif as,PRD,1,saham otomotif as,0.0,0.0005790387955993051,0.00028951939779965256
saham otomotif,PRD,1,saham otomotif,0.0,0.0005790387955993051,0.00028951939779965256
saham nvidia,PRD,1,saham nvidia,0.0,0.0005790387955993051,0.00028951939779965256
saham mobil,PRD,1,saham mobil,0.0,0.0005790387955993051,0.00028951939779965256
saham hybe jyp,PRD,1,saham hybe jyp,0.0,0.0005790387955993051,0.00028951939779965256
saham hybe,PRD,1,saham hybe,0.0,0.0005790387955993051,0.00028951939779965256
saham gap,PRD,1,saham gap,0.0,0.0005790387955993051,0.00028951939779965256
saham emiten,PRD,1,saham emiten,0.0,0.0005790387955993051,0.00028951939779965256
saham dunia,PRD,1,saham dunia,0.0,0.0005790387955993051,0.00028951939779965256
saham berjangka,PRD,1,saham berjangka,0.0,0.0005790387955993051,0.00028951939779965256
ceo aston martin,ORG,1,ceo aston martin,0.0,0.0005790387955993051,0.00028951939779965256
ceo apptronik,ORG,1,ceo apptronik,0.0,0.0005790387955993051,0.00028951939779965256
ceo alpen partners international,ORG,1,ceo alpen partners international,0.0,0.0005790387955993051,0.00028951939779965256
central valley newsom,ORG,1,central valley newsom,0.0,0.0005790387955993051,0.00028951939779965256
central asia tbk,ORG,1,central asia tbk,0.0,0.0005790387955993051,0.00028951939779965256
center of reform on economics core,ORG,1,center of reform on economics core,0.0,0.0005790387955993051,0.00028951939779965256
celios nailul huda,PER,1,celios nailul huda,0.0,0.0005790387955993051,0.00028951939779965256
celios,PER,1,celios,0.0,0.0005790387955993051,0.00028951939779965256
cecilia malmstrom,PER,1,cecilia malmstrom,0.0,0.0005790387955993051,0.00028951939779965256
ccs,ORG,1,ccs,0.0,0.0005790387955993051,0.00028951939779965256
sam altman,PER,1,sam altman,0.0,0.0005790387955993051,0.00028951939779965256
saleskita,ORG,1,saleskita,0.0,0.0005790387955993051,0.00028951939779965256
salesforce mcdonald,ORG,1,salesforce mcdonald,0.0,0.0005790387955993051,0.00028951939779965256
salam,EVT,1,salam,0.0,0.0005790387955993051,0.00028951939779965256
sahid jakarta,ORG,1,sahid jakarta,0.0,0.0005790387955993051,0.00028951939779965256
sahamappleinc,PRD,1,sahamappleinc,0.0,0.0005790387955993051,0.00028951939779965256
sarasehan ekonomi,EVT,1,sarasehan ekonomi,0.0,0.0005790387955993051,0.00028951939779965256
saraiva enda curran,PER,1,saraiva enda curran,0.0,0.0005790387955993051,0.00028951939779965256
saraiva,ORG,1,saraiva,0.0,0.0005790387955993051,0.00028951939779965256
santoso,ORG,1,santoso,0.0,0.0005790387955993051,0.00028951939779965256
santosa apr wib internasional hanoi,ORG,1,santosa apr wib internasional hanoi,0.0,0.0005790387955993051,0.00028951939779965256
santa,PRD,1,santa,0.0,0.0005790387955993051,0.00028951939779965256
sana,GPE,1,sana,0.0,0.0005790387955993051,0.00028951939779965256
samsungjuga,ORG,1,samsungjuga,0.0,0.0005790387955993051,0.00028951939779965256
samsung electronics,ORG,1,samsung electronics,0.0,0.0005790387955993051,0.00028951939779965256
sampingnya,ORG,1,sampingnya,0.0,0.0005790387955993051,0.00028951939779965256
same,ORG,1,same,0.0,0.0005790387955993051,0.00028951939779965256
sambijantoro,ORG,1,sambijantoro,0.0,0.0005790387955993051,0.00028951939779965256
sam baron,PER,1,sam baron,0.0,0.0005790387955993051,0.00028951939779965256
ceo global firma hukum dentons,ORG,1,ceo global firma hukum dentons,0.0,0.0005790387955993051,0.00028951939779965256
ceo freeport mcmoran,ORG,1,ceo freeport mcmoran,0.0,0.0005790387955993051,0.00028951939779965256
ceo eco lips produsen produk kecantikan,ORG,1,ceo eco lips produsen produk kecantikan,0.0,0.0005790387955993051,0.00028951939779965256
amanat mwa unair,ORG,1,amanat mwa unair,0.0,0.0005790387955993051,0.00028951939779965256
amalia,ORG,1,amalia,0.0,0.0005790387955993051,0.00028951939779965256
alvin liu,PER,1,alvin liu,0.0,0.0005790387955993051,0.00028951939779965256
saudi arabia,GPE,1,saudi arabia,0.0,0.0005790387955993051,0.00028951939779965256
satutalkshowtahun,CRD,1,satutalkshowtahun,0.0,0.0005790387955993051,0.00028951939779965256
satuan tugas kementerian perdagangan china,NOR,1,satuan tugas kementerian perdagangan china,0.0,0.0005790387955993051,0.00028951939779965256
satu setengah jam,QTY,1,satu setengah jam,0.0,0.0005790387955993051,0.00028951939779965256
satu persen,PRC,1,satu persen,0.0,0.0005790387955993051,0.00028951939779965256
satu minggu,QTY,1,satu minggu,0.0,0.0005790387955993051,0.00028951939779965256
satu juta,CRD,1,satu juta,0.0,0.0005790387955993051,0.00028951939779965256
satu hari,QTY,1,satu hari,0.0,0.0005790387955993051,0.00028951939779965256
sat nusa batam,ORG,1,sat nusa batam,0.0,0.0005790387955993051,0.00028951939779965256
sat,ORG,1,sat,0.0,0.0005790387955993051,0.00028951939779965256
sarung,ORG,1,sarung,0.0,0.0005790387955993051,0.00028951939779965256
sarolangun,NOR,1,sarolangun,0.0,0.0005790387955993051,0.00028951939779965256
sarasehan ekonomi bersama,EVT,1,sarasehan ekonomi bersama,0.0,0.0005790387955993051,0.00028951939779965256
carolina,GPE,1,carolina,0.0,0.0005790387955993051,0.00028951939779965256
cargo,ORG,1,cargo,0.0,0.0005790387955993051,0.00028951939779965256
capri holdings,ORG,1,capri holdings,0.0,0.0005790387955993051,0.00028951939779965256
capitol washington dc,LOC,1,capitol washington dc,0.0,0.0005790387955993051,0.00028951939779965256
cape,ORG,1,cape,0.0,0.0005790387955993051,0.00028951939779965256
capaian juta ton,ORG,1,capaian juta ton,0.0,0.0005790387955993051,0.00028951939779965256
candice,PER,1,candice,0.0,0.0005790387955993051,0.00028951939779965256
america great,EVT,1,america great,0.0,0.0005790387955993051,0.00028951939779965256
america first trump,ORG,1,america first trump,0.0,0.0005790387955993051,0.00028951939779965256
amer,ORG,1,amer,0.0,0.0005790387955993051,0.00028951939779965256
amd,ORG,1,amd,0.0,0.0005790387955993051,0.00028951939779965256
amcham,ORG,1,amcham,0.0,0.0005790387955993051,0.00028951939779965256
amazon web services aws,ORG,1,amazon web services aws,0.0,0.0005790387955993051,0.00028951939779965256
amazon web service,ORG,1,amazon web service,0.0,0.0005790387955993051,0.00028951939779965256
amazon group,ORG,1,amazon group,0.0,0.0005790387955993051,0.00028951939779965256
amara omeokwe,PER,1,amara omeokwe,0.0,0.0005790387955993051,0.00028951939779965256
scroll to continue with,EVT,1,scroll to continue with,0.0,0.0005790387955993051,0.00028951939779965256
scott bessent senin,PER,1,scott bessent senin,0.0,0.0005790387955993051,0.00028951939779965256
science,ORG,1,science,0.0,0.0005790387955993051,0.00028951939779965256
schulten,ORG,1,schulten,0.0,0.0005790387955993051,0.00028951939779965256
sbsn,EVT,1,sbsn,0.0,0.0005790387955993051,0.00028951939779965256
sayur mayur buah buahan,PRD,1,sayur mayur buah buahan,0.0,0.0005790387955993051,0.00028951939779965256
sawit kedelai gandum,PRD,1,sawit kedelai gandum,0.0,0.0005790387955993051,0.00028951939779965256
sawit karet,PRD,1,sawit karet,0.0,0.0005790387955993051,0.00028951939779965256
sawit indonesia gapki,NOR,1,sawit indonesia gapki,0.0,0.0005790387955993051,0.00028951939779965256
sawit,PRD,1,sawit,0.0,0.0005790387955993051,0.00028951939779965256
cbu,ORG,1,cbu,0.0,0.0005790387955993051,0.00028951939779965256
cbs,ORG,1,cbs,0.0,0.0005790387955993051,0.00028951939779965256
cbc news,ORG,1,cbc news,0.0,0.0005790387955993051,0.00028951939779965256
catz,ORG,1,catz,0.0,0.0005790387955993051,0.00028951939779965256
catarina saraiva,PER,1,catarina saraiva,0.0,0.0005790387955993051,0.00028951939779965256
casey,PER,1,casey,0.0,0.0005790387955993051,0.00028951939779965256
sekretaris kementerian koordinator bidang perekonomian,NOR,1,sekretaris kementerian koordinator bidang perekonomian,0.0,0.0005790387955993051,0.00028951939779965256
sekretaris jendral aesi,ORG,1,sekretaris jendral aesi,0.0,0.0005790387955993051,0.00028951939779965256
sekretaris jenderal partai komunis vietnam,NOR,1,sekretaris jenderal partai komunis vietnam,0.0,0.0005790387955993051,0.00028951939779965256
sekretaris jenderal nato,NOR,1,sekretaris jenderal nato,0.0,0.0005790387955993051,0.00028951939779965256
sekretaris jenderal,NOR,1,sekretaris jenderal,0.0,0.0005790387955993051,0.00028951939779965256
sekretariat,NOR,1,sekretariat,0.0,0.0005790387955993051,0.00028951939779965256
sekolah,ORG,1,sekolah,0.0,0.0005790387955993051,0.00028951939779965256
sekjen partai komunis vietnam,NOR,1,sekjen partai komunis vietnam,0.0,0.0005790387955993051,0.00028951939779965256
seja,ORG,1,seja,0.0,0.0005790387955993051,0.00028951939779965256
see,ORG,1,see,0.0,0.0005790387955993051,0.00028951939779965256
sedan,PRD,1,sedan,0.0,0.0005790387955993051,0.00028951939779965256
securities,ORG,1,securities,0.0,0.0005790387955993051,0.00028951939779965256
section of the trade expansion act,LAW,1,section of the trade expansion act,0.0,0.0005790387955993051,0.00028951939779965256
sec,ORG,1,sec,0.0,0.0005790387955993051,0.00028951939779965256
sebastian,ORG,1,sebastian,0.0,0.0005790387955993051,0.00028951939779965256
se,NOR,1,se,0.0,0.0005790387955993051,0.00028951939779965256
selasa qris,PRD,1,selasa qris,0.0,0.0005790387955993051,0.00028951939779965256
selasa maret wib,DAT,1,selasa maret wib,0.0,0.0005790387955993051,0.00028951939779965256
selasa lalu april,DAT,1,selasa lalu april,0.0,0.0005790387955993051,0.00028951939779965256
selasa januari,DAT,1,selasa januari,0.0,0.0005790387955993051,0.00028951939779965256
selasa februari scroll,DAT,1,selasa februari scroll,0.0,0.0005790387955993051,0.00028951939779965256
selasa april scroll,DAT,1,selasa april scroll,0.0,0.0005790387955993051,0.00028951939779965256
selandia baru,GPE,1,selandia baru,0.0,0.0005790387955993051,0.00028951939779965256
sekutu,NOR,1,sekutu,0.0,0.0005790387955993051,0.00028951939779965256
sekuritas dan bursa efek amerika serikat securities and exchange commission insider tradingmerupakan,ORG,1,sekuritas dan bursa efek amerika serikat securities and exchange commission insider tradingmerupakan,0.0,0.0005790387955993051,0.00028951939779965256
sekuensing,PRD,1,sekuensing,0.0,0.0005790387955993051,0.00028951939779965256
sektorconsumer,ORG,1,sektorconsumer,0.0,0.0005790387955993051,0.00028951939779965256
sektor,PRD,1,sektor,0.0,0.0005790387955993051,0.00028951939779965256
sekretaris tetap luar negeri myanmar,NOR,1,sekretaris tetap luar negeri myanmar,0.0,0.0005790387955993051,0.00028951939779965256
sekretaris pers karoline,NOR,1,sekretaris pers karoline,0.0,0.0005790387955993051,0.00028951939779965256
sekretaris pers gedung putih karoline,NOR,1,sekretaris pers gedung putih karoline,0.0,0.0005790387955993051,0.00028951939779965256
sekretaris pers,NOR,1,sekretaris pers,0.0,0.0005790387955993051,0.00028951939779965256
senin maret wib,DAT,1,senin maret wib,0.0,0.0005790387955993051,0.00028951939779965256
senin januari,DAT,1,senin januari,0.0,0.0005790387955993051,0.00028951939779965256
senin april wib,DAT,1,senin april wib,0.0,0.0005790387955993051,0.00028951939779965256
senin advertisement,ORG,1,senin advertisement,0.0,0.0005790387955993051,0.00028951939779965256
senator demokrat as,NOR,1,senator demokrat as,0.0,0.0005790387955993051,0.00028951939779965256
senator as,NOR,1,senator as,0.0,0.0005790387955993051,0.00028951939779965256
senator,NOR,1,senator,0.0,0.0005790387955993051,0.00028951939779965256
seminar trumponomics pengaruhnya,EVT,1,seminar trumponomics pengaruhnya,0.0,0.0005790387955993051,0.00028951939779965256
seminar publik,EVT,1,seminar publik,0.0,0.0005790387955993051,0.00028951939779965256
seminar dampak perang tarif,EVT,1,seminar dampak perang tarif,0.0,0.0005790387955993051,0.00028951939779965256
semikonduktor panel surya layar tv panel datar flash drive,PRD,1,semikonduktor panel surya layar tv panel datar flash drive,0.0,0.0005790387955993051,0.00028951939779965256
selengkapnya,ORG,1,selengkapnya,0.0,0.0005790387955993051,0.00028951939779965256
selections inc,ORG,1,selections inc,0.0,0.0005790387955993051,0.00028951939779965256
selatanyang,ORG,1,selatanyang,0.0,0.0005790387955993051,0.00028951939779965256
selatanchina,GPE,1,selatanchina,0.0,0.0005790387955993051,0.00028951939779965256
selatanbersiap,NOR,1,selatanbersiap,0.0,0.0005790387955993051,0.00028951939779965256
calvin,PER,1,calvin,0.0,0.0005790387955993051,0.00028951939779965256
calon menteri departemen perdagangan,NOR,1,calon menteri departemen perdagangan,0.0,0.0005790387955993051,0.00028951939779965256
caijingmelaporkan,ORG,1,caijingmelaporkan,0.0,0.0005790387955993051,0.00028951939779965256
byd,ORG,1,byd,0.0,0.0005790387955993051,0.00028951939779965256
business case competition,EVT,1,business case competition,0.0,0.0005790387955993051,0.00028951939779965256
busan,GPE,1,busan,0.0,0.0005790387955993051,0.00028951939779965256
bursa wall street,ORG,1,bursa wall street,0.0,0.0005790387955993051,0.00028951939779965256
bursa singapore exchange sgx,ORG,1,bursa singapore exchange sgx,0.0,0.0005790387955993051,0.00028951939779965256
bursa saham indonesia,ORG,1,bursa saham indonesia,0.0,0.0005790387955993051,0.00028951939779965256
bursa saham eropa,ORG,1,bursa saham eropa,0.0,0.0005790387955993051,0.00028951939779965256
bursa saham china,ORG,1,bursa saham china,0.0,0.0005790387955993051,0.00028951939779965256
bursa saham amerika serikat as wall street,ORG,1,bursa saham amerika serikat as wall street,0.0,0.0005790387955993051,0.00028951939779965256
senior consultant supply chain indonesia sci,ORG,1,senior consultant supply chain indonesia sci,0.0,0.0005790387955993051,0.00028951939779965256
senin wall street,DAT,1,senin wall street,0.0,0.0005790387955993051,0.00028951939779965256
senin stubb,DAT,1,senin stubb,0.0,0.0005790387955993051,0.00028951939779965256
senin mei aru,DAT,1,senin mei aru,0.0,0.0005790387955993051,0.00028951939779965256
sepuluh,CRD,1,sepuluh,0.0,0.0005790387955993051,0.00028951939779965256
september agustus,DAT,1,september agustus,0.0,0.0005790387955993051,0.00028951939779965256
sepertiga,CRD,1,sepertiga,0.0,0.0005790387955993051,0.00028951939779965256
seperlima,MON,1,seperlima,0.0,0.0005790387955993051,0.00028951939779965256
seperempat triliun dolar,MON,1,seperempat triliun dolar,0.0,0.0005790387955993051,0.00028951939779965256
sepeda motor,PRD,1,sepeda motor,0.0,0.0005790387955993051,0.00028951939779965256
sepatunya,PRD,1,sepatunya,0.0,0.0005790387955993051,0.00028951939779965256
sepatu ketsnya,PRD,1,sepatu ketsnya,0.0,0.0005790387955993051,0.00028951939779965256
sepatu garmen,PRD,1,sepatu garmen,0.0,0.0005790387955993051,0.00028951939779965256
sepatu bot koboi,PRD,1,sepatu bot koboi,0.0,0.0005790387955993051,0.00028951939779965256
sepatu bot,PRD,1,sepatu bot,0.0,0.0005790387955993051,0.00028951939779965256
sepatu,PRD,1,sepatu,0.0,0.0005790387955993051,0.00028951939779965256
senior economist executive director dbs bank singapore,ORG,1,senior economist executive director dbs bank singapore,0.0,0.0005790387955993051,0.00028951939779965256
campbell,ORG,1,campbell,0.0,0.0005790387955993051,0.00028951939779965256
cameron,ORG,1,cameron,0.0,0.0005790387955993051,0.00028951939779965256
cambodianess media,ORG,1,cambodianess media,0.0,0.0005790387955993051,0.00028951939779965256
setyo,PER,1,setyo,0.0,0.0005790387955993051,0.00028951939779965256
server kecerdasan buatan,PRD,1,server kecerdasan buatan,0.0,0.0005790387955993051,0.00028951939779965256
server ai,PRD,1,server ai,0.0,0.0005790387955993051,0.00028951939779965256
server,ORG,1,server,0.0,0.0005790387955993051,0.00028951939779965256
sertifikat halal,PRD,1,sertifikat halal,0.0,0.0005790387955993051,0.00028951939779965256
sertifikat deposito,PRD,1,sertifikat deposito,0.0,0.0005790387955993051,0.00028951939779965256
seroka,PER,1,seroka,0.0,0.0005790387955993051,0.00028951939779965256
serikatuntukkanadadanmeksikomulai,GPE,1,serikatuntukkanadadanmeksikomulai,0.0,0.0005790387955993051,0.00028951939779965256
serikatsebagai,GPE,1,serikatsebagai,0.0,0.0005790387955993051,0.00028951939779965256
serikatpada,GPE,1,serikatpada,0.0,0.0005790387955993051,0.00028951939779965256
serikatmenyusul,NOR,1,serikatmenyusul,0.0,0.0005790387955993051,0.00028951939779965256
serikatlewat,GPE,1,serikatlewat,0.0,0.0005790387955993051,0.00028951939779965256
serikatini,GPE,1,serikatini,0.0,0.0005790387955993051,0.00028951939779965256
serikatdengan,GPE,1,serikatdengan,0.0,0.0005790387955993051,0.00028951939779965256
serikat ustr,ORG,1,serikat ustr,0.0,0.0005790387955993051,0.00028951939779965256
sepuluh ribu,CRD,1,sepuluh ribu,0.0,0.0005790387955993051,0.00028951939779965256
shiltagh,PER,1,shiltagh,0.0,0.0005790387955993051,0.00028951939779965256
shigeru,ORG,1,shigeru,0.0,0.0005790387955993051,0.00028951939779965256
sherman texas,LOC,1,sherman texas,0.0,0.0005790387955993051,0.00028951939779965256
shenzhen landun environmental technology,ORG,1,shenzhen landun environmental technology,0.0,0.0005790387955993051,0.00028951939779965256
sheng qiuping,PER,1,sheng qiuping,0.0,0.0005790387955993051,0.00028951939779965256
shellfish,ORG,1,shellfish,0.0,0.0005790387955993051,0.00028951939779965256
shein group ltd,ORG,1,shein group ltd,0.0,0.0005790387955993051,0.00028951939779965256
sheikh tahnoon,PER,1,sheikh tahnoon,0.0,0.0005790387955993051,0.00028951939779965256
sheikh,PER,1,sheikh,0.0,0.0005790387955993051,0.00028951939779965256
sheetgedung putih,PRD,1,sheetgedung putih,0.0,0.0005790387955993051,0.00028951939779965256
sheet gedung,EVT,1,sheet gedung,0.0,0.0005790387955993051,0.00028951939779965256
shaw,PER,1,shaw,0.0,0.0005790387955993051,0.00028951939779965256
shanghai jc intelligence co china,ORG,1,shanghai jc intelligence co china,0.0,0.0005790387955993051,0.00028951939779965256
shafira cendra,PER,1,shafira cendra,0.0,0.0005790387955993051,0.00028951939779965256
shafinaz nachiar,PER,1,shafinaz nachiar,0.0,0.0005790387955993051,0.00028951939779965256
setyo wisnu broto,PER,1,setyo wisnu broto,0.0,0.0005790387955993051,0.00028951939779965256
alot,ORG,1,alot,0.0,0.0005790387955993051,0.00028951939779965256
almuttaqin,PER,1,almuttaqin,0.0,0.0005790387955993051,0.00028951939779965256
alliance for automotive innovation,ORG,1,alliance for automotive innovation,0.0,0.0005790387955993051,0.00028951939779965256
allen,PER,1,allen,0.0,0.0005790387955993051,0.00028951939779965256
allah dolar,MON,1,allah dolar,0.0,0.0005790387955993051,0.00028951939779965256
alkohol eropa,PRD,1,alkohol eropa,0.0,0.0005790387955993051,0.00028951939779965256
aljazair,GPE,1,aljazair,0.0,0.0005790387955993051,0.00028951939779965256
sidik,PER,1,sidik,0.0,0.0005790387955993051,0.00028951939779965256
sidang kongres rakyat nasional,EVT,1,sidang kongres rakyat nasional,0.0,0.0005790387955993051,0.00028951939779965256
sidang gabungan kongres,EVT,1,sidang gabungan kongres,0.0,0.0005790387955993051,0.00028951939779965256
sidang,EVT,1,sidang,0.0,0.0005790387955993051,0.00028951939779965256
shutterstock jakarta,LOC,1,shutterstock jakarta,0.0,0.0005790387955993051,0.00028951939779965256
shopeepay,PRD,1,shopeepay,0.0,0.0005790387955993051,0.00028951939779965256
shiseido,ORG,1,shiseido,0.0,0.0005790387955993051,0.00028951939779965256
shinta kamdani,PER,1,shinta kamdani,0.0,0.0005790387955993051,0.00028951939779965256
shinhan,ORG,1,shinhan,0.0,0.0005790387955993051,0.00028951939779965256
burnstein,ORG,1,burnstein,0.0,0.0005790387955993051,0.00028951939779965256
burgess,PER,1,burgess,0.0,0.0005790387955993051,0.00028951939779965256
bumi,PRD,1,bumi,0.0,0.0005790387955993051,0.00028951939779965256
bulan uin maulana malik ibrahim malang,ORG,1,bulan uin maulana malik ibrahim malang,0.0,0.0005790387955993051,0.00028951939779965256
buffet,ORG,1,buffet,0.0,0.0005790387955993051,0.00028951939779965256
budi winantya,PER,1,budi winantya,0.0,0.0005790387955993051,0.00028951939779965256
budapest,GPE,1,budapest,0.0,0.0005790387955993051,0.00028951939779965256
buah buahan sayuran,PRD,1,buah buahan sayuran,0.0,0.0005790387955993051,0.00028951939779965256
bts,ORG,1,bts,0.0,0.0005790387955993051,0.00028951939779965256
btctercatat,PRD,1,btctercatat,0.0,0.0005790387955993051,0.00028951939779965256
btcke,PRD,1,btcke,0.0,0.0005790387955993051,0.00028951939779965256
silikon,PRD,1,silikon,0.0,0.0005790387955993051,0.00028951939779965256
aluminium eropa,PRD,1,aluminium eropa,0.0,0.0005790387955993051,0.00028951939779965256
alpukat sepatu kets,PRD,1,alpukat sepatu kets,0.0,0.0005790387955993051,0.00028951939779965256
alpukat sepatu,PRD,1,alpukat sepatu,0.0,0.0005790387955993051,0.00028951939779965256
alpen partners international,ORG,1,alpen partners international,0.0,0.0005790387955993051,0.00028951939779965256
skema rantai,PRD,1,skema rantai,0.0,0.0005790387955993051,0.00028951939779965256
sk,PRD,1,sk,0.0,0.0005790387955993051,0.00028951939779965256
sjafrie sjamsoeddin,PER,1,sjafrie sjamsoeddin,0.0,0.0005790387955993051,0.00028951939779965256
sistem persenjataan,PRD,1,sistem persenjataan,0.0,0.0005790387955993051,0.00028951939779965256
sistem penglihatan robot humanoid,PRD,1,sistem penglihatan robot humanoid,0.0,0.0005790387955993051,0.00028951939779965256
sistem operasi android,PRD,1,sistem operasi android,0.0,0.0005790387955993051,0.00028951939779965256
sistem operasi,PRD,1,sistem operasi,0.0,0.0005790387955993051,0.00028951939779965256
sirip,ORG,1,sirip,0.0,0.0005790387955993051,0.00028951939779965256
singapurapada,GPE,1,singapurapada,0.0,0.0005790387955993051,0.00028951939779965256
sindonews,PRD,1,sindonews,0.0,0.0005790387955993051,0.00028951939779965256
sinagacopyright,ORG,1,sinagacopyright,0.0,0.0005790387955993051,0.00028951939779965256
sinaga,ORG,1,sinaga,0.0,0.0005790387955993051,0.00028951939779965256
simon aloysius mantiri,PER,1,simon aloysius mantiri,0.0,0.0005790387955993051,0.00028951939779965256
siluman,PRD,1,siluman,0.0,0.0005790387955993051,0.00028951939779965256
bursa saham,ORG,1,bursa saham,0.0,0.0005790387955993051,0.00028951939779965256
bursa as,ORG,1,bursa as,0.0,0.0005790387955993051,0.00028951939779965256
softbank group corp,ORG,1,softbank group corp,0.0,0.0005790387955993051,0.00028951939779965256
softbank,ORG,1,softbank,0.0,0.0005790387955993051,0.00028951939779965256
soft drink,PRD,1,soft drink,0.0,0.0005790387955993051,0.00028951939779965256
soekarno hatta,PER,1,soekarno hatta,0.0,0.0005790387955993051,0.00028951939779965256
society of motor manufacturers and traders smmt inggris,ORG,1,society of motor manufacturers and traders smmt inggris,0.0,0.0005790387955993051,0.00028951939779965256
social friday,EVT,1,social friday,0.0,0.0005790387955993051,0.00028951939779965256
social and governance,PRD,1,social and governance,0.0,0.0005790387955993051,0.00028951939779965256
smeltertersebut,ORG,1,smeltertersebut,0.0,0.0005790387955993051,0.00028951939779965256
smelterbakal,PRD,1,smelterbakal,0.0,0.0005790387955993051,0.00028951939779965256
smelter,ORG,1,smelter,0.0,0.0005790387955993051,0.00028951939779965256
smartphoneglobal,PRD,1,smartphoneglobal,0.0,0.0005790387955993051,0.00028951939779965256
smartphone as,PRD,1,smartphone as,0.0,0.0005790387955993051,0.00028951939779965256
smart toilet,PRD,1,smart toilet,0.0,0.0005790387955993051,0.00028951939779965256
smart investor,ORG,1,smart investor,0.0,0.0005790387955993051,0.00028951939779965256
sm,ORG,1,sm,0.0,0.0005790387955993051,0.00028951939779965256
skrap besi,PRD,1,skrap besi,0.0,0.0005790387955993051,0.00028951939779965256
spillover,PRD,1,spillover,0.0,0.0005790387955993051,0.00028951939779965256
spi,ORG,1,spi,0.0,0.0005790387955993051,0.00028951939779965256
special economic zone,EVT,1,special economic zone,0.0,0.0005790387955993051,0.00028951939779965256
spanyol,GPE,1,spanyol,0.0,0.0005790387955993051,0.00028951939779965256
soya,PER,1,soya,0.0,0.0005790387955993051,0.00028951939779965256
southern airlines,ORG,1,southern airlines,0.0,0.0005790387955993051,0.00028951939779965256
south china morning post,ORG,1,south china morning post,0.0,0.0005790387955993051,0.00028951939779965256
sorbo technology,ORG,1,sorbo technology,0.0,0.0005790387955993051,0.00028951939779965256
sopa images lightrocket,ORG,1,sopa images lightrocket,0.0,0.0005790387955993051,0.00028951939779965256
soo hyang,PER,1,soo hyang,0.0,0.0005790387955993051,0.00028951939779965256
soo,NOR,1,soo,0.0,0.0005790387955993051,0.00028951939779965256
sony,ORG,1,sony,0.0,0.0005790387955993051,0.00028951939779965256
sonny samuel,PER,1,sonny samuel,0.0,0.0005790387955993051,0.00028951939779965256
sonny,PER,1,sonny,0.0,0.0005790387955993051,0.00028951939779965256
sonexay siphandone,PER,1,sonexay siphandone,0.0,0.0005790387955993051,0.00028951939779965256
sofyan djalil,PER,1,sofyan djalil,0.0,0.0005790387955993051,0.00028951939779965256
brunei,GPE,1,brunei,0.0,0.0005790387955993051,0.00028951939779965256
bruce,PER,1,bruce,0.0,0.0005790387955993051,0.00028951939779965256
brms,ORG,1,brms,0.0,0.0005790387955993051,0.00028951939779965256
bris,NOR,1,bris,0.0,0.0005790387955993051,0.00028951939779965256
brightbill,ORG,1,brightbill,0.0,0.0005790387955993051,0.00028951939779965256
brief,PRD,1,brief,0.0,0.0005790387955993051,0.00028951939779965256
brics indonesia,ORG,1,brics indonesia,0.0,0.0005790387955993051,0.00028951939779965256
brian platt,PER,1,brian platt,0.0,0.0005790387955993051,0.00028951939779965256
bri danareksa sekuritas,ORG,1,bri danareksa sekuritas,0.0,0.0005790387955993051,0.00028951939779965256
srf,ORG,1,srf,0.0,0.0005790387955993051,0.00028951939779965256
srbi,ORG,1,srbi,0.0,0.0005790387955993051,0.00028951939779965256
squawk box,EVT,1,squawk box,0.0,0.0005790387955993051,0.00028951939779965256
spring meetings,EVT,1,spring meetings,0.0,0.0005790387955993051,0.00028951939779965256
spp ikan jack,PRD,1,spp ikan jack,0.0,0.0005790387955993051,0.00028951939779965256
spot,PRD,1,spot,0.0,0.0005790387955993051,0.00028951939779965256
sport,ORG,1,sport,0.0,0.0005790387955993051,0.00028951939779965256
stasiun,ORG,1,stasiun,0.0,0.0005790387955993051,0.00028951939779965256
stanley rocky,PER,1,stanley rocky,0.0,0.0005790387955993051,0.00028951939779965256
standard qris,ORG,1,standard qris,0.0,0.0005790387955993051,0.00028951939779965256
standar qr code,PRD,1,standar qr code,0.0,0.0005790387955993051,0.00028951939779965256
standar,LAW,1,standar,0.0,0.0005790387955993051,0.00028951939779965256
staf ahli menteri perindustrian,NOR,1,staf ahli menteri perindustrian,0.0,0.0005790387955993051,0.00028951939779965256
staf ahli menteri perdagangan bidang hubungan internasional,NOR,1,staf ahli menteri perdagangan bidang hubungan internasional,0.0,0.0005790387955993051,0.00028951939779965256
staf ahli menteri kelautan dan perikanan,NOR,1,staf ahli menteri kelautan dan perikanan,0.0,0.0005790387955993051,0.00028951939779965256
stabilitas sistem keuangan kssk,ORG,1,stabilitas sistem keuangan kssk,0.0,0.0005790387955993051,0.00028951939779965256
st,ORG,1,st,0.0,0.0005790387955993051,0.00028951939779965256
srimulyani,PER,1,srimulyani,0.0,0.0005790387955993051,0.00028951939779965256
sri agung handayani,PER,1,sri agung handayani,0.0,0.0005790387955993051,0.00028951939779965256
btcdi,PRD,1,btcdi,0.0,0.0005790387955993051,0.00028951939779965256
btc altcoin,PRD,1,btc altcoin,0.0,0.0005790387955993051,0.00028951939779965256
bspi aturan,LAW,1,bspi aturan,0.0,0.0005790387955993051,0.00028951939779965256
bruto pdb,PRD,1,bruto pdb,0.0,0.0005790387955993051,0.00028951939779965256
streetsemakin,ORG,1,streetsemakin,0.0,0.0005790387955993051,0.00028951939779965256
street journalmenyebut,PRD,1,street journalmenyebut,0.0,0.0005790387955993051,0.00028951939779965256
street journalmenunjukkan,ORG,1,street journalmenunjukkan,0.0,0.0005790387955993051,0.00028951939779965256
strategic,ORG,1,strategic,0.0,0.0005790387955993051,0.00028951939779965256
straits times,ORG,1,straits times,0.0,0.0005790387955993051,0.00028951939779965256
stm,ORG,1,stm,0.0,0.0005790387955993051,0.00028951939779965256
stie,ORG,1,stie,0.0,0.0005790387955993051,0.00028951939779965256
steve shriver,PER,1,steve shriver,0.0,0.0005790387955993051,0.00028951939779965256
steve jobs,PER,1,steve jobs,0.0,0.0005790387955993051,0.00028951939779965256
steve,PER,1,steve,0.0,0.0005790387955993051,0.00028951939779965256
stephanie lai bloomberg news bloomberg,ORG,1,stephanie lai bloomberg news bloomberg,0.0,0.0005790387955993051,0.00028951939779965256
stellantis ford,ORG,1,stellantis ford,0.0,0.0005790387955993051,0.00028951939779965256
steinbaum,ORG,1,steinbaum,0.0,0.0005790387955993051,0.00028951939779965256
steelnasional,ORG,1,steelnasional,0.0,0.0005790387955993051,0.00028951939779965256
steeldunia,ORG,1,steeldunia,0.0,0.0005790387955993051,0.00028951939779965256
state,ORG,1,state,0.0,0.0005790387955993051,0.00028951939779965256
bpc,NOR,1,bpc,0.0,0.0005790387955993051,0.00028951939779965256
bozzella,ORG,1,bozzella,0.0,0.0005790387955993051,0.00028951939779965256
box cnbc,PRD,1,box cnbc,0.0,0.0005790387955993051,0.00028951939779965256
box,PRD,1,box,0.0,0.0005790387955993051,0.00028951939779965256
botswana,GPE,1,botswana,0.0,0.0005790387955993051,0.00028951939779965256
bosnia,GPE,1,bosnia,0.0,0.0005790387955993051,0.00028951939779965256
sudrajat djiwandono,PER,1,sudrajat djiwandono,0.0,0.0005790387955993051,0.00028951939779965256
sudan,GPE,1,sudan,0.0,0.0005790387955993051,0.00028951939779965256
subrahmanyam jaishankar,PER,1,subrahmanyam jaishankar,0.0,0.0005790387955993051,0.00028951939779965256
subiantoterkait,PER,1,subiantoterkait,0.0,0.0005790387955993051,0.00028951939779965256
subiantomengatakan,PER,1,subiantomengatakan,0.0,0.0005790387955993051,0.00028951939779965256
subiantoberencana,PER,1,subiantoberencana,0.0,0.0005790387955993051,0.00028951939779965256
subaru,ORG,1,subaru,0.0,0.0005790387955993051,0.00028951939779965256
suara,ORG,1,suara,0.0,0.0005790387955993051,0.00028951939779965256
stubb,PER,1,stubb,0.0,0.0005790387955993051,0.00028951939779965256
strengthening resilience redefining standards championing industry and the digital shift,EVT,1,strengthening resilience redefining standards championing industry and the digital shift,0.0,0.0005790387955993051,0.00028951939779965256
sun as,ORG,1,sun as,0.0,0.0005790387955993051,0.00028951939779965256
sun,ORG,1,sun,0.0,0.0005790387955993051,0.00028951939779965256
sumber gambar alamy dunia,ORG,1,sumber gambar alamy dunia,0.0,0.0005790387955993051,0.00028951939779965256
sumber daya mineral,ORG,1,sumber daya mineral,0.0,0.0005790387955993051,0.00028951939779965256
sumber,ORG,1,sumber,0.0,0.0005790387955993051,0.00028951939779965256
sultan brunei,NOR,1,sultan brunei,0.0,0.0005790387955993051,0.00028951939779965256
sullivan,ORG,1,sullivan,0.0,0.0005790387955993051,0.00028951939779965256
sulistio,ORG,1,sulistio,0.0,0.0005790387955993051,0.00028951939779965256
sugionomelakukan,PER,1,sugionomelakukan,0.0,0.0005790387955993051,0.00028951939779965256
bretton woods general agreement on tariffs and trade gatt,LAW,1,bretton woods general agreement on tariffs and trade gatt,0.0,0.0005790387955993051,0.00028951939779965256
brendan murray,PER,1,brendan murray,0.0,0.0005790387955993051,0.00028951939779965256
brains partai demokrat,NOR,1,brains partai demokrat,0.0,0.0005790387955993051,0.00028951939779965256
bpsi,ORG,1,bpsi,0.0,0.0005790387955993051,0.00028951939779965256
bpmi sekretariat presiden jakarta,NOR,1,bpmi sekretariat presiden jakarta,0.0,0.0005790387955993051,0.00028951939779965256
bpjs ketenagakerjaan bpjs tk,NOR,1,bpjs ketenagakerjaan bpjs tk,0.0,0.0005790387955993051,0.00028951939779965256
bpjph,LAW,1,bpjph,0.0,0.0005790387955993051,0.00028951939779965256
suv outback,PRD,1,suv outback,0.0,0.0005790387955993051,0.00028951939779965256
sutopo,PRD,1,sutopo,0.0,0.0005790387955993051,0.00028951939779965256
susu kedelai,PRD,1,susu kedelai,0.0,0.0005790387955993051,0.00028951939779965256
susiwijono moegiarso,PER,1,susiwijono moegiarso,0.0,0.0005790387955993051,0.00028951939779965256
susiwijono,PER,1,susiwijono,0.0,0.0005790387955993051,0.00028951939779965256
susianto,PER,1,susianto,0.0,0.0005790387955993051,0.00028951939779965256
sushma,NOR,1,sushma,0.0,0.0005790387955993051,0.00028951939779965256
surveiwall,EVT,1,surveiwall,0.0,0.0005790387955993051,0.00028951939779965256
surveireuters,ORG,1,surveireuters,0.0,0.0005790387955993051,0.00028951939779965256
surveibloomberg news,ORG,1,surveibloomberg news,0.0,0.0005790387955993051,0.00028951939779965256
survei,NOR,1,survei,0.0,0.0005790387955993051,0.00028951939779965256
surat utang pemerintah as,LAW,1,surat utang pemerintah as,0.0,0.0005790387955993051,0.00028951939779965256
surat utang pemerintah,LAW,1,surat utang pemerintah,0.0,0.0005790387955993051,0.00028951939779965256
surat kabarglobe and,ORG,1,surat kabarglobe and,0.0,0.0005790387955993051,0.00028951939779965256
suqian,GPE,1,suqian,0.0,0.0005790387955993051,0.00028951939779965256
sunyang,ORG,1,sunyang,0.0,0.0005790387955993051,0.00028951939779965256
tacos,GPE,1,tacos,0.0,0.0005790387955993051,0.00028951939779965256
taco trade taco,PRD,1,taco trade taco,0.0,0.0005790387955993051,0.00028951939779965256
taco trade,PRD,1,taco trade,0.0,0.0005790387955993051,0.00028951939779965256
tablet,PRD,1,tablet,0.0,0.0005790387955993051,0.00028951939779965256
ta hoang,PER,1,ta hoang,0.0,0.0005790387955993051,0.00028951939779965256
sydney hong kong,ORG,1,sydney hong kong,0.0,0.0005790387955993051,0.00028951939779965256
sybilla gross,ORG,1,sybilla gross,0.0,0.0005790387955993051,0.00028951939779965256
sybilla,ORG,1,sybilla,0.0,0.0005790387955993051,0.00028951939779965256
syahrir,PER,1,syahrir,0.0,0.0005790387955993051,0.00028951939779965256
syahganda nainggolan,PER,1,syahganda nainggolan,0.0,0.0005790387955993051,0.00028951939779965256
syafruddin karimi,PER,1,syafruddin karimi,0.0,0.0005790387955993051,0.00028951939779965256
swonk,PER,1,swonk,0.0,0.0005790387955993051,0.00028951939779965256
swiss turki,GPE,1,swiss turki,0.0,0.0005790387955993051,0.00028951939779965256
swf,ORG,1,swf,0.0,0.0005790387955993051,0.00028951939779965256
swediaswedia,GPE,1,swediaswedia,0.0,0.0005790387955993051,0.00028951939779965256
swaraj,PER,1,swaraj,0.0,0.0005790387955993051,0.00028951939779965256
bbn,ORG,1,bbn,0.0,0.0005790387955993051,0.00028951939779965256
bbca,ORG,1,bbca,0.0,0.0005790387955993051,0.00028951939779965256
bbc news indonesia,ORG,1,bbc news indonesia,0.0,0.0005790387955993051,0.00028951939779965256
bbc news,ORG,1,bbc news,0.0,0.0005790387955993051,0.00028951939779965256
bbc getty,ORG,1,bbc getty,0.0,0.0005790387955993051,0.00028951939779965256
bortiandy tobing,PER,1,bortiandy tobing,0.0,0.0005790387955993051,0.00028951939779965256
boneka mainan,PRD,1,boneka mainan,0.0,0.0005790387955993051,0.00028951939779965256
tambang bijih nikel,LOC,1,tambang bijih nikel,0.0,0.0005790387955993051,0.00028951939779965256
tambak udang,ORG,1,tambak udang,0.0,0.0005790387955993051,0.00028951939779965256
tamara,ORG,1,tamara,0.0,0.0005790387955993051,0.00028951939779965256
talylor greene,PER,1,talylor greene,0.0,0.0005790387955993051,0.00028951939779965256
talk showtrumpeffect,EVT,1,talk showtrumpeffect,0.0,0.0005790387955993051,0.00028951939779965256
takuya imayosh,PER,1,takuya imayosh,0.0,0.0005790387955993051,0.00028951939779965256
tajikistan,GPE,1,tajikistan,0.0,0.0005790387955993051,0.00028951939779965256
taiwanbuka,GPE,1,taiwanbuka,0.0,0.0005790387955993051,0.00028951939779965256
tahunan,PRD,1,tahunan,0.0,0.0005790387955993051,0.00028951939779965256
tariftrump,ORG,1,tariftrump,0.0,0.0005790387955993051,0.00028951939779965256
tariffstelah,PRD,1,tariffstelah,0.0,0.0005790387955993051,0.00028951939779965256
tarif trump,ORG,1,tarif trump,0.0,0.0005790387955993051,0.00028951939779965256
tarif timbal balik,LAW,1,tarif timbal balik,0.0,0.0005790387955993051,0.00028951939779965256
tarif resiprokal,PRD,1,tarif resiprokal,0.0,0.0005790387955993051,0.00028951939779965256
tarif impor resiprokal,EVT,1,tarif impor resiprokal,0.0,0.0005790387955993051,0.00028951939779965256
tarif,PER,1,tarif,0.0,0.0005790387955993051,0.00028951939779965256
tanjungatau,PER,1,tanjungatau,0.0,0.0005790387955993051,0.00028951939779965256
tanjabtim,ORG,1,tanjabtim,0.0,0.0005790387955993051,0.00028951939779965256
tanakasempipat,PER,1,tanakasempipat,0.0,0.0005790387955993051,0.00028951939779965256
tanah air,ORG,1,tanah air,0.0,0.0005790387955993051,0.00028951939779965256
tammy bruce,PER,1,tammy bruce,0.0,0.0005790387955993051,0.00028951939779965256
beincrypto,ORG,1,beincrypto,0.0,0.0005790387955993051,0.00028951939779965256
bei beli,ORG,1,bei beli,0.0,0.0005790387955993051,0.00028951939779965256
bea cukai,NOR,1,bea cukai,0.0,0.0005790387955993051,0.00028951939779965256
bbni,ORG,1,bbni,0.0,0.0005790387955993051,0.00028951939779965256
teknis ri,ORG,1,teknis ri,0.0,0.0005790387955993051,0.00028951939779965256
tehran,GPE,1,tehran,0.0,0.0005790387955993051,0.00028951939779965256
teheran,GPE,1,teheran,0.0,0.0005790387955993051,0.00028951939779965256
technical specified rubber tsr,PRD,1,technical specified rubber tsr,0.0,0.0005790387955993051,0.00028951939779965256
tech crunch,ORG,1,tech crunch,0.0,0.0005790387955993051,0.00028951939779965256
td,PRD,1,td,0.0,0.0005790387955993051,0.00028951939779965256
tbk ertx,ORG,1,tbk ertx,0.0,0.0005790387955993051,0.00028951939779965256
taylor,PER,1,taylor,0.0,0.0005790387955993051,0.00028951939779965256
taxpayers,PRD,1,taxpayers,0.0,0.0005790387955993051,0.00028951939779965256
taxfoundation,PRD,1,taxfoundation,0.0,0.0005790387955993051,0.00028951939779965256
tat kei,PER,1,tat kei,0.0,0.0005790387955993051,0.00028951939779965256
tas hermes,PRD,1,tas hermes,0.0,0.0005790387955993051,0.00028951939779965256
tas,PRD,1,tas,0.0,0.0005790387955993051,0.00028951939779965256
tarli nugroho,PER,1,tarli nugroho,0.0,0.0005790387955993051,0.00028951939779965256
tarifyang,LAW,1,tarifyang,0.0,0.0005790387955993051,0.00028951939779965256
tariftrump as,ORG,1,tariftrump as,0.0,0.0005790387955993051,0.00028951939779965256
alat,PRD,1,alat,0.0,0.0005790387955993051,0.00028951939779965256
alan,PER,1,alan,0.0,0.0005790387955993051,0.00028951939779965256
alam,PRD,1,alam,0.0,0.0005790387955993051,0.00028951939779965256
teluk gcc,NOR,1,teluk gcc,0.0,0.0005790387955993051,0.00028951939779965256
teluk arab,GPE,1,teluk arab,0.0,0.0005790387955993051,0.00028951939779965256
telisa aulia falianty,PER,1,telisa aulia falianty,0.0,0.0005790387955993051,0.00028951939779965256
telepon xi jinping,PRD,1,telepon xi jinping,0.0,0.0005790387955993051,0.00028951939779965256
telepon pintar smartphone,PRD,1,telepon pintar smartphone,0.0,0.0005790387955993051,0.00028951939779965256
telepon pintar,PRD,1,telepon pintar,0.0,0.0005790387955993051,0.00028951939779965256
tekstil garmen alas kaki,PRD,1,tekstil garmen alas kaki,0.0,0.0005790387955993051,0.00028951939779965256
tekstil alas kaki elektronik kopi,PRD,1,tekstil alas kaki elektronik kopi,0.0,0.0005790387955993051,0.00028951939779965256
tekstil alas kaki elektronik furnitur,PRD,1,tekstil alas kaki elektronik furnitur,0.0,0.0005790387955993051,0.00028951939779965256
tekstil alas,PRD,1,tekstil alas,0.0,0.0005790387955993051,0.00028951939779965256
teknologicarbon capture and storageatau ccs,PRD,1,teknologicarbon capture and storageatau ccs,0.0,0.0005790387955993051,0.00028951939779965256
teknologi korea selatan,ORG,1,teknologi korea selatan,0.0,0.0005790387955993051,0.00028951939779965256
teknologi informasi dan komunikasi,ORG,1,teknologi informasi dan komunikasi,0.0,0.0005790387955993051,0.00028951939779965256
tempur,PRD,1,tempur,0.0,0.0005790387955993051,0.00028951939779965256
tempo co jakarta perang tarifantaraamerika serikatdancinamenyebar,ORG,1,tempo co jakarta perang tarifantaraamerika serikatdancinamenyebar,0.0,0.0005790387955993051,0.00028951939779965256
tempo co jakarta cinatelah,ORG,1,tempo co jakarta cinatelah,0.0,0.0005790387955993051,0.00028951939779965256
tempo co jakarta cinamenyatakan,ORG,1,tempo co jakarta cinamenyatakan,0.0,0.0005790387955993051,0.00028951939779965256
tempo co jakarta amerika serikatmengumumkan,ORG,1,tempo co jakarta amerika serikatmengumumkan,0.0,0.0005790387955993051,0.00028951939779965256
tempo co jakarta amerika serikat,ORG,1,tempo co jakarta amerika serikat,0.0,0.0005790387955993051,0.00028951939779965256
tempo co,ORG,1,tempo co,0.0,0.0005790387955993051,0.00028951939779965256
tembaga farmasi semikonduktor dan kayu,PRD,1,tembaga farmasi semikonduktor dan kayu,0.0,0.0005790387955993051,0.00028951939779965256
alister bull bloomberg news bloomberg,ORG,1,alister bull bloomberg news bloomberg,0.0,0.0005790387955993051,0.00028951939779965256
alice,PER,1,alice,0.0,0.0005790387955993051,0.00028951939779965256
ali,PER,1,ali,0.0,0.0005790387955993051,0.00028951939779965256
alexander stubb,PER,1,alexander stubb,0.0,0.0005790387955993051,0.00028951939779965256
alexander,PER,1,alexander,0.0,0.0005790387955993051,0.00028951939779965256
alexan,PER,1,alexan,0.0,0.0005790387955993051,0.00028951939779965256
alex wickham,PER,1,alex wickham,0.0,0.0005790387955993051,0.00028951939779965256
albanese,PER,1,albanese,0.0,0.0005790387955993051,0.00028951939779965256
boneka,PRD,1,boneka,0.0,0.0005790387955993051,0.00028951939779965256
boncos,ORG,1,boncos,0.0,0.0005790387955993051,0.00028951939779965256
bob,PER,1,bob,0.0,0.0005790387955993051,0.00028951939779965256
bnp,ORG,1,bnp,0.0,0.0005790387955993051,0.00028951939779965256
bmri,ORG,1,bmri,0.0,0.0005790387955993051,0.00028951939779965256
bmp,ORG,1,bmp,0.0,0.0005790387955993051,0.00028951939779965256
bmi china,ORG,1,bmi china,0.0,0.0005790387955993051,0.00028951939779965256
bmi as,ORG,1,bmi as,0.0,0.0005790387955993051,0.00028951939779965256
bm,LAW,1,bm,0.0,0.0005790387955993051,0.00028951939779965256
blunt,ORG,1,blunt,0.0,0.0005790387955993051,0.00028951939779965256
blumenthal,PER,1,blumenthal,0.0,0.0005790387955993051,0.00028951939779965256
blue ammonia,PRD,1,blue ammonia,0.0,0.0005790387955993051,0.00028951939779965256
tensi,PER,1,tensi,0.0,0.0005790387955993051,0.00028951939779965256
tenaga surya,PRD,1,tenaga surya,0.0,0.0005790387955993051,0.00028951939779965256
temu temu,EVT,1,temu temu,0.0,0.0005790387955993051,0.00028951939779965256
tempur udaranya,PRD,1,tempur udaranya,0.0,0.0005790387955993051,0.00028951939779965256
the new york times toyota,ORG,1,the new york times toyota,0.0,0.0005790387955993051,0.00028951939779965256
the national bureau of economic research obstfeld,ORG,1,the national bureau of economic research obstfeld,0.0,0.0005790387955993051,0.00028951939779965256
the indonesian institute center for public policy research,ORG,1,the indonesian institute center for public policy research,0.0,0.0005790387955993051,0.00028951939779965256
the federal reserve,ORG,1,the federal reserve,0.0,0.0005790387955993051,0.00028951939779965256
the conference board,ORG,1,the conference board,0.0,0.0005790387955993051,0.00028951939779965256
the atlantic,ORG,1,the atlantic,0.0,0.0005790387955993051,0.00028951939779965256
tfco,ORG,1,tfco,0.0,0.0005790387955993051,0.00028951939779965256
textile industriestbk,ORG,1,textile industriestbk,0.0,0.0005790387955993051,0.00028951939779965256
texas instruments ti,ORG,1,texas instruments ti,0.0,0.0005790387955993051,0.00028951939779965256
tesla inc,ORG,1,tesla inc,0.0,0.0005790387955993051,0.00028951939779965256
terusan panama,LOC,1,terusan panama,0.0,0.0005790387955993051,0.00028951939779965256
terminal,FAC,1,terminal,0.0,0.0005790387955993051,0.00028951939779965256
tergerus,PRD,1,tergerus,0.0,0.0005790387955993051,0.00028951939779965256
teori,PRD,1,teori,0.0,0.0005790387955993051,0.00028951939779965256
boneka barbie itumajoritybikinan,PRD,1,boneka barbie itumajoritybikinan,0.0,0.0005790387955993051,0.00028951939779965256
boneka barbie,PRD,1,boneka barbie,0.0,0.0005790387955993051,0.00028951939779965256
tigaaltcoin,PRD,1,tigaaltcoin,0.0,0.0005790387955993051,0.00028951939779965256
tifa,LAW,1,tifa,0.0,0.0005790387955993051,0.00028951939779965256
ti,ORG,1,ti,0.0,0.0005790387955993051,0.00028951939779965256
thu thiem,LOC,1,thu thiem,0.0,0.0005790387955993051,0.00028951939779965256
threat jakarta composite index suffers asia deepest slump as capital flees,PRD,1,threat jakarta composite index suffers asia deepest slump as capital flees,0.0,0.0005790387955993051,0.00028951939779965256
thomas friends,ORG,1,thomas friends,0.0,0.0005790387955993051,0.00028951939779965256
thomas buckley bloomberg news bloomberg mattel inc,ORG,1,thomas buckley bloomberg news bloomberg mattel inc,0.0,0.0005790387955993051,0.00028951939779965256
this,ORG,1,this,0.0,0.0005790387955993051,0.00028951939779965256
they,PER,1,they,0.0,0.0005790387955993051,0.00028951939779965256
theresia,PER,1,theresia,0.0,0.0005790387955993051,0.00028951939779965256
thembile cele ntando thukwana,ORG,1,thembile cele ntando thukwana,0.0,0.0005790387955993051,0.00028951939779965256
the yudhoyono institute tyi,ORG,1,the yudhoyono institute tyi,0.0,0.0005790387955993051,0.00028951939779965256
the yudhoyono institute panel discussion arrmanatha,ORG,1,the yudhoyono institute panel discussion arrmanatha,0.0,0.0005790387955993051,0.00028951939779965256
the white house indonesia,ORG,1,the white house indonesia,0.0,0.0005790387955993051,0.00028951939779965256
the white house,ORG,1,the white house,0.0,0.0005790387955993051,0.00028951939779965256
the times of india,ORG,1,the times of india,0.0,0.0005790387955993051,0.00028951939779965256
bloomberg technoz jakarta penyelamatan bisnis tesla inc,ORG,1,bloomberg technoz jakarta penyelamatan bisnis tesla inc,0.0,0.0005790387955993051,0.00028951939779965256
bloomberg technoz jakarta indonesia,ORG,1,bloomberg technoz jakarta indonesia,0.0,0.0005790387955993051,0.00028951939779965256
bloomberg technoz jakarta guru besar fakultas ekonomi bisnis universitas indonesia feb ui,ORG,1,bloomberg technoz jakarta guru besar fakultas ekonomi bisnis universitas indonesia feb ui,0.0,0.0005790387955993051,0.00028951939779965256
bloomberg technoz jakarta freeport mcmoran inc fcx,ORG,1,bloomberg technoz jakarta freeport mcmoran inc fcx,0.0,0.0005790387955993051,0.00028951939779965256
bloomberg technoz jakarta bitcoin,ORG,1,bloomberg technoz jakarta bitcoin,0.0,0.0005790387955993051,0.00028951939779965256
bloomberg technoz jakarta apple inc,ORG,1,bloomberg technoz jakarta apple inc,0.0,0.0005790387955993051,0.00028951939779965256
bloomberg news bloomberg thailand,ORG,1,bloomberg news bloomberg thailand,0.0,0.0005790387955993051,0.00028951939779965256
bloomberg news bloomberg ringgit malaysia,ORG,1,bloomberg news bloomberg ringgit malaysia,0.0,0.0005790387955993051,0.00028951939779965256
bloomberg news bloomberg news bloomberg shein group ltd,ORG,1,bloomberg news bloomberg news bloomberg shein group ltd,0.0,0.0005790387955993051,0.00028951939779965256
bloomberg news bloomberg emas,ORG,1,bloomberg news bloomberg emas,0.0,0.0005790387955993051,0.00028951939779965256
tim redaksi,ORG,1,tim redaksi,0.0,0.0005790387955993051,0.00028951939779965256
tim media,ORG,1,tim media,0.0,0.0005790387955993051,0.00028951939779965256
tim liputan garuda tv caption admin putri sephia,ORG,1,tim liputan garuda tv caption admin putri sephia,0.0,0.0005790387955993051,0.00028951939779965256
tim kompas com,ORG,1,tim kompas com,0.0,0.0005790387955993051,0.00028951939779965256
tim cook apple,ORG,1,tim cook apple,0.0,0.0005790387955993051,0.00028951939779965256
tim amerika serikat,NOR,1,tim amerika serikat,0.0,0.0005790387955993051,0.00028951939779965256
tjertja,PER,1,tjertja,0.0,0.0005790387955993051,0.00028951939779965256
tito,ORG,1,tito,0.0,0.0005790387955993051,0.00028951939779965256
tisu,PRD,1,tisu,0.0,0.0005790387955993051,0.00028951939779965256
tirai,GPE,1,tirai,0.0,0.0005790387955993051,0.00028951939779965256
tiongkokmengatakan,GPE,1,tiongkokmengatakan,0.0,0.0005790387955993051,0.00028951939779965256
tiongkokmemperingatkan,GPE,1,tiongkokmemperingatkan,0.0,0.0005790387955993051,0.00028951939779965256
tiongkok vietnam,GPE,1,tiongkok vietnam,0.0,0.0005790387955993051,0.00028951939779965256
timursingapurasepanjang,GPE,1,timursingapurasepanjang,0.0,0.0005790387955993051,0.00028951939779965256
timnas sepakbola putri,ORG,1,timnas sepakbola putri,0.0,0.0005790387955993051,0.00028951939779965256
timesyang,ORG,1,timesyang,0.0,0.0005790387955993051,0.00028951939779965256
tim riset bahana sekuritas,ORG,1,tim riset bahana sekuritas,0.0,0.0005790387955993051,0.00028951939779965256
tim redaksi jakarta kompas com menteri,ORG,1,tim redaksi jakarta kompas com menteri,0.0,0.0005790387955993051,0.00028951939779965256
bloombergnews bloomberg,ORG,1,bloombergnews bloomberg,0.0,0.0005790387955993051,0.00028951939779965256
bloombergnef,ORG,1,bloombergnef,0.0,0.0005790387955993051,0.00028951939779965256
bloomberg temu,ORG,1,bloomberg temu,0.0,0.0005790387955993051,0.00028951939779965256
bloomberg technoz kamis,ORG,1,bloomberg technoz kamis,0.0,0.0005790387955993051,0.00028951939779965256
to continue with,EVT,1,to continue with,0.0,0.0005790387955993051,0.00028951939779965256
to continue,EVT,1,to continue,0.0,0.0005790387955993051,0.00028951939779965256
tmmin,ORG,1,tmmin,0.0,0.0005790387955993051,0.00028951939779965256
tjertja karja,PER,1,tjertja karja,0.0,0.0005790387955993051,0.00028951939779965256
aktif universitas ciputra surabaya prodi bisnis dan manajemen april wib,ORG,1,aktif universitas ciputra surabaya prodi bisnis dan manajemen april wib,0.0,0.0005790387955993051,0.00028951939779965256
aksesoris,PRD,1,aksesoris,0.0,0.0005790387955993051,0.00028951939779965256
airways,ORG,1,airways,0.0,0.0005790387955993051,0.00028951939779965256
airpods,PRD,1,airpods,0.0,0.0005790387955993051,0.00028951939779965256
airlines,ORG,1,airlines,0.0,0.0005790387955993051,0.00028951939779965256
airlanggahartarto srimulyani,PER,1,airlanggahartarto srimulyani,0.0,0.0005790387955993051,0.00028951939779965256
airlangga sri mulyani,PER,1,airlangga sri mulyani,0.0,0.0005790387955993051,0.00028951939779965256
airlangga prabowo,PER,1,airlangga prabowo,0.0,0.0005790387955993051,0.00028951939779965256
airlangga hartarto airlangga,PER,1,airlangga hartarto airlangga,0.0,0.0005790387955993051,0.00028951939779965256
aircraft,ORG,1,aircraft,0.0,0.0005790387955993051,0.00028951939779965256
air suku cadang,PRD,1,air suku cadang,0.0,0.0005790387955993051,0.00028951939779965256
air china china eastern airlines,ORG,1,air china china eastern airlines,0.0,0.0005790387955993051,0.00028951939779965256
tp,PER,1,tp,0.0,0.0005790387955993051,0.00028951939779965256
toto pranoto,PER,1,toto pranoto,0.0,0.0005790387955993051,0.00028951939779965256
toto nugroho,PER,1,toto nugroho,0.0,0.0005790387955993051,0.00028951939779965256
toru fujioka bloomberg news bloomberg,ORG,1,toru fujioka bloomberg news bloomberg,0.0,0.0005790387955993051,0.00028951939779965256
toronto,NOR,1,toronto,0.0,0.0005790387955993051,0.00028951939779965256
topix,PRD,1,topix,0.0,0.0005790387955993051,0.00028951939779965256
tony sycamore,PER,1,tony sycamore,0.0,0.0005790387955993051,0.00028951939779965256
tongkol cakalang,PRD,1,tongkol cakalang,0.0,0.0005790387955993051,0.00028951939779965256
tommy hilfiger,PER,1,tommy hilfiger,0.0,0.0005790387955993051,0.00028951939779965256
tommy,ORG,1,tommy,0.0,0.0005790387955993051,0.00028951939779965256
tomahawk,ORG,1,tomahawk,0.0,0.0005790387955993051,0.00028951939779965256
toko toko walmart,LOC,1,toko toko walmart,0.0,0.0005790387955993051,0.00028951939779965256
toko,LOC,1,toko,0.0,0.0005790387955993051,0.00028951939779965256
token,PRD,1,token,0.0,0.0005790387955993051,0.00028951939779965256
todotua pasaribu,PER,1,todotua pasaribu,0.0,0.0005790387955993051,0.00028951939779965256
today selasa advertisement ottawa,ORG,1,today selasa advertisement ottawa,0.0,0.0005790387955993051,0.00028951939779965256
transformator tenaga transformator distribusi panel listrik tegangan menengah panel listrik tegangan rendah meter listrik kwh meter produk,PRD,1,transformator tenaga transformator distribusi panel listrik tegangan menengah panel listrik tegangan rendah meter listrik kwh meter produk,0.0,0.0005790387955993051,0.00028951939779965256
transformation in the evolution of industry,EVT,1,transformation in the evolution of industry,0.0,0.0005790387955993051,0.00028951939779965256
transaksi debit,PRD,1,transaksi debit,0.0,0.0005790387955993051,0.00028951939779965256
trans atlantik,ORG,1,trans atlantik,0.0,0.0005790387955993051,0.00028951939779965256
trans,LOC,1,trans,0.0,0.0005790387955993051,0.00028951939779965256
trade war jilid i,EVT,1,trade war jilid i,0.0,0.0005790387955993051,0.00028951939779965256
trade war i,EVT,1,trade war i,0.0,0.0005790387955993051,0.00028951939779965256
trade representative,NOR,1,trade representative,0.0,0.0005790387955993051,0.00028951939779965256
trade estimate nte report on foreign trade barriers,LAW,1,trade estimate nte report on foreign trade barriers,0.0,0.0005790387955993051,0.00028951939779965256
trade estimate nte report,PRD,1,trade estimate nte report,0.0,0.0005790387955993051,0.00028951939779965256
trade and development unctad trade analysis information system trains,PRD,1,trade and development unctad trade analysis information system trains,0.0,0.0005790387955993051,0.00028951939779965256
tr,ORG,1,tr,0.0,0.0005790387955993051,0.00028951939779965256
tpt indonesia,ORG,1,tpt indonesia,0.0,0.0005790387955993051,0.00028951939779965256
tpt elektronik,PRD,1,tpt elektronik,0.0,0.0005790387955993051,0.00028951939779965256
tpp,ORG,1,tpp,0.0,0.0005790387955993051,0.00028951939779965256
tpia,ORG,1,tpia,0.0,0.0005790387955993051,0.00028951939779965256
trudeaumengatakan,PER,1,trudeaumengatakan,0.0,0.0005790387955993051,0.00028951939779965256
trudeaumemperingatkan,PER,1,trudeaumemperingatkan,0.0,0.0005790387955993051,0.00028951939779965256
triple intervention,PRD,1,triple intervention,0.0,0.0005790387955993051,0.00028951939779965256
triple,ORG,1,triple,0.0,0.0005790387955993051,0.00028951939779965256
trio,NOR,1,trio,0.0,0.0005790387955993051,0.00028951939779965256
trina,PRD,1,trina,0.0,0.0005790387955993051,0.00028951939779965256
triliun won,MON,1,triliun won,0.0,0.0005790387955993051,0.00028951939779965256
triliun maret,ORG,1,triliun maret,0.0,0.0005790387955993051,0.00028951939779965256
triliun dollar as,MON,1,triliun dollar as,0.0,0.0005790387955993051,0.00028951939779965256
triliun baht,MON,1,triliun baht,0.0,0.0005790387955993051,0.00028951939779965256
trian yunanda,PER,1,trian yunanda,0.0,0.0005790387955993051,0.00028951939779965256
trian,PER,1,trian,0.0,0.0005790387955993051,0.00028951939779965256
tri winarno,PER,1,tri winarno,0.0,0.0005790387955993051,0.00028951939779965256
tri,PER,1,tri,0.0,0.0005790387955993051,0.00028951939779965256
treatment,LAW,1,treatment,0.0,0.0005790387955993051,0.00028951939779965256
treasury,LAW,1,treasury,0.0,0.0005790387955993051,0.00028951939779965256
trumpdengan,PER,1,trumpdengan,0.0,0.0005790387955993051,0.00028951939779965256
trumpcession,PER,1,trumpcession,0.0,0.0005790387955993051,0.00028951939779965256
trumpberkampanye,PER,1,trumpberkampanye,0.0,0.0005790387955993051,0.00028951939779965256
trumpatas,PER,1,trumpatas,0.0,0.0005790387955993051,0.00028951939779965256
trumpakan,PER,1,trumpakan,0.0,0.0005790387955993051,0.00028951939779965256
trumpadalah,PER,1,trumpadalah,0.0,0.0005790387955993051,0.00028951939779965256
trump tower,ORG,1,trump tower,0.0,0.0005790387955993051,0.00028951939779965256
trump tariff,PRD,1,trump tariff,0.0,0.0005790387955993051,0.00028951939779965256
trump organization,ORG,1,trump organization,0.0,0.0005790387955993051,0.00028951939779965256
trump infog bbn,PRD,1,trump infog bbn,0.0,0.0005790387955993051,0.00028951939779965256
trump bessent,PER,1,trump bessent,0.0,0.0005790387955993051,0.00028951939779965256
trump beijing,PER,1,trump beijing,0.0,0.0005790387955993051,0.00028951939779965256
trump as,NOR,1,trump as,0.0,0.0005790387955993051,0.00028951939779965256
trump always chickens,PRD,1,trump always chickens,0.0,0.0005790387955993051,0.00028951939779965256
trump airlangga,PRD,1,trump airlangga,0.0,0.0005790387955993051,0.00028951939779965256
truk ringan,PRD,1,truk ringan,0.0,0.0005790387955993051,0.00028951939779965256
bloomberg news bloomberg bursa saham asia,ORG,1,bloomberg news bloomberg bursa saham asia,0.0,0.0005790387955993051,0.00028951939779965256
bloomberg news,ORG,1,bloomberg news,0.0,0.0005790387955993051,0.00028951939779965256
bloomberg intelligence,ORG,1,bloomberg intelligence,0.0,0.0005790387955993051,0.00028951939779965256
blockchain,PRD,1,blockchain,0.0,0.0005790387955993051,0.00028951939779965256
blair house,LOC,1,blair house,0.0,0.0005790387955993051,0.00028951939779965256
blackwell,PRD,1,blackwell,0.0,0.0005790387955993051,0.00028951939779965256
bkpm,NOR,1,bkpm,0.0,0.0005790387955993051,0.00028951939779965256
bk,NOR,1,bk,0.0,0.0005790387955993051,0.00028951939779965256
biz carson bloomberg news bloomberg,ORG,1,biz carson bloomberg news bloomberg,0.0,0.0005790387955993051,0.00028951939779965256
bitumen,GPE,1,bitumen,0.0,0.0005790387955993051,0.00028951939779965256
bitmain canaan,ORG,1,bitmain canaan,0.0,0.0005790387955993051,0.00028951939779965256
bitmain,PRD,1,bitmain,0.0,0.0005790387955993051,0.00028951939779965256
bite,ORG,1,bite,0.0,0.0005790387955993051,0.00028951939779965256
trumpdiprediksi,PER,1,trumpdiprediksi,0.0,0.0005790387955993051,0.00028951939779965256
trumpdilanjutkan,ORG,1,trumpdilanjutkan,0.0,0.0005790387955993051,0.00028951939779965256
trumpdi,PER,1,trumpdi,0.0,0.0005790387955993051,0.00028951939779965256
trumpmenetapkantarif,PER,1,trumpmenetapkantarif,0.0,0.0005790387955993051,0.00028951939779965256
trumpmenerapkan,PER,1,trumpmenerapkan,0.0,0.0005790387955993051,0.00028951939779965256
trumpmenandai,PER,1,trumpmenandai,0.0,0.0005790387955993051,0.00028951939779965256
trumpmemutuskan,PER,1,trumpmemutuskan,0.0,0.0005790387955993051,0.00028951939779965256
trumpmemilih,PER,1,trumpmemilih,0.0,0.0005790387955993051,0.00028951939779965256
trumpmemicu,PER,1,trumpmemicu,0.0,0.0005790387955993051,0.00028951939779965256
trumpmembuat,PER,1,trumpmembuat,0.0,0.0005790387955993051,0.00028951939779965256
trumpmemberlakukan,PER,1,trumpmemberlakukan,0.0,0.0005790387955993051,0.00028951939779965256
trumpmelanggar,PER,1,trumpmelanggar,0.0,0.0005790387955993051,0.00028951939779965256
trumpm,NOR,1,trumpm,0.0,0.0005790387955993051,0.00028951939779965256
trumpke,PER,1,trumpke,0.0,0.0005790387955993051,0.00028951939779965256
trumpkarena,PER,1,trumpkarena,0.0,0.0005790387955993051,0.00028951939779965256
trumpitu,PER,1,trumpitu,0.0,0.0005790387955993051,0.00028951939779965256
trumpingin,PER,1,trumpingin,0.0,0.0005790387955993051,0.00028951939779965256
bloomberg news bloomberg diplomat,ORG,1,bloomberg news bloomberg diplomat,0.0,0.0005790387955993051,0.00028951939779965256
bloomberg news bloomberg china,ORG,1,bloomberg news bloomberg china,0.0,0.0005790387955993051,0.00028951939779965256
trumpterkait,PER,1,trumpterkait,0.0,0.0005790387955993051,0.00028951939779965256
trumptak,PER,1,trumptak,0.0,0.0005790387955993051,0.00028951939779965256
trumpsendiri,PER,1,trumpsendiri,0.0,0.0005790387955993051,0.00028951939779965256
trumpsedang,PER,1,trumpsedang,0.0,0.0005790387955993051,0.00028951939779965256
trumpsecara,PER,1,trumpsecara,0.0,0.0005790387955993051,0.00028951939779965256
trumpsebesar,PER,1,trumpsebesar,0.0,0.0005790387955993051,0.00028951939779965256
trumpsebagai,PER,1,trumpsebagai,0.0,0.0005790387955993051,0.00028951939779965256
trumpresmi,PER,1,trumpresmi,0.0,0.0005790387955993051,0.00028951939779965256
trumppenerapan,PER,1,trumppenerapan,0.0,0.0005790387955993051,0.00028951939779965256
trumponomics,PER,1,trumponomics,0.0,0.0005790387955993051,0.00028951939779965256
trumpnamanya,PER,1,trumpnamanya,0.0,0.0005790387955993051,0.00028951939779965256
trumpmerupakan,PER,1,trumpmerupakan,0.0,0.0005790387955993051,0.00028951939779965256
trumpmengonfirmasi,PER,1,trumpmengonfirmasi,0.0,0.0005790387955993051,0.00028951939779965256
trumpmengenakan,PER,1,trumpmengenakan,0.0,0.0005790387955993051,0.00028951939779965256
trumpmengatakantarif,PER,1,trumpmengatakantarif,0.0,0.0005790387955993051,0.00028951939779965256
trumpmengaku,PER,1,trumpmengaku,0.0,0.0005790387955993051,0.00028951939779965256
twa,PRD,1,twa,0.0,0.0005790387955993051,0.00028951939779965256
tv,PRD,1,tv,0.0,0.0005790387955993051,0.00028951939779965256
turkmenistan,GPE,1,turkmenistan,0.0,0.0005790387955993051,0.00028951939779965256
turbin angin pelapis mesin jet,PRD,1,turbin angin pelapis mesin jet,0.0,0.0005790387955993051,0.00028951939779965256
turbin angin,PRD,1,turbin angin,0.0,0.0005790387955993051,0.00028951939779965256
tungsten,PRD,1,tungsten,0.0,0.0005790387955993051,0.00028951939779965256
tuna cakalang tongkol,PRD,1,tuna cakalang tongkol,0.0,0.0005790387955993051,0.00028951939779965256
tukar,MON,1,tukar,0.0,0.0005790387955993051,0.00028951939779965256
tujuh tahun,QTY,1,tujuh tahun,0.0,0.0005790387955993051,0.00028951939779965256
tujuh hari,QTY,1,tujuh hari,0.0,0.0005790387955993051,0.00028951939779965256
tujuh bumn,ORG,1,tujuh bumn,0.0,0.0005790387955993051,0.00028951939779965256
tsla,ORG,1,tsla,0.0,0.0005790387955993051,0.00028951939779965256
tsay,PRD,1,tsay,0.0,0.0005790387955993051,0.00028951939779965256
truth social uni eropa,ORG,1,truth social uni eropa,0.0,0.0005790387955993051,0.00028951939779965256
trumptersebut,PER,1,trumptersebut,0.0,0.0005790387955993051,0.00028951939779965256
trumpternyata,PER,1,trumpternyata,0.0,0.0005790387955993051,0.00028951939779965256
bitcoinhingga,PRD,1,bitcoinhingga,0.0,0.0005790387955993051,0.00028951939779965256
bitcoinetf,PRD,1,bitcoinetf,0.0,0.0005790387955993051,0.00028951939779965256
bitcoindi,PRD,1,bitcoindi,0.0,0.0005790387955993051,0.00028951939779965256
bitcoin global,PRD,1,bitcoin global,0.0,0.0005790387955993051,0.00028951939779965256
bitcoin ethereum xrp solana,PRD,1,bitcoin ethereum xrp solana,0.0,0.0005790387955993051,0.00028951939779965256
bitcoin cs,PRD,1,bitcoin cs,0.0,0.0005790387955993051,0.00028951939779965256
bisnis com jakarta emiten grup triputra,ORG,1,bisnis com jakarta emiten grup triputra,0.0,0.0005790387955993051,0.00028951939779965256
bisnis com jakarta chinamengumumkan,ORG,1,bisnis com jakarta chinamengumumkan,0.0,0.0005790387955993051,0.00028951939779965256
bisnis com batam emiten bidang elektronika ptsat nusapersadatbk ptsn,ORG,1,bisnis com batam emiten bidang elektronika ptsat nusapersadatbk ptsn,0.0,0.0005790387955993051,0.00028951939779965256
bisnis as,ORG,1,bisnis as,0.0,0.0005790387955993051,0.00028951939779965256
bismut,ORG,1,bismut,0.0,0.0005790387955993051,0.00028951939779965256
uae,PER,1,uae,0.0,0.0005790387955993051,0.00028951939779965256
tyi,ORG,1,tyi,0.0,0.0005790387955993051,0.00028951939779965256
two countries twin park,LOC,1,two countries twin park,0.0,0.0005790387955993051,0.00028951939779965256
twitter com,ORG,1,twitter com,0.0,0.0005790387955993051,0.00028951939779965256
twitter,PRD,1,twitter,0.0,0.0005790387955993051,0.00028951939779965256
ukm pangan hkti,ORG,1,ukm pangan hkti,0.0,0.0005790387955993051,0.00028951939779965256
ukm,ORG,1,ukm,0.0,0.0005790387955993051,0.00028951939779965256
ujarairlangga,PER,1,ujarairlangga,0.0,0.0005790387955993051,0.00028951939779965256
ui,ORG,1,ui,0.0,0.0005790387955993051,0.00028951939779965256
ainslie chandler bloomberg news bloomberg,ORG,1,ainslie chandler bloomberg news bloomberg,0.0,0.0005790387955993051,0.00028951939779965256
ahn duk geun,PER,1,ahn duk geun,0.0,0.0005790387955993051,0.00028951939779965256
ahmed hussen,PER,1,ahmed hussen,0.0,0.0005790387955993051,0.00028951939779965256
ahmad zahid bin hamidi,PER,1,ahmad zahid bin hamidi,0.0,0.0005790387955993051,0.00028951939779965256
ahmad khoirul umam,PER,1,ahmad khoirul umam,0.0,0.0005790387955993051,0.00028951939779965256
ahli menteri kelautan dan perikanan,NOR,1,ahli menteri kelautan dan perikanan,0.0,0.0005790387955993051,0.00028951939779965256
ahad,DAT,1,ahad,0.0,0.0005790387955993051,0.00028951939779965256
agung sedayu group asg,ORG,1,agung sedayu group asg,0.0,0.0005790387955993051,0.00028951939779965256
agensi pop,ORG,1,agensi pop,0.0,0.0005790387955993051,0.00028951939779965256
bitcoinmencapai,ORG,1,bitcoinmencapai,0.0,0.0005790387955993051,0.00028951939779965256
bitcoinmelampaui,PRD,1,bitcoinmelampaui,0.0,0.0005790387955993051,0.00028951939779965256
bitcoinjuga,PRD,1,bitcoinjuga,0.0,0.0005790387955993051,0.00028951939779965256
biro humas dan hukum bps,ORG,1,biro humas dan hukum bps,0.0,0.0005790387955993051,0.00028951939779965256
biro analisis ekonomi asmencatatdefisit,ORG,1,biro analisis ekonomi asmencatatdefisit,0.0,0.0005790387955993051,0.00028951939779965256
biro analisis ekonomi,ORG,1,biro analisis ekonomi,0.0,0.0005790387955993051,0.00028951939779965256
birkenstock,PRD,1,birkenstock,0.0,0.0005790387955993051,0.00028951939779965256
bir,PRD,1,bir,0.0,0.0005790387955993051,0.00028951939779965256
bincang bahari,EVT,1,bincang bahari,0.0,0.0005790387955993051,0.00028951939779965256
bin,EVT,1,bin,0.0,0.0005790387955993051,0.00028951939779965256
unctad,ORG,1,unctad,0.0,0.0005790387955993051,0.00028951939779965256
unair news departemen ilmu ekonomifakultas ekonomi dan bisnis feb universitas airlangga unair,ORG,1,unair news departemen ilmu ekonomifakultas ekonomi dan bisnis feb universitas airlangga unair,0.0,0.0005790387955993051,0.00028951939779965256
unair,ORG,1,unair,0.0,0.0005790387955993051,0.00028951939779965256
umy,PER,1,umy,0.0,0.0005790387955993051,0.00028951939779965256
umum himpunan industri mebel dan kerajinan indonesia himki,ORG,1,umum himpunan industri mebel dan kerajinan indonesia himki,0.0,0.0005790387955993051,0.00028951939779965256
umum aptrindo,ORG,1,umum aptrindo,0.0,0.0005790387955993051,0.00028951939779965256
umum apki liana,ORG,1,umum apki liana,0.0,0.0005790387955993051,0.00028951939779965256
umkm,LAW,1,umkm,0.0,0.0005790387955993051,0.00028951939779965256
ukrai,GPE,1,ukrai,0.0,0.0005790387955993051,0.00028951939779965256
united states,ORG,1,united states,0.0,0.0005790387955993051,0.00028951939779965256
united nations conference on,EVT,1,united nations conference on,0.0,0.0005790387955993051,0.00028951939779965256
uni eropa kanada,GPE,1,uni eropa kanada,0.0,0.0005790387955993051,0.00028951939779965256
uni eropa indonesia,NOR,1,uni eropa indonesia,0.0,0.0005790387955993051,0.00028951939779965256
uni eropa china,GPE,1,uni eropa china,0.0,0.0005790387955993051,0.00028951939779965256
uni eropa brasil,GPE,1,uni eropa brasil,0.0,0.0005790387955993051,0.00028951939779965256
uni eropa as,NOR,1,uni eropa as,0.0,0.0005790387955993051,0.00028951939779965256
undang undang kewenangan darurat ekonomi internasional international economic emergency powers act ieepa,LAW,1,undang undang kewenangan darurat ekonomi internasional international economic emergency powers act ieepa,0.0,0.0005790387955993051,0.00028951939779965256
undang undang kekuatan ekonomi darurat internasional,LAW,1,undang undang kekuatan ekonomi darurat internasional,0.0,0.0005790387955993051,0.00028951939779965256
undang kekuasaan,LAW,1,undang kekuasaan,0.0,0.0005790387955993051,0.00028951939779965256
bis,ORG,1,bis,0.0,0.0005790387955993051,0.00028951939779965256
biru atlantik,PRD,1,biru atlantik,0.0,0.0005790387955993051,0.00028951939779965256
biro statistik nasional nbs,ORG,1,biro statistik nasional nbs,0.0,0.0005790387955993051,0.00028951939779965256
biro statistik nasional,ORG,1,biro statistik nasional,0.0,0.0005790387955993051,0.00028951939779965256
biro sensus as,ORG,1,biro sensus as,0.0,0.0005790387955993051,0.00028951939779965256
biro keamanan dan industri bis,ORG,1,biro keamanan dan industri bis,0.0,0.0005790387955993051,0.00028951939779965256
us miliar jepang,MON,1,us miliar jepang,0.0,0.0005790387955993051,0.00028951939779965256
us miliar china us miliar,MON,1,us miliar china us miliar,0.0,0.0005790387955993051,0.00028951939779965256
us miliar amerika serikat,MON,1,us miliar amerika serikat,0.0,0.0005790387955993051,0.00028951939779965256
us juta korea selatan,MON,1,us juta korea selatan,0.0,0.0005790387955993051,0.00028951939779965256
us juta belanda,MON,1,us juta belanda,0.0,0.0005790387955993051,0.00028951939779965256
us court of international trade,ORG,1,us court of international trade,0.0,0.0005790387955993051,0.00028951939779965256
ursula von der leyen trump,PER,1,ursula von der leyen trump,0.0,0.0005790387955993051,0.00028951939779965256
updatecnbc indonesiadari,ORG,1,updatecnbc indonesiadari,0.0,0.0005790387955993051,0.00028951939779965256
update,ORG,1,update,0.0,0.0005790387955993051,0.00028951939779965256
uob indonesia,ORG,1,uob indonesia,0.0,0.0005790387955993051,0.00028951939779965256
uno,ORG,1,uno,0.0,0.0005790387955993051,0.00028951939779965256
universitas sebelas,ORG,1,universitas sebelas,0.0,0.0005790387955993051,0.00028951939779965256
universitas paramadina,ORG,1,universitas paramadina,0.0,0.0005790387955993051,0.00028951939779965256
universitas city new york,ORG,1,universitas city new york,0.0,0.0005790387955993051,0.00028951939779965256
universe,ORG,1,universe,0.0,0.0005790387955993051,0.00028951939779965256
united states steel corp,ORG,1,united states steel corp,0.0,0.0005790387955993051,0.00028951939779965256
afp as,NOR,1,afp as,0.0,0.0005790387955993051,0.00028951939779965256
afd,PER,1,afd,0.0,0.0005790387955993051,0.00028951939779965256
aesi,ORG,1,aesi,0.0,0.0005790387955993051,0.00028951939779965256
advertisement,PRD,1,advertisement,0.0,0.0005790387955993051,0.00028951939779965256
us us troy,MON,1,us us troy,0.0,0.0005790387955993051,0.00028951939779965256
us troy ounce,MON,1,us troy ounce,0.0,0.0005790387955993051,0.00028951939779965256
us trade representative scroll,LAW,1,us trade representative scroll,0.0,0.0005790387955993051,0.00028951939779965256
us trade representative,ORG,1,us trade representative,0.0,0.0005790387955993051,0.00028951939779965256
us secretary of commerce,ORG,1,us secretary of commerce,0.0,0.0005790387955993051,0.00028951939779965256
us rp ribu,MON,1,us rp ribu,0.0,0.0005790387955993051,0.00028951939779965256
us rp,MON,1,us rp,0.0,0.0005790387955993051,0.00028951939779965256
us miliardibandingkan,MON,1,us miliardibandingkan,0.0,0.0005790387955993051,0.00028951939779965256
us miliardari,MON,1,us miliardari,0.0,0.0005790387955993051,0.00028951939779965256
us miliar vietnam,MON,1,us miliar vietnam,0.0,0.0005790387955993051,0.00028951939779965256
us miliar swiss miliar,MON,1,us miliar swiss miliar,0.0,0.0005790387955993051,0.00028951939779965256
us miliar rp,MON,1,us miliar rp,0.0,0.0005790387955993051,0.00028951939779965256
bidang diseminasi dan media informasi kantor komunikasi kepresidenan pco,ORG,1,bidang diseminasi dan media informasi kantor komunikasi kepresidenan pco,0.0,0.0005790387955993051,0.00028951939779965256
bicara walmart,ORG,1,bicara walmart,0.0,0.0005790387955993051,0.00028951939779965256
bicara gedung putih,ORG,1,bicara gedung putih,0.0,0.0005790387955993051,0.00028951939779965256
bi rate,ORG,1,bi rate,0.0,0.0005790387955993051,0.00028951939779965256
bhima yudhistira,PER,1,bhima yudhistira,0.0,0.0005790387955993051,0.00028951939779965256
bhawan new delhi,NOR,1,bhawan new delhi,0.0,0.0005790387955993051,0.00028951939779965256
bezos,ORG,1,bezos,0.0,0.0005790387955993051,0.00028951939779965256
bessett,PER,1,bessett,0.0,0.0005790387955993051,0.00028951939779965256
bessent greer,PER,1,bessent greer,0.0,0.0005790387955993051,0.00028951939779965256
ag,ORG,1,ag,0.0,0.0005790387955993051,0.00028951939779965256
after,ORG,1,after,0.0,0.0005790387955993051,0.00028951939779965256
afrika selatan,GPE,1,afrika selatan,0.0,0.0005790387955993051,0.00028951939779965256
afrika ri,GPE,1,afrika ri,0.0,0.0005790387955993051,0.00028951939779965256
afrika lesotho,GPE,1,afrika lesotho,0.0,0.0005790387955993051,0.00028951939779965256
africa,ORG,1,africa,0.0,0.0005790387955993051,0.00028951939779965256
afp presiden as,NOR,1,afp presiden as,0.0,0.0005790387955993051,0.00028951939779965256
valdryno,PER,1,valdryno,0.0,0.0005790387955993051,0.00028951939779965256
valda kustarini,PER,1,valda kustarini,0.0,0.0005790387955993051,0.00028951939779965256
uzbekistan,GPE,1,uzbekistan,0.0,0.0005790387955993051,0.00028951939779965256
uu nomor tahun tentang perindustrian,LAW,1,uu nomor tahun tentang perindustrian,0.0,0.0005790387955993051,0.00028951939779965256
usdoc,ORG,1,usdoc,0.0,0.0005790387955993051,0.00028951939779965256
usda,PRD,1,usda,0.0,0.0005790387955993051,0.00028951939779965256
usd triliun,MON,1,usd triliun,0.0,0.0005790387955993051,0.00028951939779965256
usd ribu,MON,1,usd ribu,0.0,0.0005790387955993051,0.00028951939779965256
usc,LAW,1,usc,0.0,0.0005790387955993051,0.00028951939779965256
usaha merritt,NOR,1,usaha merritt,0.0,0.0005790387955993051,0.00028951939779965256
agensi,ORG,1,agensi,0.0,0.0005790387955993051,0.00028951939779965256
agen bea cukai as,NOR,1,agen bea cukai as,0.0,0.0005790387955993051,0.00028951939779965256
bill,ORG,1,bill,0.0,0.0005790387955993051,0.00028951939779965256
bidang percepatan transformasi industri,ORG,1,bidang percepatan transformasi industri,0.0,0.0005790387955993051,0.00028951939779965256
bidang ekonomi sosial dan budaya,ORG,1,bidang ekonomi sosial dan budaya,0.0,0.0005790387955993051,0.00028951939779965256
bidang ekonomi sosial,ORG,1,bidang ekonomi sosial,0.0,0.0005790387955993051,0.00028951939779965256
virgina maulita,PER,1,virgina maulita,0.0,0.0005790387955993051,0.00028951939779965256
vikram misri,PER,1,vikram misri,0.0,0.0005790387955993051,0.00028951939779965256
vietnam airlines,ORG,1,vietnam airlines,0.0,0.0005790387955993051,0.00028951939779965256
vietcong,NOR,1,vietcong,0.0,0.0005790387955993051,0.00028951939779965256
vietcombank,ORG,1,vietcombank,0.0,0.0005790387955993051,0.00028951939779965256
video,PRD,1,video,0.0,0.0005790387955993051,0.00028951939779965256
vice president of global government affairs departement huawei technologies,ORG,1,vice president of global government affairs departement huawei technologies,0.0,0.0005790387955993051,0.00028951939779965256
veuve,PRD,1,veuve,0.0,0.0005790387955993051,0.00028951939779965256
versace,ORG,1,versace,0.0,0.0005790387955993051,0.00028951939779965256
vermont,GPE,1,vermont,0.0,0.0005790387955993051,0.00028951939779965256
venture capital,ORG,1,venture capital,0.0,0.0005790387955993051,0.00028951939779965256
vcg,PRD,1,vcg,0.0,0.0005790387955993051,0.00028951939779965256
varoufakis,ORG,1,varoufakis,0.0,0.0005790387955993051,0.00028951939779965256
vancetentang,PER,1,vancetentang,0.0,0.0005790387955993051,0.00028951939779965256
value,PRD,1,value,0.0,0.0005790387955993051,0.00028951939779965256
valor,PER,1,valor,0.0,0.0005790387955993051,0.00028951939779965256
wakil ketua dprsufmi,NOR,1,wakil ketua dprsufmi,0.0,0.0005790387955993051,0.00028951939779965256
wakil ketua dewan energi nasional den,NOR,1,wakil ketua dewan energi nasional den,0.0,0.0005790387955993051,0.00028951939779965256
wakil ketua dewan ekonomi nasional,NOR,1,wakil ketua dewan ekonomi nasional,0.0,0.0005790387955993051,0.00028951939779965256
wakil ketua dewan ekonomi,NOR,1,wakil ketua dewan ekonomi,0.0,0.0005790387955993051,0.00028951939779965256
wakil kepala badan koordinasi penanaman modal todotua pasaribu,NOR,1,wakil kepala badan koordinasi penanaman modal todotua pasaribu,0.0,0.0005790387955993051,0.00028951939779965256
wait,ORG,1,wait,0.0,0.0005790387955993051,0.00028951939779965256
vuitton,ORG,1,vuitton,0.0,0.0005790387955993051,0.00028951939779965256
volodymyr zelensky,PER,1,volodymyr zelensky,0.0,0.0005790387955993051,0.00028951939779965256
volkswagen ag,ORG,1,volkswagen ag,0.0,0.0005790387955993051,0.00028951939779965256
volkswagen,ORG,1,volkswagen,0.0,0.0005790387955993051,0.00028951939779965256
volcker,ORG,1,volcker,0.0,0.0005790387955993051,0.00028951939779965256
volatilitas pasar,ORG,1,volatilitas pasar,0.0,0.0005790387955993051,0.00028951939779965256
vladimir,PER,1,vladimir,0.0,0.0005790387955993051,0.00028951939779965256
vivo,ORG,1,vivo,0.0,0.0005790387955993051,0.00028951939779965256
vivian balakrishnan,PER,1,vivian balakrishnan,0.0,0.0005790387955993051,0.00028951939779965256
visit of journalists from indonesia,ORG,1,visit of journalists from indonesia,0.0,0.0005790387955993051,0.00028951939779965256
bengkak,PER,1,bengkak,0.0,0.0005790387955993051,0.00028951939779965256
benang,PRD,1,benang,0.0,0.0005790387955993051,0.00028951939779965256
bell cnbc,PRD,1,bell cnbc,0.0,0.0005790387955993051,0.00028951939779965256
bell,ORG,1,bell,0.0,0.0005790387955993051,0.00028951939779965256
belasan miliar dolar,MON,1,belasan miliar dolar,0.0,0.0005790387955993051,0.00028951939779965256
belasan,CRD,1,belasan,0.0,0.0005790387955993051,0.00028951939779965256
belarusia,GPE,1,belarusia,0.0,0.0005790387955993051,0.00028951939779965256
belarus kanada,GPE,1,belarus kanada,0.0,0.0005790387955993051,0.00028951939779965256
belarus,GPE,1,belarus,0.0,0.0005790387955993051,0.00028951939779965256
wakil menteri investasi,NOR,1,wakil menteri investasi,0.0,0.0005790387955993051,0.00028951939779965256
wakil menteri energi dan sumber daya mineral esdm,NOR,1,wakil menteri energi dan sumber daya mineral esdm,0.0,0.0005790387955993051,0.00028951939779965256
wakil ketuamprlestari,NOR,1,wakil ketuamprlestari,0.0,0.0005790387955993051,0.00028951939779965256
wakil ketua mpr ri,NOR,1,wakil ketua mpr ri,0.0,0.0005790387955993051,0.00028951939779965256
wakil ketua komisi xi dpr ri,NOR,1,wakil ketua komisi xi dpr ri,0.0,0.0005790387955993051,0.00028951939779965256
wakil ketua komisi pengawas persaingan usaha kppu aru,NOR,1,wakil ketua komisi pengawas persaingan usaha kppu aru,0.0,0.0005790387955993051,0.00028951939779965256
wakil ketua komisi pengawas persaingan usaha kppu,NOR,1,wakil ketua komisi pengawas persaingan usaha kppu,0.0,0.0005790387955993051,0.00028951939779965256
wakil presiden indonesia,NOR,1,wakil presiden indonesia,0.0,0.0005790387955993051,0.00028951939779965256
wakil presiden,NOR,1,wakil presiden,0.0,0.0005790387955993051,0.00028951939779965256
wakil perdana menterichinahe,NOR,1,wakil perdana menterichinahe,0.0,0.0005790387955993051,0.00028951939779965256
wakil perdana menteri pm malaysiadato,NOR,1,wakil perdana menteri pm malaysiadato,0.0,0.0005790387955993051,0.00028951939779965256
wakil perdana menteri pm china,NOR,1,wakil perdana menteri pm china,0.0,0.0005790387955993051,0.00028951939779965256
wakil menteri perdagangan wamendag,NOR,1,wakil menteri perdagangan wamendag,0.0,0.0005790387955993051,0.00028951939779965256
wakil menteri perdagangan ri,NOR,1,wakil menteri perdagangan ri,0.0,0.0005790387955993051,0.00028951939779965256
wakil menteri luar negeri wamenlu ri,NOR,1,wakil menteri luar negeri wamenlu ri,0.0,0.0005790387955993051,0.00028951939779965256
wakil menteri luar negeri ri,NOR,1,wakil menteri luar negeri ri,0.0,0.0005790387955993051,0.00028951939779965256
wakil menteri koordinator bidang politik dan keamanan,NOR,1,wakil menteri koordinator bidang politik dan keamanan,0.0,0.0005790387955993051,0.00028951939779965256
wakil menteri koordinator bidang perekonomian,NOR,1,wakil menteri koordinator bidang perekonomian,0.0,0.0005790387955993051,0.00028951939779965256
wakil menteri keuangan wamenkeu,NOR,1,wakil menteri keuangan wamenkeu,0.0,0.0005790387955993051,0.00028951939779965256
wakil menteri investasi dan hilirisasi,NOR,1,wakil menteri investasi dan hilirisasi,0.0,0.0005790387955993051,0.00028951939779965256
bernsteinmenegaskan,ORG,1,bernsteinmenegaskan,0.0,0.0005790387955993051,0.00028951939779965256
benny soetrisno,PER,1,benny soetrisno,0.0,0.0005790387955993051,0.00028951939779965256
benjamin,PER,1,benjamin,0.0,0.0005790387955993051,0.00028951939779965256
waraditya nugraha aguido adri apr wib,PER,1,waraditya nugraha aguido adri apr wib,0.0,0.0005790387955993051,0.00028951939779965256
waraditya nugraha aguido adri apr,PER,1,waraditya nugraha aguido adri apr,0.0,0.0005790387955993051,0.00028951939779965256
wapres,NOR,1,wapres,0.0,0.0005790387955993051,0.00028951939779965256
wang yi,PER,1,wang yi,0.0,0.0005790387955993051,0.00028951939779965256
wang wentao,PER,1,wang wentao,0.0,0.0005790387955993051,0.00028951939779965256
wang he,PER,1,wang he,0.0,0.0005790387955993051,0.00028951939779965256
wamenlu,NOR,1,wamenlu,0.0,0.0005790387955993051,0.00028951939779965256
wamenkeu,ORG,1,wamenkeu,0.0,0.0005790387955993051,0.00028951939779965256
wamendag,LAW,1,wamendag,0.0,0.0005790387955993051,0.00028951939779965256
walters,ORG,1,walters,0.0,0.0005790387955993051,0.00028951939779965256
walter,PER,1,walter,0.0,0.0005790387955993051,0.00028951939779965256
walmart inc,ORG,1,walmart inc,0.0,0.0005790387955993051,0.00028951939779965256
walmart connect,ORG,1,walmart connect,0.0,0.0005790387955993051,0.00028951939779965256
wall street journaldi jakarta,ORG,1,wall street journaldi jakarta,0.0,0.0005790387955993051,0.00028951939779965256
wall street dannasdaq compositemasing,ORG,1,wall street dannasdaq compositemasing,0.0,0.0005790387955993051,0.00028951939779965256
wakil presiden ri,NOR,1,wakil presiden ri,0.0,0.0005790387955993051,0.00028951939779965256
welle,EVT,1,welle,0.0,0.0005790387955993051,0.00028951939779965256
weight,PRD,1,weight,0.0,0.0005790387955993051,0.00028951939779965256
wee,PER,1,wee,0.0,0.0005790387955993051,0.00028951939779965256
wedbush,PER,1,wedbush,0.0,0.0005790387955993051,0.00028951939779965256
website,PRD,1,website,0.0,0.0005790387955993051,0.00028951939779965256
webinar,EVT,1,webinar,0.0,0.0005790387955993051,0.00028951939779965256
wealth fund,PRD,1,wealth fund,0.0,0.0005790387955993051,0.00028951939779965256
we,PER,1,we,0.0,0.0005790387955993051,0.00028951939779965256
wdr,PER,1,wdr,0.0,0.0005790387955993051,0.00028951939779965256
waveitu,ORG,1,waveitu,0.0,0.0005790387955993051,0.00028951939779965256
washingtonuntuk,GPE,1,washingtonuntuk,0.0,0.0005790387955993051,0.00028951939779965256
washington yardeni research,ORG,1,washington yardeni research,0.0,0.0005790387955993051,0.00028951939779965256
washington service,ORG,1,washington service,0.0,0.0005790387955993051,0.00028951939779965256
warren buffet,PER,1,warren buffet,0.0,0.0005790387955993051,0.00028951939779965256
warjiyomengatakan,PER,1,warjiyomengatakan,0.0,0.0005790387955993051,0.00028951939779965256
waraditya nugraha erika kurnia apr,PER,1,waraditya nugraha erika kurnia apr,0.0,0.0005790387955993051,0.00028951939779965256
berlin,GPE,1,berlin,0.0,0.0005790387955993051,0.00028951939779965256
berlian,PRD,1,berlian,0.0,0.0005790387955993051,0.00028951939779965256
berkelanjutan,NOR,1,berkelanjutan,0.0,0.0005790387955993051,0.00028951939779965256
berita,ORG,1,berita,0.0,0.0005790387955993051,0.00028951939779965256
berharga negara,PRD,1,berharga negara,0.0,0.0005790387955993051,0.00028951939779965256
berat pertambangan,PRD,1,berat pertambangan,0.0,0.0005790387955993051,0.00028951939779965256
beras melati,PRD,1,beras melati,0.0,0.0005790387955993051,0.00028951939779965256
beras domestik,PRD,1,beras domestik,0.0,0.0005790387955993051,0.00028951939779965256
beralkohollainnya,PRD,1,beralkohollainnya,0.0,0.0005790387955993051,0.00028951939779965256
bentuk,PRD,1,bentuk,0.0,0.0005790387955993051,0.00028951939779965256
bensin indonesia,PRD,1,bensin indonesia,0.0,0.0005790387955993051,0.00028951939779965256
whatsapp garudatv,ORG,1,whatsapp garudatv,0.0,0.0005790387955993051,0.00028951939779965256
whatsa,PRD,1,whatsa,0.0,0.0005790387955993051,0.00028951939779965256
west palm beach dikutipreuters,LOC,1,west palm beach dikutipreuters,0.0,0.0005790387955993051,0.00028951939779965256
wells fargo shannon grein,PER,1,wells fargo shannon grein,0.0,0.0005790387955993051,0.00028951939779965256
wells fargo,PER,1,wells fargo,0.0,0.0005790387955993051,0.00028951939779965256
widi aguido adri apr,PER,1,widi aguido adri apr,0.0,0.0005790387955993051,0.00028951939779965256
wib nusantara banjarmasin,ORG,1,wib nusantara banjarmasin,0.0,0.0005790387955993051,0.00028951939779965256
wib nusantara,ORG,1,wib nusantara,0.0,0.0005790387955993051,0.00028951939779965256
wib internasional washington,ORG,1,wib internasional washington,0.0,0.0005790387955993051,0.00028951939779965256
wib internasional new york,ORG,1,wib internasional new york,0.0,0.0005790387955993051,0.00028951939779965256
wib internasional london,ORG,1,wib internasional london,0.0,0.0005790387955993051,0.00028951939779965256
wib internasional canberra,ORG,1,wib internasional canberra,0.0,0.0005790387955993051,0.00028951939779965256
wib internasional beijing,ORG,1,wib internasional beijing,0.0,0.0005790387955993051,0.00028951939779965256
whole carcass,PRD,1,whole carcass,0.0,0.0005790387955993051,0.00028951939779965256
whitehouse gov,ORG,1,whitehouse gov,0.0,0.0005790387955993051,0.00028951939779965256
whitehouse,ORG,1,whitehouse,0.0,0.0005790387955993051,0.00028951939779965256
white house rose garden,LOC,1,white house rose garden,0.0,0.0005790387955993051,0.00028951939779965256
white house as,ORG,1,white house as,0.0,0.0005790387955993051,0.00028951939779965256
white,ORG,1,white,0.0,0.0005790387955993051,0.00028951939779965256
beincrypto pasar crypto,ORG,1,beincrypto pasar crypto,0.0,0.0005790387955993051,0.00028951939779965256
bernard,PER,1,bernard,0.0,0.0005790387955993051,0.00028951939779965256
wiski suling,PRD,1,wiski suling,0.0,0.0005790387955993051,0.00028951939779965256
wiski,PRD,1,wiski,0.0,0.0005790387955993051,0.00028951939779965256
wirawasta,PER,1,wirawasta,0.0,0.0005790387955993051,0.00028951939779965256
wine sampanye,PRD,1,wine sampanye,0.0,0.0005790387955993051,0.00028951939779965256
wine,PRD,1,wine,0.0,0.0005790387955993051,0.00028951939779965256
windows,PRD,1,windows,0.0,0.0005790387955993051,0.00028951939779965256
wilson,PER,1,wilson,0.0,0.0005790387955993051,0.00028951939779965256
williams,ORG,1,williams,0.0,0.0005790387955993051,0.00028951939779965256
william wilkes bloomberg news bloomberg porsche ag,ORG,1,william wilkes bloomberg news bloomberg porsche ag,0.0,0.0005790387955993051,0.00028951939779965256
wildan,PER,1,wildan,0.0,0.0005790387955993051,0.00028951939779965256
wikimedia commons,ORG,1,wikimedia commons,0.0,0.0005790387955993051,0.00028951939779965256
wijayato samirin,PER,1,wijayato samirin,0.0,0.0005790387955993051,0.00028951939779965256
wijaya,ORG,1,wijaya,0.0,0.0005790387955993051,0.00028951939779965256
widyastutik,PER,1,widyastutik,0.0,0.0005790387955993051,0.00028951939779965256
widodo,PER,1,widodo,0.0,0.0005790387955993051,0.00028951939779965256
widi dimas waraditya nugraha aguido adri apr wib,PER,1,widi dimas waraditya nugraha aguido adri apr wib,0.0,0.0005790387955993051,0.00028951939779965256
xiamen,GPE,1,xiamen,0.0,0.0005790387955993051,0.00028951939779965256
xi jinpingdua,PER,1,xi jinpingdua,0.0,0.0005790387955993051,0.00028951939779965256
xanana gusmao,PER,1,xanana gusmao,0.0,0.0005790387955993051,0.00028951939779965256
wsj,ORG,1,wsj,0.0,0.0005790387955993051,0.00028951939779965256
world newsmenyoroti,ORG,1,world newsmenyoroti,0.0,0.0005790387955993051,0.00028951939779965256
world journalists conference,EVT,1,world journalists conference,0.0,0.0005790387955993051,0.00028951939779965256
world is flat,EVT,1,world is flat,0.0,0.0005790387955993051,0.00028951939779965256
world economic outlook weo,LAW,1,world economic outlook weo,0.0,0.0005790387955993051,0.00028951939779965256
world economic outlook,EVT,1,world economic outlook,0.0,0.0005790387955993051,0.00028951939779965256
words,LAW,1,words,0.0,0.0005790387955993051,0.00028951939779965256
woori rully nova,PER,1,woori rully nova,0.0,0.0005790387955993051,0.00028951939779965256
won,PRD,1,won,0.0,0.0005790387955993051,0.00028951939779965256
wni,PER,1,wni,0.0,0.0005790387955993051,0.00028951939779965256
wizard of ozdan,WOA,1,wizard of ozdan,0.0,0.0005790387955993051,0.00028951939779965256
wisma mandiri,LOC,1,wisma mandiri,0.0,0.0005790387955993051,0.00028951939779965256
wisma bisnis indonesia jakarta,LOC,1,wisma bisnis indonesia jakarta,0.0,0.0005790387955993051,0.00028951939779965256
zayed al nahyan,PER,1,zayed al nahyan,0.0,0.0005790387955993051,0.00028951939779965256
zayed,PER,1,zayed,0.0,0.0005790387955993051,0.00028951939779965256
zaky firmansyah,PER,1,zaky firmansyah,0.0,0.0005790387955993051,0.00028951939779965256
zaky,PER,1,zaky,0.0,0.0005790387955993051,0.00028951939779965256
yusuf,PER,1,yusuf,0.0,0.0005790387955993051,0.00028951939779965256
yuni,PER,1,yuni,0.0,0.0005790387955993051,0.00028951939779965256
yunani,ORG,1,yunani,0.0,0.0005790387955993051,0.00028951939779965256
yuliot tanjung,PER,1,yuliot tanjung,0.0,0.0005790387955993051,0.00028951939779965256
yahoo,ORG,1,yahoo,0.0,0.0005790387955993051,0.00028951939779965256
xu,PER,1,xu,0.0,0.0005790387955993051,0.00028951939779965256
xrp,PRD,1,xrp,0.0,0.0005790387955993051,0.00028951939779965256
xiqing,PER,1,xiqing,0.0,0.0005790387955993051,0.00028951939779965256
xin,PER,1,xin,0.0,0.0005790387955993051,0.00028951939779965256
xijinping usa,ORG,1,xijinping usa,0.0,0.0005790387955993051,0.00028951939779965256
xiaomi,ORG,1,xiaomi,0.0,0.0005790387955993051,0.00028951939779965256
xiamen airlines,ORG,1,xiamen airlines,0.0,0.0005790387955993051,0.00028951939779965256
acer,ORG,1,acer,0.0,0.0005790387955993051,0.00028951939779965256
yuliot,PER,1,yuliot,0.0,0.0005790387955993051,0.00028951939779965256
yulianus apr,PER,1,yulianus apr,0.0,0.0005790387955993051,0.00028951939779965256
yuan china,NOR,1,yuan china,0.0,0.0005790387955993051,0.00028951939779965256
yuan,MON,1,yuan,0.0,0.0005790387955993051,0.00028951939779965256
youtubekompastv,ORG,1,youtubekompastv,0.0,0.0005790387955993051,0.00028951939779965256
youtube universitas paramadina jakarta,ORG,1,youtube universitas paramadina jakarta,0.0,0.0005790387955993051,0.00028951939779965256
youtube perekonomian ri,ORG,1,youtube perekonomian ri,0.0,0.0005790387955993051,0.00028951939779965256
youtube kementerian dalam negeri ri,NOR,1,youtube kementerian dalam negeri ri,0.0,0.0005790387955993051,0.00028951939779965256
yousong,ORG,1,yousong,0.0,0.0005790387955993051,0.00028951939779965256
yougov,PER,1,yougov,0.0,0.0005790387955993051,0.00028951939779965256
yoshimasa hayashi,PER,1,yoshimasa hayashi,0.0,0.0005790387955993051,0.00028951939779965256
yoshiaki nohara,PER,1,yoshiaki nohara,0.0,0.0005790387955993051,0.00028951939779965256
york kompas com,ORG,1,york kompas com,0.0,0.0005790387955993051,0.00028951939779965256
adam schiff,PER,1,adam schiff,0.0,0.0005790387955993051,0.00028951939779965256
yunanda,PER,1,yunanda,0.0,0.0005790387955993051,0.00028951939779965256
administrator kawasan ekonomi khusus kek kendal,ORG,1,administrator kawasan ekonomi khusus kek kendal,0.0,0.0005790387955993051,0.00028951939779965256
adityarini,ORG,1,adityarini,0.0,0.0005790387955993051,0.00028951939779965256
aditya,PER,1,aditya,0.0,0.0005790387955993051,0.00028951939779965256
adininggar widyasanti,PER,1,adininggar widyasanti,0.0,0.0005790387955993051,0.00028951939779965256
adidas,ORG,1,adidas,0.0,0.0005790387955993051,0.00028951939779965256
adi,ORG,1,adi,0.0,0.0005790387955993051,0.00028951939779965256
adhi lukman,PER,1,adhi lukman,0.0,0.0005790387955993051,0.00028951939779965256
adhi,PER,1,adhi,0.0,0.0005790387955993051,0.00028951939779965256
ade prayoga jurnalpost com,ORG,1,ade prayoga jurnalpost com,0.0,0.0005790387955993051,0.00028951939779965256
ade fernando,PER,1,ade fernando,0.0,0.0005790387955993051,0.00028951939779965256
adb,ORG,1,adb,0.0,0.0005790387955993051,0.00028951939779965256
a lago,LOC,1,a lago,0.0,0.0005790387955993051,0.00028951939779965256
ad,PRD,1,ad,0.0,0.0005790387955993051,0.00028951939779965256
acquirer,ORG,1,acquirer,0.0,0.0005790387955993051,0.00028951939779965256
acid,PRD,1,acid,0.0,0.0005790387955993051,0.00028951939779965256
achbar,PER,1,achbar,0.0,0.0005790387955993051,0.00028951939779965256
