word,entity_group,frequency,word_lower,mean_tfidf,freq_normalized,combined_score
as,GPE,818,as,0.11520582912511068,1.0,0.5576029145625554
trump,PER,686,trump,0.11578392235905109,0.8386308068459658,0.47720736460250845
donald trump,PER,667,donald trump,0.0,0.815403422982885,0.4077017114914425
indonesia,GPE,397,indonesia,0.09151009124604419,0.48533007334963324,0.2884200822978387
china,GPE,359,china,0.06692263736568997,0.4388753056234719,0.2528989714945809
amerika,GPE,284,amerika,0.09923503277201044,0.3471882640586797,0.22321164841534508
jakarta,GPE,273,jakarta,0.065613329253807,0.33374083129584353,0.19967708027482528
amerika serikat,GPE,316,amerika serikat,0.0,0.3863080684596577,0.19315403422982885
pemerintah,NOR,227,pemerintah,0.05558316300297256,0.2775061124694376,0.1665446377362051
april,DAT,222,april,0.055870892783607934,0.2713936430317848,0.16363226790769636
presiden,NOR,145,presiden,0.08542859137152213,0.17726161369193155,0.13134510253172685
presiden amerika serikat as,NOR,207,presiden amerika serikat as,0.0,0.2530562347188264,0.1265281173594132
presiden as,NOR,192,presiden as,0.0,0.23471882640586797,0.11735941320293398
kanada,GPE,146,kanada,0.035455432329710254,0.1784841075794621,0.10696976995458618
dua,CRD,141,dua,0.03576607765994889,0.17237163814180928,0.10406885790087908
pertama,ORD,143,pertama,0.03264855345614995,0.17481662591687042,0.10373258968651018
persen,PRC,130,persen,0.03650602055710117,0.15892420537897312,0.09771511296803714
rabu,DAT,127,rabu,0.039279631936390884,0.1552567237163814,0.09726817782638615
serikat,GPE,78,serikat,0.090258980977635,0.09535452322738386,0.09280675210250944
meksiko,GPE,124,meksiko,0.03169611733485057,0.15158924205378974,0.09164267969432015
satu,CRD,122,satu,0.03000665272855072,0.1491442542787286,0.08957545350363966
presiden amerika serikat,NOR,144,presiden amerika serikat,0.0,0.17603911980440098,0.08801955990220049
donald,PER,77,donald,0.08086594318349713,0.0941320293398533,0.08749898626167521
eropa,GPE,108,eropa,0.039229084648365685,0.13202933985330073,0.08562921225083321
indonesia,ORG,65,indonesia,0.09151009124604419,0.07946210268948656,0.08548609696776538
trump,ORG,44,trump,0.11578392235905109,0.05378973105134474,0.08478682670519791
kedua,CRD,107,kedua,0.03724486373373824,0.13080684596577016,0.0840258548497542
washington,GPE,107,washington,0.031155204741886128,0.13080684596577016,0.08098102535382815
selasa,DAT,102,selasa,0.03185344249323526,0.12469437652811736,0.07827390951067631
senin,DAT,104,senin,0.029064673974957527,0.1271393643031785,0.078102019139068
kamis,DAT,101,kamis,0.031224559576726017,0.1234718826405868,0.07734822110865641
as,ORG,27,as,0.11520582912511068,0.03300733496332518,0.07410658204421794
cnbc indonesia,ORG,121,cnbc indonesia,0.0,0.14792176039119803,0.07396088019559902
trump,PRD,21,trump,0.11578392235905109,0.02567237163814181,0.07072814699859645
serikat,ORG,39,serikat,0.090258980977635,0.04767726161369193,0.06896812129566346
jakarta,ORG,59,jakarta,0.065613329253807,0.07212713936430318,0.06887023430905509
as,NOR,15,as,0.11520582912511068,0.018337408312958436,0.06677161871903456
trump,NOR,13,trump,0.11578392235905109,0.01589242053789731,0.0658381714484742
beijing,GPE,86,beijing,0.02359362218241111,0.10513447432762836,0.06436404825501973
kedua,ORD,74,kedua,0.03724486373373824,0.09046454767726161,0.06385470570549992
jumat,DAT,85,jumat,0.023387763455335678,0.1039119804400978,0.06364987194771674
trump,EVT,5,trump,0.11578392235905109,0.006112469437652812,0.06094819589835195
tiga,CRD,78,tiga,0.025152726306899617,0.09535452322738386,0.06025362476714174
as,PRD,4,as,0.11520582912511068,0.004889975550122249,0.06004790233761646
as,MON,3,as,0.11520582912511068,0.003667481662591687,0.059436655393851186
as,PER,2,as,0.11520582912511068,0.0024449877750611247,0.0588254084500859
trump,DAT,1,trump,0.11578392235905109,0.0012224938875305623,0.05850320812329083
trump,GPE,1,trump,0.11578392235905109,0.0012224938875305623,0.05850320812329083
trump,LAW,1,trump,0.11578392235905109,0.0012224938875305623,0.05850320812329083
trump,MON,1,trump,0.11578392235905109,0.0012224938875305623,0.05850320812329083
as,EVT,1,as,0.11520582912511068,0.0012224938875305623,0.058214161506320625
indonesia,NOR,19,indonesia,0.09151009124604419,0.023227383863080684,0.057368737554562434
presiden,ORG,23,presiden,0.08542859137152213,0.028117359413202935,0.056772975392362535
asia,GPE,71,asia,0.02521739216526479,0.08679706601466992,0.05600722908996736
serikat,NOR,16,serikat,0.090258980977635,0.019559902200488997,0.054909441589062
januari,DAT,67,januari,0.0220809123915303,0.08190709046454768,0.05199400142803899
tiongkok,GPE,68,tiongkok,0.020311798240661778,0.08312958435207823,0.051720691296370004
amerika,ORG,3,amerika,0.09923503277201044,0.003667481662591687,0.051451257217301066
amerika,NOR,2,amerika,0.09923503277201044,0.0024449877750611247,0.05084001027353578
amerika,LAW,1,amerika,0.09923503277201044,0.0012224938875305623,0.050228763329770505
amerika,MON,1,amerika,0.09923503277201044,0.0012224938875305623,0.050228763329770505
serikat,PRD,7,serikat,0.090258980977635,0.008557457212713936,0.04940821909517447
vietnam,GPE,65,vietnam,0.018453361140407427,0.07946210268948656,0.04895773191494699
sabtu,DAT,61,sabtu,0.020332109868341212,0.0745721271393643,0.04745211850385275
mobil,PRD,60,mobil,0.021058715545946183,0.07334963325183375,0.047204174398889964
indonesia,EVT,2,indonesia,0.09151009124604419,0.0024449877750611247,0.046977539510552654
serikat,MON,3,serikat,0.090258980977635,0.003667481662591687,0.04696323132011335
indonesia,DAT,1,indonesia,0.09151009124604419,0.0012224938875305623,0.04636629256678738
serikat,LAW,2,serikat,0.090258980977635,0.0024449877750611247,0.04635198437634806
amerika serikat as,GPE,75,amerika serikat as,0.0,0.09168704156479218,0.04584352078239609
maret,DAT,57,maret,0.020667430438080215,0.06968215158924206,0.045174791013661134
us,MON,45,us,0.03515028740209947,0.0550122249388753,0.04508125617048739
februari,DAT,57,februari,0.019874388788649784,0.06968215158924206,0.04477827018894592
ri,GPE,52,ri,0.023762894090904246,0.06356968215158924,0.043666288121246746
rp,MON,48,rp,0.028056590514385634,0.05867970660146699,0.04336814855792631
presiden,PER,1,presiden,0.08542859137152213,0.0012224938875305623,0.04332554262952635
china,ORG,15,china,0.06692263736568997,0.018337408312958436,0.042630022839324204
minggu,DAT,52,minggu,0.018923888655682716,0.06356968215158924,0.04124678540363598
donald,LAW,1,donald,0.08086594318349713,0.0012224938875305623,0.04104421853551385
airlangga,PER,48,airlangga,0.022466159403950733,0.05867970660146699,0.040572933002708866
menteri,NOR,36,menteri,0.03659833067815864,0.044009779951100246,0.04030405531462944
kementerian,NOR,43,kementerian,0.02515506208788085,0.05256723716381418,0.03886114962584752
dolar,MON,43,dolar,0.024253302299656457,0.05256723716381418,0.03841026973173532
mei,DAT,47,mei,0.019144142858661815,0.05745721271393643,0.03830067778629912
india,GPE,50,india,0.015283910723396634,0.061124694376528114,0.03820430254996238
april,ORG,16,april,0.055870892783607934,0.019559902200488997,0.03771539749204847
jakarta,NOR,8,jakarta,0.065613329253807,0.009779951100244499,0.03769664017702575
rupiah,MON,48,rupiah,0.015231214448869733,0.05867970660146699,0.03695546052516836
jepang,GPE,45,jepang,0.014951475414176244,0.0550122249388753,0.034981850176525775
us,PRD,28,us,0.03515028740209947,0.034229828850855744,0.0346900581264776
uni,GPE,32,uni,0.030156085409598382,0.039119804400977995,0.03463794490528819
cnbc,ORG,20,cnbc,0.04455998186036229,0.02444987775061125,0.034504929805486764
cina,GPE,44,cina,0.013994372435979499,0.05378973105134474,0.03389205174366212
jakarta,FAC,1,jakarta,0.065613329253807,0.0012224938875305623,0.033417911570668785
jakarta,MON,1,jakarta,0.065613329253807,0.0012224938875305623,0.033417911570668785
bank,ORG,33,bank,0.024441049819933888,0.040342298288508556,0.03239167405422122
rabu,ORG,20,rabu,0.039279631936390884,0.02444987775061125,0.03186475484350107
eropa,NOR,19,eropa,0.039229084648365685,0.023227383863080684,0.031228234255723186
minyak,PRD,36,minyak,0.018122259100371806,0.044009779951100246,0.031066019525736024
april,PER,5,april,0.055870892783607934,0.006112469437652812,0.030991681110630373
uni,NOR,26,uni,0.030156085409598382,0.03178484107579462,0.030970463242696502
reuters,ORG,39,reuters,0.014207478092521613,0.04767726161369193,0.03094236985310677
prabowo,PER,36,prabowo,0.017685006495874407,0.044009779951100246,0.030847393223487327
pemerintahan,NOR,35,pemerintahan,0.01848979850473544,0.042787286063569685,0.03063854228415256
airlangga hartarto,PER,50,airlangga hartarto,0.0,0.061124694376528114,0.030562347188264057
persen,PRD,20,persen,0.03650602055710117,0.02444987775061125,0.03047794915385621
cnbc,NOR,13,cnbc,0.04455998186036229,0.01589242053789731,0.030226201199129797
pemerintah indonesia,NOR,49,pemerintah indonesia,0.0,0.05990220048899755,0.029951100244498777
april,LAW,2,april,0.055870892783607934,0.0024449877750611247,0.029157940279334528
juni,DAT,36,juni,0.013472192895006221,0.044009779951100246,0.028740986423053234
april,PRD,1,april,0.055870892783607934,0.0012224938875305623,0.028546693335569247
pemerintah,PRD,1,pemerintah,0.05558316300297256,0.0012224938875305623,0.02840282844525156
wib,TIM,28,wib,0.022242141283153122,0.034229828850855744,0.028235985067004435
uni,ORG,21,uni,0.030156085409598382,0.02567237163814181,0.027914228523870096
the,ORG,28,the,0.01922335218968552,0.034229828850855744,0.026726590520270634
bloomberg,ORG,14,bloomberg,0.03445939370917395,0.017114914425427872,0.025787154067300908
us,ORG,13,us,0.03515028740209947,0.01589242053789731,0.02552135396999839
putih,ORG,17,putih,0.02935628160605662,0.02078239608801956,0.02506933884703809
gedung putih,ORG,41,gedung putih,0.0,0.05012224938875306,0.02506112469437653
tempo co jakarta,ORG,41,tempo co jakarta,0.0,0.05012224938875306,0.02506112469437653
persen,MON,11,persen,0.03650602055710117,0.013447432762836185,0.024976726659968678
cnbc,PRD,4,cnbc,0.04455998186036229,0.004889975550122249,0.02472497870524227
inggris,GPE,30,inggris,0.011613148852140754,0.03667481662591687,0.02414398273902881
cnbc,PER,3,cnbc,0.04455998186036229,0.003667481662591687,0.02411373176147699
com,ORG,15,com,0.02987035852705882,0.018337408312958436,0.024103883420008628
cnbc,EVT,1,cnbc,0.04455998186036229,0.0012224938875305623,0.022891237873946424
miliar,MON,18,miliar,0.023049924608324324,0.022004889975550123,0.022527407291937224
senin,ORG,13,senin,0.029064673974957527,0.01589242053789731,0.02247854725642742
empat,CRD,27,empat,0.010857840142300802,0.03300733496332518,0.021932587552812993
kamis,ORG,10,kamis,0.031224559576726017,0.012224938875305624,0.02172474922601582
dua,QTY,6,dua,0.03576607765994889,0.007334963325183374,0.02155052049256613
rabu,PER,3,rabu,0.039279631936390884,0.003667481662591687,0.021473556799491287
eropa,ORG,3,eropa,0.039229084648365685,0.003667481662591687,0.021448283155478687
persen,LAW,5,persen,0.03650602055710117,0.006112469437652812,0.02130924499737699
ue,GPE,25,ue,0.011499758970964639,0.030562347188264057,0.021031053079614347
rabu,NOR,2,rabu,0.039279631936390884,0.0024449877750611247,0.020862309855726003
eropa,PRD,2,eropa,0.039229084648365685,0.0024449877750611247,0.020837036211713404
selasa,ORG,8,selasa,0.03185344249323526,0.009779951100244499,0.020816696796739878
uni eropa,GPE,34,uni eropa,0.0,0.04156479217603912,0.02078239608801956
us,LAW,5,us,0.03515028740209947,0.006112469437652812,0.02063137841987614
asean,GPE,24,asean,0.011876304286037538,0.029339853300733496,0.02060807879338552
saham,PRD,21,saham,0.015326592742160637,0.02567237163814181,0.020499482190151224
airlangga,ORG,15,airlangga,0.022466159403950733,0.018337408312958436,0.020401783858454585
usd,MON,21,usd,0.015091322864761645,0.02567237163814181,0.02038184725145173
rabu,PRD,1,rabu,0.039279631936390884,0.0012224938875305623,0.020251062911960722
lima,CRD,25,lima,0.009875292027001426,0.030562347188264057,0.02021881960763274
wto,ORG,24,wto,0.011050069659407814,0.029339853300733496,0.020194961480070654
malaysia,GPE,26,malaysia,0.008571045982538286,0.03178484107579462,0.020177943529166454
rp triliun,MON,33,rp triliun,0.0,0.040342298288508556,0.020171149144254278
us miliar,MON,33,us miliar,0.0,0.040342298288508556,0.020171149144254278
cnbc indonesia,NOR,32,cnbc indonesia,0.0,0.039119804400977995,0.019559902200488997
rp,PRD,9,rp,0.028056590514385634,0.011002444987775062,0.019529517751080347
persen,ORG,2,persen,0.03650602055710117,0.0024449877750611247,0.019475504166081146
washington,ORG,6,washington,0.031155204741886128,0.007334963325183374,0.01924508403353475
dua,ORD,2,dua,0.03576607765994889,0.0024449877750611247,0.019105532717505005
news,ORG,13,news,0.022272673797075638,0.01589242053789731,0.019082547167486474
dollar,MON,21,dollar,0.01229946703774674,0.02567237163814181,0.018985919337944274
menteri,ORG,1,menteri,0.03659833067815864,0.0012224938875305623,0.0189104122828446
persen,DAT,1,persen,0.03650602055710117,0.0012224938875305623,0.018864257222315866
baja,PRD,23,baja,0.009606102275188698,0.028117359413202935,0.018861730844195818
australia,GPE,23,australia,0.008872354792570857,0.028117359413202935,0.018494857102886897
dua,LAW,1,dua,0.03576607765994889,0.0012224938875305623,0.018494285773739724
dua,EVT,1,dua,0.03576607765994889,0.0012224938875305623,0.018494285773739724
korea,GPE,20,korea,0.012502871981609138,0.02444987775061125,0.018476374866110194
kanada,MON,1,kanada,0.035455432329710254,0.0012224938875305623,0.018338963108620408
kanada,ORG,1,kanada,0.035455432329710254,0.0012224938875305623,0.018338963108620408
dolar as,MON,30,dolar as,0.0,0.03667481662591687,0.018337408312958436
scott bessent,PER,30,scott bessent,0.0,0.03667481662591687,0.018337408312958436
thailand,GPE,23,thailand,0.00848104155285306,0.028117359413202935,0.018299200483027998
us,NOR,1,us,0.03515028740209947,0.0012224938875305623,0.018186390644815014
us,LOC,1,us,0.03515028740209947,0.0012224938875305623,0.018186390644815014
ri,ORG,10,ri,0.023762894090904246,0.012224938875305624,0.017993916483104937
wib,ORG,11,wib,0.022242141283153122,0.013447432762836185,0.017844787022994656
bloomberg,PRD,1,bloomberg,0.03445939370917395,0.0012224938875305623,0.017840943798352254
aluminium,PRD,22,aluminium,0.008762013352620812,0.02689486552567237,0.017828439439146592
putih,LOC,5,putih,0.02935628160605662,0.006112469437652812,0.017734375521854716
meksiko,ORG,3,meksiko,0.03169611733485057,0.003667481662591687,0.01768179949872113
miliar,ORG,10,miliar,0.023049924608324324,0.012224938875305624,0.017637431741814973
bi,ORG,20,bi,0.010624159802303,0.02444987775061125,0.017537018776457122
rusia,GPE,22,rusia,0.007925792977307404,0.02689486552567237,0.017410329251489887
ri,NOR,9,ri,0.023762894090904246,0.011002444987775062,0.017382669539339653
perdagangan,ORG,7,perdagangan,0.02614427445178366,0.008557457212713936,0.017350865832248798
gedung,ORG,5,gedung,0.0281635921412174,0.006112469437652812,0.017138030789435106
gedung,LOC,5,gedung,0.0281635921412174,0.006112469437652812,0.017138030789435106
rabu april,DAT,28,rabu april,0.0,0.034229828850855744,0.017114914425427872
menteri keuangan,NOR,28,menteri keuangan,0.0,0.034229828850855744,0.017114914425427872
rp,ORG,5,rp,0.028056590514385634,0.006112469437652812,0.017084529976019225
meksiko,MON,2,meksiko,0.03169611733485057,0.0024449877750611247,0.017070552554955844
pemimpin,NOR,20,pemimpin,0.009517159600416375,0.02444987775061125,0.01698351867551381
selatan,ORG,15,selatan,0.015515567381852982,0.018337408312958436,0.01692648784740571
ketiga,ORD,19,ketiga,0.01045845596510039,0.023227383863080684,0.016842919914090537
kamis,PER,2,kamis,0.031224559576726017,0.0024449877750611247,0.01683477367589357
januari,ORG,9,januari,0.0220809123915303,0.011002444987775062,0.01654167868965268
selasa,GPE,1,selasa,0.03185344249323526,0.0012224938875305623,0.01653796819038291
selasa,EVT,1,selasa,0.03185344249323526,0.0012224938875305623,0.01653796819038291
selasa,PRD,1,selasa,0.03185344249323526,0.0012224938875305623,0.01653796819038291
selasa,PER,1,selasa,0.03185344249323526,0.0012224938875305623,0.01653796819038291
selasa,MON,1,selasa,0.03185344249323526,0.0012224938875305623,0.01653796819038291
bloomberg news bloomberg,ORG,27,bloomberg news bloomberg,0.0,0.03300733496332518,0.01650366748166259
menteri koordinator bidang perekonomian,NOR,27,menteri koordinator bidang perekonomian,0.0,0.03300733496332518,0.01650366748166259
meksiko,LAW,1,meksiko,0.03169611733485057,0.0012224938875305623,0.016459305611190564
apple,ORG,18,apple,0.010793989724001148,0.022004889975550123,0.016399439849775634
mei,ORG,11,mei,0.019144142858661815,0.013447432762836185,0.016295787810749
satu,QTY,2,satu,0.03000665272855072,0.0024449877750611247,0.016225820251805922
kamis,LAW,1,kamis,0.031224559576726017,0.0012224938875305623,0.01622352673212829
washington,PER,1,washington,0.031155204741886128,0.0012224938875305623,0.016188849314708344
com,PRD,2,com,0.02987035852705882,0.0024449877750611247,0.01615767315105997
singapura,GPE,20,singapura,0.007764334466226884,0.02444987775061125,0.016107106108419065
juli,DAT,20,juli,0.0076269317932350965,0.02444987775061125,0.016038404771923174
putih,NOR,2,putih,0.02935628160605662,0.0024449877750611247,0.01590063469055887
putih,PRD,2,putih,0.02935628160605662,0.0024449877750611247,0.01590063469055887
iphone,PRD,20,iphone,0.007339194271016827,0.02444987775061125,0.015894536010814038
prabowo subianto,PER,26,prabowo subianto,0.0,0.03178484107579462,0.01589242053789731
pemerintah as,NOR,26,pemerintah as,0.0,0.03178484107579462,0.01589242053789731
kongres,NOR,19,kongres,0.008013682522478544,0.023227383863080684,0.015620533192779614
satu,ORG,1,satu,0.03000665272855072,0.0012224938875305623,0.015614573308040641
com,MON,1,com,0.02987035852705882,0.0012224938875305623,0.01554642620729469
perdagangan,NOR,4,perdagangan,0.02614427445178366,0.004889975550122249,0.015517125000952956
swiss,GPE,17,swiss,0.010067597063306913,0.02078239608801956,0.015424996575663236
negeri,GPE,10,negeri,0.018600824406869464,0.012224938875305624,0.015412881641087544
gedung,PRD,2,gedung,0.0281635921412174,0.0024449877750611247,0.015304289958139263
gedung,EVT,2,gedung,0.0281635921412174,0.0024449877750611247,0.015304289958139263
gedung,NOR,2,gedung,0.0281635921412174,0.0024449877750611247,0.015304289958139263
putih,PER,1,putih,0.02935628160605662,0.0012224938875305623,0.01528938774679359
bloomberg technoz jakarta,ORG,25,bloomberg technoz jakarta,0.0,0.030562347188264057,0.015281173594132029
dolar,PRD,5,dolar,0.024253302299656457,0.006112469437652812,0.015182885868654634
senin,LAW,1,senin,0.029064673974957527,0.0012224938875305623,0.015143583931244044
senin,PER,1,senin,0.029064673974957527,0.0012224938875305623,0.015143583931244044
brasil,GPE,18,brasil,0.007514451840821887,0.022004889975550123,0.014759670908186005
jumat,ORG,5,jumat,0.023387763455335678,0.006112469437652812,0.014750116446494245
gedung,FAC,1,gedung,0.0281635921412174,0.0012224938875305623,0.01469304301437398
gedung,MON,1,gedung,0.0281635921412174,0.0012224938875305623,0.01469304301437398
taiwan,GPE,18,taiwan,0.0072670021031693175,0.022004889975550123,0.01463594603935972
scott,PER,14,scott,0.012029257090973619,0.017114914425427872,0.014572085758200745
ketua,NOR,12,ketua,0.014437298792829185,0.014669926650366748,0.014553612721597966
komisi,NOR,15,komisi,0.010739504200112658,0.018337408312958436,0.014538456256535548
kompas,ORG,9,kompas,0.018016228228373902,0.011002444987775062,0.01450933660807448
desember,DAT,18,desember,0.0067715283124228625,0.022004889975550123,0.014388209143986492
minggu,ORG,8,minggu,0.018923888655682716,0.009779951100244499,0.014351919877963608
partai,NOR,14,partai,0.011478103032728329,0.017114914425427872,0.0142965087290781
perdagangan,LAW,2,perdagangan,0.02614427445178366,0.0024449877750611247,0.014294631113422393
usd,PRD,11,usd,0.015091322864761645,0.013447432762836185,0.014269377813798915
negeri,ORG,8,negeri,0.018600824406869464,0.009779951100244499,0.014190387753556981
gedung putih,LOC,23,gedung putih,0.0,0.028117359413202935,0.014058679706601468
dewan,NOR,15,dewan,0.009675942665000485,0.018337408312958436,0.01400667548897946
ustr,ORG,17,ustr,0.006819074496923243,0.02078239608801956,0.013800735292471401
tiga,QTY,2,tiga,0.025152726306899617,0.0024449877750611247,0.013798857040980371
ketiga,CRD,14,ketiga,0.01045845596510039,0.017114914425427872,0.013786685195264131
indeks,PRD,13,indeks,0.011620621309801614,0.01589242053789731,0.013756520923849463
perdagangan,PRD,1,perdagangan,0.02614427445178366,0.0012224938875305623,0.013683384169657111
beijing,ORG,3,beijing,0.02359362218241111,0.003667481662591687,0.013630551922501398
kepala,NOR,12,kepala,0.012291252935418303,0.014669926650366748,0.013480589792892525
konferensi pers,EVT,22,konferensi pers,0.0,0.02689486552567237,0.013447432762836185
imf,ORG,15,imf,0.008332273354230141,0.018337408312958436,0.013334840833594288
selatan,GPE,9,selatan,0.015515567381852982,0.011002444987775062,0.013259006184814022
mei,PER,6,mei,0.019144142858661815,0.007334963325183374,0.013239553091922594
asia,MON,1,asia,0.02521739216526479,0.0012224938875305623,0.013219943026397675
asia,NOR,1,asia,0.02521739216526479,0.0012224938875305623,0.013219943026397675
kementerian,ORG,1,kementerian,0.02515506208788085,0.0012224938875305623,0.013188777987705706
kementerian,FAC,1,kementerian,0.02515506208788085,0.0012224938875305623,0.013188777987705706
tiga,ORG,1,tiga,0.025152726306899617,0.0012224938875305623,0.013187610097215089
jenewa,GPE,15,jenewa,0.008017352631924435,0.018337408312958436,0.013177380472441436
februari,ORG,5,februari,0.019874388788649784,0.006112469437652812,0.012993429113151298
presiden asdonald,NOR,21,presiden asdonald,0.0,0.02567237163814181,0.012836185819070905
bank,PRD,1,bank,0.024441049819933888,0.0012224938875305623,0.012831771853732224
maret,ORG,4,maret,0.020667430438080215,0.004889975550122249,0.012778702994101231
dolar,ORG,1,dolar,0.024253302299656457,0.0012224938875305623,0.012737898093593509
apple,PRD,12,apple,0.010793989724001148,0.014669926650366748,0.012731958187183947
pesawat,PRD,14,pesawat,0.008343022711315692,0.017114914425427872,0.012728968568371782
sabtu,ORG,4,sabtu,0.020332109868341212,0.004889975550122249,0.012611042709231732
ri,PRD,1,ri,0.023762894090904246,0.0012224938875305623,0.012492693989217403
ri,PER,1,ri,0.023762894090904246,0.0012224938875305623,0.012492693989217403
airlangga,NOR,2,airlangga,0.022466159403950733,0.0024449877750611247,0.01245557358950593
airlangga,PRD,2,airlangga,0.022466159403950733,0.0024449877750611247,0.01245557358950593
prancis,GPE,15,prancis,0.006548008015827778,0.018337408312958436,0.012442708164393107
beijing,NOR,1,beijing,0.02359362218241111,0.0012224938875305623,0.012408058034970835
departemen,NOR,12,departemen,0.010117388227396117,0.014669926650366748,0.012393657438881434
wib,PER,2,wib,0.022242141283153122,0.0024449877750611247,0.012343564529107124
jumat,PRD,1,jumat,0.023387763455335678,0.0012224938875305623,0.01230512867143312
jumat,EVT,1,jumat,0.023387763455335678,0.0012224938875305623,0.01230512867143312
januari,PER,2,januari,0.0220809123915303,0.0024449877750611247,0.012262950083295712
korea selatan,GPE,20,korea selatan,0.0,0.02444987775061125,0.012224938875305624
bisnis com jakarta,ORG,20,bisnis com jakarta,0.0,0.02444987775061125,0.012224938875305624
miliar,PRD,1,miliar,0.023049924608324324,0.0012224938875305623,0.012136209247927443
kompas,PRD,5,kompas,0.018016228228373902,0.006112469437652812,0.012064348833013357
asean,NOR,10,asean,0.011876304286037538,0.012224938875305624,0.012050621580671581
bitcoin,PRD,13,bitcoin,0.008176703340708103,0.01589242053789731,0.012034561939302708
mesin,PRD,13,mesin,0.00808927800149527,0.01589242053789731,0.011990849269696291
pt,ORG,12,pt,0.009139216600395251,0.014669926650366748,0.011904571625381
wakil,NOR,9,wakil,0.012698158070222865,0.011002444987775062,0.011850301528998963
news,PRD,1,news,0.022272673797075638,0.0012224938875305623,0.0117475838423031
wib,MON,1,wib,0.022242141283153122,0.0012224938875305623,0.011732317585341842
wib,NOR,1,wib,0.022242141283153122,0.0012224938875305623,0.011732317585341842
wib,PRD,1,wib,0.022242141283153122,0.0012224938875305623,0.011732317585341842
januari,PRD,1,januari,0.0220809123915303,0.0012224938875305623,0.01165170313953043
xi,PER,11,xi,0.009636011213556324,0.013447432762836185,0.011541721988196255
swiss,ORG,10,swiss,0.010067597063306913,0.012224938875305624,0.011146267969306269
mobil,ORG,1,mobil,0.021058715545946183,0.0012224938875305623,0.011140604716738372
negeri,NOR,3,negeri,0.018600824406869464,0.003667481662591687,0.011134153034730575
juni,ORG,7,juni,0.013472192895006221,0.008557457212713936,0.011014825053860079
the fed,ORG,18,the fed,0.0,0.022004889975550123,0.011002444987775062
menteri keuangan as,NOR,18,menteri keuangan as,0.0,0.022004889975550123,0.011002444987775062
fed,ORG,10,fed,0.009705543404587324,0.012224938875305624,0.010965241139946475
maret,NOR,1,maret,0.020667430438080215,0.0012224938875305623,0.010944962162805388
federal,ORG,10,federal,0.009592796169235404,0.012224938875305624,0.010908867522270514
the,LAW,2,the,0.01922335218968552,0.0024449877750611247,0.010834169982373323
direktur,ORG,6,direktur,0.014283022494279134,0.007334963325183374,0.010808992909731254
tiongkok,EVT,1,tiongkok,0.020311798240661778,0.0012224938875305623,0.01076714606409617
sam,PER,7,sam,0.01295469854624068,0.008557457212713936,0.010756077879477308
menko,NOR,12,menko,0.006701417357103322,0.014669926650366748,0.010685672003735035
prabowo,ORG,3,prabowo,0.017685006495874407,0.003667481662591687,0.010676244079233047
jerman,GPE,13,jerman,0.005405104647523592,0.01589242053789731,0.010648762592710451
ue,ORG,8,ue,0.011499758970964639,0.009779951100244499,0.010639855035604568
usd,ORG,5,usd,0.015091322864761645,0.006112469437652812,0.010601896151207229
februari,LAW,1,februari,0.019874388788649784,0.0012224938875305623,0.010548441338090173
februari,PRD,1,februari,0.019874388788649784,0.0012224938875305623,0.010548441338090173
februari,MON,1,februari,0.019874388788649784,0.0012224938875305623,0.010548441338090173
perekonomian,ORG,6,perekonomian,0.01370815443730175,0.007334963325183374,0.010521558881242562
bessent,PER,8,bessent,0.011198915011747045,0.009779951100244499,0.010489433055995772
pemerintahan,ORG,2,pemerintahan,0.01848979850473544,0.0024449877750611247,0.010467393139898282
sri,ORG,8,sri,0.011131070002599523,0.009779951100244499,0.01045551055142201
kamis april,DAT,17,kamis april,0.0,0.02078239608801956,0.01039119804400978
kamboja,GPE,17,kamboja,0.0,0.02078239608801956,0.01039119804400978
asean,ORG,7,asean,0.011876304286037538,0.008557457212713936,0.010216880749375736
direktur,NOR,5,direktur,0.014283022494279134,0.006112469437652812,0.010197745965965973
mei,LAW,1,mei,0.019144142858661815,0.0012224938875305623,0.010183318373096188
sam,ORG,6,sam,0.01295469854624068,0.007334963325183374,0.010144830935712027
saham,ORG,4,saham,0.015326592742160637,0.004889975550122249,0.010108284146141443
chip,PRD,11,chip,0.006683848905152309,0.013447432762836185,0.010065640833994248
universitas,ORG,9,universitas,0.009123349090252439,0.011002444987775062,0.01006289703901375
ue,NOR,7,ue,0.011499758970964639,0.008557457212713936,0.010028608091839288
co,PRD,3,co,0.01630454281564194,0.003667481662591687,0.009986012239116814
international,ORG,9,international,0.0088574554239533,0.011002444987775062,0.00992995020586418
negeri,LAW,1,negeri,0.018600824406869464,0.0012224938875305623,0.009911659147200012
bessent,ORG,7,bessent,0.011198915011747045,0.008557457212713936,0.00987818611223049
vietnam,ORG,1,vietnam,0.018453361140407427,0.0012224938875305623,0.009837927513968994
kepala,ORG,6,kepala,0.012291252935418303,0.007334963325183374,0.009813108130300839
uni eropa,NOR,16,uni eropa,0.0,0.019559902200488997,0.009779951100244499
paman sam,GPE,16,paman sam,0.0,0.019559902200488997,0.009779951100244499
sri mulyani indrawati,PER,16,sri mulyani indrawati,0.0,0.019559902200488997,0.009779951100244499
minyak,ORG,1,minyak,0.018122259100371806,0.0012224938875305623,0.009672376493951184
juta,MON,5,juta,0.013223239416034606,0.006112469437652812,0.00966785442684371
ketua,ORG,4,ketua,0.014437298792829185,0.004889975550122249,0.009663637171475718
ihsg,PRD,10,ihsg,0.006969141840595342,0.012224938875305624,0.009597040357950483
selatan,NOR,3,selatan,0.015515567381852982,0.003667481662591687,0.009591524522222335
subianto,PER,7,subianto,0.010616884337061941,0.008557457212713936,0.009587170774887938
apr,NOR,7,apr,0.010176690891390332,0.008557457212713936,0.009367074052052133
pengadilan,NOR,9,pengadilan,0.007555544913871604,0.011002444987775062,0.009278994950823332
ceo,ORG,8,ceo,0.008727884659395365,0.009779951100244499,0.009253917879819933
presiden amerika serikatdonald,NOR,15,presiden amerika serikatdonald,0.0,0.018337408312958436,0.009168704156479218
keuangan,LAW,1,keuangan,0.01707677723285595,0.0012224938875305623,0.009149635560193256
howard,PER,9,howard,0.007129985910517158,0.011002444987775062,0.00906621544914611
juta,PRD,4,juta,0.013223239416034606,0.004889975550122249,0.009056607483078427
scroll,PRD,7,scroll,0.009332138689861312,0.008557457212713936,0.008944797951287624
republik,GPE,7,republik,0.009319311267650357,0.008557457212713936,0.008938384240182146
jenewa,ORG,8,jenewa,0.008017352631924435,0.009779951100244499,0.008898651866084467
saham,MON,2,saham,0.015326592742160637,0.0024449877750611247,0.00888579025861088
rupiah,PRD,2,rupiah,0.015231214448869733,0.0024449877750611247,0.00883810111196543
dunia,ORG,6,dunia,0.01021676818033757,0.007334963325183374,0.008775865752760473
dc,GPE,5,dc,0.011316102561196337,0.006112469437652812,0.008714285999424575
jepang,ORG,2,jepang,0.014951475414176244,0.0024449877750611247,0.008698231594618685
sri,PER,5,sri,0.011131070002599523,0.006112469437652812,0.008621769720126168
wto,NOR,5,wto,0.011050069659407814,0.006112469437652812,0.008581269548530314
brics,ORG,14,brics,0.0,0.017114914425427872,0.008557457212713936
jamieson greer,PER,14,jamieson greer,0.0,0.017114914425427872,0.008557457212713936
xi jinping,PER,14,xi jinping,0.0,0.017114914425427872,0.008557457212713936
kompas com,ORG,14,kompas com,0.0,0.017114914425427872,0.008557457212713936
hari,EVT,6,hari,0.009718181838881741,0.007334963325183374,0.008526572582032557
paman,ORG,6,paman,0.009588177355309518,0.007334963325183374,0.008461570340246445
juta,ORG,3,juta,0.013223239416034606,0.003667481662591687,0.008445360539313147
powell,PER,9,powell,0.0058454944620062845,0.011002444987775062,0.008423969724890673
internasional,EVT,3,internasional,0.013176121749563527,0.003667481662591687,0.008421801706077607
fentanil,PER,8,fentanil,0.006920442336695373,0.009779951100244499,0.008350196718469935
triliun,ORG,2,triliun,0.014232757123061017,0.0024449877750611247,0.00833887244906107
triliun,MON,2,triliun,0.014232757123061017,0.0024449877750611247,0.00833887244906107
sam,GPE,3,sam,0.01295469854624068,0.003667481662591687,0.008311090104416184
qris,PRD,9,qris,0.005471114486485663,0.011002444987775062,0.008236779737130363
kantor,LOC,4,kantor,0.011114666612164337,0.004889975550122249,0.008002321081143293
wto,LAW,4,wto,0.011050069659407814,0.004889975550122249,0.007970022604765032
washington dc,GPE,13,washington dc,0.0,0.01589242053789731,0.007946210268948655
howard lutnick,PER,13,howard lutnick,0.0,0.01589242053789731,0.007946210268948655
dan,ORG,1,dan,0.014504509278857497,0.0012224938875305623,0.00786350158319403
tempo,ORG,2,tempo,0.013226204354738367,0.0024449877750611247,0.007835596064899746
new,GPE,3,new,0.011938010324134904,0.003667481662591687,0.007802745993363295
new,ORG,3,new,0.011938010324134904,0.003667481662591687,0.007802745993363295
new,PRD,3,new,0.011938010324134904,0.003667481662591687,0.007802745993363295
konferensi,EVT,3,konferensi,0.011904804164377452,0.003667481662591687,0.0077861429134845695
ihsg,ORG,7,ihsg,0.006969141840595342,0.008557457212713936,0.00776329952665464
inc,ORG,6,inc,0.00815124284641505,0.007334963325183374,0.007743103085799213
triliun,PRD,1,triliun,0.014232757123061017,0.0012224938875305623,0.00772762550529579
scroll,ORG,5,scroll,0.009332138689861312,0.006112469437652812,0.007722304063757062
trade,ORG,4,trade,0.010469327559277288,0.004889975550122249,0.007679651554699769
cina,NOR,1,cina,0.013994372435979499,0.0012224938875305623,0.007608433161755031
dunia,NOR,4,dunia,0.01021676818033757,0.004889975550122249,0.00755337186522991
dc,PER,3,dc,0.011316102561196337,0.003667481662591687,0.007491792111894012
mulyani,PER,5,mulyani,0.008602171129787282,0.006112469437652812,0.007357320283720047
juni,PER,1,juni,0.013472192895006221,0.0012224938875305623,0.007347343391268392
pemilu,EVT,12,pemilu,0.0,0.014669926650366748,0.007334963325183374
afrika,GPE,12,afrika,0.0,0.014669926650366748,0.007334963325183374
november,DAT,12,november,0.0,0.014669926650366748,0.007334963325183374
timur,GPE,6,timur,0.007322815177002687,0.007334963325183374,0.00732888925109303
organisasi,NOR,6,organisasi,0.007206357963691648,0.007334963325183374,0.007270660644437511
bidang,NOR,1,bidang,0.013283584246114229,0.0012224938875305623,0.007253039066822396
juta,CRD,1,juta,0.013223239416034606,0.0012224938875305623,0.007222866651782584
pemimpin,ORG,4,pemimpin,0.009517159600416375,0.004889975550122249,0.007203567575269312
ekonomi,PRD,1,ekonomi,0.013098064151780229,0.0012224938875305623,0.007160279019655396
ekonomi,ORG,1,ekonomi,0.013098064151780229,0.0012224938875305623,0.007160279019655396
subianto,ORG,3,subianto,0.010616884337061941,0.003667481662591687,0.007142182999826814
fentanil,PRD,6,fentanil,0.006920442336695373,0.007334963325183374,0.007127702830939373
fentanil,ORG,6,fentanil,0.006920442336695373,0.007334963325183374,0.007127702830939373
sam,NOR,1,sam,0.01295469854624068,0.0012224938875305623,0.007088596216885621
sam,PRD,1,sam,0.01295469854624068,0.0012224938875305623,0.007088596216885621
trade,PRD,3,trade,0.010469327559277288,0.003667481662591687,0.007068404610934487
tenggara,GPE,6,tenggara,0.006521193299390126,0.007334963325183374,0.00692807831228675
dc,ORG,2,dc,0.011316102561196337,0.0024449877750611247,0.0068805451681287315
dc,NOR,2,dc,0.011316102561196337,0.0024449877750611247,0.0068805451681287315
united,ORG,7,united,0.005167982302260094,0.008557457212713936,0.006862719757487016
jinping,ORG,5,jinping,0.007607202081803468,0.006112469437652812,0.00685983575972814
kantor,ORG,2,kantor,0.011114666612164337,0.0024449877750611247,0.0067798271936127304
kantor,NOR,2,kantor,0.011114666612164337,0.0024449877750611247,0.0067798271936127304
dollar,ORG,1,dollar,0.01229946703774674,0.0012224938875305623,0.006760980462638651
dollar,PRD,1,dollar,0.01229946703774674,0.0012224938875305623,0.006760980462638651
ibrahim,PER,6,ibrahim,0.006184812803730638,0.007334963325183374,0.006759888064457006
etanol,PRD,11,etanol,0.0,0.013447432762836185,0.006723716381418093
tiga bulan,QTY,11,tiga bulan,0.0,0.013447432762836185,0.006723716381418093
pemerintah amerika serikat,NOR,11,pemerintah amerika serikat,0.0,0.013447432762836185,0.006723716381418093
pemerintah amerika serikat as,NOR,11,pemerintah amerika serikat as,0.0,0.013447432762836185,0.006723716381418093
negeri paman sam,GPE,11,negeri paman sam,0.0,0.013447432762836185,0.006723716381418093
ukraina,GPE,11,ukraina,0.0,0.013447432762836185,0.006723716381418093
menteri perdagangan,NOR,11,menteri perdagangan,0.0,0.013447432762836185,0.006723716381418093
usd miliar,MON,11,usd miliar,0.0,0.013447432762836185,0.006723716381418093
delapan,CRD,11,delapan,0.0,0.013447432762836185,0.006723716381418093
bbc,ORG,11,bbc,0.0,0.013447432762836185,0.006723716381418093
truth,ORG,5,truth,0.007149980782366219,0.006112469437652812,0.0066312251100095155
scott,GPE,1,scott,0.012029257090973619,0.0012224938875305623,0.006625875489252091
scott,ORG,1,scott,0.012029257090973619,0.0012224938875305623,0.006625875489252091
new,PER,1,new,0.011938010324134904,0.0012224938875305623,0.006580252105832733
konferensi,ORG,1,konferensi,0.011904804164377452,0.0012224938875305623,0.0065636490259540076
asean,LOC,1,asean,0.011876304286037538,0.0012224938875305623,0.0065493990867840505
asean,EVT,1,asean,0.011876304286037538,0.0012224938875305623,0.0065493990867840505
koordinator,NOR,1,koordinator,0.01187084987980571,0.0012224938875305623,0.0065466718836681365
hartarto,PER,1,hartarto,0.011675563140762272,0.0012224938875305623,0.006449028514146417
indeks,ORG,1,indeks,0.011620621309801614,0.0012224938875305623,0.0064215575986660885
inggris,LAN,1,inggris,0.011613148852140754,0.0012224938875305623,0.006417821369835658
inggris,ORG,1,inggris,0.011613148852140754,0.0012224938875305623,0.006417821369835658
partai,ORG,1,partai,0.011478103032728329,0.0012224938875305623,0.006350298460129446
of,ORG,1,of,0.011448576914737415,0.0012224938875305623,0.006335535401133989
departemen,ORG,2,departemen,0.010117388227396117,0.0024449877750611247,0.006281188001228621
dc,EVT,1,dc,0.011316102561196337,0.0012224938875305623,0.00626929822436345
perdana,NOR,2,perdana,0.010008557300439397,0.0024449877750611247,0.006226772537750261
sri,GPE,1,sri,0.011131070002599523,0.0012224938875305623,0.006176781945065043
sri,NOR,1,sri,0.011131070002599523,0.0012224938875305623,0.006176781945065043
sri,PRD,1,sri,0.011131070002599523,0.0012224938875305623,0.006176781945065043
times,ORG,5,times,0.00623764013905744,0.006112469437652812,0.006175054788355126
york,PRD,2,york,0.009812154638966028,0.0024449877750611247,0.006128571207013576
minyak mentah,PRD,10,minyak mentah,0.0,0.012224938875305624,0.006112469437652812
rp us,MON,10,rp us,0.0,0.012224938875305624,0.006112469437652812
oktober,DAT,10,oktober,0.0,0.012224938875305624,0.006112469437652812
sri mulyani,PER,10,sri mulyani,0.0,0.012224938875305624,0.006112469437652812
asia tenggara,GPE,10,asia tenggara,0.0,0.012224938875305624,0.006112469437652812
utara,ORG,4,utara,0.007331419652528891,0.004889975550122249,0.00611069760132557
timur,ORG,4,timur,0.007322815177002687,0.004889975550122249,0.006106395363562468
dewan,ORG,2,dewan,0.009675942665000485,0.0024449877750611247,0.006060465220030805
organisasi,ORG,4,organisasi,0.007206357963691648,0.004889975550122249,0.006048166756906949
empat,MON,1,empat,0.010857840142300802,0.0012224938875305623,0.006040167014915682
powell,ORG,5,powell,0.0058454944620062845,0.006112469437652812,0.005978981949829548
dagang,EVT,3,dagang,0.00823803253932476,0.003667481662591687,0.005952757100958223
badan,ORG,4,badan,0.006990804378101685,0.004889975550122249,0.005940389964111967
subianto,LAW,1,subianto,0.010616884337061941,0.0012224938875305623,0.005919689112296252
pers,NOR,1,pers,0.010604465313849752,0.0012224938875305623,0.0059134796006901575
pers,EVT,1,pers,0.010604465313849752,0.0012224938875305623,0.0059134796006901575
scroll,LAW,2,scroll,0.009332138689861312,0.0024449877750611247,0.005888563232461218
republik,NOR,2,republik,0.009319311267650357,0.0024449877750611247,0.005882149521355741
bisnis,ORG,1,bisnis,0.01044809856316965,0.0012224938875305623,0.005835296225350106
qris,ORG,5,qris,0.005471114486485663,0.006112469437652812,0.005791791962069238
nasional,ORG,3,nasional,0.007896148607277746,0.003667481662591687,0.005781815134934716
juli,ORG,3,juli,0.0076269317932350965,0.003667481662591687,0.005647206727913392
swiss,PRD,1,swiss,0.010067597063306913,0.0012224938875305623,0.005645045475418738
jinping,PER,3,jinping,0.007607202081803468,0.003667481662591687,0.005637341872197578
perdana,ORG,1,perdana,0.010008557300439397,0.0012224938875305623,0.00561552559398498
aluminium,ORG,2,aluminium,0.008762013352620812,0.0024449877750611247,0.005603500563840968
serikatdonald,ORG,3,serikatdonald,0.007513602372402807,0.003667481662591687,0.005590542017497247
lima,FAC,1,lima,0.009875292027001426,0.0012224938875305623,0.0055488929572659945
perwakilan,NOR,4,perwakilan,0.006183361143619591,0.004889975550122249,0.005536668346870921
wall,ORG,3,wall,0.007395431098610665,0.003667481662591687,0.005531456380601176
wall,LOC,3,wall,0.007395431098610665,0.003667481662591687,0.005531456380601176
york,GPE,1,york,0.009812154638966028,0.0012224938875305623,0.005517324263248295
york,ORG,1,york,0.009812154638966028,0.0012224938875305623,0.005517324263248295
sheinbaum,PER,9,sheinbaum,0.0,0.011002444987775062,0.005501222493887531
keempat,ORD,9,keempat,0.0,0.011002444987775062,0.005501222493887531
partai republik,NOR,9,partai republik,0.0,0.011002444987775062,0.005501222493887531
presiden china,NOR,9,presiden china,0.0,0.011002444987775062,0.005501222493887531
sugiono,PER,9,sugiono,0.0,0.011002444987775062,0.005501222493887531
presidendonald,NOR,9,presidendonald,0.0,0.011002444987775062,0.005501222493887531
boeing,ORG,9,boeing,0.0,0.011002444987775062,0.005501222493887531
jerome powell,PER,9,jerome powell,0.0,0.011002444987775062,0.005501222493887531
amerika utara,GPE,9,amerika utara,0.0,0.011002444987775062,0.005501222493887531
dua hari,QTY,9,dua hari,0.0,0.011002444987775062,0.005501222493887531
justin trudeau,PER,9,justin trudeau,0.0,0.011002444987775062,0.005501222493887531
iran,GPE,9,iran,0.0,0.011002444987775062,0.005501222493887531
hari,QTY,1,hari,0.009718181838881741,0.0012224938875305623,0.005470337863206152
hari,ORG,1,hari,0.009718181838881741,0.0012224938875305623,0.005470337863206152
xi,GPE,1,xi,0.009636011213556324,0.0012224938875305623,0.005429252550543443
baja,EVT,1,baja,0.009606102275188698,0.0012224938875305623,0.0054142980813596305
federal,PRD,1,federal,0.009592796169235404,0.0012224938875305623,0.0054076450283829835
federal,GPE,1,federal,0.009592796169235404,0.0012224938875305623,0.0054076450283829835
federal,NOR,1,federal,0.009592796169235404,0.0012224938875305623,0.0054076450283829835
scroll,EVT,1,scroll,0.009332138689861312,0.0012224938875305623,0.005277316288695938
republik,PER,1,republik,0.009319311267650357,0.0012224938875305623,0.00527090257759046
lutnick,PER,4,lutnick,0.005608720134424117,0.004889975550122249,0.005249347842273183
ustr,PER,3,ustr,0.006819074496923243,0.003667481662591687,0.005243278079757465
asosiasi,ORG,2,asosiasi,0.008011957084687478,0.0024449877750611247,0.005228472429874301
reserve,ORG,4,reserve,0.005485760377019828,0.004889975550122249,0.005187867963571039
pt,MON,1,pt,0.009139216600395251,0.0012224938875305623,0.005180855243962907
nasional,LAW,2,nasional,0.007896148607277746,0.0024449877750611247,0.005170568191169435
international,LAW,1,international,0.0088574554239533,0.0012224938875305623,0.005039974655741931
pengadilan,FAC,2,pengadilan,0.007555544913871604,0.0024449877750611247,0.005000266344466365
aluminium,NOR,1,aluminium,0.008762013352620812,0.0012224938875305623,0.004992253620075687
wall,PRD,2,wall,0.007395431098610665,0.0024449877750611247,0.004920209436835895
wall,GPE,2,wall,0.007395431098610665,0.0024449877750611247,0.004920209436835895
malaysia,ORG,1,malaysia,0.008571045982538286,0.0012224938875305623,0.0048967699350344245
malaysia,NOR,1,malaysia,0.008571045982538286,0.0012224938875305623,0.0048967699350344245
ponsel,PRD,8,ponsel,0.0,0.009779951100244499,0.004889975550122249
september,DAT,8,september,0.0,0.009779951100244499,0.004889975550122249
new york,GPE,8,new york,0.0,0.009779951100244499,0.004889975550122249
menteri perdagangan as,NOR,8,menteri perdagangan as,0.0,0.009779951100244499,0.004889975550122249
bank sentral,ORG,8,bank sentral,0.0,0.009779951100244499,0.004889975550122249
nikel,PRD,8,nikel,0.0,0.009779951100244499,0.004889975550122249
us juta,MON,8,us juta,0.0,0.009779951100244499,0.004889975550122249
california,GPE,8,california,0.0,0.009779951100244499,0.004889975550122249
whatsapp,PRD,8,whatsapp,0.0,0.009779951100244499,0.004889975550122249
kementerian perdagangan china,NOR,8,kementerian perdagangan china,0.0,0.009779951100244499,0.004889975550122249
utara,GPE,2,utara,0.007331419652528891,0.0024449877750611247,0.004888203713795008
taiwan,ORG,2,taiwan,0.0072670021031693175,0.0024449877750611247,0.004855994939115221
bulan,QTY,1,bulan,0.008437688462700255,0.0012224938875305623,0.004830091175115409
bulan,ORG,1,bulan,0.008437688462700255,0.0012224938875305623,0.004830091175115409
bulan,PRD,1,bulan,0.008437688462700255,0.0012224938875305623,0.004830091175115409
truth,PRD,2,truth,0.007149980782366219,0.0024449877750611247,0.004797484278713671
howard,ORG,2,howard,0.007129985910517158,0.0024449877750611247,0.004787486842789141
pesawat,MON,1,pesawat,0.008343022711315692,0.0012224938875305623,0.004782758299423128
imf,LAW,1,imf,0.008332273354230141,0.0012224938875305623,0.004777383620880352
imf,NOR,1,imf,0.008332273354230141,0.0012224938875305623,0.004777383620880352
imf,PRD,1,imf,0.008332273354230141,0.0012224938875305623,0.004777383620880352
dagang,ORG,1,dagang,0.00823803253932476,0.0012224938875305623,0.004730263213427661
dagang,NOR,1,dagang,0.00823803253932476,0.0012224938875305623,0.004730263213427661
badan,NOR,2,badan,0.006990804378101685,0.0024449877750611247,0.004717896076581405
jenewa,PRD,1,jenewa,0.008017352631924435,0.0012224938875305623,0.004619923259727499
kongres,ORG,1,kongres,0.008013682522478544,0.0012224938875305623,0.0046180882050045535
desember,ORG,2,desember,0.0067715283124228625,0.0024449877750611247,0.004608258043741993
pusat,ORG,2,pusat,0.006759965899997969,0.0024449877750611247,0.004602476837529547
asdonald,GPE,1,asdonald,0.007854801514398399,0.0012224938875305623,0.004538647700964481
asdonald,ORG,1,asdonald,0.007854801514398399,0.0012224938875305623,0.004538647700964481
singapura,NOR,1,singapura,0.007764334466226884,0.0012224938875305623,0.004493414176878723
juli,EVT,1,juli,0.0076269317932350965,0.0012224938875305623,0.004424712840382829
juli,NOR,1,juli,0.0076269317932350965,0.0012224938875305623,0.004424712840382829
economic,ORG,1,economic,0.007546701922083827,0.0012224938875305623,0.004384597904807195
greer,ORG,3,greer,0.005087143644370484,0.003667481662591687,0.004377312653481086
brasil,ORG,1,brasil,0.007514451840821887,0.0012224938875305623,0.0043684728641762245
kemendag,NOR,3,kemendag,0.005031065726621735,0.003667481662591687,0.004349273694606711
kemendag,ORG,3,kemendag,0.005031065726621735,0.003667481662591687,0.004349273694606711
times,PRD,2,times,0.00623764013905744,0.0024449877750611247,0.004341313957059282
american,ORG,7,american,0.0,0.008557457212713936,0.004278728606356968
dollar as,MON,7,dollar as,0.0,0.008557457212713936,0.004278728606356968
lin jian,PER,7,lin jian,0.0,0.008557457212713936,0.004278728606356968
bank indonesia bi,ORG,7,bank indonesia bi,0.0,0.008557457212713936,0.004278728606356968
badan pusat statistik bps,ORG,7,badan pusat statistik bps,0.0,0.008557457212713936,0.004278728606356968
bps,ORG,7,bps,0.0,0.008557457212713936,0.004278728606356968
dua tahun,QTY,7,dua tahun,0.0,0.008557457212713936,0.004278728606356968
filipina,GPE,7,filipina,0.0,0.008557457212713936,0.004278728606356968
shanghai,GPE,7,shanghai,0.0,0.008557457212713936,0.004278728606356968
empat tahun,QTY,7,empat tahun,0.0,0.008557457212713936,0.004278728606356968
kementerian perdagangan,NOR,7,kementerian perdagangan,0.0,0.008557457212713936,0.004278728606356968
musk,PER,7,musk,0.0,0.008557457212713936,0.004278728606356968
elon musk,PER,7,elon musk,0.0,0.008557457212713936,0.004278728606356968
dolar amerika serikat as,MON,7,dolar amerika serikat as,0.0,0.008557457212713936,0.004278728606356968
pemerintahan presiden,NOR,7,pemerintahan presiden,0.0,0.008557457212713936,0.004278728606356968
arab,GPE,7,arab,0.0,0.008557457212713936,0.004278728606356968
liberation day,EVT,7,liberation day,0.0,0.008557457212713936,0.004278728606356968
jakarta kompas com,ORG,7,jakarta kompas com,0.0,0.008557457212713936,0.004278728606356968
presidenamerika serikat as,NOR,7,presidenamerika serikat as,0.0,0.008557457212713936,0.004278728606356968
koordinator bidang perekonomian,ORG,7,koordinator bidang perekonomian,0.0,0.008557457212713936,0.004278728606356968
enam,CRD,7,enam,0.0,0.008557457212713936,0.004278728606356968
ursula von der leyen,PER,7,ursula von der leyen,0.0,0.008557457212713936,0.004278728606356968
london,GPE,7,london,0.0,0.008557457212713936,0.004278728606356968
he lifeng,PER,7,he lifeng,0.0,0.008557457212713936,0.004278728606356968
rp juta,MON,7,rp juta,0.0,0.008557457212713936,0.004278728606356968
utara,PRD,1,utara,0.007331419652528891,0.0012224938875305623,0.004276956770029727
utara,NOR,1,utara,0.007331419652528891,0.0012224938875305623,0.004276956770029727
tim,ORG,2,tim,0.005951910293729817,0.0024449877750611247,0.004198449034395471
truth,PER,1,truth,0.007149980782366219,0.0012224938875305623,0.004186237334948391
howard,PRD,1,howard,0.007129985910517158,0.0012224938875305623,0.0041762398990238606
and,ORG,1,and,0.007067257278527424,0.0012224938875305623,0.004144875583028993
negara,ORG,2,negara,0.005799296610755106,0.0024449877750611247,0.004122142192908115
ihsg,MON,1,ihsg,0.006969141840595342,0.0012224938875305623,0.004095817864062952
ihsg,PER,1,ihsg,0.006969141840595342,0.0012224938875305623,0.004095817864062952
umum,EVT,1,umum,0.006942540996967096,0.0012224938875305623,0.0040825174422488295
umum,ORG,1,umum,0.006942540996967096,0.0012224938875305623,0.0040825174422488295
ustr,NOR,1,ustr,0.006819074496923243,0.0012224938875305623,0.004020784192226902
ustr,PRD,1,ustr,0.006819074496923243,0.0012224938875305623,0.004020784192226902
desember,PRD,1,desember,0.0067715283124228625,0.0012224938875305623,0.003997011099976713
pusat,LOC,1,pusat,0.006759965899997969,0.0012224938875305623,0.0039912298937642655
qris,LAW,2,qris,0.005471114486485663,0.0024449877750611247,0.0039580511307733945
jerman,ORG,2,jerman,0.005405104647523592,0.0024449877750611247,0.003925046211292358
bicara,ORG,1,bicara,0.0066208163850694874,0.0012224938875305623,0.003921655136300025
prancis,ORG,1,prancis,0.006548008015827778,0.0012224938875305623,0.00388525095167917
juru,NOR,1,juru,0.006532054963696016,0.0012224938875305623,0.0038772744256132894
juru,ORG,1,juru,0.006532054963696016,0.0012224938875305623,0.0038772744256132894
tenggara,ORG,1,tenggara,0.006521193299390126,0.0012224938875305623,0.003871843593460344
tenggara,MON,1,tenggara,0.006521193299390126,0.0012224938875305623,0.003871843593460344
united,NOR,2,united,0.005167982302260094,0.0024449877750611247,0.0038064850386606095
social,NOR,1,social,0.006364577836804578,0.0012224938875305623,0.0037935358621675698
social,ORG,1,social,0.006364577836804578,0.0012224938875305623,0.0037935358621675698
social,PRD,1,social,0.006364577836804578,0.0012224938875305623,0.0037935358621675698
bursa,PRD,1,bursa,0.006244218656522932,0.0012224938875305623,0.003733356272026747
bursa,FAC,1,bursa,0.006244218656522932,0.0012224938875305623,0.003733356272026747
bursa,ORG,1,bursa,0.006244218656522932,0.0012224938875305623,0.003733356272026747
ibrahim,PRD,1,ibrahim,0.006184812803730638,0.0012224938875305623,0.0037036533456306
perwakilan,ORG,1,perwakilan,0.006183361143619591,0.0012224938875305623,0.0037029275155750765
sentral,ORG,1,sentral,0.006130075330204819,0.0012224938875305623,0.003676284608867691
nasdaq,ORG,6,nasdaq,0.0,0.007334963325183374,0.003667481662591687
truth social,ORG,6,truth social,0.0,0.007334963325183374,0.003667481662591687
truth social,PRD,6,truth social,0.0,0.007334963325183374,0.003667481662591687
tujuh,CRD,6,tujuh,0.0,0.007334963325183374,0.003667481662591687
karoline leavitt,PER,6,karoline leavitt,0.0,0.007334963325183374,0.003667481662591687
menteri luar negeri,NOR,6,menteri luar negeri,0.0,0.007334963325183374,0.003667481662591687
sabtu april,DAT,6,sabtu april,0.0,0.007334963325183374,0.003667481662591687
texas,GPE,6,texas,0.0,0.007334963325183374,0.003667481662591687
israel,GPE,6,israel,0.0,0.007334963325183374,0.003667481662591687
delegasi,NOR,6,delegasi,0.0,0.007334963325183374,0.003667481662591687
donaldtrump,PER,6,donaldtrump,0.0,0.007334963325183374,0.003667481662591687
kolombia,GPE,6,kolombia,0.0,0.007334963325183374,0.003667481662591687
bank indonesia,ORG,6,bank indonesia,0.0,0.007334963325183374,0.003667481662591687
kapal,PRD,6,kapal,0.0,0.007334963325183374,0.003667481662591687
ai,ORG,6,ai,0.0,0.007334963325183374,0.003667481662591687
tiga tahun,QTY,6,tiga tahun,0.0,0.007334963325183374,0.003667481662591687
miliar dollar as,MON,6,miliar dollar as,0.0,0.007334963325183374,0.003667481662591687
tesla,ORG,6,tesla,0.0,0.007334963325183374,0.003667481662591687
cnn,ORG,6,cnn,0.0,0.007334963325183374,0.003667481662591687
bank sentral as,ORG,6,bank sentral as,0.0,0.007334963325183374,0.003667481662591687
us triliun,MON,6,us triliun,0.0,0.007334963325183374,0.003667481662591687
samsung,ORG,6,samsung,0.0,0.007334963325183374,0.003667481662591687
obligasi,PRD,6,obligasi,0.0,0.007334963325183374,0.003667481662591687
jawa barat,GPE,6,jawa barat,0.0,0.007334963325183374,0.003667481662591687
pemerintahan presiden as,NOR,6,pemerintahan presiden as,0.0,0.007334963325183374,0.003667481662591687
peraturan,LAW,6,peraturan,0.0,0.007334963325183374,0.003667481662591687
gpn,ORG,6,gpn,0.0,0.007334963325183374,0.003667481662591687
trumpyang,PER,6,trumpyang,0.0,0.007334963325183374,0.003667481662591687
dpr,NOR,6,dpr,0.0,0.007334963325183374,0.003667481662591687
google,ORG,6,google,0.0,0.007334963325183374,0.003667481662591687
pemerintah ri,NOR,6,pemerintah ri,0.0,0.007334963325183374,0.003667481662591687
smartphone,PRD,6,smartphone,0.0,0.007334963325183374,0.003667481662591687
joe biden,PER,6,joe biden,0.0,0.007334963325183374,0.003667481662591687
trudeau,PER,6,trudeau,0.0,0.007334963325183374,0.003667481662591687
bangladesh,GPE,6,bangladesh,0.0,0.007334963325183374,0.003667481662591687
myanmar,GPE,6,myanmar,0.0,0.007334963325183374,0.003667481662591687
perdana menteri kanada,NOR,6,perdana menteri kanada,0.0,0.007334963325183374,0.003667481662591687
argentina,GPE,6,argentina,0.0,0.007334963325183374,0.003667481662591687
pakaian,PRD,6,pakaian,0.0,0.007334963325183374,0.003667481662591687
gandum,PRD,6,gandum,0.0,0.007334963325183374,0.003667481662591687
btc,PRD,6,btc,0.0,0.007334963325183374,0.003667481662591687
tim,PER,1,tim,0.005951910293729817,0.0012224938875305623,0.0035872020906301894
tim,NOR,1,tim,0.005951910293729817,0.0012224938875305623,0.0035872020906301894
negara,PRD,1,negara,0.005799296610755106,0.0012224938875305623,0.003510895249142834
negara,NOR,1,negara,0.005799296610755106,0.0012224938875305623,0.003510895249142834
lutnick,PRD,1,lutnick,0.005608720134424117,0.0012224938875305623,0.00341560701097734
lutnick,ORG,1,lutnick,0.005608720134424117,0.0012224938875305623,0.00341560701097734
lutnick,NOR,1,lutnick,0.005608720134424117,0.0012224938875305623,0.00341560701097734
reserve,MON,1,reserve,0.005485760377019828,0.0012224938875305623,0.0033541271322751953
qris,PER,1,qris,0.005471114486485663,0.0012224938875305623,0.003346804187008113
qris,EVT,1,qris,0.005471114486485663,0.0012224938875305623,0.003346804187008113
kemenko,NOR,5,kemenko,0.0,0.006112469437652812,0.003056234718826406
jet,PRD,5,jet,0.0,0.006112469437652812,0.003056234718826406
presiden meksiko,NOR,5,presiden meksiko,0.0,0.006112469437652812,0.003056234718826406
pemerintahan trump,NOR,5,pemerintahan trump,0.0,0.006112469437652812,0.003056234718826406
kementerian keuangan,NOR,5,kementerian keuangan,0.0,0.006112469437652812,0.003056234718826406
tekstil,PRD,5,tekstil,0.0,0.006112469437652812,0.003056234718826406
tesla,PRD,5,tesla,0.0,0.006112469437652812,0.003056234718826406
garmen,PRD,5,garmen,0.0,0.006112469437652812,0.003056234718826406
grup,ORG,5,grup,0.0,0.006112469437652812,0.003056234718826406
garmen,ORG,5,garmen,0.0,0.006112469437652812,0.003056234718826406
pemerintahan presiden amerika serikat,NOR,5,pemerintahan presiden amerika serikat,0.0,0.006112469437652812,0.003056234718826406
timur tengah,GPE,5,timur tengah,0.0,0.006112469437652812,0.003056234718826406
tkdn,LAW,5,tkdn,0.0,0.006112469437652812,0.003056234718826406
brussels,GPE,5,brussels,0.0,0.006112469437652812,0.003056234718826406
pemerintah china,NOR,5,pemerintah china,0.0,0.006112469437652812,0.003056234718826406
trumptelah,PER,5,trumptelah,0.0,0.006112469437652812,0.003056234718826406
greenland,GPE,5,greenland,0.0,0.006112469437652812,0.003056234718826406
pdb,PRD,5,pdb,0.0,0.006112469437652812,0.003056234718826406
pasifik,GPE,5,pasifik,0.0,0.006112469437652812,0.003056234718826406
baterai,PRD,5,baterai,0.0,0.006112469437652812,0.003056234718826406
united states trade representative ustr,ORG,5,united states trade representative ustr,0.0,0.006112469437652812,0.003056234718826406
batu bara,PRD,5,batu bara,0.0,0.006112469437652812,0.003056234718826406
amazon,ORG,5,amazon,0.0,0.006112469437652812,0.003056234718826406
saudi,GPE,5,saudi,0.0,0.006112469437652812,0.003056234718826406
bmi,LAW,5,bmi,0.0,0.006112469437652812,0.003056234718826406
gpn,LAW,5,gpn,0.0,0.006112469437652812,0.003056234718826406
anggur,PRD,5,anggur,0.0,0.006112469437652812,0.003056234718826406
dxy,PRD,5,dxy,0.0,0.006112469437652812,0.003056234718826406
huawei,ORG,5,huawei,0.0,0.006112469437652812,0.003056234718826406
ibrahim assuaibi,PER,5,ibrahim assuaibi,0.0,0.006112469437652812,0.003056234718826406
sekretaris,NOR,5,sekretaris,0.0,0.006112469437652812,0.003056234718826406
uu,LAW,5,uu,0.0,0.006112469437652812,0.003056234718826406
kabarbursa com,ORG,5,kabarbursa com,0.0,0.006112469437652812,0.003056234718826406
juta ton,QTY,5,juta ton,0.0,0.006112469437652812,0.003056234718826406
wakil menteri luar negeri,NOR,5,wakil menteri luar negeri,0.0,0.006112469437652812,0.003056234718826406
selasa april,DAT,5,selasa april,0.0,0.006112469437652812,0.003056234718826406
carney,PER,5,carney,0.0,0.006112469437652812,0.003056234718826406
dow,ORG,5,dow,0.0,0.006112469437652812,0.003056234718826406
komputer,PRD,5,komputer,0.0,0.006112469437652812,0.003056234718826406
wall street,ORG,5,wall street,0.0,0.006112469437652812,0.003056234718826406
palestina,GPE,5,palestina,0.0,0.006112469437652812,0.003056234718826406
nato,NOR,5,nato,0.0,0.006112469437652812,0.003056234718826406
national,ORG,5,national,0.0,0.006112469437652812,0.003056234718826406
national,LAW,5,national,0.0,0.006112469437652812,0.003056234718826406
ford,ORG,5,ford,0.0,0.006112469437652812,0.003056234718826406
hs,PRD,5,hs,0.0,0.006112469437652812,0.003056234718826406
kementerian perdagangan kemendag,NOR,5,kementerian perdagangan kemendag,0.0,0.006112469437652812,0.003056234718826406
rp miliar,MON,5,rp miliar,0.0,0.006112469437652812,0.003056234718826406
mark carney,PER,5,mark carney,0.0,0.006112469437652812,0.003056234718826406
kompas tv,ORG,5,kompas tv,0.0,0.006112469437652812,0.003056234718826406
nvidia,ORG,5,nvidia,0.0,0.006112469437652812,0.003056234718826406
cpo,PRD,5,cpo,0.0,0.006112469437652812,0.003056234718826406
djatmiko bris witjaksono,PER,5,djatmiko bris witjaksono,0.0,0.006112469437652812,0.003056234718826406
amerika latin,GPE,5,amerika latin,0.0,0.006112469437652812,0.003056234718826406
oecd,ORG,5,oecd,0.0,0.006112469437652812,0.003056234718826406
menko perekonomian,NOR,5,menko perekonomian,0.0,0.006112469437652812,0.003056234718826406
youtube,ORG,5,youtube,0.0,0.006112469437652812,0.003056234718826406
trumpterhadap,PER,4,trumpterhadap,0.0,0.004889975550122249,0.0024449877750611247
liputan com jakarta,ORG,4,liputan com jakarta,0.0,0.004889975550122249,0.0024449877750611247
setengah,CRD,4,setengah,0.0,0.004889975550122249,0.0024449877750611247
li,PER,4,li,0.0,0.004889975550122249,0.0024449877750611247
tbk,ORG,4,tbk,0.0,0.004889975550122249,0.0024449877750611247
dolar amerika serikat,MON,4,dolar amerika serikat,0.0,0.004889975550122249,0.0024449877750611247
afp,ORG,4,afp,0.0,0.004889975550122249,0.0024449877750611247
karet,PRD,4,karet,0.0,0.004889975550122249,0.0024449877750611247
turki,GPE,4,turki,0.0,0.004889975550122249,0.0024449877750611247
ucap,ORG,4,ucap,0.0,0.004889975550122249,0.0024449877750611247
udang,PRD,4,udang,0.0,0.004889975550122249,0.0024449877750611247
kedelapan,ORD,4,kedelapan,0.0,0.004889975550122249,0.0024449877750611247
italia,GPE,4,italia,0.0,0.004889975550122249,0.0024449877750611247
jenewa swiss,GPE,4,jenewa swiss,0.0,0.004889975550122249,0.0024449877750611247
denmark,GPE,4,denmark,0.0,0.004889975550122249,0.0024449877750611247
ketua the fed,ORG,4,ketua the fed,0.0,0.004889975550122249,0.0024449877750611247
sebulan,QTY,4,sebulan,0.0,0.004889975550122249,0.0024449877750611247
laptop,PRD,4,laptop,0.0,0.004889975550122249,0.0024449877750611247
new york,ORG,4,new york,0.0,0.004889975550122249,0.0024449877750611247
new york kompas com,ORG,4,new york kompas com,0.0,0.004889975550122249,0.0024449877750611247
pemerintahan presiden amerika serikat as,NOR,4,pemerintahan presiden amerika serikat as,0.0,0.004889975550122249,0.0024449877750611247
komite,ORG,4,komite,0.0,0.004889975550122249,0.0024449877750611247
uni eropa ue,NOR,4,uni eropa ue,0.0,0.004889975550122249,0.0024449877750611247
mexico,GPE,4,mexico,0.0,0.004889975550122249,0.0024449877750611247
menlu,NOR,4,menlu,0.0,0.004889975550122249,0.0024449877750611247
covid,EVT,4,covid,0.0,0.004889975550122249,0.0024449877750611247
menteri keuangan menkeu,NOR,4,menteri keuangan menkeu,0.0,0.004889975550122249,0.0024449877750611247
satu bulan,QTY,4,satu bulan,0.0,0.004889975550122249,0.0024449877750611247
menteri keuangansri,NOR,4,menteri keuangansri,0.0,0.004889975550122249,0.0024449877750611247
anwar ibrahim,PER,4,anwar ibrahim,0.0,0.004889975550122249,0.0024449877750611247
anwar,PER,4,anwar,0.0,0.004889975550122249,0.0024449877750611247
anthony albanese,PER,4,anthony albanese,0.0,0.004889975550122249,0.0024449877750611247
cnbc indonesia indonesia,ORG,4,cnbc indonesia indonesia,0.0,0.004889975550122249,0.0024449877750611247
cnbc indonesia china,ORG,4,cnbc indonesia china,0.0,0.004889975550122249,0.0024449877750611247
kuala lumpur,GPE,4,kuala lumpur,0.0,0.004889975550122249,0.0024449877750611247
arrmanatha nasir,PER,4,arrmanatha nasir,0.0,0.004889975550122249,0.0024449877750611247
newsom,ORG,4,newsom,0.0,0.004889975550122249,0.0024449877750611247
leyen,PER,4,leyen,0.0,0.004889975550122249,0.0024449877750611247
gas alam cair,PRD,4,gas alam cair,0.0,0.004889975550122249,0.0024449877750611247
parlemen,NOR,4,parlemen,0.0,0.004889975550122249,0.0024449877750611247
djatmiko,PER,4,djatmiko,0.0,0.004889975550122249,0.0024449877750611247
teknologi,ORG,4,teknologi,0.0,0.004889975550122249,0.0024449877750611247
teknologi,PRD,4,teknologi,0.0,0.004889975550122249,0.0024449877750611247
pmi,ORG,4,pmi,0.0,0.004889975550122249,0.0024449877750611247
menkeu,NOR,4,menkeu,0.0,0.004889975550122249,0.0024449877750611247
perdagangan internasional,ORG,4,perdagangan internasional,0.0,0.004889975550122249,0.0024449877750611247
motors,ORG,4,motors,0.0,0.004889975550122249,0.0024449877750611247
claudia sheinbaum,PER,4,claudia sheinbaum,0.0,0.004889975550122249,0.0024449877750611247
harga saham gabungan,PRD,4,harga saham gabungan,0.0,0.004889975550122249,0.0024449877750611247
bahlil lahadalia,PER,4,bahlil lahadalia,0.0,0.004889975550122249,0.0024449877750611247
venezuela,GPE,4,venezuela,0.0,0.004889975550122249,0.0024449877750611247
cook,ORG,4,cook,0.0,0.004889975550122249,0.0024449877750611247
federal reserve,ORG,4,federal reserve,0.0,0.004889975550122249,0.0024449877750611247
multilateral,ORG,4,multilateral,0.0,0.004889975550122249,0.0024449877750611247
presiden komisi eropa,NOR,4,presiden komisi eropa,0.0,0.004889975550122249,0.0024449877750611247
bahlil,PER,4,bahlil,0.0,0.004889975550122249,0.0024449877750611247
leba apr,NOR,4,leba apr,0.0,0.004889975550122249,0.0024449877750611247
pemerintahnya,NOR,4,pemerintahnya,0.0,0.004889975550122249,0.0024449877750611247
toyota,ORG,4,toyota,0.0,0.004889975550122249,0.0024449877750611247
bitcoin btc,PRD,4,bitcoin btc,0.0,0.004889975550122249,0.0024449877750611247
bahan,PRD,4,bahan,0.0,0.004889975550122249,0.0024449877750611247
instagram,PRD,4,instagram,0.0,0.004889975550122249,0.0024449877750611247
ho,NOR,4,ho,0.0,0.004889975550122249,0.0024449877750611247
spacex,ORG,4,spacex,0.0,0.004889975550122249,0.0024449877750611247
washington dc as,GPE,4,washington dc as,0.0,0.004889975550122249,0.0024449877750611247
nanang wijayanto,PER,4,nanang wijayanto,0.0,0.004889975550122249,0.0024449877750611247
lpg,ORG,4,lpg,0.0,0.004889975550122249,0.0024449877750611247
euro,ORG,4,euro,0.0,0.004889975550122249,0.0024449877750611247
ikpi jakarta,NOR,4,ikpi jakarta,0.0,0.004889975550122249,0.0024449877750611247
indonesiahadir,GPE,4,indonesiahadir,0.0,0.004889975550122249,0.0024449877750611247
kantor perwakilan dagang amerika serikat,ORG,4,kantor perwakilan dagang amerika serikat,0.0,0.004889975550122249,0.0024449877750611247
bei,ORG,4,bei,0.0,0.004889975550122249,0.0024449877750611247
asia pasifik,GPE,4,asia pasifik,0.0,0.004889975550122249,0.0024449877750611247
apsyfi,ORG,4,apsyfi,0.0,0.004889975550122249,0.0024449877750611247
eddy,PER,4,eddy,0.0,0.004889975550122249,0.0024449877750611247
foreign,LAW,4,foreign,0.0,0.004889975550122249,0.0024449877750611247
ojk,ORG,4,ojk,0.0,0.004889975550122249,0.0024449877750611247
ford,PRD,4,ford,0.0,0.004889975550122249,0.0024449877750611247
yen,MON,4,yen,0.0,0.004889975550122249,0.0024449877750611247
yen jepang,MON,4,yen jepang,0.0,0.004889975550122249,0.0024449877750611247
dariinvesting com,ORG,4,dariinvesting com,0.0,0.004889975550122249,0.0024449877750611247
trumpini,PER,4,trumpini,0.0,0.004889975550122249,0.0024449877750611247
trumpmengumumkan,PER,4,trumpmengumumkan,0.0,0.004889975550122249,0.0024449877750611247
miliaran dolar,MON,4,miliaran dolar,0.0,0.004889975550122249,0.0024449877750611247
putin,PER,3,putin,0.0,0.003667481662591687,0.0018337408312958435
reciprocal,LAW,3,reciprocal,0.0,0.003667481662591687,0.0018337408312958435
redaksicnbcindonesia com,ORG,3,redaksicnbcindonesia com,0.0,0.003667481662591687,0.0018337408312958435
richard,PER,3,richard,0.0,0.003667481662591687,0.0018337408312958435
rose garden gedung putih,LOC,3,rose garden gedung putih,0.0,0.003667481662591687,0.0018337408312958435
rubio,PER,3,rubio,0.0,0.003667481662591687,0.0018337408312958435
sachs,ORG,3,sachs,0.0,0.003667481662591687,0.0018337408312958435
selandia,GPE,3,selandia,0.0,0.003667481662591687,0.0018337408312958435
selasa maret,DAT,3,selasa maret,0.0,0.003667481662591687,0.0018337408312958435
sembilan,CRD,3,sembilan,0.0,0.003667481662591687,0.0018337408312958435
sen,MON,3,sen,0.0,0.003667481662591687,0.0018337408312958435
senin april,DAT,3,senin april,0.0,0.003667481662591687,0.0018337408312958435
september,ORG,3,september,0.0,0.003667481662591687,0.0018337408312958435
setahun,QTY,3,setahun,0.0,0.003667481662591687,0.0018337408312958435
shein,PER,3,shein,0.0,0.003667481662591687,0.0018337408312958435
simak,ORG,3,simak,0.0,0.003667481662591687,0.0018337408312958435
sistem,PRD,3,sistem,0.0,0.003667481662591687,0.0018337408312958435
bursa efek indonesia,ORG,3,bursa efek indonesia,0.0,0.003667481662591687,0.0018337408312958435
gaza,GPE,3,gaza,0.0,0.003667481662591687,0.0018337408312958435
gb,PRD,3,gb,0.0,0.003667481662591687,0.0018337408312958435
donaldtrumpmengumumkan,PER,3,donaldtrumpmengumumkan,0.0,0.003667481662591687,0.0018337408312958435
act,LAW,3,act,0.0,0.003667481662591687,0.0018337408312958435
kedelai,PRD,3,kedelai,0.0,0.003667481662591687,0.0018337408312958435
jusuf kalla,PER,3,jusuf kalla,0.0,0.003667481662591687,0.0018337408312958435
dow jones,ORG,3,dow jones,0.0,0.003667481662591687,0.0018337408312958435
ceo apple,ORG,3,ceo apple,0.0,0.003667481662591687,0.0018337408312958435
airbus,ORG,3,airbus,0.0,0.003667481662591687,0.0018337408312958435
dua bulan,QTY,3,dua bulan,0.0,0.003667481662591687,0.0018337408312958435
street,ORG,3,street,0.0,0.003667481662591687,0.0018337408312958435
ibrahim assuabi,PER,3,ibrahim assuabi,0.0,0.003667481662591687,0.0018337408312958435
ktt asean,EVT,3,ktt asean,0.0,0.003667481662591687,0.0018337408312958435
kevin,PER,3,kevin,0.0,0.003667481662591687,0.0018337408312958435
getty images,PRD,3,getty images,0.0,0.003667481662591687,0.0018337408312958435
susu,PRD,3,susu,0.0,0.003667481662591687,0.0018337408312958435
swedia,GPE,3,swedia,0.0,0.003667481662591687,0.0018337408312958435
januari april,DAT,3,januari april,0.0,0.003667481662591687,0.0018337408312958435
channel whatsapp kompastv,ORG,3,channel whatsapp kompastv,0.0,0.003667481662591687,0.0018337408312958435
alkohol,PRD,3,alkohol,0.0,0.003667481662591687,0.0018337408312958435
taco,PRD,3,taco,0.0,0.003667481662591687,0.0018337408312958435
chatib,PER,3,chatib,0.0,0.003667481662591687,0.0018337408312958435
koordinator bidang perekonomian,NOR,3,koordinator bidang perekonomian,0.0,0.003667481662591687,0.0018337408312958435
tariff,PRD,3,tariff,0.0,0.003667481662591687,0.0018337408312958435
tariffs,PRD,3,tariffs,0.0,0.003667481662591687,0.0018337408312958435
china kanada,GPE,3,china kanada,0.0,0.003667481662591687,0.0018337408312958435
economic outlook,EVT,3,economic outlook,0.0,0.003667481662591687,0.0018337408312958435
ambassador,ORG,3,ambassador,0.0,0.003667481662591687,0.0018337408312958435
america,GPE,3,america,0.0,0.003667481662591687,0.0018337408312958435
america,ORG,3,america,0.0,0.003667481662591687,0.0018337408312958435
amerika selatan,GPE,3,amerika selatan,0.0,0.003667481662591687,0.0018337408312958435
amerika serikat as,NOR,3,amerika serikat as,0.0,0.003667481662591687,0.0018337408312958435
edi,PER,3,edi,0.0,0.003667481662591687,0.0018337408312958435
gm,ORG,3,gm,0.0,0.003667481662591687,0.0018337408312958435
an,ORG,3,an,0.0,0.003667481662591687,0.0018337408312958435
kuba,GPE,3,kuba,0.0,0.003667481662591687,0.0018337408312958435
konferensi pers virtual,EVT,3,konferensi pers virtual,0.0,0.003667481662591687,0.0018337408312958435
jeff,ORG,3,jeff,0.0,0.003667481662591687,0.0018337408312958435
golkar,NOR,3,golkar,0.0,0.003667481662591687,0.0018337408312958435
anggur sampanye,PRD,3,anggur sampanye,0.0,0.003667481662591687,0.0018337408312958435
cnbc international,ORG,3,cnbc international,0.0,0.003667481662591687,0.0018337408312958435
the guardian,ORG,3,the guardian,0.0,0.003667481662591687,0.0018337408312958435
thomas djiwandono,PER,3,thomas djiwandono,0.0,0.003667481662591687,0.0018337408312958435
apec,ORG,3,apec,0.0,0.003667481662591687,0.0018337408312958435
elon,PER,3,elon,0.0,0.003667481662591687,0.0018337408312958435
april scroll,DAT,3,april scroll,0.0,0.003667481662591687,0.0018337408312958435
emiria,ORG,3,emiria,0.0,0.003667481662591687,0.0018337408312958435
tiga hari,QTY,3,tiga hari,0.0,0.003667481662591687,0.0018337408312958435
tiga minggu,QTY,3,tiga minggu,0.0,0.003667481662591687,0.0018337408312958435
ariadne anwar,PER,3,ariadne anwar,0.0,0.003667481662591687,0.0018337408312958435
tiktok,ORG,3,tiktok,0.0,0.003667481662591687,0.0018337408312958435
kelima,ORD,3,kelima,0.0,0.003667481662591687,0.0018337408312958435
emiten,ORG,3,emiten,0.0,0.003667481662591687,0.0018337408312958435
arif havas oegroseno,PER,3,arif havas oegroseno,0.0,0.003667481662591687,0.0018337408312958435
tim cook,ORG,3,tim cook,0.0,0.003667481662591687,0.0018337408312958435
time,ORG,3,time,0.0,0.003667481662591687,0.0018337408312958435
ariston tjendra,PER,3,ariston tjendra,0.0,0.003667481662591687,0.0018337408312958435
indeks harga saham gabungan,PRD,3,indeks harga saham gabungan,0.0,0.003667481662591687,0.0018337408312958435
arrmanatha,ORG,3,arrmanatha,0.0,0.003667481662591687,0.0018337408312958435
jerome,PER,3,jerome,0.0,0.003667481662591687,0.0018337408312958435
content,ORG,3,content,0.0,0.003667481662591687,0.0018337408312958435
content indonesia,ORG,3,content indonesia,0.0,0.003667481662591687,0.0018337408312958435
corp,ORG,3,corp,0.0,0.003667481662591687,0.0018337408312958435
tirai bambu,LOC,3,tirai bambu,0.0,0.003667481662591687,0.0018337408312958435
indeks nasdaq,PRD,3,indeks nasdaq,0.0,0.003667481662591687,0.0018337408312958435
tkdn,NOR,3,tkdn,0.0,0.003667481662591687,0.0018337408312958435
tokyo,GPE,3,tokyo,0.0,0.003667481662591687,0.0018337408312958435
gubernur california,NOR,3,gubernur california,0.0,0.003667481662591687,0.0018337408312958435
crypto,PRD,3,crypto,0.0,0.003667481662591687,0.0018337408312958435
associated press,ORG,3,associated press,0.0,0.003667481662591687,0.0018337408312958435
kanselir,NOR,3,kanselir,0.0,0.003667481662591687,0.0018337408312958435
eu,ORG,3,eu,0.0,0.003667481662591687,0.0018337408312958435
dana,ORG,3,dana,0.0,0.003667481662591687,0.0018337408312958435
dana moneter,ORG,3,dana moneter,0.0,0.003667481662591687,0.0018337408312958435
darireuters,ORG,3,darireuters,0.0,0.003667481662591687,0.0018337408312958435
joe,ORG,3,joe,0.0,0.003667481662591687,0.0018337408312958435
indorama,ORG,3,indorama,0.0,0.003667481662591687,0.0018337408312958435
bambu,LOC,3,bambu,0.0,0.003667481662591687,0.0018337408312958435
bambu,ORG,3,bambu,0.0,0.003667481662591687,0.0018337408312958435
bank dunia,ORG,3,bank dunia,0.0,0.003667481662591687,0.0018337408312958435
john,PER,3,john,0.0,0.003667481662591687,0.0018337408312958435
hari pembebasan,EVT,3,hari pembebasan,0.0,0.003667481662591687,0.0018337408312958435
delegasi,ORG,3,delegasi,0.0,0.003667481662591687,0.0018337408312958435
delegasi ri,NOR,3,delegasi ri,0.0,0.003667481662591687,0.0018337408312958435
trumpmengatakan,PER,3,trumpmengatakan,0.0,0.003667481662591687,0.0018337408312958435
departemen perdagangan,NOR,3,departemen perdagangan,0.0,0.003667481662591687,0.0018337408312958435
deputi,NOR,3,deputi,0.0,0.003667481662591687,0.0018337408312958435
he,PER,3,he,0.0,0.003667481662591687,0.0018337408312958435
trumpuntuk,PER,3,trumpuntuk,0.0,0.003667481662591687,0.0018337408312958435
bbm,PRD,3,bbm,0.0,0.003667481662591687,0.0018337408312958435
bea,ORG,3,bea,0.0,0.003667481662591687,0.0018337408312958435
detikcom,ORG,3,detikcom,0.0,0.003667481662591687,0.0018337408312958435
fentanyl,PRD,3,fentanyl,0.0,0.003667481662591687,0.0018337408312958435
bensin,PRD,3,bensin,0.0,0.003667481662591687,0.0018337408312958435
benua,GPE,3,benua,0.0,0.003667481662591687,0.0018337408312958435
beras,PRD,3,beras,0.0,0.003667481662591687,0.0018337408312958435
financial times,ORG,3,financial times,0.0,0.003667481662591687,0.0018337408312958435
ubs,ORG,3,ubs,0.0,0.003667481662591687,0.0018337408312958435
bhima,ORG,3,bhima,0.0,0.003667481662591687,0.0018337408312958435
ucapnya,ORG,3,ucapnya,0.0,0.003667481662591687,0.0018337408312958435
florida,GPE,3,florida,0.0,0.003667481662591687,0.0018337408312958435
biro,ORG,3,biro,0.0,0.003667481662591687,0.0018337408312958435
direktur eksekutif center of economic and law studies,ORG,3,direktur eksekutif center of economic and law studies,0.0,0.003667481662591687,0.0018337408312958435
foreign,ORG,3,foreign,0.0,0.003667481662591687,0.0018337408312958435
direktur jenderal perundingan perdagangan internasional kemendag,NOR,3,direktur jenderal perundingan perdagangan internasional kemendag,0.0,0.003667481662591687,0.0018337408312958435
bisnis com,ORG,3,bisnis com,0.0,0.003667481662591687,0.0018337408312958435
direktur laba forexindo berjangka,ORG,3,direktur laba forexindo berjangka,0.0,0.003667481662591687,0.0018337408312958435
kartu,PRD,3,kartu,0.0,0.003667481662591687,0.0018337408312958435
fox news,ORG,3,fox news,0.0,0.003667481662591687,0.0018337408312958435
hong,ORG,3,hong,0.0,0.003667481662591687,0.0018337408312958435
uni emirat arab,GPE,3,uni emirat arab,0.0,0.003667481662591687,0.0018337408312958435
juru bicara,NOR,3,juru bicara,0.0,0.003667481662591687,0.0018337408312958435
furniture,PRD,3,furniture,0.0,0.003667481662591687,0.0018337408312958435
konstitusi,LAW,3,konstitusi,0.0,0.003667481662591687,0.0018337408312958435
bmi,ORG,3,bmi,0.0,0.003667481662591687,0.0018337408312958435
bmw,ORG,3,bmw,0.0,0.003667481662591687,0.0018337408312958435
hp,ORG,3,hp,0.0,0.003667481662591687,0.0018337408312958435
juru bicara kementerian luar negeri china,NOR,3,juru bicara kementerian luar negeri china,0.0,0.003667481662591687,0.0018337408312958435
donald trumpkembali,PER,3,donald trumpkembali,0.0,0.003667481662591687,0.0018337408312958435
kazakhstan,GPE,3,kazakhstan,0.0,0.003667481662591687,0.0018337408312958435
kuala,GPE,3,kuala,0.0,0.003667481662591687,0.0018337408312958435
donald trumpmengancam,PER,3,donald trumpmengancam,0.0,0.003667481662591687,0.0018337408312958435
brussels,ORG,3,brussels,0.0,0.003667481662591687,0.0018337408312958435
budi santoso,PER,3,budi santoso,0.0,0.003667481662591687,0.0018337408312958435
donald trumpterhadap,PER,3,donald trumpterhadap,0.0,0.003667481662591687,0.0018337408312958435
laos,GPE,3,laos,0.0,0.003667481662591687,0.0018337408312958435
leavitt,PER,3,leavitt,0.0,0.003667481662591687,0.0018337408312958435
us rp juta,MON,3,us rp juta,0.0,0.003667481662591687,0.0018337408312958435
us steel,ORG,3,us steel,0.0,0.003667481662591687,0.0018337408312958435
lee,PER,3,lee,0.0,0.003667481662591687,0.0018337408312958435
zhejiang,GPE,3,zhejiang,0.0,0.003667481662591687,0.0018337408312958435
lima tahun,QTY,3,lima tahun,0.0,0.003667481662591687,0.0018337408312958435
lin,PER,3,lin,0.0,0.003667481662591687,0.0018337408312958435
usd juta,MON,3,usd juta,0.0,0.003667481662591687,0.0018337408312958435
lpg,PRD,3,lpg,0.0,0.003667481662591687,0.0018337408312958435
usmca,LAW,3,usmca,0.0,0.003667481662591687,0.0018337408312958435
mahkamah agung,NOR,3,mahkamah agung,0.0,0.003667481662591687,0.0018337408312958435
manhattan,GPE,3,manhattan,0.0,0.003667481662591687,0.0018337408312958435
mari elka pangestu,PER,3,mari elka pangestu,0.0,0.003667481662591687,0.0018337408312958435
minggu april,DAT,3,minggu april,0.0,0.003667481662591687,0.0018337408312958435
moskow,GPE,3,moskow,0.0,0.003667481662591687,0.0018337408312958435
muhammad ishak,PER,3,muhammad ishak,0.0,0.003667481662591687,0.0018337408312958435
musk,ORG,3,musk,0.0,0.003667481662591687,0.0018337408312958435
nbc,ORG,3,nbc,0.0,0.003667481662591687,0.0018337408312958435
negeri tirai bambu,GPE,3,negeri tirai bambu,0.0,0.003667481662591687,0.0018337408312958435
newsletter,ORG,3,newsletter,0.0,0.003667481662591687,0.0018337408312958435
norwegia,GPE,3,norwegia,0.0,0.003667481662591687,0.0018337408312958435
nte,LAW,3,nte,0.0,0.003667481662591687,0.0018337408312958435
vladimir putin,PER,3,vladimir putin,0.0,0.003667481662591687,0.0018337408312958435
von,PER,3,von,0.0,0.003667481662591687,0.0018337408312958435
obligasi pemerintah,PRD,3,obligasi pemerintah,0.0,0.003667481662591687,0.0018337408312958435
wakil menteri keuangan,NOR,3,wakil menteri keuangan,0.0,0.003667481662591687,0.0018337408312958435
oracle,ORG,3,oracle,0.0,0.003667481662591687,0.0018337408312958435
wakil perdana menteri,NOR,3,wakil perdana menteri,0.0,0.003667481662591687,0.0018337408312958435
organisasi perdagangan dunia,ORG,3,organisasi perdagangan dunia,0.0,0.003667481662591687,0.0018337408312958435
organisasi perdagangan dunia wto,ORG,3,organisasi perdagangan dunia wto,0.0,0.003667481662591687,0.0018337408312958435
pabrik,LOC,3,pabrik,0.0,0.003667481662591687,0.0018337408312958435
palm,PRD,3,palm,0.0,0.003667481662591687,0.0018337408312958435
wall street,LOC,3,wall street,0.0,0.003667481662591687,0.0018337408312958435
pasifik,ORG,3,pasifik,0.0,0.003667481662591687,0.0018337408312958435
walmart,ORG,3,walmart,0.0,0.003667481662591687,0.0018337408312958435
pbb,NOR,3,pbb,0.0,0.003667481662591687,0.0018337408312958435
pc,PRD,3,pc,0.0,0.003667481662591687,0.0018337408312958435
pemimpin eropa,NOR,3,pemimpin eropa,0.0,0.003667481662591687,0.0018337408312958435
pengadilan perdagangan as,NOR,3,pengadilan perdagangan as,0.0,0.003667481662591687,0.0018337408312958435
perancis,GPE,3,perancis,0.0,0.003667481662591687,0.0018337408312958435
whatsapp,ORG,3,whatsapp,0.0,0.003667481662591687,0.0018337408312958435
perang dunia ii,EVT,3,perang dunia ii,0.0,0.003667481662591687,0.0018337408312958435
perdana menteri,NOR,3,perdana menteri,0.0,0.003667481662591687,0.0018337408312958435
perdana menteri australia,NOR,3,perdana menteri australia,0.0,0.003667481662591687,0.0018337408312958435
perintah,LAW,3,perintah,0.0,0.003667481662591687,0.0018337408312958435
perwakilan dagang as,NOR,3,perwakilan dagang as,0.0,0.003667481662591687,0.0018337408312958435
pesawat militer,PRD,3,pesawat militer,0.0,0.003667481662591687,0.0018337408312958435
phk,ORG,3,phk,0.0,0.003667481662591687,0.0018337408312958435
wib internasional washington dc,ORG,3,wib internasional washington dc,0.0,0.003667481662591687,0.0018337408312958435
world,ORG,3,world,0.0,0.003667481662591687,0.0018337408312958435
power lunch,EVT,3,power lunch,0.0,0.003667481662591687,0.0018337408312958435
premium,PRD,3,premium,0.0,0.003667481662591687,0.0018337408312958435
presiden komisi uni eropa,NOR,3,presiden komisi uni eropa,0.0,0.003667481662591687,0.0018337408312958435
presiden prancis,NOR,3,presiden prancis,0.0,0.003667481662591687,0.0018337408312958435
presiden republik indonesia,NOR,3,presiden republik indonesia,0.0,0.003667481662591687,0.0018337408312958435
presiden ri,NOR,3,presiden ri,0.0,0.003667481662591687,0.0018337408312958435
presiden rusia,NOR,3,presiden rusia,0.0,0.003667481662591687,0.0018337408312958435
presiden xi,NOR,3,presiden xi,0.0,0.003667481662591687,0.0018337408312958435
presidenamerika,NOR,3,presidenamerika,0.0,0.003667481662591687,0.0018337408312958435
presidenamerika serikatdonald,NOR,3,presidenamerika serikatdonald,0.0,0.003667481662591687,0.0018337408312958435
presidenmeksikoclaudia,NOR,3,presidenmeksikoclaudia,0.0,0.003667481662591687,0.0018337408312958435
pulau heard,LOC,3,pulau heard,0.0,0.003667481662591687,0.0018337408312958435
facebook,ORG,2,facebook,0.0,0.0024449877750611247,0.0012224938875305623
ayo,ORG,2,ayo,0.0,0.0024449877750611247,0.0012224938875305623
ayam,PRD,2,ayam,0.0,0.0024449877750611247,0.0012224938875305623
indonesia menanam,EVT,2,indonesia menanam,0.0,0.0024449877750611247,0.0012224938875305623
danantara,ORG,2,danantara,0.0,0.0024449877750611247,0.0012224938875305623
euro,MON,2,euro,0.0,0.0024449877750611247,0.0012224938875305623
persero,ORG,2,persero,0.0,0.0024449877750611247,0.0012224938875305623
persnya,EVT,2,persnya,0.0,0.0024449877750611247,0.0012224938875305623
daging sapi,PRD,2,daging sapi,0.0,0.0024449877750611247,0.0012224938875305623
pertamina,ORG,2,pertamina,0.0,0.0024449877750611247,0.0012224938875305623
peru,GPE,2,peru,0.0,0.0024449877750611247,0.0012224938875305623
auditorium kemendag,LOC,2,auditorium kemendag,0.0,0.0024449877750611247,0.0012224938875305623
eu,GPE,2,eu,0.0,0.0024449877750611247,0.0012224938875305623
mark zuckerberg,PER,2,mark zuckerberg,0.0,0.0024449877750611247,0.0012224938875305623
guo jiakun,PER,2,guo jiakun,0.0,0.0024449877750611247,0.0012224938875305623
estimate,EVT,2,estimate,0.0,0.0024449877750611247,0.0012224938875305623
martin,PER,2,martin,0.0,0.0024449877750611247,0.0012224938875305623
pesawat terbang,PRD,2,pesawat terbang,0.0,0.0024449877750611247,0.0012224938875305623
peterson,PER,2,peterson,0.0,0.0024449877750611247,0.0012224938875305623
petro,PER,2,petro,0.0,0.0024449877750611247,0.0012224938875305623
petroleum gas lpg,PRD,2,petroleum gas lpg,0.0,0.0024449877750611247,0.0012224938875305623
mattel,ORG,2,mattel,0.0,0.0024449877750611247,0.0012224938875305623
esdm,ORG,2,esdm,0.0,0.0024449877750611247,0.0012224938875305623
polandia,GPE,2,polandia,0.0,0.0024449877750611247,0.0012224938875305623
kemenperin,NOR,2,kemenperin,0.0,0.0024449877750611247,0.0012224938875305623
post,ORG,2,post,0.0,0.0024449877750611247,0.0012224938875305623
kong,PRD,2,kong,0.0,0.0024449877750611247,0.0012224938875305623
gucci,ORG,2,gucci,0.0,0.0024449877750611247,0.0012224938875305623
mcmillon,ORG,2,mcmillon,0.0,0.0024449877750611247,0.0012224938875305623
ppn,LAW,2,ppn,0.0,0.0024449877750611247,0.0012224938875305623
indo,ORG,2,indo,0.0,0.0024449877750611247,0.0012224938875305623
kepulauan mcdonald,LOC,2,kepulauan mcdonald,0.0,0.0024449877750611247,0.0012224938875305623
eropa timur tengah,GPE,2,eropa timur tengah,0.0,0.0024449877750611247,0.0012224938875305623
prada,ORG,2,prada,0.0,0.0024449877750611247,0.0012224938875305623
crude palm oil cpo,PRD,2,crude palm oil cpo,0.0,0.0024449877750611247,0.0012224938875305623
asosiasi pertekstilan indonesia api,ORG,2,asosiasi pertekstilan indonesia api,0.0,0.0024449877750611247,0.0012224938875305623
mebel,PRD,2,mebel,0.0,0.0024449877750611247,0.0012224938875305623
kepulauan,LOC,2,kepulauan,0.0,0.0024449877750611247,0.0012224938875305623
kemenkeu,NOR,2,kemenkeu,0.0,0.0024449877750611247,0.0012224938875305623
covid,PRD,2,covid,0.0,0.0024449877750611247,0.0012224938875305623
kopi,PRD,2,kopi,0.0,0.0024449877750611247,0.0012224938875305623
gubernur bank,NOR,2,gubernur bank,0.0,0.0024449877750611247,0.0012224938875305623
asia timur,GPE,2,asia timur,0.0,0.0024449877750611247,0.0012224938875305623
asia selatan,GPE,2,asia selatan,0.0,0.0024449877750611247,0.0012224938875305623
energi,PRD,2,energi,0.0,0.0024449877750611247,0.0012224938875305623
klein,ORG,2,klein,0.0,0.0024449877750611247,0.0012224938875305623
guangzhou,GPE,2,guangzhou,0.0,0.0024449877750611247,0.0012224938875305623
huang,PER,2,huang,0.0,0.0024449877750611247,0.0012224938875305623
cook,PER,2,cook,0.0,0.0024449877750611247,0.0012224938875305623
huang,ORG,2,huang,0.0,0.0024449877750611247,0.0012224938875305623
donald trumpmengumumkan,PER,2,donald trumpmengumumkan,0.0,0.0024449877750611247,0.0012224938875305623
brussel,GPE,2,brussel,0.0,0.0024449877750611247,0.0012224938875305623
gas,PRD,2,gas,0.0,0.0024449877750611247,0.0012224938875305623
presiden tiongkok,NOR,2,presiden tiongkok,0.0,0.0024449877750611247,0.0012224938875305623
brin,ORG,2,brin,0.0,0.0024449877750611247,0.0012224938875305623
keamanan,ORG,2,keamanan,0.0,0.0024449877750611247,0.0012224938875305623
enam tahun,QTY,2,enam tahun,0.0,0.0024449877750611247,0.0012224938875305623
jagung,PRD,2,jagung,0.0,0.0024449877750611247,0.0012224938875305623
enam bulan,QTY,2,enam bulan,0.0,0.0024449877750611247,0.0012224938875305623
elektronik,PRD,2,elektronik,0.0,0.0024449877750611247,0.0012224938875305623
program property point cnbc,EVT,2,program property point cnbc,0.0,0.0024449877750611247,0.0012224938875305623
aru,PER,2,aru,0.0,0.0024449877750611247,0.0012224938875305623
arthur laffer,PER,2,arthur laffer,0.0,0.0024449877750611247,0.0012224938875305623
ptmi,ORG,2,ptmi,0.0,0.0024449877750611247,0.0012224938875305623
menkeu as,NOR,2,menkeu as,0.0,0.0024449877750611247,0.0012224938875305623
pupuk polimer,PRD,2,pupuk polimer,0.0,0.0024449877750611247,0.0012224938875305623
purwakarta,GPE,2,purwakarta,0.0,0.0024449877750611247,0.0012224938875305623
kong,GPE,2,kong,0.0,0.0024449877750611247,0.0012224938875305623
arrmanatha,PER,2,arrmanatha,0.0,0.0024449877750611247,0.0012224938875305623
konferensi tingkat tinggi ktt,EVT,2,konferensi tingkat tinggi ktt,0.0,0.0024449877750611247,0.0012224938875305623
emmanuel macron,PER,2,emmanuel macron,0.0,0.0024449877750611247,0.0012224938875305623
emitennews com,ORG,2,emitennews com,0.0,0.0024449877750611247,0.0012224938875305623
emiria,PER,2,emiria,0.0,0.0024449877750611247,0.0012224938875305623
kkp,ORG,2,kkp,0.0,0.0024449877750611247,0.0012224938875305623
donald trumplangsung,PER,2,donald trumplangsung,0.0,0.0024449877750611247,0.0012224938875305623
qatar,GPE,2,qatar,0.0,0.0024449877750611247,0.0012224938875305623
qr,PRD,2,qr,0.0,0.0024449877750611247,0.0012224938875305623
kelapa sawit,PRD,2,kelapa sawit,0.0,0.0024449877750611247,0.0012224938875305623
coinmarketcap,PRD,2,coinmarketcap,0.0,0.0024449877750611247,0.0012224938875305623
apr wib,ORG,2,apr wib,0.0,0.0024449877750611247,0.0012224938875305623
indeks dolar as dxy,PRD,2,indeks dolar as dxy,0.0,0.0024449877750611247,0.0012224938875305623
apni,PER,2,apni,0.0,0.0024449877750611247,0.0012224938875305623
grand,LOC,2,grand,0.0,0.0024449877750611247,0.0012224938875305623
jenderal,ORG,2,jenderal,0.0,0.0024449877750611247,0.0012224938875305623
kamis juni,DAT,2,kamis juni,0.0,0.0024449877750611247,0.0012224938875305623
jemmy,PER,2,jemmy,0.0,0.0024449877750611247,0.0012224938875305623
elektronik tekstil,PRD,2,elektronik tekstil,0.0,0.0024449877750611247,0.0012224938875305623
antara,ORG,2,antara,0.0,0.0024449877750611247,0.0012224938875305623
rabu maret wib,DAT,2,rabu maret wib,0.0,0.0024449877750611247,0.0012224938875305623
rabu mei,DAT,2,rabu mei,0.0,0.0024449877750611247,0.0012224938875305623
ramdan denny prakoso,PER,2,ramdan denny prakoso,0.0,0.0024449877750611247,0.0012224938875305623
ratih,PER,2,ratih,0.0,0.0024449877750611247,0.0012224938875305623
ratusan persen,PRC,2,ratusan persen,0.0,0.0024449877750611247,0.0012224938875305623
brett ryan,PER,2,brett ryan,0.0,0.0024449877750611247,0.0012224938875305623
brent,PRD,2,brent,0.0,0.0024449877750611247,0.0012224938875305623
report,PRD,2,report,0.0,0.0024449877750611247,0.0012224938875305623
impor,PRD,2,impor,0.0,0.0024449877750611247,0.0012224938875305623
impor,ORG,2,impor,0.0,0.0024449877750611247,0.0012224938875305623
cnbc indonesia amerika serikat,ORG,2,cnbc indonesia amerika serikat,0.0,0.0024449877750611247,0.0012224938875305623
angkatan,ORG,2,angkatan,0.0,0.0024449877750611247,0.0012224938875305623
korsel,GPE,2,korsel,0.0,0.0024449877750611247,0.0012224938875305623
resiprokal,PRD,2,resiprokal,0.0,0.0024449877750611247,0.0012224938875305623
google,PRD,2,google,0.0,0.0024449877750611247,0.0012224938875305623
jeffrey,PER,2,jeffrey,0.0,0.0024449877750611247,0.0012224938875305623
claudia,PER,2,claudia,0.0,0.0024449877750611247,0.0012224938875305623
android,PRD,2,android,0.0,0.0024449877750611247,0.0012224938875305623
city,NOR,2,city,0.0,0.0024449877750611247,0.0012224938875305623
goldman,PRD,2,goldman,0.0,0.0024449877750611247,0.0012224938875305623
ribu ton,QTY,2,ribu ton,0.0,0.0024449877750611247,0.0012224938875305623
richard,ORG,2,richard,0.0,0.0024449877750611247,0.0012224938875305623
konsultan,ORG,2,konsultan,0.0,0.0024449877750611247,0.0012224938875305623
ringgit,MON,2,ringgit,0.0,0.0024449877750611247,0.0012224938875305623
riset,ORG,2,riset,0.0,0.0024449877750611247,0.0012224938875305623
rob bonta,PER,2,rob bonta,0.0,0.0024449877750611247,0.0012224938875305623
brazil,GPE,2,brazil,0.0,0.0024449877750611247,0.0012224938875305623
ekonom center of reform on economics core,ORG,2,ekonom center of reform on economics core,0.0,0.0024449877750611247,0.0012224938875305623
ekonom,ORG,2,ekonom,0.0,0.0024449877750611247,0.0012224938875305623
ilya somin,PER,2,ilya somin,0.0,0.0024449877750611247,0.0012224938875305623
illumina inc,ORG,2,illumina inc,0.0,0.0024449877750611247,0.0012224938875305623
choi,ORG,2,choi,0.0,0.0024449877750611247,0.0012224938875305623
rp ribu,MON,2,rp ribu,0.0,0.0024449877750611247,0.0012224938875305623
rp rp,MON,2,rp rp,0.0,0.0024449877750611247,0.0012224938875305623
kamar,NOR,2,kamar,0.0,0.0024449877750611247,0.0012224938875305623
eddy soeparno,PER,2,eddy soeparno,0.0,0.0024449877750611247,0.0012224938875305623
rrt,GPE,2,rrt,0.0,0.0024449877750611247,0.0012224938875305623
ruang oval,LOC,2,ruang oval,0.0,0.0024449877750611247,0.0012224938875305623
menteri energi dan sumber daya mineral esdm,NOR,2,menteri energi dan sumber daya mineral esdm,0.0,0.0024449877750611247,0.0012224938875305623
amit,ORG,2,amit,0.0,0.0024449877750611247,0.0012224938875305623
chip komputer,PRD,2,chip komputer,0.0,0.0024449877750611247,0.0012224938875305623
eddy martono,PER,2,eddy martono,0.0,0.0024449877750611247,0.0012224938875305623
amerika serikat,ORG,2,amerika serikat,0.0,0.0024449877750611247,0.0012224938875305623
amerika serikat,NOR,2,amerika serikat,0.0,0.0024449877750611247,0.0012224938875305623
eddy,ORG,2,eddy,0.0,0.0024449877750611247,0.0012224938875305623
menteri kabinet merah putih,NOR,2,menteri kabinet merah putih,0.0,0.0024449877750611247,0.0012224938875305623
safe,ORG,2,safe,0.0,0.0024449877750611247,0.0012224938875305623
safe haven,ORG,2,safe haven,0.0,0.0024449877750611247,0.0012224938875305623
safrina nasution,PER,2,safrina nasution,0.0,0.0024449877750611247,0.0012224938875305623
keenam,ORD,2,keenam,0.0,0.0024449877750611247,0.0012224938875305623
chip ai,PRD,2,chip ai,0.0,0.0024449877750611247,0.0012224938875305623
jawa,GPE,2,jawa,0.0,0.0024449877750611247,0.0012224938875305623
sakura,ORG,2,sakura,0.0,0.0024449877750611247,0.0012224938875305623
america first,EVT,2,america first,0.0,0.0024449877750611247,0.0012224938875305623
chinamengecam,GPE,2,chinamengecam,0.0,0.0024449877750611247,0.0012224938875305623
global,ORG,2,global,0.0,0.0024449877750611247,0.0012224938875305623
china meksiko,GPE,2,china meksiko,0.0,0.0024449877750611247,0.0012224938875305623
always,ORG,2,always,0.0,0.0024449877750611247,0.0012224938875305623
sama,ORG,2,sama,0.0,0.0024449877750611247,0.0012224938875305623
samirin,PER,2,samirin,0.0,0.0024449877750611247,0.0012224938875305623
sampanye,PRD,2,sampanye,0.0,0.0024449877750611247,0.0012224938875305623
aluminium as,PRD,2,aluminium as,0.0,0.0024449877750611247,0.0012224938875305623
samudra hindia,LOC,2,samudra hindia,0.0,0.0024449877750611247,0.0012224938875305623
sarwindaningrum,PER,2,sarwindaningrum,0.0,0.0024449877750611247,0.0012224938875305623
satgas,NOR,2,satgas,0.0,0.0024449877750611247,0.0012224938875305623
chile,GPE,2,chile,0.0,0.0024449877750611247,0.0012224938875305623
kakao,PRD,2,kakao,0.0,0.0024449877750611247,0.0012224938875305623
alphabet,ORG,2,alphabet,0.0,0.0024449877750611247,0.0012224938875305623
ecommerce,ORG,2,ecommerce,0.0,0.0024449877750611247,0.0012224938875305623
chickens,PRD,2,chickens,0.0,0.0024449877750611247,0.0012224938875305623
saudi,ORG,2,saudi,0.0,0.0024449877750611247,0.0012224938875305623
sbn,ORG,2,sbn,0.0,0.0024449877750611247,0.0012224938875305623
kepala ekonom trimegah sekuritas indonesia,ORG,2,kepala ekonom trimegah sekuritas indonesia,0.0,0.0024449877750611247,0.0012224938875305623
chenggang,PER,2,chenggang,0.0,0.0024449877750611247,0.0012224938875305623
kabupaten banyuasin,GPE,2,kabupaten banyuasin,0.0,0.0024449877750611247,0.0012224938875305623
getty images,ORG,2,getty images,0.0,0.0024449877750611247,0.0012224938875305623
getty,ORG,2,getty,0.0,0.0024449877750611247,0.0012224938875305623
germanium,ORG,2,germanium,0.0,0.0024449877750611247,0.0012224938875305623
kabinet,ORG,2,kabinet,0.0,0.0024449877750611247,0.0012224938875305623
alas,PRD,2,alas,0.0,0.0024449877750611247,0.0012224938875305623
scroll to,ORG,2,scroll to,0.0,0.0024449877750611247,0.0012224938875305623
al,ORG,2,al,0.0,0.0024449877750611247,0.0012224938875305623
ceo tesla,ORG,2,ceo tesla,0.0,0.0024449877750611247,0.0012224938875305623
sekretaris pers gedung putih,ORG,2,sekretaris pers gedung putih,0.0,0.0024449877750611247,0.0012224938875305623
jacob lorinc,PER,2,jacob lorinc,0.0,0.0024449877750611247,0.0012224938875305623
dua pekan,QTY,2,dua pekan,0.0,0.0024449877750611247,0.0012224938875305623
kedutaan,NOR,2,kedutaan,0.0,0.0024449877750611247,0.0012224938875305623
drma,PRD,2,drma,0.0,0.0024449877750611247,0.0012224938875305623
ai,PRD,2,ai,0.0,0.0024449877750611247,0.0012224938875305623
drma,ORG,2,drma,0.0,0.0024449877750611247,0.0012224938875305623
center of reform on economics core indonesia,ORG,2,center of reform on economics core indonesia,0.0,0.0024449877750611247,0.0012224938875305623
ahmad,PER,2,ahmad,0.0,0.0024449877750611247,0.0012224938875305623
celios bhima yudhistira,PER,2,celios bhima yudhistira,0.0,0.0024449877750611247,0.0012224938875305623
selasa april wib,DAT,2,selasa april wib,0.0,0.0024449877750611247,0.0012224938875305623
selasa februari,DAT,2,selasa februari,0.0,0.0024449877750611247,0.0012224938875305623
menteri keuangan amerika serikat,NOR,2,menteri keuangan amerika serikat,0.0,0.0024449877750611247,0.0012224938875305623
jamieson,PER,2,jamieson,0.0,0.0024449877750611247,0.0012224938875305623
agustus,DAT,2,agustus,0.0,0.0024449877750611247,0.0012224938875305623
agus gumiwang kartasasmita,PER,2,agus gumiwang kartasasmita,0.0,0.0024449877750611247,0.0012224938875305623
menteri keuangan amerika serikat as,NOR,2,menteri keuangan amerika serikat as,0.0,0.0024449877750611247,0.0012224938875305623
semikonduktor,PRD,2,semikonduktor,0.0,0.0024449877750611247,0.0012224938875305623
gap,ORG,2,gap,0.0,0.0024449877750611247,0.0012224938875305623
agus,PER,2,agus,0.0,0.0024449877750611247,0.0012224938875305623
aguan,PER,2,aguan,0.0,0.0024449877750611247,0.0012224938875305623
agriculture,ORG,2,agriculture,0.0,0.0024449877750611247,0.0012224938875305623
juta dollar as,MON,2,juta dollar as,0.0,0.0024449877750611247,0.0012224938875305623
kristalina georgieva,PER,2,kristalina georgieva,0.0,0.0024449877750611247,0.0012224938875305623
senin maret,DAT,2,senin maret,0.0,0.0024449877750611247,0.0012224938875305623
senin mei,DAT,2,senin mei,0.0,0.0024449877750611247,0.0012224938875305623
general,ORG,2,general,0.0,0.0024449877750611247,0.0012224938875305623
sepatu nike,PRD,2,sepatu nike,0.0,0.0024449877750611247,0.0012224938875305623
sepeda,PRD,2,sepeda,0.0,0.0024449877750611247,0.0012224938875305623
seperempat,CRD,2,seperempat,0.0,0.0024449877750611247,0.0012224938875305623
agency,ORG,2,agency,0.0,0.0024449877750611247,0.0012224938875305623
kripto,PRD,2,kripto,0.0,0.0024449877750611247,0.0012224938875305623
serat,PRD,2,serat,0.0,0.0024449877750611247,0.0012224938875305623
sergey,PER,2,sergey,0.0,0.0024449877750611247,0.0012224938875305623
dow jones industrial average,ORG,2,dow jones industrial average,0.0,0.0024449877750611247,0.0012224938875305623
afp,NOR,2,afp,0.0,0.0024449877750611247,0.0012224938875305623
doug,PER,2,doug,0.0,0.0024449877750611247,0.0012224938875305623
advent krisdamarjati apr wib,ORG,2,advent krisdamarjati apr wib,0.0,0.0024449877750611247,0.0012224938875305623
ketujuh,ORD,2,ketujuh,0.0,0.0024449877750611247,0.0012224938875305623
gedung putih,PRD,2,gedung putih,0.0,0.0024449877750611247,0.0012224938875305623
serikat as,MON,2,serikat as,0.0,0.0024449877750611247,0.0012224938875305623
serikat as,NOR,2,serikat as,0.0,0.0024449877750611247,0.0012224938875305623
canberra,GPE,2,canberra,0.0,0.0024449877750611247,0.0012224938875305623
menteri koordinator bidang,NOR,2,menteri koordinator bidang,0.0,0.0024449877750611247,0.0012224938875305623
canada,ORG,2,canada,0.0,0.0024449877750611247,0.0012224938875305623
setengah,ORG,2,setengah,0.0,0.0024449877750611247,0.0012224938875305623
adil,PER,2,adil,0.0,0.0024449877750611247,0.0012224938875305623
shanghai,ORG,2,shanghai,0.0,0.0024449877750611247,0.0012224938875305623
shein,ORG,2,shein,0.0,0.0024449877750611247,0.0012224938875305623
hp,PRD,2,hp,0.0,0.0024449877750611247,0.0012224938875305623
jakarta utara,GPE,2,jakarta utara,0.0,0.0024449877750611247,0.0012224938875305623
shenzen,GPE,2,shenzen,0.0,0.0024449877750611247,0.0012224938875305623
menteri koordinator perekonomian,NOR,2,menteri koordinator perekonomian,0.0,0.0024449877750611247,0.0012224938875305623
simon,ORG,2,simon,0.0,0.0024449877750611247,0.0012224938875305623
buruh,NOR,2,buruh,0.0,0.0024449877750611247,0.0012224938875305623
justin,PER,2,justin,0.0,0.0024449877750611247,0.0012224938875305623
singgih,PER,2,singgih,0.0,0.0024449877750611247,0.0012224938875305623
singgih widagdo,PER,2,singgih widagdo,0.0,0.0024449877750611247,0.0012224938875305623
sinpo id,ORG,2,sinpo id,0.0,0.0024449877750611247,0.0012224938875305623
donal trump,PER,2,donal trump,0.0,0.0024449877750611247,0.0012224938875305623
abc news,ORG,2,abc news,0.0,0.0024449877750611247,0.0012224938875305623
menteri luar negeri india,NOR,2,menteri luar negeri india,0.0,0.0024449877750611247,0.0012224938875305623
gaikindo,ORG,2,gaikindo,0.0,0.0024449877750611247,0.0012224938875305623
gadget,PRD,2,gadget,0.0,0.0024449877750611247,0.0012224938875305623
south,ORG,2,south,0.0,0.0024449877750611247,0.0012224938875305623
merz,NOR,2,merz,0.0,0.0024449877750611247,0.0012224938875305623
merz,PER,2,merz,0.0,0.0024449877750611247,0.0012224938875305623
bmi,MON,2,bmi,0.0,0.0024449877750611247,0.0012224938875305623
ketua umum,NOR,2,ketua umum,0.0,0.0024449877750611247,0.0012224938875305623
mexico kanada,GPE,2,mexico kanada,0.0,0.0024449877750611247,0.0012224938875305623
hot wheels,PRD,2,hot wheels,0.0,0.0024449877750611247,0.0012224938875305623
sri lanka,GPE,2,sri lanka,0.0,0.0024449877750611247,0.0012224938875305623
iv,ORD,2,iv,0.0,0.0024449877750611247,0.0012224938875305623
bloomberg technoz jakarta amerika serikat,ORG,2,bloomberg technoz jakarta amerika serikat,0.0,0.0024449877750611247,0.0012224938875305623
stainless,ORG,2,stainless,0.0,0.0024449877750611247,0.0012224938875305623
standard,ORG,2,standard,0.0,0.0024449877750611247,0.0012224938875305623
stanley,PER,2,stanley,0.0,0.0024449877750611247,0.0012224938875305623
starlink,ORG,2,starlink,0.0,0.0024449877750611247,0.0012224938875305623
states trade representative ustr,ORG,2,states trade representative ustr,0.0,0.0024449877750611247,0.0012224938875305623
stellantis,ORG,2,stellantis,0.0,0.0024449877750611247,0.0012224938875305623
stellantis,PRD,2,stellantis,0.0,0.0024449877750611247,0.0012224938875305623
strasbourg,ORG,2,strasbourg,0.0,0.0024449877750611247,0.0012224938875305623
miliar dolar as,MON,2,miliar dolar as,0.0,0.0024449877750611247,0.0012224938875305623
suara com,ORG,2,suara com,0.0,0.0024449877750611247,0.0012224938875305623
bloomberg newsmengabarkan,ORG,2,bloomberg newsmengabarkan,0.0,0.0024449877750611247,0.0012224938875305623
miliar euro,MON,2,miliar euro,0.0,0.0024449877750611247,0.0012224938875305623
miliaran,MON,2,miliaran,0.0,0.0024449877750611247,0.0012224938875305623
sugianto kusuma,PER,2,sugianto kusuma,0.0,0.0024449877750611247,0.0012224938875305623
furnitur,PRD,2,furnitur,0.0,0.0024449877750611247,0.0012224938875305623
sumatera selatan,GPE,2,sumatera selatan,0.0,0.0024449877750611247,0.0012224938875305623
sumber daya,ORG,2,sumber daya,0.0,0.0024449877750611247,0.0012224938875305623
sumber daya alam,ORG,2,sumber daya alam,0.0,0.0024449877750611247,0.0012224938875305623
sumber kompas tv,ORG,2,sumber kompas tv,0.0,0.0024449877750611247,0.0012224938875305623
fta,ORG,2,fta,0.0,0.0024449877750611247,0.0012224938875305623
djoko,PER,2,djoko,0.0,0.0024449877750611247,0.0012224938875305623
listya,PER,2,listya,0.0,0.0024449877750611247,0.0012224938875305623
djiwandono,ORG,2,djiwandono,0.0,0.0024449877750611247,0.0012224938875305623
hosianna evalita situmorang,PER,2,hosianna evalita situmorang,0.0,0.0024449877750611247,0.0012224938875305623
minyak gas alam,PRD,2,minyak gas alam,0.0,0.0024449877750611247,0.0012224938875305623
taipei,GPE,2,taipei,0.0,0.0024449877750611247,0.0012224938875305623
minyak kelapa sawit,PRD,2,minyak kelapa sawit,0.0,0.0024449877750611247,0.0012224938875305623
friedrich,PER,2,friedrich,0.0,0.0024449877750611247,0.0012224938875305623
taman mawar gedung putih,LOC,2,taman mawar gedung putih,0.0,0.0024449877750611247,0.0012224938875305623
tanjung,ORG,2,tanjung,0.0,0.0024449877750611247,0.0012224938875305623
minyak mentah mesin pertanian,PRD,2,minyak mentah mesin pertanian,0.0,0.0024449877750611247,0.0012224938875305623
minyak pemanas,PRD,2,minyak pemanas,0.0,0.0024449877750611247,0.0012224938875305623
minyak sawit,PRD,2,minyak sawit,0.0,0.0024449877750611247,0.0012224938875305623
minyak sawit indonesia,PRD,2,minyak sawit indonesia,0.0,0.0024449877750611247,0.0012224938875305623
freeport,ORG,2,freeport,0.0,0.0024449877750611247,0.0012224938875305623
black,PRD,2,black,0.0,0.0024449877750611247,0.0012224938875305623
tekstil alas kaki,PRD,2,tekstil alas kaki,0.0,0.0024449877750611247,0.0012224938875305623
tekstil alas kaki palm oil karet furnitur udang,PRD,2,tekstil alas kaki palm oil karet furnitur udang,0.0,0.0024449877750611247,0.0012224938875305623
telepon,PRD,2,telepon,0.0,0.0024449877750611247,0.0012224938875305623
tembaga,PRD,2,tembaga,0.0,0.0024449877750611247,0.0012224938875305623
mobil farmasi,PRD,2,mobil farmasi,0.0,0.0024449877750611247,0.0012224938875305623
mobil semikonduktor,PRD,2,mobil semikonduktor,0.0,0.0024449877750611247,0.0012224938875305623
temu,PER,2,temu,0.0,0.0024449877750611247,0.0012224938875305623
tengah,GPE,2,tengah,0.0,0.0024449877750611247,0.0012224938875305623
mobility,PRD,2,mobility,0.0,0.0024449877750611247,0.0012224938875305623
moneter,PRD,2,moneter,0.0,0.0024449877750611247,0.0012224938875305623
morning,ORG,2,morning,0.0,0.0024449877750611247,0.0012224938875305623
tentara,NOR,2,tentara,0.0,0.0024449877750611247,0.0012224938875305623
liu,PER,2,liu,0.0,0.0024449877750611247,0.0012224938875305623
motor,PRD,2,motor,0.0,0.0024449877750611247,0.0012224938875305623
kota,GPE,2,kota,0.0,0.0024449877750611247,0.0012224938875305623
motors,PRD,2,motors,0.0,0.0024449877750611247,0.0012224938875305623
lng,ORG,2,lng,0.0,0.0024449877750611247,0.0012224938875305623
hong,GPE,2,hong,0.0,0.0024449877750611247,0.0012224938875305623
foxconn,ORG,2,foxconn,0.0,0.0024449877750611247,0.0012224938875305623
the federal reserve the fed,ORG,2,the federal reserve the fed,0.0,0.0024449877750611247,0.0012224938875305623
mulyanidalam,PER,2,mulyanidalam,0.0,0.0024449877750611247,0.0012224938875305623
the new york times,ORG,2,the new york times,0.0,0.0024449877750611247,0.0012224938875305623
the yudhoyono institute,ORG,2,the yudhoyono institute,0.0,0.0024449877750611247,0.0012224938875305623
thomas,PER,2,thomas,0.0,0.0024449877750611247,0.0012224938875305623
mulyaniindrawati,PER,2,mulyaniindrawati,0.0,0.0024449877750611247,0.0012224938875305623
lng,PRD,2,lng,0.0,0.0024449877750611247,0.0012224938875305623
ketua federal reserve,NOR,2,ketua federal reserve,0.0,0.0024449877750611247,0.0012224938875305623
muslim,GPE,2,muslim,0.0,0.0024449877750611247,0.0012224938875305623
komisi tarif dewan negara china,NOR,2,komisi tarif dewan negara china,0.0,0.0024449877750611247,0.0012224938875305623
ishak,PER,2,ishak,0.0,0.0024449877750611247,0.0012224938875305623
jumat april,DAT,2,jumat april,0.0,0.0024449877750611247,0.0012224938875305623
karoline,NOR,2,karoline,0.0,0.0024449877750611247,0.0012224938875305623
food,ORG,2,food,0.0,0.0024449877750611247,0.0012224938875305623
tiktok,PRD,2,tiktok,0.0,0.0024449877750611247,0.0012224938875305623
billionaires,ORG,2,billionaires,0.0,0.0024449877750611247,0.0012224938875305623
bijih,PRD,2,bijih,0.0,0.0024449877750611247,0.0012224938875305623
national trade,ORG,2,national trade,0.0,0.0024449877750611247,0.0012224938875305623
bidang perekonomian,ORG,2,bidang perekonomian,0.0,0.0024449877750611247,0.0012224938875305623
tim negosiasi,ORG,2,tim negosiasi,0.0,0.0024449877750611247,0.0012224938875305623
brian,PER,2,brian,0.0,0.0024449877750611247,0.0012224938875305623
timbal,LAW,2,timbal,0.0,0.0024449877750611247,0.0012224938875305623
leavitt,PRD,2,leavitt,0.0,0.0024449877750611247,0.0012224938875305623
direktorat,NOR,2,direktorat,0.0,0.0024449877750611247,0.0012224938875305623
fomc,ORG,2,fomc,0.0,0.0024449877750611247,0.0012224938875305623
iphone series,PRD,2,iphone series,0.0,0.0024449877750611247,0.0012224938875305623
komisi eropa,NOR,2,komisi eropa,0.0,0.0024449877750611247,0.0012224938875305623
kementerian luar negeri kemlu ri,NOR,2,kementerian luar negeri kemlu ri,0.0,0.0024449877750611247,0.0012224938875305623
ipb,ORG,2,ipb,0.0,0.0024449877750611247,0.0012224938875305623
besi,PRD,2,besi,0.0,0.0024449877750611247,0.0012224938875305623
digital,PRD,2,digital,0.0,0.0024449877750611247,0.0012224938875305623
latin,GPE,2,latin,0.0,0.0024449877750611247,0.0012224938875305623
net,ORG,2,net,0.0,0.0024449877750611247,0.0012224938875305623
to,ORG,2,to,0.0,0.0024449877750611247,0.0012224938875305623
netanyahu,PER,2,netanyahu,0.0,0.0024449877750611247,0.0012224938875305623
tokyo,ORG,2,tokyo,0.0,0.0024449877750611247,0.0012224938875305623
ton,PRD,2,ton,0.0,0.0024449877750611247,0.0012224938875305623
toto,ORG,2,toto,0.0,0.0024449877750611247,0.0012224938875305623
didin damanhuri,PER,2,didin damanhuri,0.0,0.0024449877750611247,0.0012224938875305623
iowa,GPE,2,iowa,0.0,0.0024449877750611247,0.0012224938875305623
heri purnomo detikbali,PER,2,heri purnomo detikbali,0.0,0.0024449877750611247,0.0012224938875305623
trade estimate,PRD,2,trade estimate,0.0,0.0024449877750611247,0.0012224938875305623
kementerian luar negeri kemlu republik indonesia,NOR,2,kementerian luar negeri kemlu republik indonesia,0.0,0.0024449877750611247,0.0012224938875305623
kapas,PRD,2,kapas,0.0,0.0024449877750611247,0.0012224938875305623
henderson,PER,2,henderson,0.0,0.0024449877750611247,0.0012224938875305623
triliunan,MON,2,triliunan,0.0,0.0024449877750611247,0.0012224938875305623
beralkohol,PRD,2,beralkohol,0.0,0.0024449877750611247,0.0012224938875305623
truk,PRD,2,truk,0.0,0.0024449877750611247,0.0012224938875305623
new york post,ORG,2,new york post,0.0,0.0024449877750611247,0.0012224938875305623
new york times,ORG,2,new york times,0.0,0.0024449877750611247,0.0012224938875305623
jpmorgan,ORG,2,jpmorgan,0.0,0.0024449877750611247,0.0012224938875305623
benjie yap,PER,2,benjie yap,0.0,0.0024449877750611247,0.0012224938875305623
news asia,ORG,2,news asia,0.0,0.0024449877750611247,0.0012224938875305623
news of the united states notus dikutipnewsweek,ORG,2,news of the united states notus dikutipnewsweek,0.0,0.0024449877750611247,0.0012224938875305623
libur lebaran,EVT,2,libur lebaran,0.0,0.0024449877750611247,0.0012224938875305623
benjie,PER,2,benjie,0.0,0.0024449877750611247,0.0012224938875305623
nguyen kieu giang,PER,2,nguyen kieu giang,0.0,0.0024449877750611247,0.0012224938875305623
trumpatau,PER,2,trumpatau,0.0,0.0024449877750611247,0.0012224938875305623
nigeria,GPE,2,nigeria,0.0,0.0024449877750611247,0.0012224938875305623
trumpmenetapkan,PER,2,trumpmenetapkan,0.0,0.0024449877750611247,0.0012224938875305623
trumpmengancam,PER,2,trumpmengancam,0.0,0.0024449877750611247,0.0012224938875305623
dewan ekonomi nasional,NOR,2,dewan ekonomi nasional,0.0,0.0024449877750611247,0.0012224938875305623
nixon,PER,2,nixon,0.0,0.0024449877750611247,0.0012224938875305623
trumpsaat,PER,2,trumpsaat,0.0,0.0024449877750611247,0.0012224938875305623
lu,ORG,2,lu,0.0,0.0024449877750611247,0.0012224938875305623
noudhy,ORG,2,noudhy,0.0,0.0024449877750611247,0.0012224938875305623
trumptidak,PER,2,trumptidak,0.0,0.0024449877750611247,0.0012224938875305623
belgia,GPE,2,belgia,0.0,0.0024449877750611247,0.0012224938875305623
larry ellison,PER,2,larry ellison,0.0,0.0024449877750611247,0.0012224938875305623
nte report,PRD,2,nte report,0.0,0.0024449877750611247,0.0012224938875305623
nvidia,PRD,2,nvidia,0.0,0.0024449877750611247,0.0012224938875305623
obama,PER,2,obama,0.0,0.0024449877750611247,0.0012224938875305623
deutsche,ORG,2,deutsche,0.0,0.0024449877750611247,0.0012224938875305623
larry,PER,2,larry,0.0,0.0024449877750611247,0.0012224938875305623
tsmc,ORG,2,tsmc,0.0,0.0024449877750611247,0.0012224938875305623
obrolan,ORG,2,obrolan,0.0,0.0024449877750611247,0.0012224938875305623
detroit,ORG,2,detroit,0.0,0.0024449877750611247,0.0012224938875305623
belanda,GPE,2,belanda,0.0,0.0024449877750611247,0.0012224938875305623
detikfinance,ORG,2,detikfinance,0.0,0.0024449877750611247,0.0012224938875305623
detikbali,ORG,2,detikbali,0.0,0.0024449877750611247,0.0012224938875305623
olaf,PER,2,olaf,0.0,0.0024449877750611247,0.0012224938875305623
opec,ORG,2,opec,0.0,0.0024449877750611247,0.0012224938875305623
laptopnya,PRD,2,laptopnya,0.0,0.0024449877750611247,0.0012224938875305623
oracle corp,ORG,2,oracle corp,0.0,0.0024449877750611247,0.0012224938875305623
uea,GPE,2,uea,0.0,0.0024449877750611247,0.0012224938875305623
ugm,ORG,2,ugm,0.0,0.0024449877750611247,0.0012224938875305623
kementerian luar negeri china,NOR,2,kementerian luar negeri china,0.0,0.0024449877750611247,0.0012224938875305623
bea,LAW,2,bea,0.0,0.0024449877750611247,0.0012224938875305623
organisasi perdagangan dunia,NOR,2,organisasi perdagangan dunia,0.0,0.0024449877750611247,0.0012224938875305623
undang undang kekuatan ekonomi,LAW,2,undang undang kekuatan ekonomi,0.0,0.0024449877750611247,0.0012224938875305623
undang undang kekuatan ekonomi darurat internasional ieepa,LAW,2,undang undang kekuatan ekonomi darurat internasional ieepa,0.0,0.0024449877750611247,0.0012224938875305623
bumn,ORG,2,bumn,0.0,0.0024449877750611247,0.0012224938875305623
macron,PER,2,macron,0.0,0.0024449877750611247,0.0012224938875305623
otoritas,NOR,2,otoritas,0.0,0.0024449877750611247,0.0012224938875305623
otoritas,ORG,2,otoritas,0.0,0.0024449877750611247,0.0012224938875305623
liberal,ORG,2,liberal,0.0,0.0024449877750611247,0.0012224938875305623
uni eropa,MON,2,uni eropa,0.0,0.0024449877750611247,0.0012224938875305623
pajak,LAW,2,pajak,0.0,0.0024449877750611247,0.0012224938875305623
uni eropa,ORG,2,uni eropa,0.0,0.0024449877750611247,0.0012224938875305623
bbri,ORG,2,bbri,0.0,0.0024449877750611247,0.0012224938875305623
unilateral,ORG,2,unilateral,0.0,0.0024449877750611247,0.0012224938875305623
unilever,ORG,2,unilever,0.0,0.0024449877750611247,0.0012224938875305623
pakistan,GPE,2,pakistan,0.0,0.0024449877750611247,0.0012224938875305623
federal reserve the fed,ORG,2,federal reserve the fed,0.0,0.0024449877750611247,0.0012224938875305623
gavin,PER,2,gavin,0.0,0.0024449877750611247,0.0012224938875305623
desak,ORG,2,desak,0.0,0.0024449877750611247,0.0012224938875305623
universitas islam indonesia uii,ORG,2,universitas islam indonesia uii,0.0,0.0024449877750611247,0.0012224938875305623
der,ORG,2,der,0.0,0.0024449877750611247,0.0012224938875305623
paris,GPE,2,paris,0.0,0.0024449877750611247,0.0012224938875305623
departemen perdagangan as,NOR,2,departemen perdagangan as,0.0,0.0024449877750611247,0.0012224938875305623
batubara,PRD,2,batubara,0.0,0.0024449877750611247,0.0012224938875305623
komisaris,NOR,2,komisaris,0.0,0.0024449877750611247,0.0012224938875305623
partai liberal,NOR,2,partai liberal,0.0,0.0024449877750611247,0.0012224938875305623
partai liberal kanada,NOR,2,partai liberal kanada,0.0,0.0024449877750611247,0.0012224938875305623
baterai ev,PRD,2,baterai ev,0.0,0.0024449877750611247,0.0012224938875305623
pasar uang,ORG,2,pasar uang,0.0,0.0024449877750611247,0.0012224938875305623
us miliar rp triliun,MON,2,us miliar rp triliun,0.0,0.0024449877750611247,0.0012224938875305623
pasaroffshore,LOC,2,pasaroffshore,0.0,0.0024449877750611247,0.0012224938875305623
batam,GPE,2,batam,0.0,0.0024449877750611247,0.0012224938875305623
us treasury,LAW,2,us treasury,0.0,0.0024449877750611247,0.0012224938875305623
donald trumptidak,PER,2,donald trumptidak,0.0,0.0024449877750611247,0.0012224938875305623
us troy,MON,2,us troy,0.0,0.0024449877750611247,0.0012224938875305623
us us,MON,2,us us,0.0,0.0024449877750611247,0.0012224938875305623
usa,GPE,2,usa,0.0,0.0024449877750611247,0.0012224938875305623
donald trumptelah,PER,2,donald trumptelah,0.0,0.0024449877750611247,0.0012224938875305623
liberal,NOR,2,liberal,0.0,0.0024449877750611247,0.0012224938875305623
pdb,MON,2,pdb,0.0,0.0024449877750611247,0.0012224938875305623
hassett,PER,2,hassett,0.0,0.0024449877750611247,0.0012224938875305623
den chatib basri,PER,2,den chatib basri,0.0,0.0024449877750611247,0.0012224938875305623
usd miliar,ORG,2,usd miliar,0.0,0.0024449877750611247,0.0012224938875305623
jones,PER,2,jones,0.0,0.0024449877750611247,0.0012224938875305623
usmca,PRD,2,usmca,0.0,0.0024449877750611247,0.0012224938875305623
bareksa com,ORG,2,bareksa com,0.0,0.0024449877750611247,0.0012224938875305623
demokrat,NOR,2,demokrat,0.0,0.0024449877750611247,0.0012224938875305623
barbie,PRD,2,barbie,0.0,0.0024449877750611247,0.0012224938875305623
barbie,ORG,2,barbie,0.0,0.0024449877750611247,0.0012224938875305623
utah,GPE,2,utah,0.0,0.0024449877750611247,0.0012224938875305623
kantor perwakilan dagang amerika serikat,NOR,2,kantor perwakilan dagang amerika serikat,0.0,0.0024449877750611247,0.0012224938875305623
dell,ORG,2,dell,0.0,0.0024449877750611247,0.0012224938875305623
kantor perwakilan dagang,ORG,2,kantor perwakilan dagang,0.0,0.0024449877750611247,0.0012224938875305623
instagram,ORG,2,instagram,0.0,0.0024449877750611247,0.0012224938875305623
pemerintahan as,NOR,2,pemerintahan as,0.0,0.0024449877750611247,0.0012224938875305623
vance,PER,2,vance,0.0,0.0024449877750611247,0.0012224938875305623
vehicle ev,PRD,2,vehicle ev,0.0,0.0024449877750611247,0.0012224938875305623
ktt,EVT,2,ktt,0.0,0.0024449877750611247,0.0012224938875305623
kementerian keuangan china,NOR,2,kementerian keuangan china,0.0,0.0024449877750611247,0.0012224938875305623
debby wu,PER,2,debby wu,0.0,0.0024449877750611247,0.0012224938875305623
virginia,GPE,2,virginia,0.0,0.0024449877750611247,0.0012224938875305623
visa,PRD,2,visa,0.0,0.0024449877750611247,0.0012224938875305623
kompleks parlemen senayan jakarta,LOC,2,kompleks parlemen senayan jakarta,0.0,0.0024449877750611247,0.0012224938875305623
von,ORG,2,von,0.0,0.0024449877750611247,0.0012224938875305623
hardware,PRD,2,hardware,0.0,0.0024449877750611247,0.0012224938875305623
von der leyen,PER,2,von der leyen,0.0,0.0024449877750611247,0.0012224938875305623
pemerintahandonald,NOR,2,pemerintahandonald,0.0,0.0024449877750611247,0.0012224938875305623
wakil ketua dewan ekonomi nasional den,NOR,2,wakil ketua dewan ekonomi nasional den,0.0,0.0024449877750611247,0.0012224938875305623
fakultas,ORG,2,fakultas,0.0,0.0024449877750611247,0.0012224938875305623
pemilihan,EVT,2,pemilihan,0.0,0.0024449877750611247,0.0012224938875305623
wakil menteri perdagangan china,NOR,2,wakil menteri perdagangan china,0.0,0.0024449877750611247,0.0012224938875305623
wakil menteri perindustrian,NOR,2,wakil menteri perindustrian,0.0,0.0024449877750611247,0.0012224938875305623
fakhrul fulvian,PER,2,fakhrul fulvian,0.0,0.0024449877750611247,0.0012224938875305623
wakil perdana menteri china,NOR,2,wakil perdana menteri china,0.0,0.0024449877750611247,0.0012224938875305623
banding,ORG,2,banding,0.0,0.0024449877750611247,0.0012224938875305623
fakhrul,PER,2,fakhrul,0.0,0.0024449877750611247,0.0012224938875305623
marco,PER,2,marco,0.0,0.0024449877750611247,0.0012224938875305623
penasihat,NOR,2,penasihat,0.0,0.0024449877750611247,0.0012224938875305623
daya,ORG,2,daya,0.0,0.0024449877750611247,0.0012224938875305623
konglomerat,ORG,2,konglomerat,0.0,0.0024449877750611247,0.0012224938875305623
pengadilan perdagangan amerika serikat as,NOR,2,pengadilan perdagangan amerika serikat as,0.0,0.0024449877750611247,0.0012224938875305623
walmart home depot lowe,ORG,2,walmart home depot lowe,0.0,0.0024449877750611247,0.0012224938875305623
wang,PER,2,wang,0.0,0.0024449877750611247,0.0012224938875305623
warren,PER,2,warren,0.0,0.0024449877750611247,0.0012224938875305623
marco rubio,PER,2,marco rubio,0.0,0.0024449877750611247,0.0012224938875305623
pengadilan perdagangan internasional,ORG,2,pengadilan perdagangan internasional,0.0,0.0024449877750611247,0.0012224938875305623
pennsylvania,GPE,2,pennsylvania,0.0,0.0024449877750611247,0.0012224938875305623
gaun,PRD,2,gaun,0.0,0.0024449877750611247,0.0012224938875305623
donald trumpresmi,PER,2,donald trumpresmi,0.0,0.0024449877750611247,0.0012224938875305623
washington kompas com,ORG,2,washington kompas com,0.0,0.0024449877750611247,0.0012224938875305623
west,ORG,2,west,0.0,0.0024449877750611247,0.0012224938875305623
day,EVT,2,day,0.0,0.0024449877750611247,0.0012224938875305623
kompleks istana kepresidenan jakarta,LOC,2,kompleks istana kepresidenan jakarta,0.0,0.0024449877750611247,0.0012224938875305623
who,NOR,2,who,0.0,0.0024449877750611247,0.0012224938875305623
kode,PRD,2,kode,0.0,0.0024449877750611247,0.0012224938875305623
kementerian esdm,NOR,2,kementerian esdm,0.0,0.0024449877750611247,0.0012224938875305623
indorama corporation,ORG,2,indorama corporation,0.0,0.0024449877750611247,0.0012224938875305623
perdagangan dunia,ORG,2,perdagangan dunia,0.0,0.0024449877750611247,0.0012224938875305623
perdagangan dunia wto,ORG,2,perdagangan dunia wto,0.0,0.0024449877750611247,0.0012224938875305623
david,PER,2,david,0.0,0.0024449877750611247,0.0012224938875305623
wib internasional,ORG,2,wib internasional,0.0,0.0024449877750611247,0.0012224938875305623
kode,LAW,2,kode,0.0,0.0024449877750611247,0.0012224938875305623
wijayanto,ORG,2,wijayanto,0.0,0.0024449877750611247,0.0012224938875305623
wijayanto,PER,2,wijayanto,0.0,0.0024449877750611247,0.0012224938875305623
wong,PER,2,wong,0.0,0.0024449877750611247,0.0012224938875305623
kompastv,ORG,2,kompastv,0.0,0.0024449877750611247,0.0012224938875305623
world trade organization wto,ORG,2,world trade organization wto,0.0,0.0024449877750611247,0.0012224938875305623
wti,ORG,2,wti,0.0,0.0024449877750611247,0.0012224938875305623
donald trumppada,PER,2,donald trumppada,0.0,0.0024449877750611247,0.0012224938875305623
listrik,ORG,2,listrik,0.0,0.0024449877750611247,0.0012224938875305623
perdana menteri inggris,NOR,2,perdana menteri inggris,0.0,0.0024449877750611247,0.0012224938875305623
kantor berita antara,ORG,2,kantor berita antara,0.0,0.0024449877750611247,0.0012224938875305623
perdana menteri kanadajustin,NOR,2,perdana menteri kanadajustin,0.0,0.0024449877750611247,0.0012224938875305623
perdana menteri malaysia,NOR,2,perdana menteri malaysia,0.0,0.0024449877750611247,0.0012224938875305623
xinhua,ORG,2,xinhua,0.0,0.0024449877750611247,0.0012224938875305623
badan statistik,ORG,2,badan statistik,0.0,0.0024449877750611247,0.0012224938875305623
perikanan,ORG,2,perikanan,0.0,0.0024449877750611247,0.0012224938875305623
yoji muto,PER,2,yoji muto,0.0,0.0024449877750611247,0.0012224938875305623
gas minyak cair,PRD,2,gas minyak cair,0.0,0.0024449877750611247,0.0012224938875305623
perry,PER,2,perry,0.0,0.0024449877750611247,0.0012224938875305623
jk,PER,2,jk,0.0,0.0024449877750611247,0.0012224938875305623
kompas tv indonesia,ORG,2,kompas tv indonesia,0.0,0.0024449877750611247,0.0012224938875305623
yusuf rendy manilet,PER,2,yusuf rendy manilet,0.0,0.0024449877750611247,0.0012224938875305623
zelensky,PER,2,zelensky,0.0,0.0024449877750611247,0.0012224938875305623
tim redaksi jakarta kompas com,ORG,2,tim redaksi jakarta kompas com,0.0,0.0024449877750611247,0.0012224938875305623
day,PRD,1,day,0.0,0.0012224938875305623,0.0006112469437652812
daya,PRD,1,daya,0.0,0.0012224938875305623,0.0006112469437652812
daya anagata,PRD,1,daya anagata,0.0,0.0012224938875305623,0.0006112469437652812
daybook americas,PRD,1,daybook americas,0.0,0.0012224938875305623,0.0006112469437652812
dc gedung,LOC,1,dc gedung,0.0,0.0012224938875305623,0.0006112469437652812
dc niaga asia,NOR,1,dc niaga asia,0.0,0.0012224938875305623,0.0006112469437652812
dc niaga asia indonesia,ORG,1,dc niaga asia indonesia,0.0,0.0012224938875305623,0.0006112469437652812
ddtcnews organisation for economic co operation and development oecd,ORG,1,ddtcnews organisation for economic co operation and development oecd,0.0,0.0012224938875305623,0.0006112469437652812
de,PRD,1,de,0.0,0.0012224938875305623,0.0006112469437652812
de minimis,PRD,1,de minimis,0.0,0.0012224938875305623,0.0006112469437652812
deaux,PER,1,deaux,0.0,0.0012224938875305623,0.0006112469437652812
declare,LAW,1,declare,0.0,0.0012224938875305623,0.0006112469437652812
defisit,ORG,1,defisit,0.0,0.0012224938875305623,0.0006112469437652812
deklarasi,LAW,1,deklarasi,0.0,0.0012224938875305623,0.0006112469437652812
deklarasi darurat,EVT,1,deklarasi darurat,0.0,0.0012224938875305623,0.0006112469437652812
deklarasi kemerdekaan ekonomi,EVT,1,deklarasi kemerdekaan ekonomi,0.0,0.0012224938875305623,0.0006112469437652812
delapan,MON,1,delapan,0.0,0.0012224938875305623,0.0006112469437652812
delegasi cina,NOR,1,delegasi cina,0.0,0.0012224938875305623,0.0006112469437652812
delegasi pemerintah indonesia,NOR,1,delegasi pemerintah indonesia,0.0,0.0012224938875305623,0.0006112469437652812
delegasi pemerintah ri,NOR,1,delegasi pemerintah ri,0.0,0.0012224938875305623,0.0006112469437652812
delegasi pemerintahan amerika serikat,NOR,1,delegasi pemerintahan amerika serikat,0.0,0.0012224938875305623,0.0006112469437652812
delivery,ORG,1,delivery,0.0,0.0012224938875305623,0.0006112469437652812
dell technologies,ORG,1,dell technologies,0.0,0.0012224938875305623,0.0006112469437652812
demokrasi,NOR,1,demokrasi,0.0,0.0012224938875305623,0.0006112469437652812
demokratik,NOR,1,demokratik,0.0,0.0012224938875305623,0.0006112469437652812
demonstrasihands,EVT,1,demonstrasihands,0.0,0.0012224938875305623,0.0006112469437652812
den,PER,1,den,0.0,0.0012224938875305623,0.0006112469437652812
den mari elka pangestu,PER,1,den mari elka pangestu,0.0,0.0012224938875305623,0.0006112469437652812
dendi ramdani,PER,1,dendi ramdani,0.0,0.0012224938875305623,0.0006112469437652812
denny,PER,1,denny,0.0,0.0012224938875305623,0.0006112469437652812
denpasar,GPE,1,denpasar,0.0,0.0012224938875305623,0.0006112469437652812
departemen administrasi publik dan,NOR,1,departemen administrasi publik dan,0.0,0.0012224938875305623,0.0006112469437652812
departemen departemen,NOR,1,departemen departemen,0.0,0.0012224938875305623,0.0006112469437652812
departemen efisiensi pemerintah,NOR,1,departemen efisiensi pemerintah,0.0,0.0012224938875305623,0.0006112469437652812
departemen efisiensi pemerintah amerika serikat,NOR,1,departemen efisiensi pemerintah amerika serikat,0.0,0.0012224938875305623,0.0006112469437652812
departemen efisiensi pemerintahan doge,NOR,1,departemen efisiensi pemerintahan doge,0.0,0.0012224938875305623,0.0006112469437652812
departemen komunikasi bank indonesia,ORG,1,departemen komunikasi bank indonesia,0.0,0.0012224938875305623,0.0006112469437652812
departemen pemilihan umum singapura,NOR,1,departemen pemilihan umum singapura,0.0,0.0012224938875305623,0.0006112469437652812
departemen riset industri dan daerah,ORG,1,departemen riset industri dan daerah,0.0,0.0012224938875305623,0.0006112469437652812
department,ORG,1,department,0.0,0.0012224938875305623,0.0006112469437652812
der,PER,1,der,0.0,0.0012224938875305623,0.0006112469437652812
desai,ORG,1,desai,0.0,0.0012224938875305623,0.0006112469437652812
destry damayanti,PER,1,destry damayanti,0.0,0.0012224938875305623,0.0006112469437652812
detik,ORG,1,detik,0.0,0.0012224938875305623,0.0006112469437652812
detik,PRD,1,detik,0.0,0.0012224938875305623,0.0006112469437652812
detik com,ORG,1,detik com,0.0,0.0012224938875305623,0.0006112469437652812
detik com foto,ORG,1,detik com foto,0.0,0.0012224938875305623,0.0006112469437652812
detikers,ORG,1,detikers,0.0,0.0012224938875305623,0.0006112469437652812
detroit,GPE,1,detroit,0.0,0.0012224938875305623,0.0006112469437652812
deutsche bank,ORG,1,deutsche bank,0.0,0.0012224938875305623,0.0006112469437652812
deutsche bank ag,ORG,1,deutsche bank ag,0.0,0.0012224938875305623,0.0006112469437652812
deutschland,PER,1,deutschland,0.0,0.0012224938875305623,0.0006112469437652812
dewan ekonomi nasional,ORG,1,dewan ekonomi nasional,0.0,0.0012224938875305623,0.0006112469437652812
dewan ekonomi nasional gedung,ORG,1,dewan ekonomi nasional gedung,0.0,0.0012224938875305623,0.0006112469437652812
dewan kerja,NOR,1,dewan kerja,0.0,0.0012224938875305623,0.0006112469437652812
dewan komisi tarif kementerian keuangan china,NOR,1,dewan komisi tarif kementerian keuangan china,0.0,0.0012224938875305623,0.0006112469437652812
dewan pakar apindo,ORG,1,dewan pakar apindo,0.0,0.0012224938875305623,0.0006112469437652812
dewan pakar apindo wijayato,ORG,1,dewan pakar apindo wijayato,0.0,0.0012224938875305623,0.0006112469437652812
dewan pengurus appi,ORG,1,dewan pengurus appi,0.0,0.0012224938875305623,0.0006112469437652812
dhe,ORG,1,dhe,0.0,0.0012224938875305623,0.0006112469437652812
dhita karuniawati,PER,1,dhita karuniawati,0.0,0.0012224938875305623,0.0006112469437652812
dian,PER,1,dian,0.0,0.0012224938875305623,0.0006112469437652812
diane swonk,PER,1,diane swonk,0.0,0.0012224938875305623,0.0006112469437652812
diberitakancnbc indonesia,ORG,1,diberitakancnbc indonesia,0.0,0.0012224938875305623,0.0006112469437652812
didin,PER,1,didin,0.0,0.0012224938875305623,0.0006112469437652812
dihimpuncnbc indonesiadari,ORG,1,dihimpuncnbc indonesiadari,0.0,0.0012224938875305623,0.0006112469437652812
dikorea selatanpada,ORG,1,dikorea selatanpada,0.0,0.0012224938875305623,0.0006112469437652812
dikutipafppada,ORG,1,dikutipafppada,0.0,0.0012224938875305623,0.0006112469437652812
dikutipchannel news asia,ORG,1,dikutipchannel news asia,0.0,0.0012224938875305623,0.0006112469437652812
dikutipcnbc international,ORG,1,dikutipcnbc international,0.0,0.0012224938875305623,0.0006112469437652812
dikutipcnn,ORG,1,dikutipcnn,0.0,0.0012224938875305623,0.0006112469437652812
dikutippolitico,ORG,1,dikutippolitico,0.0,0.0012224938875305623,0.0006112469437652812
dilansirassociated press,ORG,1,dilansirassociated press,0.0,0.0012224938875305623,0.0006112469437652812
dimon,PER,1,dimon,0.0,0.0012224938875305623,0.0006112469437652812
dina gurning,PER,1,dina gurning,0.0,0.0012224938875305623,0.0006112469437652812
dinas,ORG,1,dinas,0.0,0.0012224938875305623,0.0006112469437652812
diplomasi,ORG,1,diplomasi,0.0,0.0012224938875305623,0.0006112469437652812
diplomasi solidaritas regional asean,EVT,1,diplomasi solidaritas regional asean,0.0,0.0012224938875305623,0.0006112469437652812
direct,ORG,1,direct,0.0,0.0012224938875305623,0.0006112469437652812
direct,PRD,1,direct,0.0,0.0012224938875305623,0.0006112469437652812
direktur asian affairs huawei global,ORG,1,direktur asian affairs huawei global,0.0,0.0012224938875305623,0.0006112469437652812
direktur asosiasi rand china research center,ORG,1,direktur asosiasi rand china research center,0.0,0.0012224938875305623,0.0006112469437652812
direktur bina pasar dalam negeri,ORG,1,direktur bina pasar dalam negeri,0.0,0.0012224938875305623,0.0006112469437652812
direktur departemen kebijakan ekonomi dan moneter bank indonesia,ORG,1,direktur departemen kebijakan ekonomi dan moneter bank indonesia,0.0,0.0012224938875305623,0.0006112469437652812
direktur ekonomi digital center of economic and law studies,ORG,1,direktur ekonomi digital center of economic and law studies,0.0,0.0012224938875305623,0.0006112469437652812
direktur eksekutif pelabuhan los angeles,ORG,1,direktur eksekutif pelabuhan los angeles,0.0,0.0012224938875305623,0.0006112469437652812
direktur global market uob indonesia,ORG,1,direktur global market uob indonesia,0.0,0.0012224938875305623,0.0006112469437652812
direktur great institute,ORG,1,direktur great institute,0.0,0.0012224938875305623,0.0006112469437652812
direktur industri produk halal kneks,ORG,1,direktur industri produk halal kneks,0.0,0.0012224938875305623,0.0006112469437652812
direktur jenderal industri logam mesin alat transportasi dan elektronika ilmate,ORG,1,direktur jenderal industri logam mesin alat transportasi dan elektronika ilmate,0.0,0.0012224938875305623,0.0006112469437652812
direktur jenderal mineral dan batu bara minerba,ORG,1,direktur jenderal mineral dan batu bara minerba,0.0,0.0012224938875305623,0.0006112469437652812
direktur jenderal perundingan perdagangan internasional dirjen ppi kemendag,NOR,1,direktur jenderal perundingan perdagangan internasional dirjen ppi kemendag,0.0,0.0012224938875305623,0.0006112469437652812
direktur jenderal perundingan perdagangan internasional kementerian,NOR,1,direktur jenderal perundingan perdagangan internasional kementerian,0.0,0.0012224938875305623,0.0006112469437652812
direktur jenderal perundingan perdagangan internasional kementerian perdagangan kemendag,NOR,1,direktur jenderal perundingan perdagangan internasional kementerian perdagangan kemendag,0.0,0.0012224938875305623,0.0006112469437652812
direktur keuangan,ORG,1,direktur keuangan,0.0,0.0012224938875305623,0.0006112469437652812
direktur keuangan unilever indonesia,ORG,1,direktur keuangan unilever indonesia,0.0,0.0012224938875305623,0.0006112469437652812
direktur nusantara tv,ORG,1,direktur nusantara tv,0.0,0.0012224938875305623,0.0006112469437652812
direktur pascasarjana universitas airlangga,ORG,1,direktur pascasarjana universitas airlangga,0.0,0.0012224938875305623,0.0006112469437652812
direktur pelaksana imf,ORG,1,direktur pelaksana imf,0.0,0.0012224938875305623,0.0006112469437652812
direktur pelaksana konsultan aerodynamic advisory,ORG,1,direktur pelaksana konsultan aerodynamic advisory,0.0,0.0012224938875305623,0.0006112469437652812
direktur pengamanan perdagangan kementerian perdagangan kemendag,NOR,1,direktur pengamanan perdagangan kementerian perdagangan kemendag,0.0,0.0012224938875305623,0.0006112469437652812
direktur pengembangan bursa efek indonesia bei,ORG,1,direktur pengembangan bursa efek indonesia bei,0.0,0.0012224938875305623,0.0006112469437652812
direktur pengembangan investasi bpjs tk,NOR,1,direktur pengembangan investasi bpjs tk,0.0,0.0012224938875305623,0.0006112469437652812
direktur program institute for development of economics and finance indef eisha,ORG,1,direktur program institute for development of economics and finance indef eisha,0.0,0.0012224938875305623,0.0006112469437652812
direktur pt doo financial futures,ORG,1,direktur pt doo financial futures,0.0,0.0012224938875305623,0.0006112469437652812
direktur riset dan pemikiran institut peradaban,ORG,1,direktur riset dan pemikiran institut peradaban,0.0,0.0012224938875305623,0.0006112469437652812
direktur unvr,ORG,1,direktur unvr,0.0,0.0012224938875305623,0.0006112469437652812
direktur utama isea,ORG,1,direktur utama isea,0.0,0.0012224938875305623,0.0006112469437652812
direktur utama pt indonesia battery corporation,ORG,1,direktur utama pt indonesia battery corporation,0.0,0.0012224938875305623,0.0006112469437652812
direktur utama pt pertamina persero,ORG,1,direktur utama pt pertamina persero,0.0,0.0012224938875305623,0.0006112469437652812
dirjen,ORG,1,dirjen,0.0,0.0012224938875305623,0.0006112469437652812
distrik,GPE,1,distrik,0.0,0.0012224938875305623,0.0006112469437652812
ditas lopez,PER,1,ditas lopez,0.0,0.0012224938875305623,0.0006112469437652812
djarmiko,NOR,1,djarmiko,0.0,0.0012224938875305623,0.0006112469437652812
djatmiko,LAW,1,djatmiko,0.0,0.0012224938875305623,0.0006112469437652812
djauhari,PER,1,djauhari,0.0,0.0012224938875305623,0.0006112469437652812
djauhari oratmangun,PER,1,djauhari oratmangun,0.0,0.0012224938875305623,0.0006112469437652812
djoko widajatno,PER,1,djoko widajatno,0.0,0.0012224938875305623,0.0006112469437652812
djt,ORG,1,djt,0.0,0.0012224938875305623,0.0006112469437652812
dmo,PRD,1,dmo,0.0,0.0012224938875305623,0.0006112469437652812
dna,PRD,1,dna,0.0,0.0012224938875305623,0.0006112469437652812
dndf,PRD,1,dndf,0.0,0.0012224938875305623,0.0006112469437652812
dok,ORG,1,dok,0.0,0.0012224938875305623,0.0006112469437652812
dokumen,LAW,1,dokumen,0.0,0.0012224938875305623,0.0006112469437652812
dolar as brics,MON,1,dolar as brics,0.0,0.0012224938875305623,0.0006112469437652812
dolar as usd,MON,1,dolar as usd,0.0,0.0012224938875305623,0.0006112469437652812
dolar hong kong,MON,1,dolar hong kong,0.0,0.0012224938875305623,0.0006112469437652812
dolar kanada,MON,1,dolar kanada,0.0,0.0012224938875305623,0.0006112469437652812
dolar sen,MON,1,dolar sen,0.0,0.0012224938875305623,0.0006112469437652812
dolar singapura,MON,1,dolar singapura,0.0,0.0012224938875305623,0.0006112469437652812
dolar taiwan,MON,1,dolar taiwan,0.0,0.0012224938875305623,0.0006112469437652812
dolaramerika serikat,MON,1,dolaramerika serikat,0.0,0.0012224938875305623,0.0006112469437652812
dollar taiwan,MON,1,dollar taiwan,0.0,0.0012224938875305623,0.0006112469437652812
dompet,PRD,1,dompet,0.0,0.0012224938875305623,0.0006112469437652812
don bosco selamun,PER,1,don bosco selamun,0.0,0.0012224938875305623,0.0006112469437652812
donald john trump,PER,1,donald john trump,0.0,0.0012224938875305623,0.0006112469437652812
donald kohn,PER,1,donald kohn,0.0,0.0012224938875305623,0.0006112469437652812
donald trump airlangga,PER,1,donald trump airlangga,0.0,0.0012224938875305623,0.0006112469437652812
donald trump bahlil,PER,1,donald trump bahlil,0.0,0.0012224938875305623,0.0006112469437652812
donald trump china,PER,1,donald trump china,0.0,0.0012224938875305623,0.0006112469437652812
donald trump fauzi,PER,1,donald trump fauzi,0.0,0.0012224938875305623,0.0006112469437652812
donald trump indonesia,PER,1,donald trump indonesia,0.0,0.0012224938875305623,0.0006112469437652812
donald trump prabowo,PER,1,donald trump prabowo,0.0,0.0012224938875305623,0.0006112469437652812
donald trump trump,PER,1,donald trump trump,0.0,0.0012224938875305623,0.0006112469437652812
donald trumpakhirnya,PER,1,donald trumpakhirnya,0.0,0.0012224938875305623,0.0006112469437652812
donald trumpbakal,PER,1,donald trumpbakal,0.0,0.0012224938875305623,0.0006112469437652812
donald trumpdengan,PER,1,donald trumpdengan,0.0,0.0012224938875305623,0.0006112469437652812
donald trumpjadi,PER,1,donald trumpjadi,0.0,0.0012224938875305623,0.0006112469437652812
donald trumpmakin,PER,1,donald trumpmakin,0.0,0.0012224938875305623,0.0006112469437652812
donald trumpmelumpuhkan,PER,1,donald trumpmelumpuhkan,0.0,0.0012224938875305623,0.0006112469437652812
donald trumpmembantah,PER,1,donald trumpmembantah,0.0,0.0012224938875305623,0.0006112469437652812
donald trumpmemulai,PER,1,donald trumpmemulai,0.0,0.0012224938875305623,0.0006112469437652812
donald trumpmenabuh,PER,1,donald trumpmenabuh,0.0,0.0012224938875305623,0.0006112469437652812
donald trumpmenetapkan,PER,1,donald trumpmenetapkan,0.0,0.0012224938875305623,0.0006112469437652812
donald trumpmengatakan,PER,1,donald trumpmengatakan,0.0,0.0012224938875305623,0.0006112469437652812
donald trumpmengenakan,PER,1,donald trumpmengenakan,0.0,0.0012224938875305623,0.0006112469437652812
donald trumpmenghentikan,PER,1,donald trumpmenghentikan,0.0,0.0012224938875305623,0.0006112469437652812
donald trumpmenimbulkan,PER,1,donald trumpmenimbulkan,0.0,0.0012224938875305623,0.0006112469437652812
donald trumpmenjatuhkan,PER,1,donald trumpmenjatuhkan,0.0,0.0012224938875305623,0.0006112469437652812
donald trumpmenyebut,PER,1,donald trumpmenyebut,0.0,0.0012224938875305623,0.0006112469437652812
donald trumpmulai,PER,1,donald trumpmulai,0.0,0.0012224938875305623,0.0006112469437652812
donald trumprencananya,PER,1,donald trumprencananya,0.0,0.0012224938875305623,0.0006112469437652812
donald trumpsoaltarif,PER,1,donald trumpsoaltarif,0.0,0.0012224938875305623,0.0006112469437652812
donald trumpuntuk,PER,1,donald trumpuntuk,0.0,0.0012224938875305623,0.0006112469437652812
donald trumpyaitu,PER,1,donald trumpyaitu,0.0,0.0012224938875305623,0.0006112469437652812
donald trumpyang,PER,1,donald trumpyang,0.0,0.0012224938875305623,0.0006112469437652812
donaldtrumpbikin,PER,1,donaldtrumpbikin,0.0,0.0012224938875305623,0.0006112469437652812
donaldtrumpbisa,PER,1,donaldtrumpbisa,0.0,0.0012224938875305623,0.0006112469437652812
donaldtrumpmembebani,PER,1,donaldtrumpmembebani,0.0,0.0012224938875305623,0.0006112469437652812
donaldtrumpmengancam,PER,1,donaldtrumpmengancam,0.0,0.0012224938875305623,0.0006112469437652812
donaldtrumppada,PER,1,donaldtrumppada,0.0,0.0012224938875305623,0.0006112469437652812
donaldtrumpresmi,PER,1,donaldtrumpresmi,0.0,0.0012224938875305623,0.0006112469437652812
donaldtrumpsecara,PER,1,donaldtrumpsecara,0.0,0.0012224938875305623,0.0006112469437652812
donaldtrumpsedang,PER,1,donaldtrumpsedang,0.0,0.0012224938875305623,0.0006112469437652812
donaldtrumptelah,PER,1,donaldtrumptelah,0.0,0.0012224938875305623,0.0006112469437652812
donaldtrumpterhadap,PER,1,donaldtrumpterhadap,0.0,0.0012224938875305623,0.0006112469437652812
donaldtrumpterkait,PER,1,donaldtrumpterkait,0.0,0.0012224938875305623,0.0006112469437652812
donaldtrumpyang,PER,1,donaldtrumpyang,0.0,0.0012224938875305623,0.0006112469437652812
doni,ORG,1,doni,0.0,0.0012224938875305623,0.0006112469437652812
doni ismanto,PER,1,doni ismanto,0.0,0.0012224938875305623,0.0006112469437652812
donlad trumpsebagai,PER,1,donlad trumpsebagai,0.0,0.0012224938875305623,0.0006112469437652812
doo financial futures,ORG,1,doo financial futures,0.0,0.0012224938875305623,0.0006112469437652812
dosen,ORG,1,dosen,0.0,0.0012224938875305623,0.0006112469437652812
dosen departemen ilmu ekonomi ipb university,ORG,1,dosen departemen ilmu ekonomi ipb university,0.0,0.0012224938875305623,0.0006112469437652812
dosen ekonomi universitas indonesia,ORG,1,dosen ekonomi universitas indonesia,0.0,0.0012224938875305623,0.0006112469437652812
dosen fakultas ekonomi dan bisnis universitas brawijaya ub,ORG,1,dosen fakultas ekonomi dan bisnis universitas brawijaya ub,0.0,0.0012224938875305623,0.0006112469437652812
dosen fakultas ekonomi dan bisnis universitas indonesia,ORG,1,dosen fakultas ekonomi dan bisnis universitas indonesia,0.0,0.0012224938875305623,0.0006112469437652812
doug mcmillon,PER,1,doug mcmillon,0.0,0.0012224938875305623,0.0006112469437652812
douglas alexander,PER,1,douglas alexander,0.0,0.0012224938875305623,0.0006112469437652812
douyin,ORG,1,douyin,0.0,0.0012224938875305623,0.0006112469437652812
dow,PRD,1,dow,0.0,0.0012224938875305623,0.0006112469437652812
dow jones,PRD,1,dow jones,0.0,0.0012224938875305623,0.0006112469437652812
dpp slipi jakarta,NOR,1,dpp slipi jakarta,0.0,0.0012224938875305623,0.0006112469437652812
dpr,ORG,1,dpr,0.0,0.0012224938875305623,0.0006112469437652812
dpr as,NOR,1,dpr as,0.0,0.0012224938875305623,0.0006112469437652812
dpr pap,NOR,1,dpr pap,0.0,0.0012224938875305623,0.0006112469437652812
dpr ri,NOR,1,dpr ri,0.0,0.0012224938875305623,0.0006112469437652812
dprd,ORG,1,dprd,0.0,0.0012224938875305623,0.0006112469437652812
dr,ORG,1,dr,0.0,0.0012224938875305623,0.0006112469437652812
dr ratih herningtyas ip a,PER,1,dr ratih herningtyas ip a,0.0,0.0012224938875305623,0.0006112469437652812
dr rer pol wildan syafitri,PER,1,dr rer pol wildan syafitri,0.0,0.0012224938875305623,0.0006112469437652812
drug,PRD,1,drug,0.0,0.0012224938875305623,0.0006112469437652812
dua minggu,QTY,1,dua minggu,0.0,0.0012224938875305623,0.0006112469437652812
dua pertiga,CRD,1,dua pertiga,0.0,0.0012224938875305623,0.0006112469437652812
dua tiga,CRD,1,dua tiga,0.0,0.0012224938875305623,0.0006112469437652812
dubai,ORG,1,dubai,0.0,0.0012224938875305623,0.0006112469437652812
duitnya,ORG,1,duitnya,0.0,0.0012224938875305623,0.0006112469437652812
dun,ORG,1,dun,0.0,0.0012224938875305623,0.0006112469437652812
duta besar china untuk wto,NOR,1,duta besar china untuk wto,0.0,0.0012224938875305623,0.0006112469437652812
duta besar dubes indonesia,NOR,1,duta besar dubes indonesia,0.0,0.0012224938875305623,0.0006112469437652812
duta besar indonesia,NOR,1,duta besar indonesia,0.0,0.0012224938875305623,0.0006112469437652812
duta besar swiss,NOR,1,duta besar swiss,0.0,0.0012224938875305623,0.0006112469437652812
duta besar ustr,NOR,1,duta besar ustr,0.0,0.0012224938875305623,0.0006112469437652812
dw,PER,1,dw,0.0,0.0012224938875305623,0.0006112469437652812
dwi putramengatakan,PER,1,dwi putramengatakan,0.0,0.0012224938875305623,0.0006112469437652812
dxy,MON,1,dxy,0.0,0.0012224938875305623,0.0006112469437652812
dyah roro esti,PER,1,dyah roro esti,0.0,0.0012224938875305623,0.0006112469437652812
dyah roro esti widya putri,PER,1,dyah roro esti widya putri,0.0,0.0012224938875305623,0.0006112469437652812
earth,ORG,1,earth,0.0,0.0012224938875305623,0.0006112469437652812
east,ORG,1,east,0.0,0.0012224938875305623,0.0006112469437652812
easter,ORG,1,easter,0.0,0.0012224938875305623,0.0006112469437652812
ebt,PRD,1,ebt,0.0,0.0012224938875305623,0.0006112469437652812
ecb,ORG,1,ecb,0.0,0.0012224938875305623,0.0006112469437652812
ecommerce,PRD,1,ecommerce,0.0,0.0012224938875305623,0.0006112469437652812
ecommerce china,PRD,1,ecommerce china,0.0,0.0012224938875305623,0.0006112469437652812
economic club of chicago,ORG,1,economic club of chicago,0.0,0.0012224938875305623,0.0006112469437652812
economic growth,PRD,1,economic growth,0.0,0.0012224938875305623,0.0006112469437652812
economics,ORG,1,economics,0.0,0.0012224938875305623,0.0006112469437652812
economics associate director,ORG,1,economics associate director,0.0,0.0012224938875305623,0.0006112469437652812
economist,ORG,1,economist,0.0,0.0012224938875305623,0.0006112469437652812
economist cnbc indonesia,ORG,1,economist cnbc indonesia,0.0,0.0012224938875305623,0.0006112469437652812
economist intelligence unit eiu,ORG,1,economist intelligence unit eiu,0.0,0.0012224938875305623,0.0006112469437652812
economist kisi asset management,ORG,1,economist kisi asset management,0.0,0.0012224938875305623,0.0006112469437652812
ed yardeni,PER,1,ed yardeni,0.0,0.0012224938875305623,0.0006112469437652812
edi pambudi,PER,1,edi pambudi,0.0,0.0012224938875305623,0.0006112469437652812
edi susiato,PER,1,edi susiato,0.0,0.0012224938875305623,0.0006112469437652812
ediana rae,PER,1,ediana rae,0.0,0.0012224938875305623,0.0006112469437652812
editor indonesia jakarta,ORG,1,editor indonesia jakarta,0.0,0.0012224938875305623,0.0006112469437652812
edwin,PER,1,edwin,0.0,0.0012224938875305623,0.0006112469437652812
edwin ridwan,PER,1,edwin ridwan,0.0,0.0012224938875305623,0.0006112469437652812
edy,PER,1,edy,0.0,0.0012224938875305623,0.0006112469437652812
edy irwansyah,PER,1,edy irwansyah,0.0,0.0012224938875305623,0.0006112469437652812
ekomoni,NOR,1,ekomoni,0.0,0.0012224938875305623,0.0006112469437652812
ekonom imf,ORG,1,ekonom imf,0.0,0.0012224938875305623,0.0006112469437652812
ekonom ipb university,ORG,1,ekonom ipb university,0.0,0.0012224938875305623,0.0006112469437652812
ekonom senior indef,ORG,1,ekonom senior indef,0.0,0.0012224938875305623,0.0006112469437652812
ekonom untuk,ORG,1,ekonom untuk,0.0,0.0012224938875305623,0.0006112469437652812
ekonomi jakarta,ORG,1,ekonomi jakarta,0.0,0.0012224938875305623,0.0006112469437652812
ekonominya,ORG,1,ekonominya,0.0,0.0012224938875305623,0.0006112469437652812
eksekutif gabungan perusahaan karet indonesia gakindo sumut,ORG,1,eksekutif gabungan perusahaan karet indonesia gakindo sumut,0.0,0.0012224938875305623,0.0006112469437652812
eksekutif pengawas perbankan,ORG,1,eksekutif pengawas perbankan,0.0,0.0012224938875305623,0.0006112469437652812
ekspor,PRD,1,ekspor,0.0,0.0012224938875305623,0.0006112469437652812
ekspor indonesia gpei,NOR,1,ekspor indonesia gpei,0.0,0.0012224938875305623,0.0006112469437652812
ekstrak,PRD,1,ekstrak,0.0,0.0012224938875305623,0.0006112469437652812
el,GPE,1,el,0.0,0.0012224938875305623,0.0006112469437652812
el,ORG,1,el,0.0,0.0012224938875305623,0.0006112469437652812
election,NOR,1,election,0.0,0.0012224938875305623,0.0006112469437652812
election amerika serikat,NOR,1,election amerika serikat,0.0,0.0012224938875305623,0.0006112469437652812
electiondua,EVT,1,electiondua,0.0,0.0012224938875305623,0.0006112469437652812
electric,ORG,1,electric,0.0,0.0012224938875305623,0.0006112469437652812
electric,PRD,1,electric,0.0,0.0012224938875305623,0.0006112469437652812
electric vehicle ev,PRD,1,electric vehicle ev,0.0,0.0012224938875305623,0.0006112469437652812
elektrik hs,PRD,1,elektrik hs,0.0,0.0012224938875305623,0.0006112469437652812
elektronik,ORG,1,elektronik,0.0,0.0012224938875305623,0.0006112469437652812
abraham,LAW,1,abraham,0.0,0.0012224938875305623,0.0006112469437652812
elka,PER,1,elka,0.0,0.0012224938875305623,0.0006112469437652812
ellen milligan,PER,1,ellen milligan,0.0,0.0012224938875305623,0.0006112469437652812
ellison,PER,1,ellison,0.0,0.0012224938875305623,0.0006112469437652812
ello hanson,PER,1,ello hanson,0.0,0.0012224938875305623,0.0006112469437652812
elon,ORG,1,elon,0.0,0.0012224938875305623,0.0006112469437652812
elon,PRD,1,elon,0.0,0.0012224938875305623,0.0006112469437652812
elon muskmengatakan,PER,1,elon muskmengatakan,0.0,0.0012224938875305623,0.0006112469437652812
elon muskvokal,PER,1,elon muskvokal,0.0,0.0012224938875305623,0.0006112469437652812
elpiji,ORG,1,elpiji,0.0,0.0012224938875305623,0.0006112469437652812
elpiji,PRD,1,elpiji,0.0,0.0012224938875305623,0.0006112469437652812
emas,EVT,1,emas,0.0,0.0012224938875305623,0.0006112469437652812
emas,PRD,1,emas,0.0,0.0012224938875305623,0.0006112469437652812
emas dunia,ORG,1,emas dunia,0.0,0.0012224938875305623,0.0006112469437652812
emil,PER,1,emil,0.0,0.0012224938875305623,0.0006112469437652812
emirat arab uea,NOR,1,emirat arab uea,0.0,0.0012224938875305623,0.0006112469437652812
emiria leba apr wib internasional seattle,ORG,1,emiria leba apr wib internasional seattle,0.0,0.0012224938875305623,0.0006112469437652812
emiria leba feb wib,ORG,1,emiria leba feb wib,0.0,0.0012224938875305623,0.0006112469437652812
emiria leba laraswati ariadne anwar apr,PER,1,emiria leba laraswati ariadne anwar apr,0.0,0.0012224938875305623,0.0006112469437652812
emmanuel,PER,1,emmanuel,0.0,0.0012224938875305623,0.0006112469437652812
emmanuel macronmenyerukan,PER,1,emmanuel macronmenyerukan,0.0,0.0012224938875305623,0.0006112469437652812
emmy suryandari,PER,1,emmy suryandari,0.0,0.0012224938875305623,0.0006112469437652812
empat bulan,QTY,1,empat bulan,0.0,0.0012224938875305623,0.0006112469437652812
empat hari,QTY,1,empat hari,0.0,0.0012224938875305623,0.0006112469437652812
empat minggu,QTY,1,empat minggu,0.0,0.0012224938875305623,0.0006112469437652812
empat pekan,QTY,1,empat pekan,0.0,0.0012224938875305623,0.0006112469437652812
enam,MON,1,enam,0.0,0.0012224938875305623,0.0006112469437652812
endang,PER,1,endang,0.0,0.0012224938875305623,0.0006112469437652812
endang artiani,PER,1,endang artiani,0.0,0.0012224938875305623,0.0006112469437652812
energi,EVT,1,energi,0.0,0.0012224938875305623,0.0006112469437652812
energi,ORG,1,energi,0.0,0.0012224938875305623,0.0006112469437652812
energi terbarukan,ORG,1,energi terbarukan,0.0,0.0012224938875305623,0.0006112469437652812
engage,PER,1,engage,0.0,0.0012224938875305623,0.0006112469437652812
enggak,PER,1,enggak,0.0,0.0012224938875305623,0.0006112469437652812
engine mobil berbahan bakar fosil,PRD,1,engine mobil berbahan bakar fosil,0.0,0.0012224938875305623,0.0006112469437652812
engineering,PRD,1,engineering,0.0,0.0012224938875305623,0.0006112469437652812
england,ORG,1,england,0.0,0.0012224938875305623,0.0006112469437652812
epc,ORG,1,epc,0.0,0.0012224938875305623,0.0006112469437652812
eraa,ORG,1,eraa,0.0,0.0012224938875305623,0.0006112469437652812
eric,ORG,1,eric,0.0,0.0012224938875305623,0.0006112469437652812
erick thohir,PER,1,erick thohir,0.0,0.0012224938875305623,0.0006112469437652812
erik,ORG,1,erik,0.0,0.0012224938875305623,0.0006112469437652812
erika kurnia aguido adri dimas waraditya nugraha,PER,1,erika kurnia aguido adri dimas waraditya nugraha,0.0,0.0012224938875305623,0.0006112469437652812
eropa amerika latin,GPE,1,eropa amerika latin,0.0,0.0012224938875305623,0.0006112469437652812
eropa ue,ORG,1,eropa ue,0.0,0.0012224938875305623,0.0006112469437652812
eropamengenai,GPE,1,eropamengenai,0.0,0.0012224938875305623,0.0006112469437652812
eropanya,GPE,1,eropanya,0.0,0.0012224938875305623,0.0006112469437652812
eropapada,GPE,1,eropapada,0.0,0.0012224938875305623,0.0006112469437652812
eropasebagai,GPE,1,eropasebagai,0.0,0.0012224938875305623,0.0006112469437652812
eropaterhadap,GPE,1,eropaterhadap,0.0,0.0012224938875305623,0.0006112469437652812
esdm,PRD,1,esdm,0.0,0.0012224938875305623,0.0006112469437652812
espoo finlandia,GPE,1,espoo finlandia,0.0,0.0012224938875305623,0.0006112469437652812
estee lauder oreal,PRD,1,estee lauder oreal,0.0,0.0012224938875305623,0.0006112469437652812
estimate nte,LAW,1,estimate nte,0.0,0.0012224938875305623,0.0006112469437652812
estimate report,PRD,1,estimate report,0.0,0.0012224938875305623,0.0006112469437652812
estonia,GPE,1,estonia,0.0,0.0012224938875305623,0.0006112469437652812
euro,LAW,1,euro,0.0,0.0012224938875305623,0.0006112469437652812
european union comprehensive economic partnership agreement ieu cepa,LAW,1,european union comprehensive economic partnership agreement ieu cepa,0.0,0.0012224938875305623,0.0006112469437652812
ev,PER,1,ev,0.0,0.0012224938875305623,0.0006112469437652812
ever,ORG,1,ever,0.0,0.0012224938875305623,0.0006112469437652812
evercore,ORG,1,evercore,0.0,0.0012224938875305623,0.0006112469437652812
evercore,PRD,1,evercore,0.0,0.0012224938875305623,0.0006112469437652812
executive director institutional banking group bank dbs indonesia,ORG,1,executive director institutional banking group bank dbs indonesia,0.0,0.0012224938875305623,0.0006112469437652812
fa,ORG,1,fa,0.0,0.0012224938875305623,0.0006112469437652812
fact,LAW,1,fact,0.0,0.0012224938875305623,0.0006112469437652812
fact sheet gedung,EVT,1,fact sheet gedung,0.0,0.0012224938875305623,0.0006112469437652812
fact sheet gedung putih,EVT,1,fact sheet gedung putih,0.0,0.0012224938875305623,0.0006112469437652812
factor productivity indexpada,PRD,1,factor productivity indexpada,0.0,0.0012224938875305623,0.0006112469437652812
fadhat,PER,1,fadhat,0.0,0.0012224938875305623,0.0006112469437652812
fadhil,PER,1,fadhil,0.0,0.0012224938875305623,0.0006112469437652812
fadhil,PRD,1,fadhil,0.0,0.0012224938875305623,0.0006112469437652812
fadhil hasan,PER,1,fadhil hasan,0.0,0.0012224938875305623,0.0006112469437652812
fadli,PRD,1,fadli,0.0,0.0012224938875305623,0.0006112469437652812
fadza ishak,PER,1,fadza ishak,0.0,0.0012224938875305623,0.0006112469437652812
fahmi,PER,1,fahmi,0.0,0.0012224938875305623,0.0006112469437652812
faisal,NOR,1,faisal,0.0,0.0012224938875305623,0.0006112469437652812
faisal,PER,1,faisal,0.0,0.0012224938875305623,0.0006112469437652812
faisal rachman,PER,1,faisal rachman,0.0,0.0012224938875305623,0.0006112469437652812
faisol riza,PER,1,faisol riza,0.0,0.0012224938875305623,0.0006112469437652812
fakhri hermansyah foc,PER,1,fakhri hermansyah foc,0.0,0.0012224938875305623,0.0006112469437652812
fakultas ekonomi dan bisnis universitas indonesia feb ui,ORG,1,fakultas ekonomi dan bisnis universitas indonesia feb ui,0.0,0.0012224938875305623,0.0006112469437652812
fakultas ekonomi dan manajemen ipb university,ORG,1,fakultas ekonomi dan manajemen ipb university,0.0,0.0012224938875305623,0.0006112469437652812
fakultas ekonomi dan masyarakat,ORG,1,fakultas ekonomi dan masyarakat,0.0,0.0012224938875305623,0.0006112469437652812
fall,EVT,1,fall,0.0,0.0012224938875305623,0.0006112469437652812
fani azki rizqiyani,PER,1,fani azki rizqiyani,0.0,0.0012224938875305623,0.0006112469437652812
fao,ORG,1,fao,0.0,0.0012224938875305623,0.0006112469437652812
far,ORG,1,far,0.0,0.0012224938875305623,0.0006112469437652812
faris,PER,1,faris,0.0,0.0012224938875305623,0.0006112469437652812
farmasi,PRD,1,farmasi,0.0,0.0012224938875305623,0.0006112469437652812
farside,ORG,1,farside,0.0,0.0012224938875305623,0.0006112469437652812
fashion versace,PRD,1,fashion versace,0.0,0.0012224938875305623,0.0006112469437652812
fashionchina shein,ORG,1,fashionchina shein,0.0,0.0012224938875305623,0.0006112469437652812
fauzi,PER,1,fauzi,0.0,0.0012224938875305623,0.0006112469437652812
fauzi amro,PER,1,fauzi amro,0.0,0.0012224938875305623,0.0006112469437652812
favored nation mfn,PRD,1,favored nation mfn,0.0,0.0012224938875305623,0.0006112469437652812
favoured,NOR,1,favoured,0.0,0.0012224938875305623,0.0006112469437652812
fcx,ORG,1,fcx,0.0,0.0012224938875305623,0.0006112469437652812
fcx,PRD,1,fcx,0.0,0.0012224938875305623,0.0006112469437652812
fda,ORG,1,fda,0.0,0.0012224938875305623,0.0006112469437652812
feb,DAT,1,feb,0.0,0.0012224938875305623,0.0006112469437652812
feb wib,ORG,1,feb wib,0.0,0.0012224938875305623,0.0006112469437652812
feb wib internasional,ORG,1,feb wib internasional,0.0,0.0012224938875305623,0.0006112469437652812
febrio,NOR,1,febrio,0.0,0.0012224938875305623,0.0006112469437652812
febrio,ORG,1,febrio,0.0,0.0012224938875305623,0.0006112469437652812
februari februari,DAT,1,februari februari,0.0,0.0012224938875305623,0.0006112469437652812
februari nasdaq,DAT,1,februari nasdaq,0.0,0.0012224938875305623,0.0006112469437652812
federal open market committee,EVT,1,federal open market committee,0.0,0.0012224938875305623,0.0006112469437652812
federal reservediperkirakan,ORG,1,federal reservediperkirakan,0.0,0.0012224938875305623,0.0006112469437652812
federal reservejerome,ORG,1,federal reservejerome,0.0,0.0012224938875305623,0.0006112469437652812
federasi,ORG,1,federasi,0.0,0.0012224938875305623,0.0006112469437652812
fedmasih,ORG,1,fedmasih,0.0,0.0012224938875305623,0.0006112469437652812
fedmenekankan,ORG,1,fedmenekankan,0.0,0.0012224938875305623,0.0006112469437652812
feed,PRD,1,feed,0.0,0.0012224938875305623,0.0006112469437652812
feedmill,PRD,1,feedmill,0.0,0.0012224938875305623,0.0006112469437652812
fendi,PER,1,fendi,0.0,0.0012224938875305623,0.0006112469437652812
fentanil opioid sintetis,PRD,1,fentanil opioid sintetis,0.0,0.0012224938875305623,0.0006112469437652812
ferdinand marcos,PER,1,ferdinand marcos,0.0,0.0012224938875305623,0.0006112469437652812
fibers tbk,ORG,1,fibers tbk,0.0,0.0012224938875305623,0.0006112469437652812
field,EVT,1,field,0.0,0.0012224938875305623,0.0006112469437652812
fifty,LAW,1,fifty,0.0,0.0012224938875305623,0.0006112469437652812
filamen indonesia,ORG,1,filamen indonesia,0.0,0.0012224938875305623,0.0006112469437652812
filament,ORG,1,filament,0.0,0.0012224938875305623,0.0006112469437652812
filter air,PRD,1,filter air,0.0,0.0012224938875305623,0.0006112469437652812
finance,ORG,1,finance,0.0,0.0012224938875305623,0.0006112469437652812
finance,PRD,1,finance,0.0,0.0012224938875305623,0.0006112469437652812
finlandia,GPE,1,finlandia,0.0,0.0012224938875305623,0.0006112469437652812
fintech,ORG,1,fintech,0.0,0.0012224938875305623,0.0006112469437652812
firma riset pasar international data corporation idc,ORG,1,firma riset pasar international data corporation idc,0.0,0.0012224938875305623,0.0006112469437652812
first,ORG,1,first,0.0,0.0012224938875305623,0.0006112469437652812
first,PER,1,first,0.0,0.0012224938875305623,0.0006112469437652812
firstyang,EVT,1,firstyang,0.0,0.0012224938875305623,0.0006112469437652812
fish,PRD,1,fish,0.0,0.0012224938875305623,0.0006112469437652812
fisher price,ORG,1,fisher price,0.0,0.0012224938875305623,0.0006112469437652812
flavio volpe,PER,1,flavio volpe,0.0,0.0012224938875305623,0.0006112469437652812
flu spanyol,EVT,1,flu spanyol,0.0,0.0012224938875305623,0.0006112469437652812
follow,PRD,1,follow,0.0,0.0012224938875305623,0.0006112469437652812
for,ORG,1,for,0.0,0.0012224938875305623,0.0006112469437652812
for supply management ism,ORG,1,for supply management ism,0.0,0.0012224938875305623,0.0006112469437652812
forbes,ORG,1,forbes,0.0,0.0012224938875305623,0.0006112469437652812
force,ORG,1,force,0.0,0.0012224938875305623,0.0006112469437652812
foreign trade barriers,LAW,1,foreign trade barriers,0.0,0.0012224938875305623,0.0006112469437652812
foreign trade barriers,ORG,1,foreign trade barriers,0.0,0.0012224938875305623,0.0006112469437652812
forex,ORG,1,forex,0.0,0.0012224938875305623,0.0006112469437652812
formula,LAW,1,formula,0.0,0.0012224938875305623,0.0006112469437652812
forum,EVT,1,forum,0.0,0.0012224938875305623,0.0006112469437652812
forum china celac community,EVT,1,forum china celac community,0.0,0.0012224938875305623,0.0006112469437652812
forum diskusi denpasar,EVT,1,forum diskusi denpasar,0.0,0.0012224938875305623,0.0006112469437652812
forum diskusi ekonomi,EVT,1,forum diskusi ekonomi,0.0,0.0012224938875305623,0.0006112469437652812
forum ekonomi dunia,ORG,1,forum ekonomi dunia,0.0,0.0012224938875305623,0.0006112469437652812
fosil,PRD,1,fosil,0.0,0.0012224938875305623,0.0006112469437652812
fox,ORG,1,fox,0.0,0.0012224938875305623,0.0006112469437652812
foxconn technology group,ORG,1,foxconn technology group,0.0,0.0012224938875305623,0.0006112469437652812
framework,ORG,1,framework,0.0,0.0012224938875305623,0.0006112469437652812
framework,PRD,1,framework,0.0,0.0012224938875305623,0.0006112469437652812
franc,LAW,1,franc,0.0,0.0012224938875305623,0.0006112469437652812
franc swiss,MON,1,franc swiss,0.0,0.0012224938875305623,0.0006112469437652812
frank global,PER,1,frank global,0.0,0.0012224938875305623,0.0006112469437652812
frankfurt,ORG,1,frankfurt,0.0,0.0012224938875305623,0.0006112469437652812
frankfurt bank sentral eropa ecb,ORG,1,frankfurt bank sentral eropa ecb,0.0,0.0012224938875305623,0.0006112469437652812
frans antony,PER,1,frans antony,0.0,0.0012224938875305623,0.0006112469437652812
freepik,PRD,1,freepik,0.0,0.0012224938875305623,0.0006112469437652812
freeport mcmoran inc fcx,ORG,1,freeport mcmoran inc fcx,0.0,0.0012224938875305623,0.0006112469437652812
friedman,PER,1,friedman,0.0,0.0012224938875305623,0.0006112469437652812
friedrich merz,PER,1,friedrich merz,0.0,0.0012224938875305623,0.0006112469437652812
ftse,ORG,1,ftse,0.0,0.0012224938875305623,0.0006112469437652812
furnitur karet,PRD,1,furnitur karet,0.0,0.0012224938875305623,0.0006112469437652812
furnitur kayu perikanan,PRD,1,furnitur kayu perikanan,0.0,0.0012224938875305623,0.0006112469437652812
futuristik,EVT,1,futuristik,0.0,0.0012224938875305623,0.0006112469437652812
gabungan,NOR,1,gabungan,0.0,0.0012224938875305623,0.0006112469437652812
gabungan industri kendaraan bermotor indonesia,ORG,1,gabungan industri kendaraan bermotor indonesia,0.0,0.0012224938875305623,0.0006112469437652812
gabungan industri kendaraan bermotor indonesia gaikindo,ORG,1,gabungan industri kendaraan bermotor indonesia gaikindo,0.0,0.0012224938875305623,0.0006112469437652812
gabungan pengusaha,ORG,1,gabungan pengusaha,0.0,0.0012224938875305623,0.0006112469437652812
gabungan perusahaan,ORG,1,gabungan perusahaan,0.0,0.0012224938875305623,0.0006112469437652812
gabungan produsen makanan minuman indonesia gapmmi,ORG,1,gabungan produsen makanan minuman indonesia gapmmi,0.0,0.0012224938875305623,0.0006112469437652812
galangan,ORG,1,galangan,0.0,0.0012224938875305623,0.0006112469437652812
galaxy,PRD,1,galaxy,0.0,0.0012224938875305623,0.0006112469437652812
gandum,ORG,1,gandum,0.0,0.0012224938875305623,0.0006112469437652812
gandum jagung,PRD,1,gandum jagung,0.0,0.0012224938875305623,0.0006112469437652812
gandum kedelai,PRD,1,gandum kedelai,0.0,0.0012224938875305623,0.0006112469437652812
gandum soya bean soya bean milk,PRD,1,gandum soya bean soya bean milk,0.0,0.0012224938875305623,0.0006112469437652812
gap,NOR,1,gap,0.0,0.0012224938875305623,0.0006112469437652812
gap inc gap,ORG,1,gap inc gap,0.0,0.0012224938875305623,0.0006112469437652812
gapki,ORG,1,gapki,0.0,0.0012224938875305623,0.0006112469437652812
gapmmi,NOR,1,gapmmi,0.0,0.0012224938875305623,0.0006112469437652812
garda nasional,NOR,1,garda nasional,0.0,0.0012224938875305623,0.0006112469437652812
garmen advertisement,ORG,1,garmen advertisement,0.0,0.0012224938875305623,0.0006112469437652812
garmen alas kaki,PRD,1,garmen alas kaki,0.0,0.0012224938875305623,0.0006112469437652812
garmen alas kaki tekstil furniture,PRD,1,garmen alas kaki tekstil furniture,0.0,0.0012224938875305623,0.0006112469437652812
garuda,MON,1,garuda,0.0,0.0012224938875305623,0.0006112469437652812
garuda,ORG,1,garuda,0.0,0.0012224938875305623,0.0006112469437652812
garudatv,PRD,1,garudatv,0.0,0.0012224938875305623,0.0006112469437652812
garut,GPE,1,garut,0.0,0.0012224938875305623,0.0006112469437652812
gary clyde hufbauer,PER,1,gary clyde hufbauer,0.0,0.0012224938875305623,0.0006112469437652812
gas alam cair as,PRD,1,gas alam cair as,0.0,0.0012224938875305623,0.0006112469437652812
gas alam cair lng,PRD,1,gas alam cair lng,0.0,0.0012224938875305623,0.0006112469437652812
gas minyak cair elpiji,PRD,1,gas minyak cair elpiji,0.0,0.0012224938875305623,0.0006112469437652812
gaulle,ORG,1,gaulle,0.0,0.0012224938875305623,0.0006112469437652812
gaun leavitt,PRD,1,gaun leavitt,0.0,0.0012224938875305623,0.0006112469437652812
gavin newsom,ORG,1,gavin newsom,0.0,0.0012224938875305623,0.0006112469437652812
gavin newsom,PER,1,gavin newsom,0.0,0.0012224938875305623,0.0006112469437652812
gbp,MON,1,gbp,0.0,0.0012224938875305623,0.0006112469437652812
gdpnow,ORG,1,gdpnow,0.0,0.0012224938875305623,0.0006112469437652812
gebrakan,PER,1,gebrakan,0.0,0.0012224938875305623,0.0006112469437652812
gede,ORG,1,gede,0.0,0.0012224938875305623,0.0006112469437652812
gedung pencakar langir trump tower,LOC,1,gedung pencakar langir trump tower,0.0,0.0012224938875305623,0.0006112469437652812
gedung pertunjukan,LOC,1,gedung pertunjukan,0.0,0.0012224938875305623,0.0006112469437652812
gedung putih china,ORG,1,gedung putih china,0.0,0.0012224938875305623,0.0006112469437652812
gedung putih saham oracle,ORG,1,gedung putih saham oracle,0.0,0.0012224938875305623,0.0006112469437652812
gedung putih washington,LOC,1,gedung putih washington,0.0,0.0012224938875305623,0.0006112469437652812
gemilang tarigan,PER,1,gemilang tarigan,0.0,0.0012224938875305623,0.0006112469437652812
gemini,ORG,1,gemini,0.0,0.0012224938875305623,0.0006112469437652812
gemini,PER,1,gemini,0.0,0.0012224938875305623,0.0006112469437652812
gen,ORG,1,gen,0.0,0.0012224938875305623,0.0006112469437652812
gene seroka,PER,1,gene seroka,0.0,0.0012224938875305623,0.0006112469437652812
general,PRD,1,general,0.0,0.0012224938875305623,0.0006112469437652812
general motors,ORG,1,general motors,0.0,0.0012224938875305623,0.0006112469437652812
general motors ford toyota volkswagen hyundai,ORG,1,general motors ford toyota volkswagen hyundai,0.0,0.0012224938875305623,0.0006112469437652812
generalized system,PRD,1,generalized system,0.0,0.0012224938875305623,0.0006112469437652812
generator dc output,PRD,1,generator dc output,0.0,0.0012224938875305623,0.0006112469437652812
generator listrik,PRD,1,generator listrik,0.0,0.0012224938875305623,0.0006112469437652812
geneva,GPE,1,geneva,0.0,0.0012224938875305623,0.0006112469437652812
geneva,ORG,1,geneva,0.0,0.0012224938875305623,0.0006112469437652812
geneva swiss,LOC,1,geneva swiss,0.0,0.0012224938875305623,0.0006112469437652812
geologi as,ORG,1,geologi as,0.0,0.0012224938875305623,0.0006112469437652812
geopolitik,NOR,1,geopolitik,0.0,0.0012224938875305623,0.0006112469437652812
geopolitik,ORG,1,geopolitik,0.0,0.0012224938875305623,0.0006112469437652812
geopolitik,PRD,1,geopolitik,0.0,0.0012224938875305623,0.0006112469437652812
george mason university,ORG,1,george mason university,0.0,0.0012224938875305623,0.0006112469437652812
georgia,GPE,1,georgia,0.0,0.0012224938875305623,0.0006112469437652812
gerakan,ORG,1,gerakan,0.0,0.0012224938875305623,0.0006112469437652812
gerard dipippo,PER,1,gerard dipippo,0.0,0.0012224938875305623,0.0006112469437652812
gerbang,LAW,1,gerbang,0.0,0.0012224938875305623,0.0006112469437652812
gerbang pembayaran nasional,PRD,1,gerbang pembayaran nasional,0.0,0.0012224938875305623,0.0006112469437652812
getty images cheng,ORG,1,getty images cheng,0.0,0.0012224938875305623,0.0006112469437652812
ghana,GPE,1,ghana,0.0,0.0012224938875305623,0.0006112469437652812
gictrade,ORG,1,gictrade,0.0,0.0012224938875305623,0.0006112469437652812
gil,PER,1,gil,0.0,0.0012224938875305623,0.0006112469437652812
gill,PER,1,gill,0.0,0.0012224938875305623,0.0006112469437652812
gill dilansir,PER,1,gill dilansir,0.0,0.0012224938875305623,0.0006112469437652812
gina raimondo,PER,1,gina raimondo,0.0,0.0012224938875305623,0.0006112469437652812
gingseng,ORG,1,gingseng,0.0,0.0012224938875305623,0.0006112469437652812
gita,PER,1,gita,0.0,0.0012224938875305623,0.0006112469437652812
gitu,ORG,1,gitu,0.0,0.0012224938875305623,0.0006112469437652812
gitu,PRD,1,gitu,0.0,0.0012224938875305623,0.0006112469437652812
gladi bersih pelantikan,EVT,1,gladi bersih pelantikan,0.0,0.0012224938875305623,0.0006112469437652812
global,PRD,1,global,0.0,0.0012224938875305623,0.0006112469437652812
global companies,PRD,1,global companies,0.0,0.0012224938875305623,0.0006112469437652812
global great depression,EVT,1,global great depression,0.0,0.0012224938875305623,0.0006112469437652812
global market intelligence lembaga,ORG,1,global market intelligence lembaga,0.0,0.0012224938875305623,0.0006112469437652812
global order,EVT,1,global order,0.0,0.0012224938875305623,0.0006112469437652812
gm,PRD,1,gm,0.0,0.0012224938875305623,0.0006112469437652812
gm sumringah,PRD,1,gm sumringah,0.0,0.0012224938875305623,0.0006112469437652812
gmt,ORG,1,gmt,0.0,0.0012224938875305623,0.0006112469437652812
gmt,TIM,1,gmt,0.0,0.0012224938875305623,0.0006112469437652812
go,LAW,1,go,0.0,0.0012224938875305623,0.0006112469437652812
going,PER,1,going,0.0,0.0012224938875305623,0.0006112469437652812
golden,ORG,1,golden,0.0,0.0012224938875305623,0.0006112469437652812
golden,PER,1,golden,0.0,0.0012224938875305623,0.0006112469437652812
goldman,ORG,1,goldman,0.0,0.0012224938875305623,0.0006112469437652812
goldman,PER,1,goldman,0.0,0.0012224938875305623,0.0006112469437652812
goldman sachs,ORG,1,goldman sachs,0.0,0.0012224938875305623,0.0006112469437652812
goldprice,PRD,1,goldprice,0.0,0.0012224938875305623,0.0006112469437652812
gong,ORG,1,gong,0.0,0.0012224938875305623,0.0006112469437652812
gong,PER,1,gong,0.0,0.0012224938875305623,0.0006112469437652812
gong yiwu,ORG,1,gong yiwu,0.0,0.0012224938875305623,0.0006112469437652812
gong yongqiang,LOC,1,gong yongqiang,0.0,0.0012224938875305623,0.0006112469437652812
goods,ORG,1,goods,0.0,0.0012224938875305623,0.0006112469437652812
gov,LOC,1,gov,0.0,0.0012224938875305623,0.0006112469437652812
gov,PRD,1,gov,0.0,0.0012224938875305623,0.0006112469437652812
gpn,PRD,1,gpn,0.0,0.0012224938875305623,0.0006112469437652812
gpu,ORG,1,gpu,0.0,0.0012224938875305623,0.0006112469437652812
gpu,PRD,1,gpu,0.0,0.0012224938875305623,0.0006112469437652812
gpu nvidia,ORG,1,gpu nvidia,0.0,0.0012224938875305623,0.0006112469437652812
gpu nvidiayang,ORG,1,gpu nvidiayang,0.0,0.0012224938875305623,0.0006112469437652812
gpu penunjang game,PRD,1,gpu penunjang game,0.0,0.0012224938875305623,0.0006112469437652812
gpuuntuk,ORG,1,gpuuntuk,0.0,0.0012224938875305623,0.0006112469437652812
graham,PER,1,graham,0.0,0.0012224938875305623,0.0006112469437652812
grand,ORG,1,grand,0.0,0.0012224938875305623,0.0006112469437652812
great,ORG,1,great,0.0,0.0012224938875305623,0.0006112469437652812
great depression,EVT,1,great depression,0.0,0.0012224938875305623,0.0006112469437652812
green,ORG,1,green,0.0,0.0012224938875305623,0.0006112469437652812
green,PER,1,green,0.0,0.0012224938875305623,0.0006112469437652812
green,PRD,1,green,0.0,0.0012224938875305623,0.0006112469437652812
greenspan,PRD,1,greenspan,0.0,0.0012224938875305623,0.0006112469437652812
gripen,PRD,1,gripen,0.0,0.0012224938875305623,0.0006112469437652812
gross bloomberg news bloomberg,ORG,1,gross bloomberg news bloomberg,0.0,0.0012224938875305623,0.0006112469437652812
group,ORG,1,group,0.0,0.0012224938875305623,0.0006112469437652812
groups,ORG,1,groups,0.0,0.0012224938875305623,0.0006112469437652812
grover,LOC,1,grover,0.0,0.0012224938875305623,0.0006112469437652812
growth in a changing world,EVT,1,growth in a changing world,0.0,0.0012224938875305623,0.0006112469437652812
gs supermarket,ORG,1,gs supermarket,0.0,0.0012224938875305623,0.0006112469437652812
gsp,EVT,1,gsp,0.0,0.0012224938875305623,0.0006112469437652812
guam,GPE,1,guam,0.0,0.0012224938875305623,0.0006112469437652812
guang,PER,1,guang,0.0,0.0012224938875305623,0.0006112469437652812
guangdong,GPE,1,guangdong,0.0,0.0012224938875305623,0.0006112469437652812
guardian,ORG,1,guardian,0.0,0.0012224938875305623,0.0006112469437652812
guatemala,GPE,1,guatemala,0.0,0.0012224938875305623,0.0006112469437652812
gubernur,NOR,1,gubernur,0.0,0.0012224938875305623,0.0006112469437652812
gubernur,PRD,1,gubernur,0.0,0.0012224938875305623,0.0006112469437652812
gubernur bank indonesia bi,ORG,1,gubernur bank indonesia bi,0.0,0.0012224938875305623,0.0006112469437652812
gubernur bank of,NOR,1,gubernur bank of,0.0,0.0012224938875305623,0.0006112469437652812
gubernur bank sentral,ORG,1,gubernur bank sentral,0.0,0.0012224938875305623,0.0006112469437652812
gubernur biperry,ORG,1,gubernur biperry,0.0,0.0012224938875305623,0.0006112469437652812
gubernur federal reserve,NOR,1,gubernur federal reserve,0.0,0.0012224938875305623,0.0006112469437652812
gubernur federal reserve the fed,ORG,1,gubernur federal reserve the fed,0.0,0.0012224938875305623,0.0006112469437652812
gubernur lembaga ketahanan nasional lemhannas,NOR,1,gubernur lembaga ketahanan nasional lemhannas,0.0,0.0012224938875305623,0.0006112469437652812
gubernur padg,ORG,1,gubernur padg,0.0,0.0012224938875305623,0.0006112469437652812
gubernur senior bank indonesia bi,ORG,1,gubernur senior bank indonesia bi,0.0,0.0012224938875305623,0.0006112469437652812
gubernurbank indonesia bi,ORG,1,gubernurbank indonesia bi,0.0,0.0012224938875305623,0.0006112469437652812
gubernurcaliforniagavin,NOR,1,gubernurcaliforniagavin,0.0,0.0012224938875305623,0.0006112469437652812
gubernurthe,NOR,1,gubernurthe,0.0,0.0012224938875305623,0.0006112469437652812
gucci prada,ORG,1,gucci prada,0.0,0.0012224938875305623,0.0006112469437652812
guerra,ORG,1,guerra,0.0,0.0012224938875305623,0.0006112469437652812
guess,ORG,1,guess,0.0,0.0012224938875305623,0.0006112469437652812
guinea,GPE,1,guinea,0.0,0.0012224938875305623,0.0006112469437652812
guo,ORG,1,guo,0.0,0.0012224938875305623,0.0006112469437652812
guo,PER,1,guo,0.0,0.0012224938875305623,0.0006112469437652812
guru,ORG,1,guru,0.0,0.0012224938875305623,0.0006112469437652812
guru besar fakultas ekonomi dan manjemen ipb university,ORG,1,guru besar fakultas ekonomi dan manjemen ipb university,0.0,0.0012224938875305623,0.0006112469437652812
gusril hamid,PER,1,gusril hamid,0.0,0.0012224938875305623,0.0006112469437652812
gustavo petro,PER,1,gustavo petro,0.0,0.0012224938875305623,0.0006112469437652812
guyana,GPE,1,guyana,0.0,0.0012224938875305623,0.0006112469437652812
guyana,ORG,1,guyana,0.0,0.0012224938875305623,0.0006112469437652812
hab,ORG,1,hab,0.0,0.0012224938875305623,0.0006112469437652812
habeck,PER,1,habeck,0.0,0.0012224938875305623,0.0006112469437652812
habib,PER,1,habib,0.0,0.0012224938875305623,0.0006112469437652812
habibat penguin,LOC,1,habibat penguin,0.0,0.0012224938875305623,0.0006112469437652812
hadriana,NOR,1,hadriana,0.0,0.0012224938875305623,0.0006112469437652812
hae,ORG,1,hae,0.0,0.0012224938875305623,0.0006112469437652812
hak,LAW,1,hak,0.0,0.0012224938875305623,0.0006112469437652812
hak,ORG,1,hak,0.0,0.0012224938875305623,0.0006112469437652812
hake,PRD,1,hake,0.0,0.0012224938875305623,0.0006112469437652812
hakeem,PER,1,hakeem,0.0,0.0012224938875305623,0.0006112469437652812
hakim distrik as,NOR,1,hakim distrik as,0.0,0.0012224938875305623,0.0006112469437652812
hal,ORG,1,hal,0.0,0.0012224938875305623,0.0006112469437652812
halal,PRD,1,halal,0.0,0.0012224938875305623,0.0006112469437652812
hallyu,ORG,1,hallyu,0.0,0.0012224938875305623,0.0006112469437652812
halo,ORG,1,halo,0.0,0.0012224938875305623,0.0006112469437652812
halt,ORG,1,halt,0.0,0.0012224938875305623,0.0006112469437652812
hamas,NOR,1,hamas,0.0,0.0012224938875305623,0.0006112469437652812
hambalang,GPE,1,hambalang,0.0,0.0012224938875305623,0.0006112469437652812
hanni sofiarabu april,PER,1,hanni sofiarabu april,0.0,0.0012224938875305623,0.0006112469437652812
hanver li,PER,1,hanver li,0.0,0.0012224938875305623,0.0006112469437652812
hanwha qcells,ORG,1,hanwha qcells,0.0,0.0012224938875305623,0.0006112469437652812
harga,PRD,1,harga,0.0,0.0012224938875305623,0.0006112469437652812
harga saham gabungan ihsg,PRD,1,harga saham gabungan ihsg,0.0,0.0012224938875305623,0.0006112469437652812
hari pembebasan indonesia,EVT,1,hari pembebasan indonesia,0.0,0.0012224938875305623,0.0006112469437652812
hari pembebasan liberation day,EVT,1,hari pembebasan liberation day,0.0,0.0012224938875305623,0.0006112469437652812
harianjogja com jakarta,ORG,1,harianjogja com jakarta,0.0,0.0012224938875305623,0.0006112469437652812
harithaset al,ORG,1,harithaset al,0.0,0.0012224938875305623,0.0006112469437652812
harmonyos,PRD,1,harmonyos,0.0,0.0012224938875305623,0.0006112469437652812
harmonyos next,PRD,1,harmonyos next,0.0,0.0012224938875305623,0.0006112469437652812
hart,ORG,1,hart,0.0,0.0012224938875305623,0.0006112469437652812
hartartobersama,PER,1,hartartobersama,0.0,0.0012224938875305623,0.0006112469437652812
harvard,ORG,1,harvard,0.0,0.0012224938875305623,0.0006112469437652812
hassan,PER,1,hassan,0.0,0.0012224938875305623,0.0006112469437652812
hassan wirajuda,PER,1,hassan wirajuda,0.0,0.0012224938875305623,0.0006112469437652812
hassanal bolkiah,PER,1,hassanal bolkiah,0.0,0.0012224938875305623,0.0006112469437652812
hassett,ORG,1,hassett,0.0,0.0012224938875305623,0.0006112469437652812
havas,PER,1,havas,0.0,0.0012224938875305623,0.0006112469437652812
hawaii,GPE,1,hawaii,0.0,0.0012224938875305623,0.0006112469437652812
head of apac advisory,ORG,1,head of apac advisory,0.0,0.0012224938875305623,0.0006112469437652812
head of equity research,ORG,1,head of equity research,0.0,0.0012224938875305623,0.0006112469437652812
head of macroeconomics market research permata bank,ORG,1,head of macroeconomics market research permata bank,0.0,0.0012224938875305623,0.0006112469437652812
headlines,ORG,1,headlines,0.0,0.0012224938875305623,0.0006112469437652812
headquarters huawei,ORG,1,headquarters huawei,0.0,0.0012224938875305623,0.0006112469437652812
heard island,LOC,1,heard island,0.0,0.0012224938875305623,0.0006112469437652812
heather merritt,PER,1,heather merritt,0.0,0.0012224938875305623,0.0006112469437652812
hegsethmembalas,PER,1,hegsethmembalas,0.0,0.0012224938875305623,0.0006112469437652812
helmi arman,PER,1,helmi arman,0.0,0.0012224938875305623,0.0006112469437652812
helopopy,PER,1,helopopy,0.0,0.0012224938875305623,0.0006112469437652812
hendra,PER,1,hendra,0.0,0.0012224938875305623,0.0006112469437652812
hendra hartono,PER,1,hendra hartono,0.0,0.0012224938875305623,0.0006112469437652812
herdi alif al hikam detikbali,PER,1,herdi alif al hikam detikbali,0.0,0.0012224938875305623,0.0006112469437652812
herin apr wib nusantara,ORG,1,herin apr wib nusantara,0.0,0.0012224938875305623,0.0006112469437652812
hermanto,PER,1,hermanto,0.0,0.0012224938875305623,0.0006112469437652812
hermanto siregar,PER,1,hermanto siregar,0.0,0.0012224938875305623,0.0006112469437652812
hermes,ORG,1,hermes,0.0,0.0012224938875305623,0.0006112469437652812
herzegovina,GPE,1,herzegovina,0.0,0.0012224938875305623,0.0006112469437652812
hiburan multinasional,ORG,1,hiburan multinasional,0.0,0.0012224938875305623,0.0006112469437652812
hidrolik,PRD,1,hidrolik,0.0,0.0012224938875305623,0.0006112469437652812
hidrometalurgi,PRD,1,hidrometalurgi,0.0,0.0012224938875305623,0.0006112469437652812
high,ORG,1,high,0.0,0.0012224938875305623,0.0006112469437652812
high enchantimals,ORG,1,high enchantimals,0.0,0.0012224938875305623,0.0006112469437652812
hikmahanto,PER,1,hikmahanto,0.0,0.0012224938875305623,0.0006112469437652812
hilir,ORG,1,hilir,0.0,0.0012224938875305623,0.0006112469437652812
hilirisasi nasional,EVT,1,hilirisasi nasional,0.0,0.0012224938875305623,0.0006112469437652812
him,EVT,1,him,0.0,0.0012224938875305623,0.0006112469437652812
himpunan bank milik negara himbara mind id telkom,ORG,1,himpunan bank milik negara himbara mind id telkom,0.0,0.0012224938875305623,0.0006112469437652812
himpunan kerukunan tani indonesia hkti,ORG,1,himpunan kerukunan tani indonesia hkti,0.0,0.0012224938875305623,0.0006112469437652812
himpunan pengusaha muda indonesia hipmi kabupaten,ORG,1,himpunan pengusaha muda indonesia hipmi kabupaten,0.0,0.0012224938875305623,0.0006112469437652812
historia id,ORG,1,historia id,0.0,0.0012224938875305623,0.0006112469437652812
hki,PRD,1,hki,0.0,0.0012224938875305623,0.0006112469437652812
hkt,ORG,1,hkt,0.0,0.0012224938875305623,0.0006112469437652812
hkti,ORG,1,hkti,0.0,0.0012224938875305623,0.0006112469437652812
hkti,PRD,1,hkti,0.0,0.0012224938875305623,0.0006112469437652812
ho,ORG,1,ho,0.0,0.0012224938875305623,0.0006112469437652812
ho chi minh,GPE,1,ho chi minh,0.0,0.0012224938875305623,0.0006112469437652812
hogan lovells,ORG,1,hogan lovells,0.0,0.0012224938875305623,0.0006112469437652812
holdings,ORG,1,holdings,0.0,0.0012224938875305623,0.0006112469437652812
holtikultura,ORG,1,holtikultura,0.0,0.0012224938875305623,0.0006112469437652812
hon hai precision industry co,ORG,1,hon hai precision industry co,0.0,0.0012224938875305623,0.0006112469437652812
honda,ORG,1,honda,0.0,0.0012224938875305623,0.0006112469437652812
hong kong,GPE,1,hong kong,0.0,0.0012224938875305623,0.0006112469437652812
hong kong,ORG,1,hong kong,0.0,0.0012224938875305623,0.0006112469437652812
hong kongresmi,NOR,1,hong kongresmi,0.0,0.0012224938875305623,0.0006112469437652812
hongkong,GPE,1,hongkong,0.0,0.0012224938875305623,0.0006112469437652812
hongkong post,ORG,1,hongkong post,0.0,0.0012224938875305623,0.0006112469437652812
hore trump,PER,1,hore trump,0.0,0.0012224938875305623,0.0006112469437652812
horse mackerel,PRD,1,horse mackerel,0.0,0.0012224938875305623,0.0006112469437652812
hosianna,PER,1,hosianna,0.0,0.0012224938875305623,0.0006112469437652812
hot,ORG,1,hot,0.0,0.0012224938875305623,0.0006112469437652812
hot,PRD,1,hot,0.0,0.0012224938875305623,0.0006112469437652812
hot wheels,ORG,1,hot wheels,0.0,0.0012224938875305623,0.0006112469437652812
hotel mewah intercontinental,LOC,1,hotel mewah intercontinental,0.0,0.0012224938875305623,0.0006112469437652812
hotel president wilson,LOC,1,hotel president wilson,0.0,0.0012224938875305623,0.0006112469437652812
hotel sahid,ORG,1,hotel sahid,0.0,0.0012224938875305623,0.0006112469437652812
house rabu,ORG,1,house rabu,0.0,0.0012224938875305623,0.0006112469437652812
hp pengapalan,PRD,1,hp pengapalan,0.0,0.0012224938875305623,0.0006112469437652812
hp samsung,PRD,1,hp samsung,0.0,0.0012224938875305623,0.0006112469437652812
hpal,PRD,1,hpal,0.0,0.0012224938875305623,0.0006112469437652812
hpandroid,ORG,1,hpandroid,0.0,0.0012224938875305623,0.0006112469437652812
hprp,ORG,1,hprp,0.0,0.0012224938875305623,0.0006112469437652812
hprpandre,ORG,1,hprpandre,0.0,0.0012224938875305623,0.0006112469437652812
hs,LAW,1,hs,0.0,0.0012224938875305623,0.0006112469437652812
hs,ORG,1,hs,0.0,0.0012224938875305623,0.0006112469437652812
hs,PER,1,hs,0.0,0.0012224938875305623,0.0006112469437652812
hs besi,PRD,1,hs besi,0.0,0.0012224938875305623,0.0006112469437652812
hs ikan,PRD,1,hs ikan,0.0,0.0012224938875305623,0.0006112469437652812
hs instrumen optik,PRD,1,hs instrumen optik,0.0,0.0012224938875305623,0.0006112469437652812
hsien,PER,1,hsien,0.0,0.0012224938875305623,0.0006112469437652812
hu,PER,1,hu,0.0,0.0012224938875305623,0.0006112469437652812
huawei,GPE,1,huawei,0.0,0.0012224938875305623,0.0006112469437652812
huawei,PRD,1,huawei,0.0,0.0012224938875305623,0.0006112469437652812
huawei technologies co,ORG,1,huawei technologies co,0.0,0.0012224938875305623,0.0006112469437652812
huaweiberisikomelanggar,PRD,1,huaweiberisikomelanggar,0.0,0.0012224938875305623,0.0006112469437652812
hubungan internasional,ORG,1,hubungan internasional,0.0,0.0012224938875305623,0.0006112469437652812
hufbauer,PRD,1,hufbauer,0.0,0.0012224938875305623,0.0006112469437652812
hughes,PER,1,hughes,0.0,0.0012224938875305623,0.0006112469437652812
hukum,ORG,1,hukum,0.0,0.0012224938875305623,0.0006112469437652812
hukum internasional universitas indonesia hikmahanto,ORG,1,hukum internasional universitas indonesia hikmahanto,0.0,0.0012224938875305623,0.0006112469437652812
hulu,ORG,1,hulu,0.0,0.0012224938875305623,0.0006112469437652812
hun manet,PER,1,hun manet,0.0,0.0012224938875305623,0.0006112469437652812
hung,PER,1,hung,0.0,0.0012224938875305623,0.0006112469437652812
hungaria,GPE,1,hungaria,0.0,0.0012224938875305623,0.0006112469437652812
hussain sajwani,ORG,1,hussain sajwani,0.0,0.0012224938875305623,0.0006112469437652812
hussen,PER,1,hussen,0.0,0.0012224938875305623,0.0006112469437652812
hyatt hotel,ORG,1,hyatt hotel,0.0,0.0012224938875305623,0.0006112469437652812
hyperos,ORG,1,hyperos,0.0,0.0012224938875305623,0.0006112469437652812
hyundai,ORG,1,hyundai,0.0,0.0012224938875305623,0.0006112469437652812
hyundai motor group,ORG,1,hyundai motor group,0.0,0.0012224938875305623,0.0006112469437652812
hyundai steel co,ORG,1,hyundai steel co,0.0,0.0012224938875305623,0.0006112469437652812
i made aditya suryawidya,PER,1,i made aditya suryawidya,0.0,0.0012224938875305623,0.0006112469437652812
ian bremmer,PER,1,ian bremmer,0.0,0.0012224938875305623,0.0006112469437652812
ibc,NOR,1,ibc,0.0,0.0012224938875305623,0.0006112469437652812
ibc,ORG,1,ibc,0.0,0.0012224938875305623,0.0006112469437652812
ibc,PER,1,ibc,0.0,0.0012224938875305623,0.0006112469437652812
ibnu,ORG,1,ibnu,0.0,0.0012224938875305623,0.0006112469437652812
ibnu syena alfitra,PER,1,ibnu syena alfitra,0.0,0.0012224938875305623,0.0006112469437652812
ibu,GPE,1,ibu,0.0,0.0012224938875305623,0.0006112469437652812
icesi,ORG,1,icesi,0.0,0.0012224938875305623,0.0006112469437652812
icp,PRD,1,icp,0.0,0.0012224938875305623,0.0006112469437652812
id,LAW,1,id,0.0,0.0012224938875305623,0.0006112469437652812
id,ORG,1,id,0.0,0.0012224938875305623,0.0006112469437652812
id,PER,1,id,0.0,0.0012224938875305623,0.0006112469437652812
id bank indonesia bi,ORG,1,id bank indonesia bi,0.0,0.0012224938875305623,0.0006112469437652812
idc,PRD,1,idc,0.0,0.0012224938875305623,0.0006112469437652812
idcmelihat,PRD,1,idcmelihat,0.0,0.0012224938875305623,0.0006112469437652812
idxchannel bank duniamemperkirakanekonomi,ORG,1,idxchannel bank duniamemperkirakanekonomi,0.0,0.0012224938875305623,0.0006112469437652812
idxchannel perbankan,ORG,1,idxchannel perbankan,0.0,0.0012224938875305623,0.0006112469437652812
ieepa,LAW,1,ieepa,0.0,0.0012224938875305623,0.0006112469437652812
ieepa,ORG,1,ieepa,0.0,0.0012224938875305623,0.0006112469437652812
ieepa uu,LAW,1,ieepa uu,0.0,0.0012224938875305623,0.0006112469437652812
ig australia pty,ORG,1,ig australia pty,0.0,0.0012224938875305623,0.0006112469437652812
ihsg rupiah,ORG,1,ihsg rupiah,0.0,0.0012224938875305623,0.0006112469437652812
ihsgmengikuti,PRD,1,ihsgmengikuti,0.0,0.0012224938875305623,0.0006112469437652812
ii,ORD,1,ii,0.0,0.0012224938875305623,0.0006112469437652812
ikan kerang,PRD,1,ikan kerang,0.0,0.0012224938875305623,0.0006112469437652812
ikbal maulanathumbnail vila randita,PER,1,ikbal maulanathumbnail vila randita,0.0,0.0012224938875305623,0.0006112469437652812
illinois,GPE,1,illinois,0.0,0.0012224938875305623,0.0006112469437652812
illumina,ORG,1,illumina,0.0,0.0012224938875305623,0.0006112469437652812
ilmate,ORG,1,ilmate,0.0,0.0012224938875305623,0.0006112469437652812
images,PRD,1,images,0.0,0.0012224938875305623,0.0006112469437652812
imf org,ORG,1,imf org,0.0,0.0012224938875305623,0.0006112469437652812
imf spring meeting,EVT,1,imf spring meeting,0.0,0.0012224938875305623,0.0006112469437652812
imf world,ORG,1,imf world,0.0,0.0012224938875305623,0.0006112469437652812
imfsebelumnya,ORG,1,imfsebelumnya,0.0,0.0012224938875305623,0.0006112469437652812
imigrasi,NOR,1,imigrasi,0.0,0.0012224938875305623,0.0006112469437652812
impor,EVT,1,impor,0.0,0.0012224938875305623,0.0006112469437652812
impor,LAW,1,impor,0.0,0.0012224938875305623,0.0006112469437652812
impor,NOR,1,impor,0.0,0.0012224938875305623,0.0006112469437652812
incatas,ORG,1,incatas,0.0,0.0012224938875305623,0.0006112469437652812
indah tbk,ORG,1,indah tbk,0.0,0.0012224938875305623,0.0006112469437652812
indef,ORG,1,indef,0.0,0.0012224938875305623,0.0006112469437652812
indeks acuan tokyo,PRD,1,indeks acuan tokyo,0.0,0.0012224938875305623,0.0006112469437652812
indeks coindesk,PRD,1,indeks coindesk,0.0,0.0012224938875305623,0.0006112469437652812
indeks dolar,PRD,1,indeks dolar,0.0,0.0012224938875305623,0.0006112469437652812
indeks dolar as,PRD,1,indeks dolar as,0.0,0.0012224938875305623,0.0006112469437652812
indeks dolar dxy,PRD,1,indeks dolar dxy,0.0,0.0012224938875305623,0.0006112469437652812
indeks dow,PRD,1,indeks dow,0.0,0.0012224938875305623,0.0006112469437652812
indeks eurostoxx,PRD,1,indeks eurostoxx,0.0,0.0012224938875305623,0.0006112469437652812
indeks greenback,PRD,1,indeks greenback,0.0,0.0012224938875305623,0.0006112469437652812
indeks hang seng china enterprises,PRD,1,indeks hang seng china enterprises,0.0,0.0012224938875305623,0.0006112469437652812
indeks hang seng hong kong,PRD,1,indeks hang seng hong kong,0.0,0.0012224938875305623,0.0006112469437652812
indeks harga konsumen,PRD,1,indeks harga konsumen,0.0,0.0012224938875305623,0.0006112469437652812
indeks harga konsumen ihk,PRD,1,indeks harga konsumen ihk,0.0,0.0012224938875305623,0.0006112469437652812
indeks harga saham gabungan ihsg,PRD,1,indeks harga saham gabungan ihsg,0.0,0.0012224938875305623,0.0006112469437652812
indeks impor ism,PRD,1,indeks impor ism,0.0,0.0012224938875305623,0.0006112469437652812
indeks komposit ekonomi tier,PRD,1,indeks komposit ekonomi tier,0.0,0.0012224938875305623,0.0006112469437652812
indeks kosdaq,PRD,1,indeks kosdaq,0.0,0.0012224938875305623,0.0006112469437652812
indeks kospi,PRD,1,indeks kospi,0.0,0.0012224938875305623,0.0006112469437652812
indeks manufaktur,ORG,1,indeks manufaktur,0.0,0.0012224938875305623,0.0006112469437652812
indeks produktivitas as,PRD,1,indeks produktivitas as,0.0,0.0012224938875305623,0.0006112469437652812
indeks saham as,PRD,1,indeks saham as,0.0,0.0012224938875305623,0.0006112469437652812
indeks saham asia,PRD,1,indeks saham asia,0.0,0.0012224938875305623,0.0006112469437652812
indeks saham jepang australia,PRD,1,indeks saham jepang australia,0.0,0.0012224938875305623,0.0006112469437652812
indeks spot,PRD,1,indeks spot,0.0,0.0012224938875305623,0.0006112469437652812
india afrika selatan iran,GPE,1,india afrika selatan iran,0.0,0.0012224938875305623,0.0006112469437652812
india brasil,GPE,1,india brasil,0.0,0.0012224938875305623,0.0006112469437652812
indiana,GPE,1,indiana,0.0,0.0012224938875305623,0.0006112469437652812
indikator siklus,ORG,1,indikator siklus,0.0,0.0012224938875305623,0.0006112469437652812
indo,NOR,1,indo,0.0,0.0012224938875305623,0.0006112469437652812
indo pacific economic framework,EVT,1,indo pacific economic framework,0.0,0.0012224938875305623,0.0006112469437652812
indodax market,ORG,1,indodax market,0.0,0.0012224938875305623,0.0006112469437652812
indonesia bi,ORG,1,indonesia bi,0.0,0.0012224938875305623,0.0006112469437652812
indonesia business council,ORG,1,indonesia business council,0.0,0.0012224938875305623,0.0006112469437652812
indonesia china,ORG,1,indonesia china,0.0,0.0012224938875305623,0.0006112469437652812
indonesia indorama,ORG,1,indonesia indorama,0.0,0.0012224938875305623,0.0006112469437652812
indonesia ri,GPE,1,indonesia ri,0.0,0.0012224938875305623,0.0006112469437652812
indonesia sonny samuel,ORG,1,indonesia sonny samuel,0.0,0.0012224938875305623,0.0006112469437652812
indonesiadan,GPE,1,indonesiadan,0.0,0.0012224938875305623,0.0006112469437652812
indonesiadari,ORG,1,indonesiadari,0.0,0.0012224938875305623,0.0006112469437652812
indonesiakini,GPE,1,indonesiakini,0.0,0.0012224938875305623,0.0006112469437652812
indonesian,GPE,1,indonesian,0.0,0.0012224938875305623,0.0006112469437652812
indonesian,PRD,1,indonesian,0.0,0.0012224938875305623,0.0006112469437652812
indonesian business council,NOR,1,indonesian business council,0.0,0.0012224938875305623,0.0006112469437652812
indonesian standard,LAW,1,indonesian standard,0.0,0.0012224938875305623,0.0006112469437652812
indonesian standard,ORG,1,indonesian standard,0.0,0.0012224938875305623,0.0006112469437652812
indonesiatak,GPE,1,indonesiatak,0.0,0.0012224938875305623,0.0006112469437652812
indorama scroll,ORG,1,indorama scroll,0.0,0.0012224938875305623,0.0006112469437652812
indrawati,ORG,1,indrawati,0.0,0.0012224938875305623,0.0006112469437652812
indrawati,PER,1,indrawati,0.0,0.0012224938875305623,0.0006112469437652812
industri,ORG,1,industri,0.0,0.0012224938875305623,0.0006112469437652812
industrichinamengalami,ORG,1,industrichinamengalami,0.0,0.0012224938875305623,0.0006112469437652812
industry award,EVT,1,industry award,0.0,0.0012224938875305623,0.0006112469437652812
infrastruktur sistem,PRD,1,infrastruktur sistem,0.0,0.0012224938875305623,0.0006112469437652812
ing,PER,1,ing,0.0,0.0012224938875305623,0.0006112469437652812
inside,EVT,1,inside,0.0,0.0012224938875305623,0.0006112469437652812
insider trading,ORG,1,insider trading,0.0,0.0012224938875305623,0.0006112469437652812
instagram gedung putih,PRD,1,instagram gedung putih,0.0,0.0012224938875305623,0.0006112469437652812
institut ekonomi jerman iw,ORG,1,institut ekonomi jerman iw,0.0,0.0012224938875305623,0.0006112469437652812
institute,NOR,1,institute,0.0,0.0012224938875305623,0.0006112469437652812
institute,ORG,1,institute,0.0,0.0012224938875305623,0.0006112469437652812
institute,PRD,1,institute,0.0,0.0012224938875305623,0.0006112469437652812
institute for security,ORG,1,institute for security,0.0,0.0012224938875305623,0.0006112469437652812
institute for supply management ism,ORG,1,institute for supply management ism,0.0,0.0012224938875305623,0.0006112469437652812
institute of economic research tier,ORG,1,institute of economic research tier,0.0,0.0012224938875305623,0.0006112469437652812
instrumen,PRD,1,instrumen,0.0,0.0012224938875305623,0.0006112469437652812
integras,ORG,1,integras,0.0,0.0012224938875305623,0.0006112469437652812
internasiona,ORG,1,internasiona,0.0,0.0012224938875305623,0.0006112469437652812
internasional program magister ilmu politik universitas wahid hasyim semarang april wib,ORG,1,internasional program magister ilmu politik universitas wahid hasyim semarang april wib,0.0,0.0012224938875305623,0.0006112469437652812
international emergency economic powers act,LAW,1,international emergency economic powers act,0.0,0.0012224938875305623,0.0006112469437652812
international kepala strategi fx,ORG,1,international kepala strategi fx,0.0,0.0012224938875305623,0.0006112469437652812
international monetary fund,ORG,1,international monetary fund,0.0,0.0012224938875305623,0.0006112469437652812
international monetary fund imf,ORG,1,international monetary fund imf,0.0,0.0012224938875305623,0.0006112469437652812
interventionatau,EVT,1,interventionatau,0.0,0.0012224938875305623,0.0006112469437652812
investing com,ORG,1,investing com,0.0,0.0012224938875305623,0.0006112469437652812
ip,PRD,1,ip,0.0,0.0012224938875305623,0.0006112469437652812
ipad,PRD,1,ipad,0.0,0.0012224938875305623,0.0006112469437652812
ipad mac apple watch,PRD,1,ipad mac apple watch,0.0,0.0012224938875305623,0.0006112469437652812
ipef,EVT,1,ipef,0.0,0.0012224938875305623,0.0006112469437652812
iph,PRD,1,iph,0.0,0.0012224938875305623,0.0006112469437652812
iphone apple,PRD,1,iphone apple,0.0,0.0012224938875305623,0.0006112469437652812
ipsos,EVT,1,ipsos,0.0,0.0012224938875305623,0.0006112469437652812
irianto,ORG,1,irianto,0.0,0.0012224938875305623,0.0006112469437652812
irlandia,GPE,1,irlandia,0.0,0.0012224938875305623,0.0006112469437652812
irvin,PRD,1,irvin,0.0,0.0012224938875305623,0.0006112469437652812
irwin,PER,1,irwin,0.0,0.0012224938875305623,0.0006112469437652812
is,ORG,1,is,0.0,0.0012224938875305623,0.0006112469437652812
isaacson,PER,1,isaacson,0.0,0.0012224938875305623,0.0006112469437652812
isea,ORG,1,isea,0.0,0.0012224938875305623,0.0006112469437652812
ishak,ORG,1,ishak,0.0,0.0012224938875305623,0.0006112469437652812
ishiba,ORG,1,ishiba,0.0,0.0012224938875305623,0.0006112469437652812
islam,ORG,1,islam,0.0,0.0012224938875305623,0.0006112469437652812
islam,REG,1,islam,0.0,0.0012224938875305623,0.0006112469437652812
islam iran,NOR,1,islam iran,0.0,0.0012224938875305623,0.0006112469437652812
islandia,GPE,1,islandia,0.0,0.0012224938875305623,0.0006112469437652812
isma savitri,PER,1,isma savitri,0.0,0.0012224938875305623,0.0006112469437652812
ismail,PER,1,ismail,0.0,0.0012224938875305623,0.0006112469437652812
istana elysee paris prancis,LOC,1,istana elysee paris prancis,0.0,0.0012224938875305623,0.0006112469437652812
istana kepresidenan jakarta pusat,ORG,1,istana kepresidenan jakarta pusat,0.0,0.0012224938875305623,0.0006112469437652812
istana kerajaan,LOC,1,istana kerajaan,0.0,0.0012224938875305623,0.0006112469437652812
istana merdeka,LOC,1,istana merdeka,0.0,0.0012224938875305623,0.0006112469437652812
istana negara,LOC,1,istana negara,0.0,0.0012224938875305623,0.0006112469437652812
istana presiden,LOC,1,istana presiden,0.0,0.0012224938875305623,0.0006112469437652812
isy,NOR,1,isy,0.0,0.0012224938875305623,0.0006112469437652812
isy,PER,1,isy,0.0,0.0012224938875305623,0.0006112469437652812
italy,EVT,1,italy,0.0,0.0012224938875305623,0.0006112469437652812
iv,ORG,1,iv,0.0,0.0012224938875305623,0.0006112469437652812
ives,PER,1,ives,0.0,0.0012224938875305623,0.0006112469437652812
iw,ORG,1,iw,0.0,0.0012224938875305623,0.0006112469437652812
izzet,PRD,1,izzet,0.0,0.0012224938875305623,0.0006112469437652812
jabar,GPE,1,jabar,0.0,0.0012224938875305623,0.0006112469437652812
jabar,ORG,1,jabar,0.0,0.0012224938875305623,0.0006112469437652812
jabodetabek,GPE,1,jabodetabek,0.0,0.0012224938875305623,0.0006112469437652812
jack,ORG,1,jack,0.0,0.0012224938875305623,0.0006112469437652812
jack mcintyre,PER,1,jack mcintyre,0.0,0.0012224938875305623,0.0006112469437652812
jacob lorinc bloomberg news bloomberg,ORG,1,jacob lorinc bloomberg news bloomberg,0.0,0.0012224938875305623,0.0006112469437652812
jacob lorinc david welch,PER,1,jacob lorinc david welch,0.0,0.0012224938875305623,0.0006112469437652812
jae,PER,1,jae,0.0,0.0012224938875305623,0.0006112469437652812
jaguar,PRD,1,jaguar,0.0,0.0012224938875305623,0.0006112469437652812
jaishankar,PER,1,jaishankar,0.0,0.0012224938875305623,0.0006112469437652812
jajak pendapatreuters ipsos,EVT,1,jajak pendapatreuters ipsos,0.0,0.0012224938875305623,0.0006112469437652812
jakarta interbank spot dollar rate,ORG,1,jakarta interbank spot dollar rate,0.0,0.0012224938875305623,0.0006112469437652812
jakarta jumat,ORG,1,jakarta jumat,0.0,0.0012224938875305623,0.0006112469437652812
jakarta kompas com dana moneter internasional,ORG,1,jakarta kompas com dana moneter internasional,0.0,0.0012224938875305623,0.0006112469437652812
jakarta pusat,GPE,1,jakarta pusat,0.0,0.0012224938875305623,0.0006112469437652812
jaksa agung,NOR,1,jaksa agung,0.0,0.0012224938875305623,0.0006112469437652812
jaksa agung california,NOR,1,jaksa agung california,0.0,0.0012224938875305623,0.0006112469437652812
jaluardi,PER,1,jaluardi,0.0,0.0012224938875305623,0.0006112469437652812
jalur,LOC,1,jalur,0.0,0.0012224938875305623,0.0006112469437652812
jalur gaza,LOC,1,jalur gaza,0.0,0.0012224938875305623,0.0006112469437652812
jam,PRD,1,jam,0.0,0.0012224938875305623,0.0006112469437652812
jambi,GPE,1,jambi,0.0,0.0012224938875305623,0.0006112469437652812
jambiekspres co id,ORG,1,jambiekspres co id,0.0,0.0012224938875305623,0.0006112469437652812
james,ORG,1,james,0.0,0.0012224938875305623,0.0006112469437652812
jamie dimon,PER,1,jamie dimon,0.0,0.0012224938875305623,0.0006112469437652812
jamieson greer airlangga,PER,1,jamieson greer airlangga,0.0,0.0012224938875305623,0.0006112469437652812
jamu,ORG,1,jamu,0.0,0.0012224938875305623,0.0006112469437652812
jamuan santap malam,EVT,1,jamuan santap malam,0.0,0.0012224938875305623,0.0006112469437652812
jan,PER,1,jan,0.0,0.0012224938875305623,0.0006112469437652812
jan wib internasional bogota,ORG,1,jan wib internasional bogota,0.0,0.0012224938875305623,0.0006112469437652812
jane foley,PER,1,jane foley,0.0,0.0012224938875305623,0.0006112469437652812
janieson greer,PER,1,janieson greer,0.0,0.0012224938875305623,0.0006112469437652812
januar,PER,1,januar,0.0,0.0012224938875305623,0.0006112469437652812
januari as,DAT,1,januari as,0.0,0.0012224938875305623,0.0006112469437652812
januari maret,DAT,1,januari maret,0.0,0.0012224938875305623,0.0006112469437652812
januarimeningkat,DAT,1,januarimeningkat,0.0,0.0012224938875305623,0.0006112469437652812
januaritercatat,DAT,1,januaritercatat,0.0,0.0012224938875305623,0.0006112469437652812
japan,ORG,1,japan,0.0,0.0012224938875305623,0.0006112469437652812
jason chen,PER,1,jason chen,0.0,0.0012224938875305623,0.0006112469437652812
jason scott bloomberg news bloomberg bursa saham asia,ORG,1,jason scott bloomberg news bloomberg bursa saham asia,0.0,0.0012224938875305623,0.0006112469437652812
jawa tengah,GPE,1,jawa tengah,0.0,0.0012224938875305623,0.0006112469437652812
jay,ORG,1,jay,0.0,0.0012224938875305623,0.0006112469437652812
jazeera,ORG,1,jazeera,0.0,0.0012224938875305623,0.0006112469437652812
jazeerapada,ORG,1,jazeerapada,0.0,0.0012224938875305623,0.0006112469437652812
jd,ORG,1,jd,0.0,0.0012224938875305623,0.0006112469437652812
jd,PER,1,jd,0.0,0.0012224938875305623,0.0006112469437652812
jeff,PRD,1,jeff,0.0,0.0012224938875305623,0.0006112469437652812
jeff bezos,PER,1,jeff bezos,0.0,0.0012224938875305623,0.0006112469437652812
jeff cardenas,PER,1,jeff cardenas,0.0,0.0012224938875305623,0.0006112469437652812
jeffrey,ORG,1,jeffrey,0.0,0.0012224938875305623,0.0006112469437652812
jeffrey hendrik,PER,1,jeffrey hendrik,0.0,0.0012224938875305623,0.0006112469437652812
jeffries,PER,1,jeffries,0.0,0.0012224938875305623,0.0006112469437652812
jeju,GPE,1,jeju,0.0,0.0012224938875305623,0.0006112469437652812
jemmy kartiwa sastraatmaja,PER,1,jemmy kartiwa sastraatmaja,0.0,0.0012224938875305623,0.0006112469437652812
jensen,ORG,1,jensen,0.0,0.0012224938875305623,0.0006112469437652812
jensen huang,PER,1,jensen huang,0.0,0.0012224938875305623,0.0006112469437652812
jepangdanfranc,GPE,1,jepangdanfranc,0.0,0.0012224938875305623,0.0006112469437652812
jerman belanda,GPE,1,jerman belanda,0.0,0.0012224938875305623,0.0006112469437652812
jerome,ORG,1,jerome,0.0,0.0012224938875305623,0.0006112469437652812
jerry,PER,1,jerry,0.0,0.0012224938875305623,0.0006112469437652812
jessica,ORG,1,jessica,0.0,0.0012224938875305623,0.0006112469437652812
jet a,PRD,1,jet a,0.0,0.0012224938875305623,0.0006112469437652812
jet tempur,PRD,1,jet tempur,0.0,0.0012224938875305623,0.0006112469437652812
jet tempur amerika,PRD,1,jet tempur amerika,0.0,0.0012224938875305623,0.0006112469437652812
jet tempur gripen,PRD,1,jet tempur gripen,0.0,0.0012224938875305623,0.0006112469437652812
jet tempur gripen swedia,PRD,1,jet tempur gripen swedia,0.0,0.0012224938875305623,0.0006112469437652812
jet tempur siluman,PRD,1,jet tempur siluman,0.0,0.0012224938875305623,0.0006112469437652812
jf,ORG,1,jf,0.0,0.0012224938875305623,0.0006112469437652812
ji,ORG,1,ji,0.0,0.0012224938875305623,0.0006112469437652812
ji,PER,1,ji,0.0,0.0012224938875305623,0.0006112469437652812
jiakun,ORG,1,jiakun,0.0,0.0012224938875305623,0.0006112469437652812
jian,PER,1,jian,0.0,0.0012224938875305623,0.0006112469437652812
jillian deutsch bloomberg news bloomberg nokia oyj,ORG,1,jillian deutsch bloomberg news bloomberg nokia oyj,0.0,0.0012224938875305623,0.0006112469437652812
jim,PRD,1,jim,0.0,0.0012224938875305623,0.0006112469437652812
jinko solar,PRD,1,jinko solar,0.0,0.0012224938875305623,0.0006112469437652812
jinpingmengkritik,PER,1,jinpingmengkritik,0.0,0.0012224938875305623,0.0006112469437652812
jinpingsejak,PER,1,jinpingsejak,0.0,0.0012224938875305623,0.0006112469437652812
jisdor,MON,1,jisdor,0.0,0.0012224938875305623,0.0006112469437652812
jisdor,ORG,1,jisdor,0.0,0.0012224938875305623,0.0006112469437652812
jisdor,PRD,1,jisdor,0.0,0.0012224938875305623,0.0006112469437652812
jk,ORG,1,jk,0.0,0.0012224938875305623,0.0006112469437652812
joachim nagel,PER,1,joachim nagel,0.0,0.0012224938875305623,0.0006112469437652812
jobs,ORG,1,jobs,0.0,0.0012224938875305623,0.0006112469437652812
jobs,PER,1,jobs,0.0,0.0012224938875305623,0.0006112469437652812
joe,PER,1,joe,0.0,0.0012224938875305623,0.0006112469437652812
joe biden,ORG,1,joe biden,0.0,0.0012224938875305623,0.0006112469437652812
joe deaux,PER,1,joe deaux,0.0,0.0012224938875305623,0.0006112469437652812
johanes,ORG,1,johanes,0.0,0.0012224938875305623,0.0006112469437652812
john boudreau,PER,1,john boudreau,0.0,0.0012224938875305623,0.0006112469437652812
john bozzella,PER,1,john bozzella,0.0,0.0012224938875305623,0.0006112469437652812
johni,PER,1,johni,0.0,0.0012224938875305623,0.0006112469437652812
johni martha,PER,1,johni martha,0.0,0.0012224938875305623,0.0006112469437652812
johnson,ORG,1,johnson,0.0,0.0012224938875305623,0.0006112469437652812
jonathan,PER,1,jonathan,0.0,0.0012224938875305623,0.0006112469437652812
jones,ORG,1,jones,0.0,0.0012224938875305623,0.0006112469437652812
jones,PRD,1,jones,0.0,0.0012224938875305623,0.0006112469437652812
jonnelle,PER,1,jonnelle,0.0,0.0012224938875305623,0.0006112469437652812
jonnelle marte maria eloisa capurro,PER,1,jonnelle marte maria eloisa capurro,0.0,0.0012224938875305623,0.0006112469437652812
josh wingrove,ORG,1,josh wingrove,0.0,0.0012224938875305623,0.0006112469437652812
josh wingrove,PER,1,josh wingrove,0.0,0.0012224938875305623,0.0006112469437652812
josie susilo,PER,1,josie susilo,0.0,0.0012224938875305623,0.0006112469437652812
josua,PER,1,josua,0.0,0.0012224938875305623,0.0006112469437652812
josua pardede,PER,1,josua pardede,0.0,0.0012224938875305623,0.0006112469437652812
journaldi jakarta,ORG,1,journaldi jakarta,0.0,0.0012224938875305623,0.0006112469437652812
jpmorgan,PRD,1,jpmorgan,0.0,0.0012224938875305623,0.0006112469437652812
jpmorgan chase co,ORG,1,jpmorgan chase co,0.0,0.0012224938875305623,0.0006112469437652812
judha,PER,1,judha,0.0,0.0012224938875305623,0.0006112469437652812
juli september,DAT,1,juli september,0.0,0.0012224938875305623,0.0006112469437652812
juliani,PER,1,juliani,0.0,0.0012224938875305623,0.0006112469437652812
juliani kusumaningrum,PER,1,juliani kusumaningrum,0.0,0.0012224938875305623,0.0006112469437652812
julyanto,ORG,1,julyanto,0.0,0.0012224938875305623,0.0006112469437652812
jum,PRD,1,jum,0.0,0.0012224938875305623,0.0006112469437652812
jum at maret,DAT,1,jum at maret,0.0,0.0012224938875305623,0.0006112469437652812
jumat advertisement,ORG,1,jumat advertisement,0.0,0.0012224938875305623,0.0006112469437652812
jumat april washington,DAT,1,jumat april washington,0.0,0.0012224938875305623,0.0006112469437652812
jumat februari,DAT,1,jumat februari,0.0,0.0012224938875305623,0.0006112469437652812
jumat ibc,DAT,1,jumat ibc,0.0,0.0012224938875305623,0.0006112469437652812
jumat juni,DAT,1,jumat juni,0.0,0.0012224938875305623,0.0006112469437652812
jumat mei scroll,DAT,1,jumat mei scroll,0.0,0.0012224938875305623,0.0006112469437652812
jumat oktober,DAT,1,jumat oktober,0.0,0.0012224938875305623,0.0006112469437652812
jumat september,DAT,1,jumat september,0.0,0.0012224938875305623,0.0006112469437652812
jumbo,ORG,1,jumbo,0.0,0.0012224938875305623,0.0006112469437652812
juni wib,DAT,1,juni wib,0.0,0.0012224938875305623,0.0006112469437652812
jurnalis cnbc indonesia,ORG,1,jurnalis cnbc indonesia,0.0,0.0012224938875305623,0.0006112469437652812
juru bicara gedung putih,ORG,1,juru bicara gedung putih,0.0,0.0012224938875305623,0.0006112469437652812
juru bicara gedung putihkaroline,ORG,1,juru bicara gedung putihkaroline,0.0,0.0012224938875305623,0.0006112469437652812
juru bicara kedutaan besar china,NOR,1,juru bicara kedutaan besar china,0.0,0.0012224938875305623,0.0006112469437652812
juru bicara kemenko perekonomian,NOR,1,juru bicara kemenko perekonomian,0.0,0.0012224938875305623,0.0006112469437652812
juru bicara kemenlu china kepala perdagangan uni eropa,NOR,1,juru bicara kemenlu china kepala perdagangan uni eropa,0.0,0.0012224938875305623,0.0006112469437652812
juru bicara kementerian luar negeri,NOR,1,juru bicara kementerian luar negeri,0.0,0.0012224938875305623,0.0006112469437652812
juru bicara kementerian luar negeri as,NOR,1,juru bicara kementerian luar negeri as,0.0,0.0012224938875305623,0.0006112469437652812
juru bicara kementerian luar negeri cina,NOR,1,juru bicara kementerian luar negeri cina,0.0,0.0012224938875305623,0.0006112469437652812
juru bicara kementerian luar negeri tiongkok,NOR,1,juru bicara kementerian luar negeri tiongkok,0.0,0.0012224938875305623,0.0006112469437652812
juru bicara kementerian luar negerichina,NOR,1,juru bicara kementerian luar negerichina,0.0,0.0012224938875305623,0.0006112469437652812
juru bicara kementerian perdagangan china,NOR,1,juru bicara kementerian perdagangan china,0.0,0.0012224938875305623,0.0006112469437652812
juru bicara walmart,ORG,1,juru bicara walmart,0.0,0.0012224938875305623,0.0006112469437652812
jus jeruk,PRD,1,jus jeruk,0.0,0.0012224938875305623,0.0006112469437652812
justice,ORG,1,justice,0.0,0.0012224938875305623,0.0006112469437652812
justin,ORG,1,justin,0.0,0.0012224938875305623,0.0006112469437652812
justin,PRD,1,justin,0.0,0.0012224938875305623,0.0006112469437652812
justin hotard,PER,1,justin hotard,0.0,0.0012224938875305623,0.0006112469437652812
justyna zabinska la monica,PER,1,justyna zabinska la monica,0.0,0.0012224938875305623,0.0006112469437652812
juta dolar as,MON,1,juta dolar as,0.0,0.0012224938875305623,0.0006112469437652812
juta franc swiss,MON,1,juta franc swiss,0.0,0.0012224938875305623,0.0006112469437652812
juta metrik ton,QTY,1,juta metrik ton,0.0,0.0012224938875305623,0.0006112469437652812
juta ton,ORG,1,juta ton,0.0,0.0012224938875305623,0.0006112469437652812
jyp,ORG,1,jyp,0.0,0.0012224938875305623,0.0006112469437652812
kabinet,NOR,1,kabinet,0.0,0.0012224938875305623,0.0006112469437652812
kabinet merah putih,NOR,1,kabinet merah putih,0.0,0.0012224938875305623,0.0006112469437652812
kabinetnya,NOR,1,kabinetnya,0.0,0.0012224938875305623,0.0006112469437652812
kabupaten bogor,GPE,1,kabupaten bogor,0.0,0.0012224938875305623,0.0006112469437652812
kacang kedelai,PRD,1,kacang kedelai,0.0,0.0012224938875305623,0.0006112469437652812
kadin,ORG,1,kadin,0.0,0.0012224938875305623,0.0006112469437652812
kakao new york,PRD,1,kakao new york,0.0,0.0012224938875305623,0.0006112469437652812
kalla,PER,1,kalla,0.0,0.0012224938875305623,0.0006112469437652812
kallamengatakan,PER,1,kallamengatakan,0.0,0.0012224938875305623,0.0006112469437652812
kamar dagang dan industri indonesia kadin,NOR,1,kamar dagang dan industri indonesia kadin,0.0,0.0012224938875305623,0.0006112469437652812
kamerun,GPE,1,kamerun,0.0,0.0012224938875305623,0.0006112469437652812
kamis februari wib,DAT,1,kamis februari wib,0.0,0.0012224938875305623,0.0006112469437652812
kamis januari,DAT,1,kamis januari,0.0,0.0012224938875305623,0.0006112469437652812
kamis juni wib,DAT,1,kamis juni wib,0.0,0.0012224938875305623,0.0006112469437652812
kamis maret,DAT,1,kamis maret,0.0,0.0012224938875305623,0.0006112469437652812
kamis maret wib,DAT,1,kamis maret wib,0.0,0.0012224938875305623,0.0006112469437652812
kamis mei,DAT,1,kamis mei,0.0,0.0012224938875305623,0.0006112469437652812
kamis thailand,DAT,1,kamis thailand,0.0,0.0012224938875305623,0.0006112469437652812
kampanye pemilihan presiden amerika serikat,EVT,1,kampanye pemilihan presiden amerika serikat,0.0,0.0012224938875305623,0.0006112469437652812
kampanye pemilihan presiden as pilpres,EVT,1,kampanye pemilihan presiden as pilpres,0.0,0.0012224938875305623,0.0006112469437652812
kampanye pilpres as,EVT,1,kampanye pilpres as,0.0,0.0012224938875305623,0.0006112469437652812
kampung shein,GPE,1,kampung shein,0.0,0.0012224938875305623,0.0006112469437652812
kampung shein,ORG,1,kampung shein,0.0,0.0012224938875305623,0.0006112469437652812
kampus abm adadimalang com,ORG,1,kampus abm adadimalang com,0.0,0.0012224938875305623,0.0006112469437652812
kampus headquarters,LOC,1,kampus headquarters,0.0,0.0012224938875305623,0.0006112469437652812
kanada chile,GPE,1,kanada chile,0.0,0.0012224938875305623,0.0006112469437652812
kanada china,GPE,1,kanada china,0.0,0.0012224938875305623,0.0006112469437652812
kanada meksiko,GPE,1,kanada meksiko,0.0,0.0012224938875305623,0.0006112469437652812
kanan,NOR,1,kanan,0.0,0.0012224938875305623,0.0006112469437652812
kanselir baru,NOR,1,kanselir baru,0.0,0.0012224938875305623,0.0006112469437652812
kanselir jerman,NOR,1,kanselir jerman,0.0,0.0012224938875305623,0.0006112469437652812
kantor berita,ORG,1,kantor berita,0.0,0.0012224938875305623,0.0006112469437652812
kantor berita afp,ORG,1,kantor berita afp,0.0,0.0012224938875305623,0.0006112469437652812
kantor berita politik,ORG,1,kantor berita politik,0.0,0.0012224938875305623,0.0006112469437652812
kantor berita reuters,ORG,1,kantor berita reuters,0.0,0.0012224938875305623,0.0006112469437652812
kantor beritaafp,ORG,1,kantor beritaafp,0.0,0.0012224938875305623,0.0006112469437652812
kantor dagang as,NOR,1,kantor dagang as,0.0,0.0012224938875305623,0.0006112469437652812
kantor ekonom bank mandiri,ORG,1,kantor ekonom bank mandiri,0.0,0.0012224938875305623,0.0006112469437652812
kantor kabinet jepang,ORG,1,kantor kabinet jepang,0.0,0.0012224938875305623,0.0006112469437652812
kantor kemenko perekonomian,LOC,1,kantor kemenko perekonomian,0.0,0.0012224938875305623,0.0006112469437652812
kantor kementerian perdagangan,NOR,1,kantor kementerian perdagangan,0.0,0.0012224938875305623,0.0006112469437652812
kantor perdana,ORG,1,kantor perdana,0.0,0.0012224938875305623,0.0006112469437652812
kantor perwakilan,ORG,1,kantor perwakilan,0.0,0.0012224938875305623,0.0006112469437652812
kantor perwakilan dagang amerika serikat as,NOR,1,kantor perwakilan dagang amerika serikat as,0.0,0.0012224938875305623,0.0006112469437652812
kantor perwakilan dagang amerika serikat ustr,ORG,1,kantor perwakilan dagang amerika serikat ustr,0.0,0.0012224938875305623,0.0006112469437652812
kantor perwakilan dagang as,NOR,1,kantor perwakilan dagang as,0.0,0.0012224938875305623,0.0006112469437652812
kantor perwakilan wilayah bi banda,ORG,1,kantor perwakilan wilayah bi banda,0.0,0.0012224938875305623,0.0006112469437652812
kantor pusat,LOC,1,kantor pusat,0.0,0.0012224938875305623,0.0006112469437652812
kaos,PRD,1,kaos,0.0,0.0012224938875305623,0.0006112469437652812
kapabilitas,ORG,1,kapabilitas,0.0,0.0012224938875305623,0.0006112469437652812
kapal kargo,PRD,1,kapal kargo,0.0,0.0012224938875305623,0.0006112469437652812
kapal selam bertenaga nuklir,PRD,1,kapal selam bertenaga nuklir,0.0,0.0012224938875305623,0.0006112469437652812
karbon,PRD,1,karbon,0.0,0.0012224938875305623,0.0006112469437652812
karibia,GPE,1,karibia,0.0,0.0012224938875305623,0.0006112469437652812
karim,PER,1,karim,0.0,0.0012224938875305623,0.0006112469437652812
karimi,ORG,1,karimi,0.0,0.0012224938875305623,0.0006112469437652812
karimi,PER,1,karimi,0.0,0.0012224938875305623,0.0006112469437652812
karin keller sutter,PER,1,karin keller sutter,0.0,0.0012224938875305623,0.0006112469437652812
karoline,PER,1,karoline,0.0,0.0012224938875305623,0.0006112469437652812
kartiwa sastraatmadja,PER,1,kartiwa sastraatmadja,0.0,0.0012224938875305623,0.0006112469437652812
kartu grafis,PRD,1,kartu grafis,0.0,0.0012224938875305623,0.0006112469437652812
kartu grafis premium bikinan,PRD,1,kartu grafis premium bikinan,0.0,0.0012224938875305623,0.0006112469437652812
kartu sakti,PRD,1,kartu sakti,0.0,0.0012224938875305623,0.0006112469437652812
kasia klimasinska bloomberg news bloomberg,ORG,1,kasia klimasinska bloomberg news bloomberg,0.0,0.0012224938875305623,0.0006112469437652812
kasman,PER,1,kasman,0.0,0.0012224938875305623,0.0006112469437652812
kata,PER,1,kata,0.0,0.0012224938875305623,0.0006112469437652812
kate barton,PER,1,kate barton,0.0,0.0012224938875305623,0.0006112469437652812
katharine gemmell,PER,1,katharine gemmell,0.0,0.0012224938875305623,0.0006112469437652812
kathleen quirk,PER,1,kathleen quirk,0.0,0.0012224938875305623,0.0006112469437652812
katie,PER,1,katie,0.0,0.0012224938875305623,0.0006112469437652812
katsunobu kato,PER,1,katsunobu kato,0.0,0.0012224938875305623,0.0006112469437652812
kaukus,NOR,1,kaukus,0.0,0.0012224938875305623,0.0006112469437652812
kaur radarkaur co id,ORG,1,kaur radarkaur co id,0.0,0.0012224938875305623,0.0006112469437652812
kautsar primadi,PER,1,kautsar primadi,0.0,0.0012224938875305623,0.0006112469437652812
kawasaki,PRD,1,kawasaki,0.0,0.0012224938875305623,0.0006112469437652812
kawasan batang jawa,LOC,1,kawasan batang jawa,0.0,0.0012224938875305623,0.0006112469437652812
kawasan serpong tangerang,LOC,1,kawasan serpong tangerang,0.0,0.0012224938875305623,0.0006112469437652812
kbs,ORG,1,kbs,0.0,0.0012224938875305623,0.0006112469437652812
kebijakan bi,PRD,1,kebijakan bi,0.0,0.0012224938875305623,0.0006112469437652812
kecerdasan buatan,PRD,1,kecerdasan buatan,0.0,0.0012224938875305623,0.0006112469437652812
kedelai berjangka,PRD,1,kedelai berjangka,0.0,0.0012224938875305623,0.0006112469437652812
keduadonald,ORD,1,keduadonald,0.0,0.0012224938875305623,0.0006112469437652812
kedutaan besar,NOR,1,kedutaan besar,0.0,0.0012224938875305623,0.0006112469437652812
kedutaan besar as,NOR,1,kedutaan besar as,0.0,0.0012224938875305623,0.0006112469437652812
kedutaan besar as washington,NOR,1,kedutaan besar as washington,0.0,0.0012224938875305623,0.0006112469437652812
kedutaan besar china,NOR,1,kedutaan besar china,0.0,0.0012224938875305623,0.0006112469437652812
kedutaan besar tiongkok,NOR,1,kedutaan besar tiongkok,0.0,0.0012224938875305623,0.0006112469437652812
keempat,CRD,1,keempat,0.0,0.0012224938875305623,0.0006112469437652812
keimigrasian,NOR,1,keimigrasian,0.0,0.0012224938875305623,0.0006112469437652812
keir starmer,PER,1,keir starmer,0.0,0.0012224938875305623,0.0006112469437652812
keir starmer antonio costa,PER,1,keir starmer antonio costa,0.0,0.0012224938875305623,0.0006112469437652812
kekayaan,EVT,1,kekayaan,0.0,0.0012224938875305623,0.0006112469437652812
kelapa,ORG,1,kelapa,0.0,0.0012224938875305623,0.0006112469437652812
kelapa sawit indonesia gapki,NOR,1,kelapa sawit indonesia gapki,0.0,0.0012224938875305623,0.0006112469437652812
kelly ann shaw,PER,1,kelly ann shaw,0.0,0.0012224938875305623,0.0006112469437652812
kelompok,ORG,1,kelompok,0.0,0.0012224938875305623,0.0006112469437652812
kemayoran,ORG,1,kemayoran,0.0,0.0012224938875305623,0.0006112469437652812
kemendag jakarta,NOR,1,kemendag jakarta,0.0,0.0012224938875305623,0.0006112469437652812
kemenko,ORG,1,kemenko,0.0,0.0012224938875305623,0.0006112469437652812
kemenko perekonomian,NOR,1,kemenko perekonomian,0.0,0.0012224938875305623,0.0006112469437652812
kemenko perekonomian jakarta pusat,NOR,1,kemenko perekonomian jakarta pusat,0.0,0.0012224938875305623,0.0006112469437652812
kemenlu as,NOR,1,kemenlu as,0.0,0.0012224938875305623,0.0006112469437652812
kementerian ekonomi,NOR,1,kementerian ekonomi,0.0,0.0012224938875305623,0.0006112469437652812
kementerian energi,NOR,1,kementerian energi,0.0,0.0012224938875305623,0.0006112469437652812
kementerian energi dan sumber,NOR,1,kementerian energi dan sumber,0.0,0.0012224938875305623,0.0006112469437652812
kementerian investasi dan hilirisasi,NOR,1,kementerian investasi dan hilirisasi,0.0,0.0012224938875305623,0.0006112469437652812
kementerian kelautan dan perikanan kkp ri,NOR,1,kementerian kelautan dan perikanan kkp ri,0.0,0.0012224938875305623,0.0006112469437652812
kementerian ketenagakerjaan,NOR,1,kementerian ketenagakerjaan,0.0,0.0012224938875305623,0.0006112469437652812
kementerian keuangan as,ORG,1,kementerian keuangan as,0.0,0.0012224938875305623,0.0006112469437652812
kementerian koordinator,NOR,1,kementerian koordinator,0.0,0.0012224938875305623,0.0006112469437652812
kementerian koordinator bidang,NOR,1,kementerian koordinator bidang,0.0,0.0012224938875305623,0.0006112469437652812
kementerian koordinator bidang perekonomian jakarta,NOR,1,kementerian koordinator bidang perekonomian jakarta,0.0,0.0012224938875305623,0.0006112469437652812
kementerian lembaga,NOR,1,kementerian lembaga,0.0,0.0012224938875305623,0.0006112469437652812
kementerian luar negeri,NOR,1,kementerian luar negeri,0.0,0.0012224938875305623,0.0006112469437652812
kementerian luar negeri amerika serikat,NOR,1,kementerian luar negeri amerika serikat,0.0,0.0012224938875305623,0.0006112469437652812
kementerian luar negeri dan perdagangan,NOR,1,kementerian luar negeri dan perdagangan,0.0,0.0012224938875305623,0.0006112469437652812
kementerian luar negeri indonesia,NOR,1,kementerian luar negeri indonesia,0.0,0.0012224938875305623,0.0006112469437652812
kementerian luar negeri kemenlu,NOR,1,kementerian luar negeri kemenlu,0.0,0.0012224938875305623,0.0006112469437652812
kementerian luar negeri ri,NOR,1,kementerian luar negeri ri,0.0,0.0012224938875305623,0.0006112469437652812
kementerian perdagangan as,NOR,1,kementerian perdagangan as,0.0,0.0012224938875305623,0.0006112469437652812
kementerian perdagangan dan,NOR,1,kementerian perdagangan dan,0.0,0.0012224938875305623,0.0006112469437652812
kementerian perdagangan ri,NOR,1,kementerian perdagangan ri,0.0,0.0012224938875305623,0.0006112469437652812
kementerian perdagangan ri amerika serikat,NOR,1,kementerian perdagangan ri amerika serikat,0.0,0.0012224938875305623,0.0006112469437652812
kementerian perdagangan vietnam,NOR,1,kementerian perdagangan vietnam,0.0,0.0012224938875305623,0.0006112469437652812
kementerian perindustrian,NOR,1,kementerian perindustrian,0.0,0.0012224938875305623,0.0006112469437652812
kementerian perindustrian kemenperin,NOR,1,kementerian perindustrian kemenperin,0.0,0.0012224938875305623,0.0006112469437652812
kementerian pertahanan,NOR,1,kementerian pertahanan,0.0,0.0012224938875305623,0.0006112469437652812
kementerianesdmberperan,NOR,1,kementerianesdmberperan,0.0,0.0012224938875305623,0.0006112469437652812
kementrian esdm,NOR,1,kementrian esdm,0.0,0.0012224938875305623,0.0006112469437652812
kemerdekaan,EVT,1,kemerdekaan,0.0,0.0012224938875305623,0.0006112469437652812
kendal,GPE,1,kendal,0.0,0.0012224938875305623,0.0006112469437652812
kendaraan listrik,PRD,1,kendaraan listrik,0.0,0.0012224938875305623,0.0006112469437652812
keneutralannya,PER,1,keneutralannya,0.0,0.0012224938875305623,0.0006112469437652812
kentucky,GPE,1,kentucky,0.0,0.0012224938875305623,0.0006112469437652812
kepala analis,ORG,1,kepala analis,0.0,0.0012224938875305623,0.0006112469437652812
kepala badan,NOR,1,kepala badan,0.0,0.0012224938875305623,0.0006112469437652812
kepala bea cukai,NOR,1,kepala bea cukai,0.0,0.0012224938875305623,0.0006112469437652812
kepala bps amalia,ORG,1,kepala bps amalia,0.0,0.0012224938875305623,0.0006112469437652812
kepala departemen kebijakan pajak kementerian keuangan vietnam,NOR,1,kepala departemen kebijakan pajak kementerian keuangan vietnam,0.0,0.0012224938875305623,0.0006112469437652812
kepala departemen komunikasi bi,NOR,1,kepala departemen komunikasi bi,0.0,0.0012224938875305623,0.0006112469437652812
kepala departemen pengelolaan moneter bank indonesia bi,ORG,1,kepala departemen pengelolaan moneter bank indonesia bi,0.0,0.0012224938875305623,0.0006112469437652812
kepala ekonom bank mandiri,ORG,1,kepala ekonom bank mandiri,0.0,0.0012224938875305623,0.0006112469437652812
kepala ekonom global jpmorgan,ORG,1,kepala ekonom global jpmorgan,0.0,0.0012224938875305623,0.0006112469437652812
kepala ekonom grup bank dunia indermit,ORG,1,kepala ekonom grup bank dunia indermit,0.0,0.0012224938875305623,0.0006112469437652812
kepala ekonom permata bank,ORG,1,kepala ekonom permata bank,0.0,0.0012224938875305623,0.0006112469437652812
kepala eksekutif toyota,ORG,1,kepala eksekutif toyota,0.0,0.0012224938875305623,0.0006112469437652812
kepala kantor pelayanan utama kpu bea cukai batam,NOR,1,kepala kantor pelayanan utama kpu bea cukai batam,0.0,0.0012224938875305623,0.0006112469437652812
kepala negara as,NOR,1,kepala negara as,0.0,0.0012224938875305623,0.0006112469437652812
kepala organisasi perdagangan dunia wto,NOR,1,kepala organisasi perdagangan dunia wto,0.0,0.0012224938875305623,0.0006112469437652812
kepala pabrik pohon natal,ORG,1,kepala pabrik pohon natal,0.0,0.0012224938875305623,0.0006112469437652812
kepala pusat industri perdagangan dan investasi institute for development of economics and finance indef,ORG,1,kepala pusat industri perdagangan dan investasi institute for development of economics and finance indef,0.0,0.0012224938875305623,0.0006112469437652812
kepala sekretaris kabinet jepang,NOR,1,kepala sekretaris kabinet jepang,0.0,0.0012224938875305623,0.0006112469437652812
kepalang,NOR,1,kepalang,0.0,0.0012224938875305623,0.0006112469437652812
kepemilikan asing,LAW,1,kepemilikan asing,0.0,0.0012224938875305623,0.0006112469437652812
kepemimpinan,ORG,1,kepemimpinan,0.0,0.0012224938875305623,0.0006112469437652812
kepulauan,GPE,1,kepulauan,0.0,0.0012224938875305623,0.0006112469437652812
kepulauan heard,LOC,1,kepulauan heard,0.0,0.0012224938875305623,0.0006112469437652812
kepulauan mcdonalds,LOC,1,kepulauan mcdonalds,0.0,0.0012224938875305623,0.0006112469437652812
kepulauan virgin inggris,MON,1,kepulauan virgin inggris,0.0,0.0012224938875305623,0.0006112469437652812
keputusan presiden nomor tahun danantara,LAW,1,keputusan presiden nomor tahun danantara,0.0,0.0012224938875305623,0.0006112469437652812
kerajaan,NOR,1,kerajaan,0.0,0.0012224938875305623,0.0006112469437652812
kerajaan,ORG,1,kerajaan,0.0,0.0012224938875305623,0.0006112469437652812
kerajinan indonesia,ORG,1,kerajinan indonesia,0.0,0.0012224938875305623,0.0006112469437652812
kerangan,PRD,1,kerangan,0.0,0.0012224938875305623,0.0006112469437652812
kerja sama bilateral,EVT,1,kerja sama bilateral,0.0,0.0012224938875305623,0.0006112469437652812
kertas furnitur,PRD,1,kertas furnitur,0.0,0.0012224938875305623,0.0006112469437652812
kesehatan,LAW,1,kesehatan,0.0,0.0012224938875305623,0.0006112469437652812
ketebalan,PRD,1,ketebalan,0.0,0.0012224938875305623,0.0006112469437652812
ketenagakerjaan,PRD,1,ketenagakerjaan,0.0,0.0012224938875305623,0.0006112469437652812
ketigaamerika,ORD,1,ketigaamerika,0.0,0.0012224938875305623,0.0006112469437652812
ketua amcham china,ORG,1,ketua amcham china,0.0,0.0012224938875305623,0.0006112469437652812
ketua asean,NOR,1,ketua asean,0.0,0.0012224938875305623,0.0006112469437652812
ketua bank,ORG,1,ketua bank,0.0,0.0012224938875305623,0.0006112469437652812
ketua dewan pengawas,NOR,1,ketua dewan pengawas,0.0,0.0012224938875305623,0.0006112469437652812
ketua federal reserve the fed fed,ORG,1,ketua federal reserve the fed fed,0.0,0.0012224938875305623,0.0006112469437652812
ketua indonesia mining energi forum imef,ORG,1,ketua indonesia mining energi forum imef,0.0,0.0012224938875305623,0.0006112469437652812
ketua indonesia mining energy forum imef,ORG,1,ketua indonesia mining energy forum imef,0.0,0.0012224938875305623,0.0006112469437652812
ketua kamar dagang dan industri kadin indonesia,NOR,1,ketua kamar dagang dan industri kadin indonesia,0.0,0.0012224938875305623,0.0006112469437652812
ketua program studi feb ub,ORG,1,ketua program studi feb ub,0.0,0.0012224938875305623,0.0006112469437652812
ketua the fedjerome,ORG,1,ketua the fedjerome,0.0,0.0012224938875305623,0.0006112469437652812
ketua umum,ORG,1,ketua umum,0.0,0.0012224938875305623,0.0006112469437652812
ketua umum asosiasi pengusaha indonesia apindo,ORG,1,ketua umum asosiasi pengusaha indonesia apindo,0.0,0.0012224938875305623,0.0006112469437652812
ketua umum asosiasi pertekstilan indonesia,ORG,1,ketua umum asosiasi pertekstilan indonesia,0.0,0.0012224938875305623,0.0006112469437652812
ketua umum asosiasi produsen serat dan benang filament indonesia,ORG,1,ketua umum asosiasi produsen serat dan benang filament indonesia,0.0,0.0012224938875305623,0.0006112469437652812
ketua umum bidang kebijakan publik,ORG,1,ketua umum bidang kebijakan publik,0.0,0.0012224938875305623,0.0006112469437652812
ketua umum gapki,NOR,1,ketua umum gapki,0.0,0.0012224938875305623,0.0006112469437652812
ketua umum ketum partai golkarbahlil,NOR,1,ketua umum ketum partai golkarbahlil,0.0,0.0012224938875305623,0.0006112469437652812
ketua umum sedulur kayu dan mebel sekabel,ORG,1,ketua umum sedulur kayu dan mebel sekabel,0.0,0.0012224938875305623,0.0006112469437652812
keunggulan,ORG,1,keunggulan,0.0,0.0012224938875305623,0.0006112469437652812
kevin carter,PER,1,kevin carter,0.0,0.0012224938875305623,0.0006112469437652812
kevin hassett,PER,1,kevin hassett,0.0,0.0012224938875305623,0.0006112469437652812
khairul fahmi,PER,1,khairul fahmi,0.0,0.0012224938875305623,0.0006112469437652812
khusus,ORG,1,khusus,0.0,0.0012224938875305623,0.0006112469437652812
kic,ORG,1,kic,0.0,0.0012224938875305623,0.0006112469437652812
kim,PER,1,kim,0.0,0.0012224938875305623,0.0006112469437652812
kiri,NOR,1,kiri,0.0,0.0012224938875305623,0.0006112469437652812
kismis,ORG,1,kismis,0.0,0.0012224938875305623,0.0006112469437652812
kkp jakarta,ORG,1,kkp jakarta,0.0,0.0012224938875305623,0.0006112469437652812
klaten,GPE,1,klaten,0.0,0.0012224938875305623,0.0006112469437652812
klein pvh corp,ORG,1,klein pvh corp,0.0,0.0012224938875305623,0.0006112469437652812
klub,LOC,1,klub,0.0,0.0012224938875305623,0.0006112469437652812
kneks,NOR,1,kneks,0.0,0.0012224938875305623,0.0006112469437652812
kneks,ORG,1,kneks,0.0,0.0012224938875305623,0.0006112469437652812
kobe huang,PER,1,kobe huang,0.0,0.0012224938875305623,0.0006112469437652812
kode hs digit,PRD,1,kode hs digit,0.0,0.0012224938875305623,0.0006112469437652812
kode qr bi,PRD,1,kode qr bi,0.0,0.0012224938875305623,0.0006112469437652812
koin,PRD,1,koin,0.0,0.0012224938875305623,0.0006112469437652812
koji sato,PER,1,koji sato,0.0,0.0012224938875305623,0.0006112469437652812
komatsu,ORG,1,komatsu,0.0,0.0012224938875305623,0.0006112469437652812
komisi pemilihan umum,NOR,1,komisi pemilihan umum,0.0,0.0012224938875305623,0.0006112469437652812
komisi vi dpr,NOR,1,komisi vi dpr,0.0,0.0012224938875305623,0.0006112469437652812
komisi vi dpr ri,NOR,1,komisi vi dpr ri,0.0,0.0012224938875305623,0.0006112469437652812
komisi vii dpr ri,NOR,1,komisi vii dpr ri,0.0,0.0012224938875305623,0.0006112469437652812
komisi xi,NOR,1,komisi xi,0.0,0.0012224938875305623,0.0006112469437652812
komisi xii dpr,NOR,1,komisi xii dpr,0.0,0.0012224938875305623,0.0006112469437652812
komisioner,NOR,1,komisioner,0.0,0.0012224938875305623,0.0006112469437652812
komisioner perdagangan uni eropa,NOR,1,komisioner perdagangan uni eropa,0.0,0.0012224938875305623,0.0006112469437652812
komisioner perdagangan uni eropa ue,NOR,1,komisioner perdagangan uni eropa ue,0.0,0.0012224938875305623,0.0006112469437652812
komite,NOR,1,komite,0.0,0.0012224938875305623,0.0006112469437652812
komite nasional ekonomi dan keuangan syariah kneks,ORG,1,komite nasional ekonomi dan keuangan syariah kneks,0.0,0.0012224938875305623,0.0006112469437652812
komite stabilitas sistem,ORG,1,komite stabilitas sistem,0.0,0.0012224938875305623,0.0006112469437652812
komite stabilitas sistem keuangan,ORG,1,komite stabilitas sistem keuangan,0.0,0.0012224938875305623,0.0006112469437652812
kompas badan pusat statistik,ORG,1,kompas badan pusat statistik,0.0,0.0012224938875305623,0.0006112469437652812
kompas bank indonesia,ORG,1,kompas bank indonesia,0.0,0.0012224938875305623,0.0006112469437652812
kompas com,PRD,1,kompas com,0.0,0.0012224938875305623,0.0006112469437652812
kompas com adidas,ORG,1,kompas com adidas,0.0,0.0012224938875305623,0.0006112469437652812
kompas com bank indonesia bi,ORG,1,kompas com bank indonesia bi,0.0,0.0012224938875305623,0.0006112469437652812
kompas com indonesia,ORG,1,kompas com indonesia,0.0,0.0012224938875305623,0.0006112469437652812
kompas com smartphonealias,PRD,1,kompas com smartphonealias,0.0,0.0012224938875305623,0.0006112469437652812
kompas dana moneter internasional,ORG,1,kompas dana moneter internasional,0.0,0.0012224938875305623,0.0006112469437652812
kompas indonesia,ORG,1,kompas indonesia,0.0,0.0012224938875305623,0.0006112469437652812
kompas pemerintah,ORG,1,kompas pemerintah,0.0,0.0012224938875305623,0.0006112469437652812
kompas saham bank bank badan usaha milik negara,ORG,1,kompas saham bank bank badan usaha milik negara,0.0,0.0012224938875305623,0.0006112469437652812
kompas tv china,ORG,1,kompas tv china,0.0,0.0012224938875305623,0.0006112469437652812
kompleks istana kepresidenan jakarta pusat,LOC,1,kompleks istana kepresidenan jakarta pusat,0.0,0.0012224938875305623,0.0006112469437652812
komponengadgetdan,PRD,1,komponengadgetdan,0.0,0.0012224938875305623,0.0006112469437652812
komputer,MON,1,komputer,0.0,0.0012224938875305623,0.0006112469437652812
komputer baterai kamera motor,PRD,1,komputer baterai kamera motor,0.0,0.0012224938875305623,0.0006112469437652812
komunitas crypto,ORG,1,komunitas crypto,0.0,0.0012224938875305623,0.0006112469437652812
kon,ORG,1,kon,0.0,0.0012224938875305623,0.0006112469437652812
konferensi dana moneter internasional imf,EVT,1,konferensi dana moneter internasional imf,0.0,0.0012224938875305623,0.0006112469437652812
konferensi keamanan,EVT,1,konferensi keamanan,0.0,0.0012224938875305623,0.0006112469437652812
konferensi konsumen,EVT,1,konferensi konsumen,0.0,0.0012224938875305623,0.0006112469437652812
konferensi perdagangan dan pembangunan pbb unctad,NOR,1,konferensi perdagangan dan pembangunan pbb unctad,0.0,0.0012224938875305623,0.0006112469437652812
konferensi permusyawarakatan politik rakyat tiongkok shenzen,EVT,1,konferensi permusyawarakatan politik rakyat tiongkok shenzen,0.0,0.0012224938875305623,0.0006112469437652812
konferensi pers apbn kita,EVT,1,konferensi pers apbn kita,0.0,0.0012224938875305623,0.0006112469437652812
konferensi pers daring,EVT,1,konferensi pers daring,0.0,0.0012224938875305623,0.0006112469437652812
konferensi pers jumat,EVT,1,konferensi pers jumat,0.0,0.0012224938875305623,0.0006112469437652812
konferensi pers kamis penjualanunilever indonesiamemang,EVT,1,konferensi pers kamis penjualanunilever indonesiamemang,0.0,0.0012224938875305623,0.0006112469437652812
konferensi pers komite,EVT,1,konferensi pers komite,0.0,0.0012224938875305623,0.0006112469437652812
konferensi pers komite stabilitas sistem keuangan kssk,EVT,1,konferensi pers komite stabilitas sistem keuangan kssk,0.0,0.0012224938875305623,0.0006112469437652812
konferensi tingkat tinggi,EVT,1,konferensi tingkat tinggi,0.0,0.0012224938875305623,0.0006112469437652812
konferensi tingkat tinggi apec,EVT,1,konferensi tingkat tinggi apec,0.0,0.0012224938875305623,0.0006112469437652812
kong,ORG,1,kong,0.0,0.0012224938875305623,0.0006112469437652812
konglomerat tp rachmat pt dharma polimetal tbk,ORG,1,konglomerat tp rachmat pt dharma polimetal tbk,0.0,0.0012224938875305623,0.0006112469437652812
kongo,GPE,1,kongo,0.0,0.0012224938875305623,0.0006112469437652812
kongres as,NOR,1,kongres as,0.0,0.0012224938875305623,0.0006112469437652812
kongres as us capitol washington dc,LOC,1,kongres as us capitol washington dc,0.0,0.0012224938875305623,0.0006112469437652812
konsul jenderal republik rakyat cina,NOR,1,konsul jenderal republik rakyat cina,0.0,0.0012224938875305623,0.0006112469437652812
konsulat as,NOR,1,konsulat as,0.0,0.0012224938875305623,0.0006112469437652812
kontan co id,PRD,1,kontan co id,0.0,0.0012224938875305623,0.0006112469437652812
kontan co id jakarta,ORG,1,kontan co id jakarta,0.0,0.0012224938875305623,0.0006112469437652812
koordinator perekonomian,ORG,1,koordinator perekonomian,0.0,0.0012224938875305623,0.0006112469437652812
kopenhagen,PER,1,kopenhagen,0.0,0.0012224938875305623,0.0006112469437652812
koperasi mahasiswa kopma padang,ORG,1,koperasi mahasiswa kopma padang,0.0,0.0012224938875305623,0.0006112469437652812
kopma fair session,EVT,1,kopma fair session,0.0,0.0012224938875305623,0.0006112469437652812
korea first solar inc,ORG,1,korea first solar inc,0.0,0.0012224938875305623,0.0006112469437652812
korea selatan,MON,1,korea selatan,0.0,0.0012224938875305623,0.0006112469437652812
korea selatanpada,GPE,1,korea selatanpada,0.0,0.0012224938875305623,0.0006112469437652812
korea utara,GPE,1,korea utara,0.0,0.0012224938875305623,0.0006112469437652812
korporasi ekonomi,ORG,1,korporasi ekonomi,0.0,0.0012224938875305623,0.0006112469437652812
korsel,EVT,1,korsel,0.0,0.0012224938875305623,0.0006112469437652812
korsel,ORG,1,korsel,0.0,0.0012224938875305623,0.0006112469437652812
kostas,PER,1,kostas,0.0,0.0012224938875305623,0.0006112469437652812
kpler,ORG,1,kpler,0.0,0.0012224938875305623,0.0006112469437652812
kpmg,ORG,1,kpmg,0.0,0.0012224938875305623,0.0006112469437652812
kppu,ORG,1,kppu,0.0,0.0012224938875305623,0.0006112469437652812
krakow university of economics,ORG,1,krakow university of economics,0.0,0.0012224938875305623,0.0006112469437652812
kreator,ORG,1,kreator,0.0,0.0012224938875305623,0.0006112469437652812
kremlin,ORG,1,kremlin,0.0,0.0012224938875305623,0.0006112469437652812
kripto,NOR,1,kripto,0.0,0.0012224938875305623,0.0006112469437652812
kripto as,PRD,1,kripto as,0.0,0.0012224938875305623,0.0006112469437652812
kripto bitcoin,PRD,1,kripto bitcoin,0.0,0.0012224938875305623,0.0006112469437652812
kris,PRD,1,kris,0.0,0.0012224938875305623,0.0006112469437652812
krishna,ORG,1,krishna,0.0,0.0012224938875305623,0.0006112469437652812
krismon,MON,1,krismon,0.0,0.0012224938875305623,0.0006112469437652812
kristalina,PER,1,kristalina,0.0,0.0012224938875305623,0.0006112469437652812
krugman,ORG,1,krugman,0.0,0.0012224938875305623,0.0006112469437652812
krugman,PER,1,krugman,0.0,0.0012224938875305623,0.0006112469437652812
kssk,NOR,1,kssk,0.0,0.0012224938875305623,0.0006112469437652812
kssk,ORG,1,kssk,0.0,0.0012224938875305623,0.0006112469437652812
ktt,PRD,1,ktt,0.0,0.0012224938875305623,0.0006112469437652812
ktt perhimpunan,EVT,1,ktt perhimpunan,0.0,0.0012224938875305623,0.0006112469437652812
kttaseanpada,EVT,1,kttaseanpada,0.0,0.0012224938875305623,0.0006112469437652812
kuala,ORG,1,kuala,0.0,0.0012224938875305623,0.0006112469437652812
kuala lumpur,NOR,1,kuala lumpur,0.0,0.0012224938875305623,0.0006112469437652812
kuartal,ORG,1,kuartal,0.0,0.0012224938875305623,0.0006112469437652812
kuasa,ORG,1,kuasa,0.0,0.0012224938875305623,0.0006112469437652812
kuasa usaha ad interim kedutaan besar as,NOR,1,kuasa usaha ad interim kedutaan besar as,0.0,0.0012224938875305623,0.0006112469437652812
kubaselain,GPE,1,kubaselain,0.0,0.0012224938875305623,0.0006112469437652812
kubupro competition,ORG,1,kubupro competition,0.0,0.0012224938875305623,0.0006112469437652812
kumparan halal forum jakarta selatan,EVT,1,kumparan halal forum jakarta selatan,0.0,0.0012224938875305623,0.0006112469437652812
induk usaha,ORG,1,induk usaha,0.0,0.0012224938875305623,0.0006112469437652812
kuntum,ORG,1,kuntum,0.0,0.0012224938875305623,0.0006112469437652812
kurniawan irma tambunan,PER,1,kurniawan irma tambunan,0.0,0.0012224938875305623,0.0006112469437652812
kurs,MON,1,kurs,0.0,0.0012224938875305623,0.0006112469437652812
kusno,PER,1,kusno,0.0,0.0012224938875305623,0.0006112469437652812
kuwait,GPE,1,kuwait,0.0,0.0012224938875305623,0.0006112469437652812
kva,PRD,1,kva,0.0,0.0012224938875305623,0.0006112469437652812
kw,PRD,1,kw,0.0,0.0012224938875305623,0.0006112469437652812
kyle,PER,1,kyle,0.0,0.0012224938875305623,0.0006112469437652812
kyushu,ORG,1,kyushu,0.0,0.0012224938875305623,0.0006112469437652812
la,PER,1,la,0.0,0.0012224938875305623,0.0006112469437652812
laboratorium,PRD,1,laboratorium,0.0,0.0012224938875305623,0.0006112469437652812
laffer,PER,1,laffer,0.0,0.0012224938875305623,0.0006112469437652812
laken,LAW,1,laken,0.0,0.0012224938875305623,0.0006112469437652812
lam,PER,1,lam,0.0,0.0012224938875305623,0.0006112469437652812
lamanchannel news asia,ORG,1,lamanchannel news asia,0.0,0.0012224938875305623,0.0006112469437652812
lamborghini,ORG,1,lamborghini,0.0,0.0012224938875305623,0.0006112469437652812
lampu kuning biru,PRD,1,lampu kuning biru,0.0,0.0012224938875305623,0.0006112469437652812
lampu kuning merah,PRD,1,lampu kuning merah,0.0,0.0012224938875305623,0.0006112469437652812
lampung,GPE,1,lampung,0.0,0.0012224938875305623,0.0006112469437652812
lanka,GPE,1,lanka,0.0,0.0012224938875305623,0.0006112469437652812
ace,PER,1,ace,0.0,0.0012224938875305623,0.0006112469437652812
ace hasan syadzily,PER,1,ace hasan syadzily,0.0,0.0012224938875305623,0.0006112469437652812
laptop modular,PRD,1,laptop modular,0.0,0.0012224938875305623,0.0006112469437652812
laptop perangkat penyimpanan data peralatan pengolah data otomatis semikonduktor chip memori,PRD,1,laptop perangkat penyimpanan data peralatan pengolah data otomatis semikonduktor chip memori,0.0,0.0012224938875305623,0.0006112469437652812
laptop ultra,PRD,1,laptop ultra,0.0,0.0012224938875305623,0.0006112469437652812
yoshiaki nohara,PER,1,yoshiaki nohara,0.0,0.0012224938875305623,0.0006112469437652812
largestadalah,PRD,1,largestadalah,0.0,0.0012224938875305623,0.0006112469437652812
adi,ORG,1,adi,0.0,0.0012224938875305623,0.0006112469437652812
yunanda,PER,1,yunanda,0.0,0.0012224938875305623,0.0006112469437652812
laser optik perangkat radar dan magnet berdaya,PRD,1,laser optik perangkat radar dan magnet berdaya,0.0,0.0012224938875305623,0.0006112469437652812
yuliot tanjung,PER,1,yuliot tanjung,0.0,0.0012224938875305623,0.0006112469437652812
latin,ORG,1,latin,0.0,0.0012224938875305623,0.0006112469437652812
laura dhillon,PER,1,laura dhillon,0.0,0.0012224938875305623,0.0006112469437652812
laurent,PER,1,laurent,0.0,0.0012224938875305623,0.0006112469437652812
lawrence wong,PER,1,lawrence wong,0.0,0.0012224938875305623,0.0006112469437652812
lawrence wong pap,PER,1,lawrence wong pap,0.0,0.0012224938875305623,0.0006112469437652812
lazuardy patriari,PER,1,lazuardy patriari,0.0,0.0012224938875305623,0.0006112469437652812
leaching,PRD,1,leaching,0.0,0.0012224938875305623,0.0006112469437652812
learned,PRD,1,learned,0.0,0.0012224938875305623,0.0006112469437652812
leavitt,ORG,1,leavitt,0.0,0.0012224938875305623,0.0006112469437652812
aceh,GPE,1,aceh,0.0,0.0012224938875305623,0.0006112469437652812
ziad daoud,PER,1,ziad daoud,0.0,0.0012224938875305623,0.0006112469437652812
leavittdalam,PER,1,leavittdalam,0.0,0.0012224938875305623,0.0006112469437652812
aceh,LOC,1,aceh,0.0,0.0012224938875305623,0.0006112469437652812
leba mei wib internasional geneva,ORG,1,leba mei wib internasional geneva,0.0,0.0012224938875305623,0.0006112469437652812
lebaran,PRD,1,lebaran,0.0,0.0012224938875305623,0.0006112469437652812
lecturedengan temanavigating megatrends,EVT,1,lecturedengan temanavigating megatrends,0.0,0.0012224938875305623,0.0006112469437652812
acer,ORG,1,acer,0.0,0.0012224938875305623,0.0006112469437652812
lee bloomberg news bloomberg,ORG,1,lee bloomberg news bloomberg,0.0,0.0012224938875305623,0.0006112469437652812
legislator ri,NOR,1,legislator ri,0.0,0.0012224938875305623,0.0006112469437652812
lego,ORG,1,lego,0.0,0.0012224938875305623,0.0006112469437652812
lei,ORG,1,lei,0.0,0.0012224938875305623,0.0006112469437652812
lei,PER,1,lei,0.0,0.0012224938875305623,0.0006112469437652812
lelang,EVT,1,lelang,0.0,0.0012224938875305623,0.0006112469437652812
lemak minyak hewan nabati,PRD,1,lemak minyak hewan nabati,0.0,0.0012224938875305623,0.0006112469437652812
lemari,PRD,1,lemari,0.0,0.0012224938875305623,0.0006112469437652812
lembaga,NOR,1,lembaga,0.0,0.0012224938875305623,0.0006112469437652812
lembaga pengawas keuangan finansinspektionen,ORG,1,lembaga pengawas keuangan finansinspektionen,0.0,0.0012224938875305623,0.0006112469437652812
lembaga pengelola dana publik pelat merah,ORG,1,lembaga pengelola dana publik pelat merah,0.0,0.0012224938875305623,0.0006112469437652812
lembaga perdagangan barang dan jasa,ORG,1,lembaga perdagangan barang dan jasa,0.0,0.0012224938875305623,0.0006112469437652812
lembaga riset ekonomi politik dan teknologi great institute,ORG,1,lembaga riset ekonomi politik dan teknologi great institute,0.0,0.0012224938875305623,0.0006112469437652812
lembaran baja putih,PRD,1,lembaran baja putih,0.0,0.0012224938875305623,0.0006112469437652812
lesson,LAW,1,lesson,0.0,0.0012224938875305623,0.0006112469437652812
lesson learned,PRD,1,lesson learned,0.0,0.0012224938875305623,0.0006112469437652812
levy,ORG,1,levy,0.0,0.0012224938875305623,0.0006112469437652812
achbar,PER,1,achbar,0.0,0.0012224938875305623,0.0006112469437652812
acid,PRD,1,acid,0.0,0.0012224938875305623,0.0006112469437652812
li chenggang,PER,1,li chenggang,0.0,0.0012224938875305623,0.0006112469437652812
li qiang,PER,1,li qiang,0.0,0.0012224938875305623,0.0006112469437652812
acquirer,ORG,1,acquirer,0.0,0.0012224938875305623,0.0006112469437652812
act,ORG,1,act,0.0,0.0012224938875305623,0.0006112469437652812
liberation,LAW,1,liberation,0.0,0.0012224938875305623,0.0006112469437652812
liberation,PRD,1,liberation,0.0,0.0012224938875305623,0.0006112469437652812
ad,PRD,1,ad,0.0,0.0012224938875305623,0.0006112469437652812
liberation day hari,EVT,1,liberation day hari,0.0,0.0012224938875305623,0.0006112469437652812
liberty,ORG,1,liberty,0.0,0.0012224938875305623,0.0006112469437652812
liberty,PER,1,liberty,0.0,0.0012224938875305623,0.0006112469437652812
liberty justice center,ORG,1,liberty justice center,0.0,0.0012224938875305623,0.0006112469437652812
adam schiff,PER,1,adam schiff,0.0,0.0012224938875305623,0.0006112469437652812
libya,GPE,1,libya,0.0,0.0012224938875305623,0.0006112469437652812
liechtenstein,GPE,1,liechtenstein,0.0,0.0012224938875305623,0.0006112469437652812
lifeng,ORG,1,lifeng,0.0,0.0012224938875305623,0.0006112469437652812
liga,ORG,1,liga,0.0,0.0012224938875305623,0.0006112469437652812
lihatcrypto,ORG,1,lihatcrypto,0.0,0.0012224938875305623,0.0006112469437652812
adb,ORG,1,adb,0.0,0.0012224938875305623,0.0006112469437652812
ade fernando,PER,1,ade fernando,0.0,0.0012224938875305623,0.0006112469437652812
lima bulan,QTY,1,lima bulan,0.0,0.0012224938875305623,0.0006112469437652812
lima hari,QTY,1,lima hari,0.0,0.0012224938875305623,0.0006112469437652812
lima jam,QTY,1,lima jam,0.0,0.0012224938875305623,0.0006112469437652812
ade prayoga jurnalpost com,ORG,1,ade prayoga jurnalpost com,0.0,0.0012224938875305623,0.0006112469437652812
adhi,PER,1,adhi,0.0,0.0012224938875305623,0.0006112469437652812
lin china,PER,1,lin china,0.0,0.0012224938875305623,0.0006112469437652812
adhi lukman,PER,1,adhi lukman,0.0,0.0012224938875305623,0.0006112469437652812
ling,PER,1,ling,0.0,0.0012224938875305623,0.0006112469437652812
ling ji,PER,1,ling ji,0.0,0.0012224938875305623,0.0006112469437652812
linkaja,PRD,1,linkaja,0.0,0.0012224938875305623,0.0006112469437652812
linkedin,ORG,1,linkedin,0.0,0.0012224938875305623,0.0006112469437652812
lintang,ORG,1,lintang,0.0,0.0012224938875305623,0.0006112469437652812
lintas atlantik,EVT,1,lintas atlantik,0.0,0.0012224938875305623,0.0006112469437652812
lionel xu,PER,1,lionel xu,0.0,0.0012224938875305623,0.0006112469437652812
lip balm,ORG,1,lip balm,0.0,0.0012224938875305623,0.0006112469437652812
a lago,LOC,1,a lago,0.0,0.0012224938875305623,0.0006112469437652812
liputan com jakarta pop,ORG,1,liputan com jakarta pop,0.0,0.0012224938875305623,0.0006112469437652812
liputan com jakartabukandonald,ORG,1,liputan com jakartabukandonald,0.0,0.0012224938875305623,0.0006112469437652812
liputan com jakartapresidenprabowo,ORG,1,liputan com jakartapresidenprabowo,0.0,0.0012224938875305623,0.0006112469437652812
liquefied natural gas lgn,PRD,1,liquefied natural gas lgn,0.0,0.0012224938875305623,0.0006112469437652812
adidas,ORG,1,adidas,0.0,0.0012224938875305623,0.0006112469437652812
listrik,PRD,1,listrik,0.0,0.0012224938875305623,0.0006112469437652812
listrik alas kaki,PRD,1,listrik alas kaki,0.0,0.0012224938875305623,0.0006112469437652812
listya,NOR,1,listya,0.0,0.0012224938875305623,0.0006112469437652812
adil,LAW,1,adil,0.0,0.0012224938875305623,0.0006112469437652812
listya endang artiani,PER,1,listya endang artiani,0.0,0.0012224938875305623,0.0006112469437652812
adininggar widyasanti,PER,1,adininggar widyasanti,0.0,0.0012224938875305623,0.0006112469437652812
liu pengyu,PER,1,liu pengyu,0.0,0.0012224938875305623,0.0006112469437652812
liza,ORG,1,liza,0.0,0.0012224938875305623,0.0006112469437652812
liza,PER,1,liza,0.0,0.0012224938875305623,0.0006112469437652812
liza camelia,PER,1,liza camelia,0.0,0.0012224938875305623,0.0006112469437652812
aditya,PER,1,aditya,0.0,0.0012224938875305623,0.0006112469437652812
adityarini,ORG,1,adityarini,0.0,0.0012224938875305623,0.0006112469437652812
lobster,PRD,1,lobster,0.0,0.0012224938875305623,0.0006112469437652812
logam,PRD,1,logam,0.0,0.0012224938875305623,0.0006112469437652812
logam london lme,ORG,1,logam london lme,0.0,0.0012224938875305623,0.0006112469437652812
lohia,ORG,1,lohia,0.0,0.0012224938875305623,0.0006112469437652812
lombok,GPE,1,lombok,0.0,0.0012224938875305623,0.0006112469437652812
administrator kawasan ekonomi khusus kek kendal,ORG,1,administrator kawasan ekonomi khusus kek kendal,0.0,0.0012224938875305623,0.0006112469437652812
london,ORG,1,london,0.0,0.0012224938875305623,0.0006112469437652812
los,ORG,1,los,0.0,0.0012224938875305623,0.0006112469437652812
los angeles,GPE,1,los angeles,0.0,0.0012224938875305623,0.0006112469437652812
los angeles times,ORG,1,los angeles times,0.0,0.0012224938875305623,0.0006112469437652812
loss,ORG,1,loss,0.0,0.0012224938875305623,0.0006112469437652812
louis,ORG,1,louis,0.0,0.0012224938875305623,0.0006112469437652812
louisiana,GPE,1,louisiana,0.0,0.0012224938875305623,0.0006112469437652812
lousiana,GPE,1,lousiana,0.0,0.0012224938875305623,0.0006112469437652812
low partner,ORG,1,low partner,0.0,0.0012224938875305623,0.0006112469437652812
lowenkron bloomberg news bloomberg,ORG,1,lowenkron bloomberg news bloomberg,0.0,0.0012224938875305623,0.0006112469437652812
lpc,NOR,1,lpc,0.0,0.0012224938875305623,0.0006112469437652812
lpem,ORG,1,lpem,0.0,0.0012224938875305623,0.0006112469437652812
lpem feb ui,ORG,1,lpem feb ui,0.0,0.0012224938875305623,0.0006112469437652812
lpg,NOR,1,lpg,0.0,0.0012224938875305623,0.0006112469437652812
adri dimas waraditya nugraha apr,PER,1,adri dimas waraditya nugraha apr,0.0,0.0012224938875305623,0.0006112469437652812
advancing,ORG,1,advancing,0.0,0.0012224938875305623,0.0006112469437652812
lph,LAW,1,lph,0.0,0.0012224938875305623,0.0006112469437652812
ltj,PRD,1,ltj,0.0,0.0012224938875305623,0.0006112469437652812
advertisement,PRD,1,advertisement,0.0,0.0012224938875305623,0.0006112469437652812
luar kawasan,NOR,1,luar kawasan,0.0,0.0012224938875305623,0.0006112469437652812
luc,ORG,1,luc,0.0,0.0012224938875305623,0.0006112469437652812
lucia kassai bloomberg news bloomberg venezuela,ORG,1,lucia kassai bloomberg news bloomberg venezuela,0.0,0.0012224938875305623,0.0006112469437652812
luhu,NOR,1,luhu,0.0,0.0012224938875305623,0.0006112469437652812
luhut,NOR,1,luhut,0.0,0.0012224938875305623,0.0006112469437652812
lukman,PER,1,lukman,0.0,0.0012224938875305623,0.0006112469437652812
lukman leong,PER,1,lukman leong,0.0,0.0012224938875305623,0.0006112469437652812
luksemburg,GPE,1,luksemburg,0.0,0.0012224938875305623,0.0006112469437652812
lululemon,ORG,1,lululemon,0.0,0.0012224938875305623,0.0006112469437652812
lululemon athletica inc,ORG,1,lululemon athletica inc,0.0,0.0012224938875305623,0.0006112469437652812
lululemon hermes,PRD,1,lululemon hermes,0.0,0.0012224938875305623,0.0006112469437652812
lumpur,LOC,1,lumpur,0.0,0.0012224938875305623,0.0006112469437652812
lumpur,NOR,1,lumpur,0.0,0.0012224938875305623,0.0006112469437652812
lumpur johor,ORG,1,lumpur johor,0.0,0.0012224938875305623,0.0006112469437652812
lund,ORG,1,lund,0.0,0.0012224938875305623,0.0006112469437652812
aesi,ORG,1,aesi,0.0,0.0012224938875305623,0.0006112469437652812
afd,PER,1,afd,0.0,0.0012224938875305623,0.0006112469437652812
afp as,NOR,1,afp as,0.0,0.0012224938875305623,0.0006112469437652812
afp presiden as,NOR,1,afp presiden as,0.0,0.0012224938875305623,0.0006112469437652812
lvmh,ORG,1,lvmh,0.0,0.0012224938875305623,0.0006112469437652812
lvmh,PRD,1,lvmh,0.0,0.0012224938875305623,0.0006112469437652812
mabu,PRD,1,mabu,0.0,0.0012224938875305623,0.0006112469437652812
mac,PRD,1,mac,0.0,0.0012224938875305623,0.0006112469437652812
macem,ORG,1,macem,0.0,0.0012224938875305623,0.0006112469437652812
macron,ORG,1,macron,0.0,0.0012224938875305623,0.0006112469437652812
africa,ORG,1,africa,0.0,0.0012224938875305623,0.0006112469437652812
madagaskar,GPE,1,madagaskar,0.0,0.0012224938875305623,0.0006112469437652812
made,ORG,1,made,0.0,0.0012224938875305623,0.0006112469437652812
made in,PRD,1,made in,0.0,0.0012224938875305623,0.0006112469437652812
made in france,ORG,1,made in france,0.0,0.0012224938875305623,0.0006112469437652812
madman,PER,1,madman,0.0,0.0012224938875305623,0.0006112469437652812
madman,PRD,1,madman,0.0,0.0012224938875305623,0.0006112469437652812
maesaroh,PER,1,maesaroh,0.0,0.0012224938875305623,0.0006112469437652812
maggie,ORG,1,maggie,0.0,0.0012224938875305623,0.0006112469437652812
maghfiruha rachbini,PER,1,maghfiruha rachbini,0.0,0.0012224938875305623,0.0006112469437652812
afrika lesotho,GPE,1,afrika lesotho,0.0,0.0012224938875305623,0.0006112469437652812
mahkamah perdagangan internasional amerika serikat,NOR,1,mahkamah perdagangan internasional amerika serikat,0.0,0.0012224938875305623,0.0006112469437652812
mail,PRD,1,mail,0.0,0.0012224938875305623,0.0006112469437652812
mainan,ORG,1,mainan,0.0,0.0012224938875305623,0.0006112469437652812
mainan,PRD,1,mainan,0.0,0.0012224938875305623,0.0006112469437652812
mainan barbie,PRD,1,mainan barbie,0.0,0.0012224938875305623,0.0006112469437652812
majalengka,GPE,1,majalengka,0.0,0.0012224938875305623,0.0006112469437652812
maju,ORG,1,maju,0.0,0.0012224938875305623,0.0006112469437652812
makanan,ORG,1,makanan,0.0,0.0012224938875305623,0.0006112469437652812
makedonia,GPE,1,makedonia,0.0,0.0012224938875305623,0.0006112469437652812
malaikha kridaman,PER,1,malaikha kridaman,0.0,0.0012224938875305623,0.0006112469437652812
malayan banking bhd,ORG,1,malayan banking bhd,0.0,0.0012224938875305623,0.0006112469437652812
afrika ri,GPE,1,afrika ri,0.0,0.0012224938875305623,0.0006112469437652812
afrika selatan,GPE,1,afrika selatan,0.0,0.0012224938875305623,0.0006112469437652812
after,ORG,1,after,0.0,0.0012224938875305623,0.0006112469437652812
malika kbr jakarta,ORG,1,malika kbr jakarta,0.0,0.0012224938875305623,0.0006112469437652812
malindo,ORG,1,malindo,0.0,0.0012224938875305623,0.0006112469437652812
maluku,GPE,1,maluku,0.0,0.0012224938875305623,0.0006112469437652812
mamin,PER,1,mamin,0.0,0.0012224938875305623,0.0006112469437652812
managing director imf,ORG,1,managing director imf,0.0,0.0012224938875305623,0.0006112469437652812
manahan,GPE,1,manahan,0.0,0.0012224938875305623,0.0006112469437652812
manajemen adidas,ORG,1,manajemen adidas,0.0,0.0012224938875305623,0.0006112469437652812
manajer,ORG,1,manajer,0.0,0.0012224938875305623,0.0006112469437652812
manajer pemasaran conmo electronic co,ORG,1,manajer pemasaran conmo electronic co,0.0,0.0012224938875305623,0.0006112469437652812
manajer portofolio untuk,ORG,1,manajer portofolio untuk,0.0,0.0012224938875305623,0.0006112469437652812
mangga dua,LOC,1,mangga dua,0.0,0.0012224938875305623,0.0006112469437652812
ag,ORG,1,ag,0.0,0.0012224938875305623,0.0006112469437652812
manufaktur,ORG,1,manufaktur,0.0,0.0012224938875305623,0.0006112469437652812
mapi,ORG,1,mapi,0.0,0.0012224938875305623,0.0006112469437652812
mar,ORG,1,mar,0.0,0.0012224938875305623,0.0006112469437652812
mar a lago florida,LOC,1,mar a lago florida,0.0,0.0012224938875305623,0.0006112469437652812
agen bea cukai as,NOR,1,agen bea cukai as,0.0,0.0012224938875305623,0.0006112469437652812
agensi,ORG,1,agensi,0.0,0.0012224938875305623,0.0006112469437652812
marco rubiodi,PER,1,marco rubiodi,0.0,0.0012224938875305623,0.0006112469437652812
agensi pop,ORG,1,agensi pop,0.0,0.0012224938875305623,0.0006112469437652812
agung sedayu group asg,ORG,1,agung sedayu group asg,0.0,0.0012224938875305623,0.0006112469437652812
agustus,LAW,1,agustus,0.0,0.0012224938875305623,0.0006112469437652812
maret maret wib,DAT,1,maret maret wib,0.0,0.0012224938875305623,0.0006112469437652812
mareta,PER,1,mareta,0.0,0.0012224938875305623,0.0006112469437652812
mari,PER,1,mari,0.0,0.0012224938875305623,0.0006112469437652812
mari elka,PER,1,mari elka,0.0,0.0012224938875305623,0.0006112469437652812
agustus,PRD,1,agustus,0.0,0.0012224938875305623,0.0006112469437652812
maria lopes costa,PER,1,maria lopes costa,0.0,0.0012224938875305623,0.0006112469437652812
maritime week imw,EVT,1,maritime week imw,0.0,0.0012224938875305623,0.0006112469437652812
marjorie,PER,1,marjorie,0.0,0.0012224938875305623,0.0006112469437652812
ahad,DAT,1,ahad,0.0,0.0012224938875305623,0.0006112469437652812
mark rutte,PER,1,mark rutte,0.0,0.0012224938875305623,0.0006112469437652812
ahli menteri kelautan dan perikanan,NOR,1,ahli menteri kelautan dan perikanan,0.0,0.0012224938875305623,0.0006112469437652812
market,ORG,1,market,0.0,0.0012224938875305623,0.0006112469437652812
marketing director pt astra daihatsu motor,ORG,1,marketing director pt astra daihatsu motor,0.0,0.0012224938875305623,0.0006112469437652812
maro,NOR,1,maro,0.0,0.0012224938875305623,0.0006112469437652812
maroko,GPE,1,maroko,0.0,0.0012224938875305623,0.0006112469437652812
marta,ORG,1,marta,0.0,0.0012224938875305623,0.0006112469437652812
marta,PER,1,marta,0.0,0.0012224938875305623,0.0006112469437652812
marta marta,PER,1,marta marta,0.0,0.0012224938875305623,0.0006112469437652812
marta ulbrych phd,PER,1,marta ulbrych phd,0.0,0.0012224938875305623,0.0006112469437652812
marte bloomberg news bloomberg,ORG,1,marte bloomberg news bloomberg,0.0,0.0012224938875305623,0.0006112469437652812
martin,ORG,1,martin,0.0,0.0012224938875305623,0.0006112469437652812
ahmad khoirul umam,PER,1,ahmad khoirul umam,0.0,0.0012224938875305623,0.0006112469437652812
martin ritchie bloomberg news bloomberg posco holdings inc,ORG,1,martin ritchie bloomberg news bloomberg posco holdings inc,0.0,0.0012224938875305623,0.0006112469437652812
martono,PRD,1,martono,0.0,0.0012224938875305623,0.0006112469437652812
maryland,GPE,1,maryland,0.0,0.0012224938875305623,0.0006112469437652812
masayoshi son,PER,1,masayoshi son,0.0,0.0012224938875305623,0.0006112469437652812
maskapai penerbangan nasionalvietnam airlineshampir,ORG,1,maskapai penerbangan nasionalvietnam airlineshampir,0.0,0.0012224938875305623,0.0006112469437652812
masquerading,PRD,1,masquerading,0.0,0.0012224938875305623,0.0006112469437652812
masters of,ORG,1,masters of,0.0,0.0012224938875305623,0.0006112469437652812
mataram,ORG,1,mataram,0.0,0.0012224938875305623,0.0006112469437652812
mathias,PER,1,mathias,0.0,0.0012224938875305623,0.0006112469437652812
mathias cormann,PER,1,mathias cormann,0.0,0.0012224938875305623,0.0006112469437652812
matt,ORG,1,matt,0.0,0.0012224938875305623,0.0006112469437652812
ahmad zahid bin hamidi,PER,1,ahmad zahid bin hamidi,0.0,0.0012224938875305623,0.0006112469437652812
mattel inc,ORG,1,mattel inc,0.0,0.0012224938875305623,0.0006112469437652812
mattel indonesia,ORG,1,mattel indonesia,0.0,0.0012224938875305623,0.0006112469437652812
matthew,ORG,1,matthew,0.0,0.0012224938875305623,0.0006112469437652812
matthew biondi goenawan,PER,1,matthew biondi goenawan,0.0,0.0012224938875305623,0.0006112469437652812
mauritius,GPE,1,mauritius,0.0,0.0012224938875305623,0.0006112469437652812
mawar,LOC,1,mawar,0.0,0.0012224938875305623,0.0006112469437652812
max,ORG,1,max,0.0,0.0012224938875305623,0.0006112469437652812
maybank,PER,1,maybank,0.0,0.0012224938875305623,0.0006112469437652812
mcclay,PER,1,mcclay,0.0,0.0012224938875305623,0.0006112469437652812
mcdonald,LOC,1,mcdonald,0.0,0.0012224938875305623,0.0006112469437652812
mcdonald islands,LOC,1,mcdonald islands,0.0,0.0012224938875305623,0.0006112469437652812
mcdonalds,LOC,1,mcdonalds,0.0,0.0012224938875305623,0.0006112469437652812
ahmed hussen,PER,1,ahmed hussen,0.0,0.0012224938875305623,0.0006112469437652812
mcmoran,ORG,1,mcmoran,0.0,0.0012224938875305623,0.0006112469437652812
mebel,ORG,1,mebel,0.0,0.0012224938875305623,0.0006112469437652812
ahn duk geun,PER,1,ahn duk geun,0.0,0.0012224938875305623,0.0006112469437652812
media sosial,ORG,1,media sosial,0.0,0.0012224938875305623,0.0006112469437652812
medis,PRD,1,medis,0.0,0.0012224938875305623,0.0006112469437652812
meet the press,EVT,1,meet the press,0.0,0.0012224938875305623,0.0006112469437652812
meet the press dinbc,EVT,1,meet the press dinbc,0.0,0.0012224938875305623,0.0006112469437652812
meeting,EVT,1,meeting,0.0,0.0012224938875305623,0.0006112469437652812
meetingsimf bank duniamenyepakatiglobal,ORG,1,meetingsimf bank duniamenyepakatiglobal,0.0,0.0012224938875305623,0.0006112469437652812
mega,ORG,1,mega,0.0,0.0012224938875305623,0.0006112469437652812
megacity,PRD,1,megacity,0.0,0.0012224938875305623,0.0006112469437652812
ai,PER,1,ai,0.0,0.0012224938875305623,0.0006112469437652812
ainslie chandler bloomberg news bloomberg,ORG,1,ainslie chandler bloomberg news bloomberg,0.0,0.0012224938875305623,0.0006112469437652812
air china china eastern airlines,ORG,1,air china china eastern airlines,0.0,0.0012224938875305623,0.0006112469437652812
air force one,EVT,1,air force one,0.0,0.0012224938875305623,0.0006112469437652812
meir,DAT,1,meir,0.0,0.0012224938875305623,0.0006112469437652812
meir,ORG,1,meir,0.0,0.0012224938875305623,0.0006112469437652812
mekanis,PRD,1,mekanis,0.0,0.0012224938875305623,0.0006112469437652812
air force one,NOR,1,air force one,0.0,0.0012224938875305623,0.0006112469437652812
air suku cadang,PRD,1,air suku cadang,0.0,0.0012224938875305623,0.0006112469437652812
aircraft,ORG,1,aircraft,0.0,0.0012224938875305623,0.0006112469437652812
airlangga hartarto airlangga,PER,1,airlangga hartarto airlangga,0.0,0.0012224938875305623,0.0006112469437652812
men,NOR,1,men,0.0,0.0012224938875305623,0.0006112469437652812
men,ORG,1,men,0.0,0.0012224938875305623,0.0006112469437652812
menara kadin jakarta selatan,LOC,1,menara kadin jakarta selatan,0.0,0.0012224938875305623,0.0006112469437652812
menguat persen,PRC,1,menguat persen,0.0,0.0012224938875305623,0.0006112469437652812
menjabat,NOR,1,menjabat,0.0,0.0012224938875305623,0.0006112469437652812
airlangga prabowo,PER,1,airlangga prabowo,0.0,0.0012224938875305623,0.0006112469437652812
airlangga sri mulyani,PER,1,airlangga sri mulyani,0.0,0.0012224938875305623,0.0006112469437652812
airlanggahartarto srimulyani,PER,1,airlanggahartarto srimulyani,0.0,0.0012224938875305623,0.0006112469437652812
menko bidang perekonomian,NOR,1,menko bidang perekonomian,0.0,0.0012224938875305623,0.0006112469437652812
airlines,ORG,1,airlines,0.0,0.0012224938875305623,0.0006112469437652812
menko perekonomianairlangga,NOR,1,menko perekonomianairlangga,0.0,0.0012224938875305623,0.0006112469437652812
airpods,PRD,1,airpods,0.0,0.0012224938875305623,0.0006112469437652812
menlu as,NOR,1,menlu as,0.0,0.0012224938875305623,0.0006112469437652812
menluamerika serikat as,NOR,1,menluamerika serikat as,0.0,0.0012224938875305623,0.0006112469437652812
menperin,NOR,1,menperin,0.0,0.0012224938875305623,0.0006112469437652812
airways,ORG,1,airways,0.0,0.0012224938875305623,0.0006112469437652812
aksesoris,PRD,1,aksesoris,0.0,0.0012224938875305623,0.0006112469437652812
menteri bumn,NOR,1,menteri bumn,0.0,0.0012224938875305623,0.0006112469437652812
menteri ekonomi meksiko,NOR,1,menteri ekonomi meksiko,0.0,0.0012224938875305623,0.0006112469437652812
menteri ekonominya,NOR,1,menteri ekonominya,0.0,0.0012224938875305623,0.0006112469437652812
menteri energi,NOR,1,menteri energi,0.0,0.0012224938875305623,0.0006112469437652812
aktif universitas ciputra surabaya prodi bisnis dan manajemen april wib,ORG,1,aktif universitas ciputra surabaya prodi bisnis dan manajemen april wib,0.0,0.0012224938875305623,0.0006112469437652812
menteri esdm,NOR,1,menteri esdm,0.0,0.0012224938875305623,0.0006112469437652812
al,NOR,1,al,0.0,0.0012224938875305623,0.0006112469437652812
menteri kelautan,NOR,1,menteri kelautan,0.0,0.0012224938875305623,0.0006112469437652812
al jazeera,NOR,1,al jazeera,0.0,0.0012224938875305623,0.0006112469437652812
al jazeera,ORG,1,al jazeera,0.0,0.0012224938875305623,0.0006112469437652812
alam,PRD,1,alam,0.0,0.0012224938875305623,0.0006112469437652812
alan,PER,1,alan,0.0,0.0012224938875305623,0.0006112469437652812
alas kaki,ORG,1,alas kaki,0.0,0.0012224938875305623,0.0006112469437652812
menteri keuanganamerika serikatscott,NOR,1,menteri keuanganamerika serikatscott,0.0,0.0012224938875305623,0.0006112469437652812
alas kaki,PRD,1,alas kaki,0.0,0.0012224938875305623,0.0006112469437652812
alaska,GPE,1,alaska,0.0,0.0012224938875305623,0.0006112469437652812
alaska,ORG,1,alaska,0.0,0.0012224938875305623,0.0006112469437652812
menteri koordinator bidang perekonomian indonesia,NOR,1,menteri koordinator bidang perekonomian indonesia,0.0,0.0012224938875305623,0.0006112469437652812
menteri koordinator bidang perekonomianairlangga,NOR,1,menteri koordinator bidang perekonomianairlangga,0.0,0.0012224938875305623,0.0006112469437652812
menteri koordinator bidang perekonomianairlanggahartanto,NOR,1,menteri koordinator bidang perekonomianairlanggahartanto,0.0,0.0012224938875305623,0.0006112469437652812
menteri koordinator bidang perekonomianairlanggahartarto,NOR,1,menteri koordinator bidang perekonomianairlanggahartarto,0.0,0.0012224938875305623,0.0006112469437652812
menteri koordinator kemenko,NOR,1,menteri koordinator kemenko,0.0,0.0012224938875305623,0.0006112469437652812
menteri koordinator menko bidang perekonomian,NOR,1,menteri koordinator menko bidang perekonomian,0.0,0.0012224938875305623,0.0006112469437652812
menteri koordinator menko bidang perekonomianairlangga,NOR,1,menteri koordinator menko bidang perekonomianairlangga,0.0,0.0012224938875305623,0.0006112469437652812
alat,PRD,1,alat,0.0,0.0012224938875305623,0.0006112469437652812
albanese,PER,1,albanese,0.0,0.0012224938875305623,0.0006112469437652812
menteri luar negeri china,NOR,1,menteri luar negeri china,0.0,0.0012224938875305623,0.0006112469437652812
alex wickham,PER,1,alex wickham,0.0,0.0012224938875305623,0.0006112469437652812
menteri luar negeri indonesia periode,NOR,1,menteri luar negeri indonesia periode,0.0,0.0012224938875305623,0.0006112469437652812
menteri luar negeri menlu ri,NOR,1,menteri luar negeri menlu ri,0.0,0.0012224938875305623,0.0006112469437652812
menteri luar negeri nato,NOR,1,menteri luar negeri nato,0.0,0.0012224938875305623,0.0006112469437652812
menteri luar negeri republik indonesiasugionobertemu,NOR,1,menteri luar negeri republik indonesiasugionobertemu,0.0,0.0012224938875305623,0.0006112469437652812
menteri luar negeri ri,NOR,1,menteri luar negeri ri,0.0,0.0012224938875305623,0.0006112469437652812
menteri luar negeriamerika serikat as,NOR,1,menteri luar negeriamerika serikat as,0.0,0.0012224938875305623,0.0006112469437652812
menteri luar negeriamerika serikatmarco,NOR,1,menteri luar negeriamerika serikatmarco,0.0,0.0012224938875305623,0.0006112469437652812
menteri malaysia,NOR,1,menteri malaysia,0.0,0.0012224938875305623,0.0006112469437652812
menteri pembangunan internasional kanada,NOR,1,menteri pembangunan internasional kanada,0.0,0.0012224938875305623,0.0006112469437652812
alexan,PER,1,alexan,0.0,0.0012224938875305623,0.0006112469437652812
menteri perdagangan apec,NOR,1,menteri perdagangan apec,0.0,0.0012224938875305623,0.0006112469437652812
alexander,PER,1,alexander,0.0,0.0012224938875305623,0.0006112469437652812
menteri perdagangan inggris,NOR,1,menteri perdagangan inggris,0.0,0.0012224938875305623,0.0006112469437652812
menteri perdagangan jepang,NOR,1,menteri perdagangan jepang,0.0,0.0012224938875305623,0.0006112469437652812
menteri perdaganganashoward,NOR,1,menteri perdaganganashoward,0.0,0.0012224938875305623,0.0006112469437652812
menteri perindustrian,NOR,1,menteri perindustrian,0.0,0.0012224938875305623,0.0006112469437652812
menteri perindustrian dan perdagangan,NOR,1,menteri perindustrian dan perdagangan,0.0,0.0012224938875305623,0.0006112469437652812
menteri perindustrian korea selatan,NOR,1,menteri perindustrian korea selatan,0.0,0.0012224938875305623,0.0006112469437652812
menteri perindustrian menperin,NOR,1,menteri perindustrian menperin,0.0,0.0012224938875305623,0.0006112469437652812
menteri pertahanan,NOR,1,menteri pertahanan,0.0,0.0012224938875305623,0.0006112469437652812
menteri perubahan,NOR,1,menteri perubahan,0.0,0.0012224938875305623,0.0006112469437652812
menteri ri,NOR,1,menteri ri,0.0,0.0012224938875305623,0.0006112469437652812
merah,LOC,1,merah,0.0,0.0012224938875305623,0.0006112469437652812
merakitsmartphonedan,PRD,1,merakitsmartphonedan,0.0,0.0012224938875305623,0.0006112469437652812
mercedes,ORG,1,mercedes,0.0,0.0012224938875305623,0.0006112469437652812
mercedes benz group ag,ORG,1,mercedes benz group ag,0.0,0.0012224938875305623,0.0006112469437652812
merinci,ORG,1,merinci,0.0,0.0012224938875305623,0.0006112469437652812
merujukcnbc,ORG,1,merujukcnbc,0.0,0.0012224938875305623,0.0006112469437652812
alexander stubb,PER,1,alexander stubb,0.0,0.0012224938875305623,0.0006112469437652812
ali,PER,1,ali,0.0,0.0012224938875305623,0.0006112469437652812
merzjuga,PER,1,merzjuga,0.0,0.0012224938875305623,0.0006112469437652812
alice,PER,1,alice,0.0,0.0012224938875305623,0.0006112469437652812
mesin bahan kimia kosmetik obat obatan besi baja,PRD,1,mesin bahan kimia kosmetik obat obatan besi baja,0.0,0.0012224938875305623,0.0006112469437652812
mesin diesel,PRD,1,mesin diesel,0.0,0.0012224938875305623,0.0006112469437652812
mesin jahit gunting,PRD,1,mesin jahit gunting,0.0,0.0012224938875305623,0.0006112469437652812
mesin pembakaran,PRD,1,mesin pembakaran,0.0,0.0012224938875305623,0.0006112469437652812
mesin penambangan,PRD,1,mesin penambangan,0.0,0.0012224938875305623,0.0006112469437652812
mesin penyaring,PRD,1,mesin penyaring,0.0,0.0012224938875305623,0.0006112469437652812
mesin perlengkapan elektronik,PRD,1,mesin perlengkapan elektronik,0.0,0.0012224938875305623,0.0006112469437652812
mesin rumit,PRD,1,mesin rumit,0.0,0.0012224938875305623,0.0006112469437652812
mesin tenaga,PRD,1,mesin tenaga,0.0,0.0012224938875305623,0.0006112469437652812
mesir,GPE,1,mesir,0.0,0.0012224938875305623,0.0006112469437652812
mesir etiopia,GPE,1,mesir etiopia,0.0,0.0012224938875305623,0.0006112469437652812
meta,ORG,1,meta,0.0,0.0012224938875305623,0.0006112469437652812
meta platforms inc,ORG,1,meta platforms inc,0.0,0.0012224938875305623,0.0006112469437652812
alister bull bloomberg news bloomberg,ORG,1,alister bull bloomberg news bloomberg,0.0,0.0012224938875305623,0.0006112469437652812
mexico,LAW,1,mexico,0.0,0.0012224938875305623,0.0006112469437652812
mexico,MON,1,mexico,0.0,0.0012224938875305623,0.0006112469437652812
mexico city,GPE,1,mexico city,0.0,0.0012224938875305623,0.0006112469437652812
aljazair,GPE,1,aljazair,0.0,0.0012224938875305623,0.0006112469437652812
mfn,PRD,1,mfn,0.0,0.0012224938875305623,0.0006112469437652812
michael,ORG,1,michael,0.0,0.0012224938875305623,0.0006112469437652812
michael hart,PER,1,michael hart,0.0,0.0012224938875305623,0.0006112469437652812
michael jordan,PER,1,michael jordan,0.0,0.0012224938875305623,0.0006112469437652812
michael kors,PER,1,michael kors,0.0,0.0012224938875305623,0.0006112469437652812
microbt,ORG,1,microbt,0.0,0.0012224938875305623,0.0006112469437652812
microbt,PRD,1,microbt,0.0,0.0012224938875305623,0.0006112469437652812
microchip,PRD,1,microchip,0.0,0.0012224938875305623,0.0006112469437652812
microsoft,ORG,1,microsoft,0.0,0.0012224938875305623,0.0006112469437652812
middle east,ORG,1,middle east,0.0,0.0012224938875305623,0.0006112469437652812
midterm,EVT,1,midterm,0.0,0.0012224938875305623,0.0006112469437652812
mifflin,ORG,1,mifflin,0.0,0.0012224938875305623,0.0006112469437652812
migas,MON,1,migas,0.0,0.0012224938875305623,0.0006112469437652812
migas,ORG,1,migas,0.0,0.0012224938875305623,0.0006112469437652812
migas,PRD,1,migas,0.0,0.0012224938875305623,0.0006112469437652812
milan,ORG,1,milan,0.0,0.0012224938875305623,0.0006112469437652812
alkohol eropa,PRD,1,alkohol eropa,0.0,0.0012224938875305623,0.0006112469437652812
allah dolar,MON,1,allah dolar,0.0,0.0012224938875305623,0.0006112469437652812
allen,PER,1,allen,0.0,0.0012224938875305623,0.0006112469437652812
miliar baht,MON,1,miliar baht,0.0,0.0012224938875305623,0.0006112469437652812
miliar dolar,MON,1,miliar dolar,0.0,0.0012224938875305623,0.0006112469437652812
alliance for automotive innovation,ORG,1,alliance for automotive innovation,0.0,0.0012224938875305623,0.0006112469437652812
almond,LOC,1,almond,0.0,0.0012224938875305623,0.0006112469437652812
miliar dollar as persen,MON,1,miliar dollar as persen,0.0,0.0012224938875305623,0.0006112469437652812
almond,ORG,1,almond,0.0,0.0012224938875305623,0.0006112469437652812
miliar euro rp triliun,MON,1,miliar euro rp triliun,0.0,0.0012224938875305623,0.0006112469437652812
miliar hong kong,MON,1,miliar hong kong,0.0,0.0012224938875305623,0.0006112469437652812
miliar maret,ORG,1,miliar maret,0.0,0.0012224938875305623,0.0006112469437652812
miliar rp triliun,MON,1,miliar rp triliun,0.0,0.0012224938875305623,0.0006112469437652812
miliar ud miliar,MON,1,miliar ud miliar,0.0,0.0012224938875305623,0.0006112469437652812
miliar us miliar,MON,1,miliar us miliar,0.0,0.0012224938875305623,0.0006112469437652812
miliar won,MON,1,miliar won,0.0,0.0012224938875305623,0.0006112469437652812
miliar won us juta,MON,1,miliar won us juta,0.0,0.0012224938875305623,0.0006112469437652812
miliar yen,MON,1,miliar yen,0.0,0.0012224938875305623,0.0006112469437652812
miliar yen us juta,MON,1,miliar yen us juta,0.0,0.0012224938875305623,0.0006112469437652812
almuttaqin,PER,1,almuttaqin,0.0,0.0012224938875305623,0.0006112469437652812
alot,ORG,1,alot,0.0,0.0012224938875305623,0.0006112469437652812
miliarder,MON,1,miliarder,0.0,0.0012224938875305623,0.0006112469437652812
miliarderelon,NOR,1,miliarderelon,0.0,0.0012224938875305623,0.0006112469437652812
militer,NOR,1,militer,0.0,0.0012224938875305623,0.0006112469437652812
militer,ORG,1,militer,0.0,0.0012224938875305623,0.0006112469437652812
milk,PRD,1,milk,0.0,0.0012224938875305623,0.0006112469437652812
mineral,NOR,1,mineral,0.0,0.0012224938875305623,0.0006112469437652812
minerba,ORG,1,minerba,0.0,0.0012224938875305623,0.0006112469437652812
alpen partners international,ORG,1,alpen partners international,0.0,0.0012224938875305623,0.0006112469437652812
alpukat sepatu,PRD,1,alpukat sepatu,0.0,0.0012224938875305623,0.0006112469437652812
alpukat sepatu kets,PRD,1,alpukat sepatu kets,0.0,0.0012224938875305623,0.0006112469437652812
minggu arrmanatha,DAT,1,minggu arrmanatha,0.0,0.0012224938875305623,0.0006112469437652812
minggu februari,DAT,1,minggu februari,0.0,0.0012224938875305623,0.0006112469437652812
minggu juni,DAT,1,minggu juni,0.0,0.0012224938875305623,0.0006112469437652812
minggu maret wib,DAT,1,minggu maret wib,0.0,0.0012224938875305623,0.0006112469437652812
minggu mei wib,DAT,1,minggu mei wib,0.0,0.0012224938875305623,0.0006112469437652812
minimis,PRD,1,minimis,0.0,0.0012224938875305623,0.0006112469437652812
minuman,ORG,1,minuman,0.0,0.0012224938875305623,0.0006112469437652812
minuman anggur sampanye,PRD,1,minuman anggur sampanye,0.0,0.0012224938875305623,0.0006112469437652812
minus persen,PRC,1,minus persen,0.0,0.0012224938875305623,0.0006112469437652812
aluminium eropa,PRD,1,aluminium eropa,0.0,0.0012224938875305623,0.0006112469437652812
alvin liu,PER,1,alvin liu,0.0,0.0012224938875305623,0.0006112469437652812
minyak as,PRD,1,minyak as,0.0,0.0012224938875305623,0.0006112469437652812
minyak bbm,PRD,1,minyak bbm,0.0,0.0012224938875305623,0.0006112469437652812
minyak brent,PRD,1,minyak brent,0.0,0.0012224938875305623,0.0006112469437652812
minyak cair,PRD,1,minyak cair,0.0,0.0012224938875305623,0.0006112469437652812
amalia,ORG,1,amalia,0.0,0.0012224938875305623,0.0006112469437652812
amanat mwa unair,ORG,1,amanat mwa unair,0.0,0.0012224938875305623,0.0006112469437652812
minyak kelapa sawit mentah,PRD,1,minyak kelapa sawit mentah,0.0,0.0012224938875305623,0.0006112469437652812
amara omeokwe,PER,1,amara omeokwe,0.0,0.0012224938875305623,0.0006112469437652812
minyak mentah berjangka west texas intermediate,PRD,1,minyak mentah berjangka west texas intermediate,0.0,0.0012224938875305623,0.0006112469437652812
minyak mentah brent,PRD,1,minyak mentah brent,0.0,0.0012224938875305623,0.0006112469437652812
minyak mentah global,PRD,1,minyak mentah global,0.0,0.0012224938875305623,0.0006112469437652812
minyak mentah jenis west texas intermediate wti,PRD,1,minyak mentah jenis west texas intermediate wti,0.0,0.0012224938875305623,0.0006112469437652812
amazon group,ORG,1,amazon group,0.0,0.0012224938875305623,0.0006112469437652812
minyak mentah west texas intermediate wti,PRD,1,minyak mentah west texas intermediate wti,0.0,0.0012224938875305623,0.0006112469437652812
minyak nabati,PRD,1,minyak nabati,0.0,0.0012224938875305623,0.0006112469437652812
amazon web service,ORG,1,amazon web service,0.0,0.0012224938875305623,0.0006112469437652812
minyak pemanas rumah,PRD,1,minyak pemanas rumah,0.0,0.0012224938875305623,0.0006112469437652812
minyak ri,PRD,1,minyak ri,0.0,0.0012224938875305623,0.0006112469437652812
amazon web services aws,ORG,1,amazon web services aws,0.0,0.0012224938875305623,0.0006112469437652812
ambassador,NOR,1,ambassador,0.0,0.0012224938875305623,0.0006112469437652812
mitigasi,NOR,1,mitigasi,0.0,0.0012224938875305623,0.0006112469437652812
mitra,ORG,1,mitra,0.0,0.0012224938875305623,0.0006112469437652812
miu,ORG,1,miu,0.0,0.0012224938875305623,0.0006112469437652812
miuccia,ORG,1,miuccia,0.0,0.0012224938875305623,0.0006112469437652812
mm limbah,PRD,1,mm limbah,0.0,0.0012224938875305623,0.0006112469437652812
amcham,ORG,1,amcham,0.0,0.0012224938875305623,0.0006112469437652812
amd,ORG,1,amd,0.0,0.0012224938875305623,0.0006112469437652812
mobil baja,PRD,1,mobil baja,0.0,0.0012224938875305623,0.0006112469437652812
mobil bermesin besar,PRD,1,mobil bermesin besar,0.0,0.0012224938875305623,0.0006112469437652812
mobil buatan,PRD,1,mobil buatan,0.0,0.0012224938875305623,0.0006112469437652812
amer,ORG,1,amer,0.0,0.0012224938875305623,0.0006112469437652812
mobil impor,PRD,1,mobil impor,0.0,0.0012224938875305623,0.0006112469437652812
mobil inggris,PRD,1,mobil inggris,0.0,0.0012224938875305623,0.0006112469437652812
mobil listriknya,PRD,1,mobil listriknya,0.0,0.0012224938875305623,0.0006112469437652812
mobil mobil,PRD,1,mobil mobil,0.0,0.0012224938875305623,0.0006112469437652812
mobil otomotif,PRD,1,mobil otomotif,0.0,0.0012224938875305623,0.0006112469437652812
mobil penumpang as,PRD,1,mobil penumpang as,0.0,0.0012224938875305623,0.0006112469437652812
mobil penumpang truk ringan,PRD,1,mobil penumpang truk ringan,0.0,0.0012224938875305623,0.0006112469437652812
mobil scroll,PRD,1,mobil scroll,0.0,0.0012224938875305623,0.0006112469437652812
america first trump,ORG,1,america first trump,0.0,0.0012224938875305623,0.0006112469437652812
mobil timber lumber,PRD,1,mobil timber lumber,0.0,0.0012224938875305623,0.0006112469437652812
mobil top,PRD,1,mobil top,0.0,0.0012224938875305623,0.0006112469437652812
mobil wholesales,PRD,1,mobil wholesales,0.0,0.0012224938875305623,0.0006112469437652812
mobilan,PRD,1,mobilan,0.0,0.0012224938875305623,0.0006112469437652812
mobile services gms,ORG,1,mobile services gms,0.0,0.0012224938875305623,0.0006112469437652812
america great,EVT,1,america great,0.0,0.0012224938875305623,0.0006112469437652812
mobilyang,PRD,1,mobilyang,0.0,0.0012224938875305623,0.0006112469437652812
model,PRD,1,model,0.0,0.0012224938875305623,0.0006112469437652812
model gripen,PRD,1,model gripen,0.0,0.0012224938875305623,0.0006112469437652812
modi,PER,1,modi,0.0,0.0012224938875305623,0.0006112469437652812
moerdijat rerie,PER,1,moerdijat rerie,0.0,0.0012224938875305623,0.0006112469437652812
moet,PRD,1,moet,0.0,0.0012224938875305623,0.0006112469437652812
mohamed,PER,1,mohamed,0.0,0.0012224938875305623,0.0006112469437652812
mohammad koba,PER,1,mohammad koba,0.0,0.0012224938875305623,0.0006112469437652812
mohammad solikin,PER,1,mohammad solikin,0.0,0.0012224938875305623,0.0006112469437652812
mohammed bin salman mbs,PER,1,mohammed bin salman mbs,0.0,0.0012224938875305623,0.0006112469437652812
mohan,ORG,1,mohan,0.0,0.0012224938875305623,0.0006112469437652812
moldova,GPE,1,moldova,0.0,0.0012224938875305623,0.0006112469437652812
america wealth again,EVT,1,america wealth again,0.0,0.0012224938875305623,0.0006112469437652812
moneter internasional international monetary fund,PRD,1,moneter internasional international monetary fund,0.0,0.0012224938875305623,0.0006112469437652812
monster,ORG,1,monster,0.0,0.0012224938875305623,0.0006112469437652812
moody,ORG,1,moody,0.0,0.0012224938875305623,0.0006112469437652812
moody,PRD,1,moody,0.0,0.0012224938875305623,0.0006112469437652812
moon,NOR,1,moon,0.0,0.0012224938875305623,0.0006112469437652812
more,ORG,1,more,0.0,0.0012224938875305623,0.0006112469437652812
morgan,PER,1,morgan,0.0,0.0012224938875305623,0.0006112469437652812
morgan stanley,ORG,1,morgan stanley,0.0,0.0012224938875305623,0.0006112469437652812
american alliance for solar manufacturing trade committee,ORG,1,american alliance for solar manufacturing trade committee,0.0,0.0012224938875305623,0.0006112469437652812
morning briefing,ORG,1,morning briefing,0.0,0.0012224938875305623,0.0006112469437652812
american businesses and workers,ORG,1,american businesses and workers,0.0,0.0012224938875305623,0.0006112469437652812
moto,PRD,1,moto,0.0,0.0012224938875305623,0.0006112469437652812
american girl,ORG,1,american girl,0.0,0.0012224938875305623,0.0006112469437652812
motor aksi linier silinder,PRD,1,motor aksi linier silinder,0.0,0.0012224938875305623,0.0006112469437652812
motor general motors gm,ORG,1,motor general motors gm,0.0,0.0012224938875305623,0.0006112469437652812
motor listrik,PRD,1,motor listrik,0.0,0.0012224938875305623,0.0006112469437652812
motorola,ORG,1,motorola,0.0,0.0012224938875305623,0.0006112469437652812
amerika kedelai babi daging sapi,PRD,1,amerika kedelai babi daging sapi,0.0,0.0012224938875305623,0.0006112469437652812
amerika serikatdi,GPE,1,amerika serikatdi,0.0,0.0012224938875305623,0.0006112469437652812
mozambik,GPE,1,mozambik,0.0,0.0012224938875305623,0.0006112469437652812
mp materials corp,ORG,1,mp materials corp,0.0,0.0012224938875305623,0.0006112469437652812
mr,PER,1,mr,0.0,0.0012224938875305623,0.0006112469437652812
msci,PRD,1,msci,0.0,0.0012224938875305623,0.0006112469437652812
muhammad,ORG,1,muhammad,0.0,0.0012224938875305623,0.0006112469437652812
muhammad,PER,1,muhammad,0.0,0.0012224938875305623,0.0006112469437652812
muhammad akbar ramadhan,PER,1,muhammad akbar ramadhan,0.0,0.0012224938875305623,0.0006112469437652812
muhammad fadli bloomberg,PER,1,muhammad fadli bloomberg,0.0,0.0012224938875305623,0.0006112469437652812
muhammad herlambang,PER,1,muhammad herlambang,0.0,0.0012224938875305623,0.0006112469437652812
muhammad imam hatami,PER,1,muhammad imam hatami,0.0,0.0012224938875305623,0.0006112469437652812
amerika utara,ORG,1,amerika utara,0.0,0.0012224938875305623,0.0006112469437652812
muhammad mei wib,PER,1,muhammad mei wib,0.0,0.0012224938875305623,0.0006112469437652812
muhammadiyah or id yogyakarta,ORG,1,muhammadiyah or id yogyakarta,0.0,0.0012224938875305623,0.0006112469437652812
multilateral,EVT,1,multilateral,0.0,0.0012224938875305623,0.0006112469437652812
amerikanisasi,ORG,1,amerikanisasi,0.0,0.0012224938875305623,0.0006112469437652812
multilateralisme,ORG,1,multilateralisme,0.0,0.0012224938875305623,0.0006112469437652812
multiproduk,PRD,1,multiproduk,0.0,0.0012224938875305623,0.0006112469437652812
amman mineral internasional ammn,ORG,1,amman mineral internasional ammn,0.0,0.0012224938875305623,0.0006112469437652812
mulyani indrawatimenyebut,PER,1,mulyani indrawatimenyebut,0.0,0.0012224938875305623,0.0006112469437652812
mulyani indrawatiyang,PER,1,mulyani indrawatiyang,0.0,0.0012224938875305623,0.0006112469437652812
ammonia,GPE,1,ammonia,0.0,0.0012224938875305623,0.0006112469437652812
amonia,PRD,1,amonia,0.0,0.0012224938875305623,0.0006112469437652812
mumbi,ORG,1,mumbi,0.0,0.0012224938875305623,0.0006112469437652812
musbar,ORG,1,musbar,0.0,0.0012224938875305623,0.0006112469437652812
musbar,PER,1,musbar,0.0,0.0012224938875305623,0.0006112469437652812
musbar mesdi,PER,1,musbar mesdi,0.0,0.0012224938875305623,0.0006112469437652812
musim,EVT,1,musim,0.0,0.0012224938875305623,0.0006112469437652812
amonia biru,PRD,1,amonia biru,0.0,0.0012224938875305623,0.0006112469437652812
amonium perfluorooctane sulphonate,PRD,1,amonium perfluorooctane sulphonate,0.0,0.0012224938875305623,0.0006112469437652812
muskdan,PER,1,muskdan,0.0,0.0012224938875305623,0.0006112469437652812
amy,PER,1,amy,0.0,0.0012224938875305623,0.0006112469437652812
muslim,ORG,1,muslim,0.0,0.0012224938875305623,0.0006112469437652812
muslim,REG,1,muslim,0.0,0.0012224938875305623,0.0006112469437652812
mva,PRD,1,mva,0.0,0.0012224938875305623,0.0006112469437652812
mwa,ORG,1,mwa,0.0,0.0012224938875305623,0.0006112469437652812
mxn us,MON,1,mxn us,0.0,0.0012224938875305623,0.0006112469437652812
my scene,ORG,1,my scene,0.0,0.0012224938875305623,0.0006112469437652812
amy stillman,PER,1,amy stillman,0.0,0.0012224938875305623,0.0006112469437652812
myung,PER,1,myung,0.0,0.0012224938875305623,0.0006112469437652812
nabati karet,PRD,1,nabati karet,0.0,0.0012224938875305623,0.0006112469437652812
nafta,LAW,1,nafta,0.0,0.0012224938875305623,0.0006112469437652812
nahyan,PER,1,nahyan,0.0,0.0012224938875305623,0.0006112469437652812
namibia,GPE,1,namibia,0.0,0.0012224938875305623,0.0006112469437652812
anadolu,ORG,1,anadolu,0.0,0.0012224938875305623,0.0006112469437652812
narendra modi,PER,1,narendra modi,0.0,0.0012224938875305623,0.0006112469437652812
narendra modi modi,PER,1,narendra modi modi,0.0,0.0012224938875305623,0.0006112469437652812
narkoba,PRD,1,narkoba,0.0,0.0012224938875305623,0.0006112469437652812
analis,ORG,1,analis,0.0,0.0012224938875305623,0.0006112469437652812
analis bank,ORG,1,analis bank,0.0,0.0012224938875305623,0.0006112469437652812
analis mata uang,ORG,1,analis mata uang,0.0,0.0012224938875305623,0.0006112469437652812
nasional dan,NOR,1,nasional dan,0.0,0.0012224938875305623,0.0006112469437652812
nasional quick response code,LAW,1,nasional quick response code,0.0,0.0012224938875305623,0.0006112469437652812
nasional quick response code,PRD,1,nasional quick response code,0.0,0.0012224938875305623,0.0006112469437652812
nasional uea,NOR,1,nasional uea,0.0,0.0012224938875305623,0.0006112469437652812
natal,LOC,1,natal,0.0,0.0012224938875305623,0.0006112469437652812
natal,ORG,1,natal,0.0,0.0012224938875305623,0.0006112469437652812
nation,EVT,1,nation,0.0,0.0012224938875305623,0.0006112469437652812
nation,LAW,1,nation,0.0,0.0012224938875305623,0.0006112469437652812
nation,ORG,1,nation,0.0,0.0012224938875305623,0.0006112469437652812
analis pasar utama kcm trade tim waterer,ORG,1,analis pasar utama kcm trade tim waterer,0.0,0.0012224938875305623,0.0006112469437652812
national,NOR,1,national,0.0,0.0012224938875305623,0.0006112469437652812
analisbloomberg economics,ORG,1,analisbloomberg economics,0.0,0.0012224938875305623,0.0006112469437652812
anand krishnamoorthy,PER,1,anand krishnamoorthy,0.0,0.0012224938875305623,0.0006112469437652812
national trade estimate nte report on foreign trade barriers,LAW,1,national trade estimate nte report on foreign trade barriers,0.0,0.0012224938875305623,0.0006112469437652812
national trade estimate nte report on foreign trade barriers pemerintah,LAW,1,national trade estimate nte report on foreign trade barriers pemerintah,0.0,0.0012224938875305623,0.0006112469437652812
nations,ORG,1,nations,0.0,0.0012224938875305623,0.0006112469437652812
nations,PER,1,nations,0.0,0.0012224938875305623,0.0006112469437652812
nations,PRD,1,nations,0.0,0.0012224938875305623,0.0006112469437652812
nato,GPE,1,nato,0.0,0.0012224938875305623,0.0006112469437652812
anc,ORG,1,anc,0.0,0.0012224938875305623,0.0006112469437652812
nauli siregar,PER,1,nauli siregar,0.0,0.0012224938875305623,0.0006112469437652812
navi,PRD,1,navi,0.0,0.0012224938875305623,0.0006112469437652812
navy banana,PRD,1,navy banana,0.0,0.0012224938875305623,0.0006112469437652812
nawandaru,PER,1,nawandaru,0.0,0.0012224938875305623,0.0006112469437652812
nawandaru,PRD,1,nawandaru,0.0,0.0012224938875305623,0.0006112469437652812
nazmul,ORG,1,nazmul,0.0,0.0012224938875305623,0.0006112469437652812
ancam,NOR,1,ancam,0.0,0.0012224938875305623,0.0006112469437652812
nbc news,ORG,1,nbc news,0.0,0.0012224938875305623,0.0006112469437652812
nbs,ORG,1,nbs,0.0,0.0012224938875305623,0.0006112469437652812
ndf,ORG,1,ndf,0.0,0.0012224938875305623,0.0006112469437652812
ne,MON,1,ne,0.0,0.0012224938875305623,0.0006112469437652812
neeraj lal,PER,1,neeraj lal,0.0,0.0012224938875305623,0.0006112469437652812
ancam,ORG,1,ancam,0.0,0.0012224938875305623,0.0006112469437652812
ancang,ORG,1,ancang,0.0,0.0012224938875305623,0.0006112469437652812
anchor,LAW,1,anchor,0.0,0.0012224938875305623,0.0006112469437652812
negara sbn,PRD,1,negara sbn,0.0,0.0012224938875305623,0.0006112469437652812
and investment framework agreement tifa,EVT,1,and investment framework agreement tifa,0.0,0.0012224938875305623,0.0006112469437652812
andalas,ORG,1,andalas,0.0,0.0012224938875305623,0.0006112469437652812
andre,PER,1,andre,0.0,0.0012224938875305623,0.0006112469437652812
andre janse van vuuren,PER,1,andre janse van vuuren,0.0,0.0012224938875305623,0.0006112469437652812
negeri abang sam,GPE,1,negeri abang sam,0.0,0.0012224938875305623,0.0006112469437652812
negeri beruang,GPE,1,negeri beruang,0.0,0.0012224938875305623,0.0006112469437652812
andre schulten,PER,1,andre schulten,0.0,0.0012224938875305623,0.0006112469437652812
negeri paman sam,ORG,1,negeri paman sam,0.0,0.0012224938875305623,0.0006112469437652812
negeri sakura,GPE,1,negeri sakura,0.0,0.0012224938875305623,0.0006112469437652812
andrea,ORG,1,andrea,0.0,0.0012224938875305623,0.0006112469437652812
negosiator perdagangan,ORG,1,negosiator perdagangan,0.0,0.0012224938875305623,0.0006112469437652812
neil jerome morales,PER,1,neil jerome morales,0.0,0.0012224938875305623,0.0006112469437652812
nenek,PRD,1,nenek,0.0,0.0012224938875305623,0.0006112469437652812
neom,ORG,1,neom,0.0,0.0012224938875305623,0.0006112469437652812
android headlines,ORG,1,android headlines,0.0,0.0012224938875305623,0.0006112469437652812
andry,ORG,1,andry,0.0,0.0012224938875305623,0.0006112469437652812
netto,ORG,1,netto,0.0,0.0012224938875305623,0.0006112469437652812
netty,ORG,1,netty,0.0,0.0012224938875305623,0.0006112469437652812
andry asmoro,PER,1,andry asmoro,0.0,0.0012224938875305623,0.0006112469437652812
andry satrio nugroho,PER,1,andry satrio nugroho,0.0,0.0012224938875305623,0.0006112469437652812
andy,PRD,1,andy,0.0,0.0012224938875305623,0.0006112469437652812
andy palmer,PER,1,andy palmer,0.0,0.0012224938875305623,0.0006112469437652812
new baseline,LAW,1,new baseline,0.0,0.0012224938875305623,0.0006112469437652812
new baseline,PRD,1,new baseline,0.0,0.0012224938875305623,0.0006112469437652812
new baseline tariff,PRD,1,new baseline tariff,0.0,0.0012224938875305623,0.0006112469437652812
new delhi,GPE,1,new delhi,0.0,0.0012224938875305623,0.0006112469437652812
new delhi,NOR,1,new delhi,0.0,0.0012224938875305623,0.0006112469437652812
anggaran,EVT,1,anggaran,0.0,0.0012224938875305623,0.0006112469437652812
new york,MON,1,new york,0.0,0.0012224938875305623,0.0006112469437652812
new york,NOR,1,new york,0.0,0.0012224938875305623,0.0006112469437652812
anggaran pendapatan dan belanja negara apbn,LAW,1,anggaran pendapatan dan belanja negara apbn,0.0,0.0012224938875305623,0.0006112469437652812
new york as,GPE,1,new york as,0.0,0.0012224938875305623,0.0006112469437652812
new york auto show,EVT,1,new york auto show,0.0,0.0012224938875305623,0.0006112469437652812
anggawira,PER,1,anggawira,0.0,0.0012224938875305623,0.0006112469437652812
new york pennsylvania utah,GPE,1,new york pennsylvania utah,0.0,0.0012224938875305623,0.0006112469437652812
anggito abimanyu,PER,1,anggito abimanyu,0.0,0.0012224938875305623,0.0006112469437652812
anggoro,ORG,1,anggoro,0.0,0.0012224938875305623,0.0006112469437652812
new york times newsom,ORG,1,new york times newsom,0.0,0.0012224938875305623,0.0006112469437652812
anggota dprd provinsi jawa barat,NOR,1,anggota dprd provinsi jawa barat,0.0,0.0012224938875305623,0.0006112469437652812
anggur champagne,PRD,1,anggur champagne,0.0,0.0012224938875305623,0.0006112469437652812
angkatan udara kerajaan thailand,NOR,1,angkatan udara kerajaan thailand,0.0,0.0012224938875305623,0.0006112469437652812
angola,GPE,1,angola,0.0,0.0012224938875305623,0.0006112469437652812
news pasar cryptokembali,ORG,1,news pasar cryptokembali,0.0,0.0012224938875305623,0.0006112469437652812
anindya,ORG,1,anindya,0.0,0.0012224938875305623,0.0006112469437652812
newsmenyeb,ORG,1,newsmenyeb,0.0,0.0012224938875305623,0.0006112469437652812
anindya bakrie,PER,1,anindya bakrie,0.0,0.0012224938875305623,0.0006112469437652812
newsome,ORG,1,newsome,0.0,0.0012224938875305623,0.0006112469437652812
nfl super bowl,EVT,1,nfl super bowl,0.0,0.0012224938875305623,0.0006112469437652812
ngozi okonjo iweala,PER,1,ngozi okonjo iweala,0.0,0.0012224938875305623,0.0006112469437652812
nguyen dieu tu uyen,PER,1,nguyen dieu tu uyen,0.0,0.0012224938875305623,0.0006112469437652812
nguyen hong dien,PER,1,nguyen hong dien,0.0,0.0012224938875305623,0.0006112469437652812
anisah shukry philip heijmans,PER,1,anisah shukry philip heijmans,0.0,0.0012224938875305623,0.0006112469437652812
nguyen quoc hung,PER,1,nguyen quoc hung,0.0,0.0012224938875305623,0.0006112469437652812
nickel,PRD,1,nickel,0.0,0.0012224938875305623,0.0006112469437652812
nicolas,PRD,1,nicolas,0.0,0.0012224938875305623,0.0006112469437652812
ankara,GPE,1,ankara,0.0,0.0012224938875305623,0.0006112469437652812
nikaragua,GPE,1,nikaragua,0.0,0.0012224938875305623,0.0006112469437652812
nike,ORG,1,nike,0.0,0.0012224938875305623,0.0006112469437652812
nike,PER,1,nike,0.0,0.0012224938875305623,0.0006112469437652812
nike air jordan,ORG,1,nike air jordan,0.0,0.0012224938875305623,0.0006112469437652812
anna liu,PER,1,anna liu,0.0,0.0012224938875305623,0.0006112469437652812
nikel indonesia,PRD,1,nikel indonesia,0.0,0.0012224938875305623,0.0006112469437652812
nikel olahan,PRD,1,nikel olahan,0.0,0.0012224938875305623,0.0006112469437652812
nikkei,ORG,1,nikkei,0.0,0.0012224938875305623,0.0006112469437652812
nikkei asia,ORG,1,nikkei asia,0.0,0.0012224938875305623,0.0006112469437652812
ning wahyu astutik,PER,1,ning wahyu astutik,0.0,0.0012224938875305623,0.0006112469437652812
nining,GPE,1,nining,0.0,0.0012224938875305623,0.0006112469437652812
nining,ORG,1,nining,0.0,0.0012224938875305623,0.0006112469437652812
nintendo mattel inc,ORG,1,nintendo mattel inc,0.0,0.0012224938875305623,0.0006112469437652812
nippon steel corp,ORG,1,nippon steel corp,0.0,0.0012224938875305623,0.0006112469437652812
niseiy,PER,1,niseiy,0.0,0.0012224938875305623,0.0006112469437652812
nissan,ORG,1,nissan,0.0,0.0012224938875305623,0.0006112469437652812
annabel fiddes,PER,1,annabel fiddes,0.0,0.0012224938875305623,0.0006112469437652812
no,PER,1,no,0.0,0.0012224938875305623,0.0006112469437652812
nokia,ORG,1,nokia,0.0,0.0012224938875305623,0.0006112469437652812
nol,CRD,1,nol,0.0,0.0012224938875305623,0.0006112469437652812
nol,PRD,1,nol,0.0,0.0012224938875305623,0.0006112469437652812
nol persen,LAW,1,nol persen,0.0,0.0012224938875305623,0.0006112469437652812
nomura,GPE,1,nomura,0.0,0.0012224938875305623,0.0006112469437652812
non,PRD,1,non,0.0,0.0012224938875305623,0.0006112469437652812
non disclosure agreement nda,LAW,1,non disclosure agreement nda,0.0,0.0012224938875305623,0.0006112469437652812
nonbank,LAW,1,nonbank,0.0,0.0012224938875305623,0.0006112469437652812
nonpemerintah,ORG,1,nonpemerintah,0.0,0.0012224938875305623,0.0006112469437652812
norfolk,ORG,1,norfolk,0.0,0.0012224938875305623,0.0006112469437652812
north,ORG,1,north,0.0,0.0012224938875305623,0.0006112469437652812
annie,ORG,1,annie,0.0,0.0012224938875305623,0.0006112469437652812
norwegia rusia,GPE,1,norwegia rusia,0.0,0.0012224938875305623,0.0006112469437652812
nota,LAW,1,nota,0.0,0.0012224938875305623,0.0006112469437652812
nota presiden,LAW,1,nota presiden,0.0,0.0012224938875305623,0.0006112469437652812
nota presiden kebijakan perdagangan america first,LAW,1,nota presiden kebijakan perdagangan america first,0.0,0.0012224938875305623,0.0006112469437652812
annmarie hordern,PER,1,annmarie hordern,0.0,0.0012224938875305623,0.0006112469437652812
noudhy,PER,1,noudhy,0.0,0.0012224938875305623,0.0006112469437652812
noudhy valdryno,PER,1,noudhy valdryno,0.0,0.0012224938875305623,0.0006112469437652812
antalya,GPE,1,antalya,0.0,0.0012224938875305623,0.0006112469437652812
npr,ORG,1,npr,0.0,0.0012224938875305623,0.0006112469437652812
ntb,GPE,1,ntb,0.0,0.0012224938875305623,0.0006112469437652812
antam,ORG,1,antam,0.0,0.0012224938875305623,0.0006112469437652812
nte,PER,1,nte,0.0,0.0012224938875305623,0.0006112469437652812
antarafoto,ORG,1,antarafoto,0.0,0.0012224938875305623,0.0006112469437652812
ntv insight,ORG,1,ntv insight,0.0,0.0012224938875305623,0.0006112469437652812
nugini,GPE,1,nugini,0.0,0.0012224938875305623,0.0006112469437652812
nugraha,PER,1,nugraha,0.0,0.0012224938875305623,0.0006112469437652812
nusadaily com washington,ORG,1,nusadaily com washington,0.0,0.0012224938875305623,0.0006112469437652812
nusantara,LOC,1,nusantara,0.0,0.0012224938875305623,0.0006112469437652812
nusantara,ORG,1,nusantara,0.0,0.0012224938875305623,0.0006112469437652812
nusantara danantara,ORG,1,nusantara danantara,0.0,0.0012224938875305623,0.0006112469437652812
nusantaratv com nusantara tv,ORG,1,nusantaratv com nusantara tv,0.0,0.0012224938875305623,0.0006112469437652812
nusapersada,ORG,1,nusapersada,0.0,0.0012224938875305623,0.0006112469437652812
kun kusno,PER,1,kun kusno,0.0,0.0012224938875305623,0.0006112469437652812
antartika,GPE,1,antartika,0.0,0.0012224938875305623,0.0006112469437652812
nvidia corp,ORG,1,nvidia corp,0.0,0.0012224938875305623,0.0006112469437652812
nvidia huawei,ORG,1,nvidia huawei,0.0,0.0012224938875305623,0.0006112469437652812
nyamuk,PRD,1,nyamuk,0.0,0.0012224938875305623,0.0006112469437652812
nyoman,ORG,1,nyoman,0.0,0.0012224938875305623,0.0006112469437652812
oana,ORG,1,oana,0.0,0.0012224938875305623,0.0006112469437652812
oana,PER,1,oana,0.0,0.0012224938875305623,0.0006112469437652812
antartika,LOC,1,antartika,0.0,0.0012224938875305623,0.0006112469437652812
obamayang,PER,1,obamayang,0.0,0.0012224938875305623,0.0006112469437652812
obat obatan,PRD,1,obat obatan,0.0,0.0012224938875305623,0.0006112469437652812
anthony,PER,1,anthony,0.0,0.0012224938875305623,0.0006112469437652812
antony,PER,1,antony,0.0,0.0012224938875305623,0.0006112469437652812
ap,ORG,1,ap,0.0,0.0012224938875305623,0.0006112469437652812
apbn,LAW,1,apbn,0.0,0.0012224938875305623,0.0006112469437652812
oecd,PRD,1,oecd,0.0,0.0012224938875305623,0.0006112469437652812
apbn,PRD,1,apbn,0.0,0.0012224938875305623,0.0006112469437652812
of latin american and caribbean states,ORG,1,of latin american and caribbean states,0.0,0.0012224938875305623,0.0006112469437652812
of preferences,LAW,1,of preferences,0.0,0.0012224938875305623,0.0006112469437652812
official dialogue sod perdana,EVT,1,official dialogue sod perdana,0.0,0.0012224938875305623,0.0006112469437652812
officials thanking,ORG,1,officials thanking,0.0,0.0012224938875305623,0.0006112469437652812
oil,ORG,1,oil,0.0,0.0012224938875305623,0.0006112469437652812
oilatau,ORG,1,oilatau,0.0,0.0012224938875305623,0.0006112469437652812
apec,NOR,1,apec,0.0,0.0012224938875305623,0.0006112469437652812
oki,ORG,1,oki,0.0,0.0012224938875305623,0.0006112469437652812
apel,PRD,1,apel,0.0,0.0012224938875305623,0.0006112469437652812
api,ORG,1,api,0.0,0.0012224938875305623,0.0006112469437652812
olaf scholz,PER,1,olaf scholz,0.0,0.0012224938875305623,0.0006112469437652812
olahan udangpt indo american seafoods tbk,PRD,1,olahan udangpt indo american seafoods tbk,0.0,0.0012224938875305623,0.0006112469437652812
old,ORG,1,old,0.0,0.0012224938875305623,0.0006112469437652812
olivia tam,PER,1,olivia tam,0.0,0.0012224938875305623,0.0006112469437652812
olof,PER,1,olof,0.0,0.0012224938875305623,0.0006112469437652812
oman,GPE,1,oman,0.0,0.0012224938875305623,0.0006112469437652812
on,ORG,1,on,0.0,0.0012224938875305623,0.0006112469437652812
on foreign,LAW,1,on foreign,0.0,0.0012224938875305623,0.0006112469437652812
oneplus,ORG,1,oneplus,0.0,0.0012224938875305623,0.0006112469437652812
oneplus xiaomi oppo,ORG,1,oneplus xiaomi oppo,0.0,0.0012224938875305623,0.0006112469437652812
online,ORG,1,online,0.0,0.0012224938875305623,0.0006112469437652812
apindo,NOR,1,apindo,0.0,0.0012224938875305623,0.0006112469437652812
open economy,ORG,1,open economy,0.0,0.0012224938875305623,0.0006112469437652812
openai,ORG,1,openai,0.0,0.0012224938875305623,0.0006112469437652812
openai llc,ORG,1,openai llc,0.0,0.0012224938875305623,0.0006112469437652812
oppo,ORG,1,oppo,0.0,0.0012224938875305623,0.0006112469437652812
or,PER,1,or,0.0,0.0012224938875305623,0.0006112469437652812
apki,ORG,1,apki,0.0,0.0012224938875305623,0.0006112469437652812
appi,ORG,1,appi,0.0,0.0012224938875305623,0.0006112469437652812
oregon,GPE,1,oregon,0.0,0.0012224938875305623,0.0006112469437652812
org,MON,1,org,0.0,0.0012224938875305623,0.0006112469437652812
org,ORG,1,org,0.0,0.0012224938875305623,0.0006112469437652812
organik,PRD,1,organik,0.0,0.0012224938875305623,0.0006112469437652812
apple amazon,PRD,1,apple amazon,0.0,0.0012224938875305623,0.0006112469437652812
apple ford porsche,ORG,1,apple ford porsche,0.0,0.0012224938875305623,0.0006112469437652812
organisasi multilateral benua biru,ORG,1,organisasi multilateral benua biru,0.0,0.0012224938875305623,0.0006112469437652812
apple indonesia,ORG,1,apple indonesia,0.0,0.0012224938875305623,0.0006112469437652812
apple s,PRD,1,apple s,0.0,0.0012224938875305623,0.0006112469437652812
organisasi perdagangan dunia wto,NOR,1,organisasi perdagangan dunia wto,0.0,0.0012224938875305623,0.0006112469437652812
apptronik,ORG,1,apptronik,0.0,0.0012224938875305623,0.0006112469437652812
organisasi pertahanan atlantik utara nato,NOR,1,organisasi pertahanan atlantik utara nato,0.0,0.0012224938875305623,0.0006112469437652812
organization,ORG,1,organization,0.0,0.0012224938875305623,0.0006112469437652812
organization for economic cooperation and development oecd,ORG,1,organization for economic cooperation and development oecd,0.0,0.0012224938875305623,0.0006112469437652812
orleans,LOC,1,orleans,0.0,0.0012224938875305623,0.0006112469437652812
oss,ORG,1,oss,0.0,0.0012224938875305623,0.0006112469437652812
otomotif,ORG,1,otomotif,0.0,0.0012224938875305623,0.0006112469437652812
otomotif,PRD,1,otomotif,0.0,0.0012224938875305623,0.0006112469437652812
apr wib,DAT,1,apr wib,0.0,0.0012224938875305623,0.0006112469437652812
apr wib nusantara bandung,ORG,1,apr wib nusantara bandung,0.0,0.0012224938875305623,0.0006112469437652812
otoritas bea cukai as,NOR,1,otoritas bea cukai as,0.0,0.0012224938875305623,0.0006112469437652812
otoritas bea cukai china,NOR,1,otoritas bea cukai china,0.0,0.0012224938875305623,0.0006112469437652812
otoritas jasa,ORG,1,otoritas jasa,0.0,0.0012224938875305623,0.0006112469437652812
otoritas jasa keuangan ojk,ORG,1,otoritas jasa keuangan ojk,0.0,0.0012224938875305623,0.0006112469437652812
ottawa,EVT,1,ottawa,0.0,0.0012224938875305623,0.0006112469437652812
ottawa,NOR,1,ottawa,0.0,0.0012224938875305623,0.0006112469437652812
ottawa carney,LOC,1,ottawa carney,0.0,0.0012224938875305623,0.0006112469437652812
ottawa kompas com,ORG,1,ottawa kompas com,0.0,0.0012224938875305623,0.0006112469437652812
oval office,ORG,1,oval office,0.0,0.0012224938875305623,0.0006112469437652812
ovo,PRD,1,ovo,0.0,0.0012224938875305623,0.0006112469437652812
oxford economics,ORG,1,oxford economics,0.0,0.0012224938875305623,0.0006112469437652812
april china daily,ORG,1,april china daily,0.0,0.0012224938875305623,0.0006112469437652812
pabrik,ORG,1,pabrik,0.0,0.0012224938875305623,0.0006112469437652812
pabrik pet botol,PRD,1,pabrik pet botol,0.0,0.0012224938875305623,0.0006112469437652812
pabrikchinayang,ORG,1,pabrikchinayang,0.0,0.0012224938875305623,0.0006112469437652812
pacific economic cooperation apec,EVT,1,pacific economic cooperation apec,0.0,0.0012224938875305623,0.0006112469437652812
padg,LAW,1,padg,0.0,0.0012224938875305623,0.0006112469437652812
padg,PRD,1,padg,0.0,0.0012224938875305623,0.0006112469437652812
paetongtarn shinawatra,PER,1,paetongtarn shinawatra,0.0,0.0012224938875305623,0.0006112469437652812
page,ORG,1,page,0.0,0.0012224938875305623,0.0006112469437652812
page,PER,1,page,0.0,0.0012224938875305623,0.0006112469437652812
april indonesia,DAT,1,april indonesia,0.0,0.0012224938875305623,0.0006112469437652812
april views,ORG,1,april views,0.0,0.0012224938875305623,0.0006112469437652812
pakaian alas kaki karet pakaian jadi mesin,PRD,1,pakaian alas kaki karet pakaian jadi mesin,0.0,0.0012224938875305623,0.0006112469437652812
pakaian mainan,PRD,1,pakaian mainan,0.0,0.0012224938875305623,0.0006112469437652812
pakaian pakaian,PRD,1,pakaian pakaian,0.0,0.0012224938875305623,0.0006112469437652812
pakaian pakaian murahmereka,PRD,1,pakaian pakaian murahmereka,0.0,0.0012224938875305623,0.0006112469437652812
pakaian tidur,PRD,1,pakaian tidur,0.0,0.0012224938875305623,0.0006112469437652812
pakar ekonomi ipb university,ORG,1,pakar ekonomi ipb university,0.0,0.0012224938875305623,0.0006112469437652812
pakar politik luar negeri as,NOR,1,pakar politik luar negeri as,0.0,0.0012224938875305623,0.0006112469437652812
apsyfi,NOR,1,apsyfi,0.0,0.0012224938875305623,0.0006112469437652812
pakta pertahanan atlantik utara,NOR,1,pakta pertahanan atlantik utara,0.0,0.0012224938875305623,0.0006112469437652812
palantir,ORG,1,palantir,0.0,0.0012224938875305623,0.0006112469437652812
palembang,GPE,1,palembang,0.0,0.0012224938875305623,0.0006112469437652812
apsyfi,PER,1,apsyfi,0.0,0.0012224938875305623,0.0006112469437652812
ara,ORG,1,ara,0.0,0.0012224938875305623,0.0006112469437652812
palm beach,ORG,1,palm beach,0.0,0.0012224938875305623,0.0006112469437652812
arab saudi,GPE,1,arab saudi,0.0,0.0012224938875305623,0.0006112469437652812
arabmelaporkan,GPE,1,arabmelaporkan,0.0,0.0012224938875305623,0.0006112469437652812
paman sam,NOR,1,paman sam,0.0,0.0012224938875305623,0.0006112469437652812
pambudi,PER,1,pambudi,0.0,0.0012224938875305623,0.0006112469437652812
pameran canton fair,EVT,1,pameran canton fair,0.0,0.0012224938875305623,0.0006112469437652812
panasonic,PRD,1,panasonic,0.0,0.0012224938875305623,0.0006112469437652812
pandemi,EVT,1,pandemi,0.0,0.0012224938875305623,0.0006112469437652812
pandu mustika apr,PER,1,pandu mustika apr,0.0,0.0012224938875305623,0.0006112469437652812
pandu mustika apr wib,ORG,1,pandu mustika apr wib,0.0,0.0012224938875305623,0.0006112469437652812
panel,PRD,1,panel,0.0,0.0012224938875305623,0.0006112469437652812
panel layar datar,PRD,1,panel layar datar,0.0,0.0012224938875305623,0.0006112469437652812
pangan,EVT,1,pangan,0.0,0.0012224938875305623,0.0006112469437652812
pangan,ORG,1,pangan,0.0,0.0012224938875305623,0.0006112469437652812
pani,ORG,1,pani,0.0,0.0012224938875305623,0.0006112469437652812
panjang lebaran,EVT,1,panjang lebaran,0.0,0.0012224938875305623,0.0006112469437652812
pantau,NOR,1,pantau,0.0,0.0012224938875305623,0.0006112469437652812
panyu guangzhou,LOC,1,panyu guangzhou,0.0,0.0012224938875305623,0.0006112469437652812
pap,EVT,1,pap,0.0,0.0012224938875305623,0.0006112469437652812
pap,NOR,1,pap,0.0,0.0012224938875305623,0.0006112469437652812
pap,ORG,1,pap,0.0,0.0012224938875305623,0.0006112469437652812
papua,GPE,1,papua,0.0,0.0012224938875305623,0.0006112469437652812
parawhalecrypto,ORG,1,parawhalecrypto,0.0,0.0012224938875305623,0.0006112469437652812
parawhalekripto,ORG,1,parawhalekripto,0.0,0.0012224938875305623,0.0006112469437652812
pardede,PER,1,pardede,0.0,0.0012224938875305623,0.0006112469437652812
paripurna dpr,NOR,1,paripurna dpr,0.0,0.0012224938875305623,0.0006112469437652812
arfian prasetya aji,PER,1,arfian prasetya aji,0.0,0.0012224938875305623,0.0006112469437652812
paris,LAW,1,paris,0.0,0.0012224938875305623,0.0006112469437652812
paris,ORG,1,paris,0.0,0.0012224938875305623,0.0006112469437652812
parlemen,FAC,1,parlemen,0.0,0.0012224938875305623,0.0006112469437652812
argentina,ORG,1,argentina,0.0,0.0012224938875305623,0.0006112469437652812
parlemen uni eropa,NOR,1,parlemen uni eropa,0.0,0.0012224938875305623,0.0006112469437652812
ariadne anwar elsa emiria leba,PER,1,ariadne anwar elsa emiria leba,0.0,0.0012224938875305623,0.0006112469437652812
ariadne anwar elsa emiria leba mahdi muhammad nur hidayati,PER,1,ariadne anwar elsa emiria leba mahdi muhammad nur hidayati,0.0,0.0012224938875305623,0.0006112469437652812
partai aksi rakyat pap,NOR,1,partai aksi rakyat pap,0.0,0.0012224938875305623,0.0006112469437652812
partai berkuasa,NOR,1,partai berkuasa,0.0,0.0012224938875305623,0.0006112469437652812
partai buruh,NOR,1,partai buruh,0.0,0.0012224938875305623,0.0006112469437652812
partai demokratik,NOR,1,partai demokratik,0.0,0.0012224938875305623,0.0006112469437652812
partai demokratnya,NOR,1,partai demokratnya,0.0,0.0012224938875305623,0.0006112469437652812
partai golkar,NOR,1,partai golkar,0.0,0.0012224938875305623,0.0006112469437652812
partai komunis,NOR,1,partai komunis,0.0,0.0012224938875305623,0.0006112469437652812
partai konservatif cdu,NOR,1,partai konservatif cdu,0.0,0.0012224938875305623,0.0006112469437652812
partai konservatif kanada,NOR,1,partai konservatif kanada,0.0,0.0012224938875305623,0.0006112469437652812
ariadne anwar jun,PER,1,ariadne anwar jun,0.0,0.0012224938875305623,0.0006112469437652812
arif,PER,1,arif,0.0,0.0012224938875305623,0.0006112469437652812
arif suhartono,PER,1,arif suhartono,0.0,0.0012224938875305623,0.0006112469437652812
partai republik tengah,NOR,1,partai republik tengah,0.0,0.0012224938875305623,0.0006112469437652812
partai republikan,NOR,1,partai republikan,0.0,0.0012224938875305623,0.0006112469437652812
pasal ayat,LAW,1,pasal ayat,0.0,0.0012224938875305623,0.0006112469437652812
pasalnya,ORG,1,pasalnya,0.0,0.0012224938875305623,0.0006112469437652812
pasar mangga,LOC,1,pasar mangga,0.0,0.0012224938875305623,0.0006112469437652812
pasar mangga dua,LOC,1,pasar mangga dua,0.0,0.0012224938875305623,0.0006112469437652812
arifdi,PER,1,arifdi,0.0,0.0012224938875305623,0.0006112469437652812
pasardana id,ORG,1,pasardana id,0.0,0.0012224938875305623,0.0006112469437652812
ariston,PRD,1,ariston,0.0,0.0012224938875305623,0.0006112469437652812
pasaronshore,LOC,1,pasaronshore,0.0,0.0012224938875305623,0.0006112469437652812
pasifik,EVT,1,pasifik,0.0,0.0012224938875305623,0.0006112469437652812
arizona,GPE,1,arizona,0.0,0.0012224938875305623,0.0006112469437652812
armadanya,ORG,1,armadanya,0.0,0.0012224938875305623,0.0006112469437652812
pasifik ikan,PRD,1,pasifik ikan,0.0,0.0012224938875305623,0.0006112469437652812
pati,PER,1,pati,0.0,0.0012224938875305623,0.0006112469437652812
patpicha,ORG,1,patpicha,0.0,0.0012224938875305623,0.0006112469437652812
patrick,PER,1,patrick,0.0,0.0012224938875305623,0.0006112469437652812
patrick malone,PER,1,patrick malone,0.0,0.0012224938875305623,0.0006112469437652812
patrizio,ORG,1,patrizio,0.0,0.0012224938875305623,0.0006112469437652812
paul,ORG,1,paul,0.0,0.0012224938875305623,0.0006112469437652812
paul henning,PER,1,paul henning,0.0,0.0012224938875305623,0.0006112469437652812
paul krugman,PER,1,paul krugman,0.0,0.0012224938875305623,0.0006112469437652812
armando,PER,1,armando,0.0,0.0012224938875305623,0.0006112469437652812
pbi,PRD,1,pbi,0.0,0.0012224938875305623,0.0006112469437652812
pbkn ojk,ORG,1,pbkn ojk,0.0,0.0012224938875305623,0.0006112469437652812
pbs,ORG,1,pbs,0.0,0.0012224938875305623,0.0006112469437652812
armenia,GPE,1,armenia,0.0,0.0012224938875305623,0.0006112469437652812
pc global,PRD,1,pc global,0.0,0.0012224938875305623,0.0006112469437652812
pco,ORG,1,pco,0.0,0.0012224938875305623,0.0006112469437652812
pd,ORG,1,pd,0.0,0.0012224938875305623,0.0006112469437652812
arnault,PER,1,arnault,0.0,0.0012224938875305623,0.0006112469437652812
arsad ddin jakarta,ORG,1,arsad ddin jakarta,0.0,0.0012224938875305623,0.0006112469437652812
pdd,ORG,1,pdd,0.0,0.0012224938875305623,0.0006112469437652812
pe,ORG,1,pe,0.0,0.0012224938875305623,0.0006112469437652812
pedesaan,LOC,1,pedesaan,0.0,0.0012224938875305623,0.0006112469437652812
pejabat,NOR,1,pejabat,0.0,0.0012224938875305623,0.0006112469437652812
pelabuhan,ORG,1,pelabuhan,0.0,0.0012224938875305623,0.0006112469437652812
pelabuhan tanjung priok,FAC,1,pelabuhan tanjung priok,0.0,0.0012224938875305623,0.0006112469437652812
pelemahan,ORG,1,pelemahan,0.0,0.0012224938875305623,0.0006112469437652812
pelindo,ORG,1,pelindo,0.0,0.0012224938875305623,0.0006112469437652812
pembangkit,PRD,1,pembangkit,0.0,0.0012224938875305623,0.0006112469437652812
pembangunan internasional amerika serikat,ORG,1,pembangunan internasional amerika serikat,0.0,0.0012224938875305623,0.0006112469437652812
pembatasan,ORG,1,pembatasan,0.0,0.0012224938875305623,0.0006112469437652812
pembayaran,EVT,1,pembayaran,0.0,0.0012224938875305623,0.0006112469437652812
pembayaran,LAW,1,pembayaran,0.0,0.0012224938875305623,0.0006112469437652812
pembayaran nasional gpn,EVT,1,pembayaran nasional gpn,0.0,0.0012224938875305623,0.0006112469437652812
pembayaran undang undang nomor tahun tentang bank indonesia,LAW,1,pembayaran undang undang nomor tahun tentang bank indonesia,0.0,0.0012224938875305623,0.0006112469437652812
pembebasan liberation day,EVT,1,pembebasan liberation day,0.0,0.0012224938875305623,0.0006112469437652812
pembukaan perdagangan sesi i,EVT,1,pembukaan perdagangan sesi i,0.0,0.0012224938875305623,0.0006112469437652812
pemerinta,NOR,1,pemerinta,0.0,0.0012224938875305623,0.0006112469437652812
arsjad,ORG,1,arsjad,0.0,0.0012224938875305623,0.0006112469437652812
arsjad,PER,1,arsjad,0.0,0.0012224938875305623,0.0006112469437652812
pemerintah afrika selatan,NOR,1,pemerintah afrika selatan,0.0,0.0012224938875305623,0.0006112469437652812
arsjad rasjid,PER,1,arsjad rasjid,0.0,0.0012224938875305623,0.0006112469437652812
artichoke,ORG,1,artichoke,0.0,0.0012224938875305623,0.0006112469437652812
artificial intelligence ai,PRD,1,artificial intelligence ai,0.0,0.0012224938875305623,0.0006112469437652812
pemerintah asing,NOR,1,pemerintah asing,0.0,0.0012224938875305623,0.0006112469437652812
aru,ORG,1,aru,0.0,0.0012224938875305623,0.0006112469437652812
pemerintah china as,NOR,1,pemerintah china as,0.0,0.0012224938875305623,0.0006112469437652812
pemerintah chinamenyatakan,NOR,1,pemerintah chinamenyatakan,0.0,0.0012224938875305623,0.0006112469437652812
pemerintah daerah,NOR,1,pemerintah daerah,0.0,0.0012224938875305623,0.0006112469437652812
pemerintah hong kong,NOR,1,pemerintah hong kong,0.0,0.0012224938875305623,0.0006112469437652812
pemerintah india,NOR,1,pemerintah india,0.0,0.0012224938875305623,0.0006112469437652812
aru armando,PER,1,aru armando,0.0,0.0012224938875305623,0.0006112469437652812
pemerintah korsel,NOR,1,pemerintah korsel,0.0,0.0012224938875305623,0.0006112469437652812
pemerintah negara bagiancaliforniajadi,NOR,1,pemerintah negara bagiancaliforniajadi,0.0,0.0012224938875305623,0.0006112469437652812
pemerintah presiden amerika serikat as,NOR,1,pemerintah presiden amerika serikat as,0.0,0.0012224938875305623,0.0006112469437652812
asa,ORG,1,asa,0.0,0.0012224938875305623,0.0006112469437652812
pemerintah tiongkok,NOR,1,pemerintah tiongkok,0.0,0.0012224938875305623,0.0006112469437652812
pemerintah vietnam,NOR,1,pemerintah vietnam,0.0,0.0012224938875305623,0.0006112469437652812
pemerintahamerika serikat,NOR,1,pemerintahamerika serikat,0.0,0.0012224938875305623,0.0006112469437652812
pemerintahamerika serikat as,NOR,1,pemerintahamerika serikat as,0.0,0.0012224938875305623,0.0006112469437652812
asaxiosmengutip,ORG,1,asaxiosmengutip,0.0,0.0012224938875305623,0.0006112469437652812
asbersiap,PRD,1,asbersiap,0.0,0.0012224938875305623,0.0006112469437652812
ascend,ORG,1,ascend,0.0,0.0012224938875305623,0.0006112469437652812
pemerintahan negara asia tenggara,NOR,1,pemerintahan negara asia tenggara,0.0,0.0012224938875305623,0.0006112469437652812
pemerintahan negeri paman sam,NOR,1,pemerintahan negeri paman sam,0.0,0.0012224938875305623,0.0006112469437652812
asdan,GPE,1,asdan,0.0,0.0012224938875305623,0.0006112469437652812
asdari,GPE,1,asdari,0.0,0.0012224938875305623,0.0006112469437652812
asdengan,GPE,1,asdengan,0.0,0.0012224938875305623,0.0006112469437652812
asia china,GPE,1,asia china,0.0,0.0012224938875305623,0.0006112469437652812
asia liputan com jakarta,ORG,1,asia liputan com jakarta,0.0,0.0012224938875305623,0.0006112469437652812
pemerintahan xi jinping,NOR,1,pemerintahan xi jinping,0.0,0.0012224938875305623,0.0006112469437652812
asia singapura,GPE,1,asia singapura,0.0,0.0012224938875305623,0.0006112469437652812
pemerintahchinamenyatakan,NOR,1,pemerintahchinamenyatakan,0.0,0.0012224938875305623,0.0006112469437652812
pemerintahjermanmemprediksikan,NOR,1,pemerintahjermanmemprediksikan,0.0,0.0012224938875305623,0.0006112469437652812
pemerintahkorselmengucurkan,NOR,1,pemerintahkorselmengucurkan,0.0,0.0012224938875305623,0.0006112469437652812
asiadi,GPE,1,asiadi,0.0,0.0012224938875305623,0.0006112469437652812
asian,ORG,1,asian,0.0,0.0012224938875305623,0.0006112469437652812
pemilihan kepemimpinan,EVT,1,pemilihan kepemimpinan,0.0,0.0012224938875305623,0.0006112469437652812
pemilihan presiden presiden as,EVT,1,pemilihan presiden presiden as,0.0,0.0012224938875305623,0.0006112469437652812
pemilihan umum carney,EVT,1,pemilihan umum carney,0.0,0.0012224938875305623,0.0006112469437652812
pemilihan umum federal,EVT,1,pemilihan umum federal,0.0,0.0012224938875305623,0.0006112469437652812
pemilihan umum pemilu,EVT,1,pemilihan umum pemilu,0.0,0.0012224938875305623,0.0006112469437652812
asian insights conference,EVT,1,asian insights conference,0.0,0.0012224938875305623,0.0006112469437652812
pemilu buruh,EVT,1,pemilu buruh,0.0,0.0012224938875305623,0.0006112469437652812
pemilu trump,EVT,1,pemilu trump,0.0,0.0012224938875305623,0.0006112469437652812
asiaone,ORG,1,asiaone,0.0,0.0012224938875305623,0.0006112469437652812
asing valas,ORG,1,asing valas,0.0,0.0012224938875305623,0.0006112469437652812
pemimpin asia tenggara,NOR,1,pemimpin asia tenggara,0.0,0.0012224938875305623,0.0006112469437652812
pemimpin china,NOR,1,pemimpin china,0.0,0.0012224938875305623,0.0006112469437652812
askini,ORG,1,askini,0.0,0.0012224938875305623,0.0006112469437652812
pemimpin kanada,NOR,1,pemimpin kanada,0.0,0.0012224938875305623,0.0006112469437652812
pemimpin partai liberal,NOR,1,pemimpin partai liberal,0.0,0.0012224938875305623,0.0006112469437652812
pemimpin uni eropa ue,NOR,1,pemimpin uni eropa ue,0.0,0.0012224938875305623,0.0006112469437652812
pemimpin vietnam,NOR,1,pemimpin vietnam,0.0,0.0012224938875305623,0.0006112469437652812
pemotongan,LAW,1,pemotongan,0.0,0.0012224938875305623,0.0006112469437652812
asosiasi energi surya indonesia,ORG,1,asosiasi energi surya indonesia,0.0,0.0012224938875305623,0.0006112469437652812
penasihat pertambangan asosiasi penambang nikel indonesia,ORG,1,penasihat pertambangan asosiasi penambang nikel indonesia,0.0,0.0012224938875305623,0.0006112469437652812
pendanaancina,ORG,1,pendanaancina,0.0,0.0012224938875305623,0.0006112469437652812
pendiri agung sedayu group,ORG,1,pendiri agung sedayu group,0.0,0.0012224938875305623,0.0006112469437652812
peneliti center of reform on economics core indonesia,ORG,1,peneliti center of reform on economics core indonesia,0.0,0.0012224938875305623,0.0006112469437652812
asosiasi jurnalis,ORG,1,asosiasi jurnalis,0.0,0.0012224938875305623,0.0006112469437652812
asosiasi minuman ringan asrim,ORG,1,asosiasi minuman ringan asrim,0.0,0.0012224938875305623,0.0006112469437652812
pengadilan as,NOR,1,pengadilan as,0.0,0.0012224938875305623,0.0006112469437652812
pengadilan banding federal as,NOR,1,pengadilan banding federal as,0.0,0.0012224938875305623,0.0006112469437652812
pengadilan federal,NOR,1,pengadilan federal,0.0,0.0012224938875305623,0.0006112469437652812
pengadilan federal as,NOR,1,pengadilan federal as,0.0,0.0012224938875305623,0.0006112469437652812
pengadilan konstitusi,LAW,1,pengadilan konstitusi,0.0,0.0012224938875305623,0.0006112469437652812
asosiasi pengusaha indonesia,ORG,1,asosiasi pengusaha indonesia,0.0,0.0012224938875305623,0.0006112469437652812
asosiasi pengusahatrukindonesia aptrindo,ORG,1,asosiasi pengusahatrukindonesia aptrindo,0.0,0.0012224938875305623,0.0006112469437652812
asosiasi peternak layer indonesia,ORG,1,asosiasi peternak layer indonesia,0.0,0.0012224938875305623,0.0006112469437652812
pengadilan perdagangan internasional amerika serikat,NOR,1,pengadilan perdagangan internasional amerika serikat,0.0,0.0012224938875305623,0.0006112469437652812
pengadilan perdagangan internasional as,NOR,1,pengadilan perdagangan internasional as,0.0,0.0012224938875305623,0.0006112469437652812
pengadilan perdagangan internasional federal amerika serikat as,NOR,1,pengadilan perdagangan internasional federal amerika serikat as,0.0,0.0012224938875305623,0.0006112469437652812
pengamat ekonomi universitas andalas,ORG,1,pengamat ekonomi universitas andalas,0.0,0.0012224938875305623,0.0006112469437652812
pengawas,NOR,1,pengawas,0.0,0.0012224938875305623,0.0006112469437652812
pengendalian ekspor dan,EVT,1,pengendalian ekspor dan,0.0,0.0012224938875305623,0.0006112469437652812
penguatan,ORG,1,penguatan,0.0,0.0012224938875305623,0.0006112469437652812
penguin,ORG,1,penguin,0.0,0.0012224938875305623,0.0006112469437652812
penguin,PER,1,penguin,0.0,0.0012224938875305623,0.0006112469437652812
penguin,PRD,1,penguin,0.0,0.0012224938875305623,0.0006112469437652812
pengusaha kelapa,ORG,1,pengusaha kelapa,0.0,0.0012224938875305623,0.0006112469437652812
asosiasi produsen,ORG,1,asosiasi produsen,0.0,0.0012224938875305623,0.0006112469437652812
pennsylvania,PRD,1,pennsylvania,0.0,0.0012224938875305623,0.0006112469437652812
pentagon,NOR,1,pentagon,0.0,0.0012224938875305623,0.0006112469437652812
peralatan listrik,PRD,1,peralatan listrik,0.0,0.0012224938875305623,0.0006112469437652812
peralatan listrik alas kaki pakaian,PRD,1,peralatan listrik alas kaki pakaian,0.0,0.0012224938875305623,0.0006112469437652812
peralatan mekanik,PRD,1,peralatan mekanik,0.0,0.0012224938875305623,0.0006112469437652812
peralihan,PRD,1,peralihan,0.0,0.0012224938875305623,0.0006112469437652812
asosiasi produsen peralatan listrik indonesia appi,ORG,1,asosiasi produsen peralatan listrik indonesia appi,0.0,0.0012224938875305623,0.0006112469437652812
perancis,ORG,1,perancis,0.0,0.0012224938875305623,0.0006112469437652812
perang,NOR,1,perang,0.0,0.0012224938875305623,0.0006112469437652812
perang dagang,EVT,1,perang dagang,0.0,0.0012224938875305623,0.0006112469437652812
perang dagang jilid,EVT,1,perang dagang jilid,0.0,0.0012224938875305623,0.0006112469437652812
perang dagang jilid i as,EVT,1,perang dagang jilid i as,0.0,0.0012224938875305623,0.0006112469437652812
perang dagang trans atlantik,EVT,1,perang dagang trans atlantik,0.0,0.0012224938875305623,0.0006112469437652812
asosiasi produsen serat dan benang filamen indonesia,ORG,1,asosiasi produsen serat dan benang filamen indonesia,0.0,0.0012224938875305623,0.0006112469437652812
perangkat,PRD,1,perangkat,0.0,0.0012224938875305623,0.0006112469437652812
asosiasi produsen serat dan benang filament indonesia,ORG,1,asosiasi produsen serat dan benang filament indonesia,0.0,0.0012224938875305623,0.0006112469437652812
peraturan bi nomor tahun tentang,LAW,1,peraturan bi nomor tahun tentang,0.0,0.0012224938875305623,0.0006112469437652812
peraturan bi nomor tahun tentang sistem pembayaran,LAW,1,peraturan bi nomor tahun tentang sistem pembayaran,0.0,0.0012224938875305623,0.0006112469437652812
peraturan pemerintah nomor tahun,LAW,1,peraturan pemerintah nomor tahun,0.0,0.0012224938875305623,0.0006112469437652812
peraturan presiden perpres nomor tahun tentang pengadaan barang dan jasa pbj,LAW,1,peraturan presiden perpres nomor tahun tentang pengadaan barang dan jasa pbj,0.0,0.0012224938875305623,0.0006112469437652812
perbankan,ORG,1,perbankan,0.0,0.0012224938875305623,0.0006112469437652812
asosiasi produsen suku cadang otomotif kanada,ORG,1,asosiasi produsen suku cadang otomotif kanada,0.0,0.0012224938875305623,0.0006112469437652812
asosiasi pulp dan kertas indonesia,ORG,1,asosiasi pulp dan kertas indonesia,0.0,0.0012224938875305623,0.0006112469437652812
asosiasi sistem pembayaran indonesia,ORG,1,asosiasi sistem pembayaran indonesia,0.0,0.0012224938875305623,0.0006112469437652812
asri,ORG,1,asri,0.0,0.0012224938875305623,0.0006112469437652812
perdagangan china,ORG,1,perdagangan china,0.0,0.0012224938875305623,0.0006112469437652812
perdagangan dalam negeri djpdn kemendagnawandaru,NOR,1,perdagangan dalam negeri djpdn kemendagnawandaru,0.0,0.0012224938875305623,0.0006112469437652812
associate indef,ORG,1,associate indef,0.0,0.0012224938875305623,0.0006112469437652812
associated,ORG,1,associated,0.0,0.0012224938875305623,0.0006112469437652812
perdagangan gedung putih,ORG,1,perdagangan gedung putih,0.0,0.0012224938875305623,0.0006112469437652812
association,ORG,1,association,0.0,0.0012224938875305623,0.0006112469437652812
perdagangan internasional as,ORG,1,perdagangan internasional as,0.0,0.0012224938875305623,0.0006112469437652812
perdagangan nasional national,LAW,1,perdagangan nasional national,0.0,0.0012224938875305623,0.0006112469437652812
perdagangan nasional nte,LAW,1,perdagangan nasional nte,0.0,0.0012224938875305623,0.0006112469437652812
association indonesia,ORG,1,association indonesia,0.0,0.0012224938875305623,0.0006112469437652812
asst general manager ptsn,ORG,1,asst general manager ptsn,0.0,0.0012224938875305623,0.0006112469437652812
astelah,LOC,1,astelah,0.0,0.0012224938875305623,0.0006112469437652812
aston,ORG,1,aston,0.0,0.0012224938875305623,0.0006112469437652812
perdana menteri india,NOR,1,perdana menteri india,0.0,0.0012224938875305623,0.0006112469437652812
astudestra ajengrastri jumat,PER,1,astudestra ajengrastri jumat,0.0,0.0012224938875305623,0.0006112469437652812
perdana menteri kamboja,NOR,1,perdana menteri kamboja,0.0,0.0012224938875305623,0.0006112469437652812
asuntuk,GPE,1,asuntuk,0.0,0.0012224938875305623,0.0006112469437652812
asx,ORG,1,asx,0.0,0.0012224938875305623,0.0006112469437652812
perdana menteri laos,NOR,1,perdana menteri laos,0.0,0.0012224938875305623,0.0006112469437652812
athleta,ORG,1,athleta,0.0,0.0012224938875305623,0.0006112469437652812
perdana menteri pm,NOR,1,perdana menteri pm,0.0,0.0012224938875305623,0.0006112469437652812
perdana menteri pm australia,NOR,1,perdana menteri pm australia,0.0,0.0012224938875305623,0.0006112469437652812
perdana menteri pm malaysia,NOR,1,perdana menteri pm malaysia,0.0,0.0012224938875305623,0.0006112469437652812
perdana menteri singapura,NOR,1,perdana menteri singapura,0.0,0.0012224938875305623,0.0006112469437652812
perdana menteri thailand,NOR,1,perdana menteri thailand,0.0,0.0012224938875305623,0.0006112469437652812
perdana menteri timor leste,NOR,1,perdana menteri timor leste,0.0,0.0012224938875305623,0.0006112469437652812
perdana menteriisraelbenjaminnetanyahutiba,NOR,1,perdana menteriisraelbenjaminnetanyahutiba,0.0,0.0012224938875305623,0.0006112469437652812
perdana menterikanadayang,NOR,1,perdana menterikanadayang,0.0,0.0012224938875305623,0.0006112469437652812
atlanta,GPE,1,atlanta,0.0,0.0012224938875305623,0.0006112469437652812
perekonomian jakarta,ORG,1,perekonomian jakarta,0.0,0.0012224938875305623,0.0006112469437652812
perekonomianairlangga,ORG,1,perekonomianairlangga,0.0,0.0012224938875305623,0.0006112469437652812
perempat,QTY,1,perempat,0.0,0.0012224938875305623,0.0006112469437652812
perguruan tinggi negeri ptn,ORG,1,perguruan tinggi negeri ptn,0.0,0.0012224938875305623,0.0006112469437652812
perhimpunan bangsa bangsa,ORG,1,perhimpunan bangsa bangsa,0.0,0.0012224938875305623,0.0006112469437652812
perikanan,NOR,1,perikanan,0.0,0.0012224938875305623,0.0006112469437652812
atlanta,ORG,1,atlanta,0.0,0.0012224938875305623,0.0006112469437652812
perikanan,PRD,1,perikanan,0.0,0.0012224938875305623,0.0006112469437652812
perikanan laut,PRD,1,perikanan laut,0.0,0.0012224938875305623,0.0006112469437652812
atlantic,ORG,1,atlantic,0.0,0.0012224938875305623,0.0006112469437652812
perjanjian,LAW,1,perjanjian,0.0,0.0012224938875305623,0.0006112469437652812
perjanjian kerahasiaan non disclosure agreement,LAW,1,perjanjian kerahasiaan non disclosure agreement,0.0,0.0012224938875305623,0.0006112469437652812
perjanjian kerangka kerja perdagangan dan investasi tifa,LAW,1,perjanjian kerangka kerja perdagangan dan investasi tifa,0.0,0.0012224938875305623,0.0006112469437652812
perjanjian paris,LAW,1,perjanjian paris,0.0,0.0012224938875305623,0.0006112469437652812
perjanjian perdagangan,LAW,1,perjanjian perdagangan,0.0,0.0012224938875305623,0.0006112469437652812
perjanjian perdagangan bebas,LAW,1,perjanjian perdagangan bebas,0.0,0.0012224938875305623,0.0006112469437652812
perkebunan,ORG,1,perkebunan,0.0,0.0012224938875305623,0.0006112469437652812
perlengkapan elektrik,PRD,1,perlengkapan elektrik,0.0,0.0012224938875305623,0.0006112469437652812
perlengkapan elektrik hs,PRD,1,perlengkapan elektrik hs,0.0,0.0012224938875305623,0.0006112469437652812
permainan video,ORG,1,permainan video,0.0,0.0012224938875305623,0.0006112469437652812
permesinan otomotif,ORG,1,permesinan otomotif,0.0,0.0012224938875305623,0.0006112469437652812
perpres,LAW,1,perpres,0.0,0.0012224938875305623,0.0006112469437652812
perpres nomor tahun tentang pengadaan barang jasa pemerintah,LAW,1,perpres nomor tahun tentang pengadaan barang jasa pemerintah,0.0,0.0012224938875305623,0.0006112469437652812
perry,ORG,1,perry,0.0,0.0012224938875305623,0.0006112469437652812
atlantic council,ORG,1,atlantic council,0.0,0.0012224938875305623,0.0006112469437652812
perry warjiyo,PER,1,perry warjiyo,0.0,0.0012224938875305623,0.0006112469437652812
perry warjiyodan,PER,1,perry warjiyodan,0.0,0.0012224938875305623,0.0006112469437652812
atlantik,ORG,1,atlantik,0.0,0.0012224938875305623,0.0006112469437652812
au jibun bank purchasing managers index pmi,ORG,1,au jibun bank purchasing managers index pmi,0.0,0.0012224938875305623,0.0006112469437652812
persatuan,ORG,1,persatuan,0.0,0.0012224938875305623,0.0006112469437652812
aud,GPE,1,aud,0.0,0.0012224938875305623,0.0006112469437652812
aud,ORG,1,aud,0.0,0.0012224938875305623,0.0006112469437652812
audi,ORG,1,audi,0.0,0.0012224938875305623,0.0006112469437652812
auditorium,LOC,1,auditorium,0.0,0.0012224938875305623,0.0006112469437652812
augusta,ORG,1,augusta,0.0,0.0012224938875305623,0.0006112469437652812
augusta,PER,1,augusta,0.0,0.0012224938875305623,0.0006112469437652812
perserikatan,NOR,1,perserikatan,0.0,0.0012224938875305623,0.0006112469437652812
aukus,ORG,1,aukus,0.0,0.0012224938875305623,0.0006112469437652812
perseroan,ORG,1,perseroan,0.0,0.0012224938875305623,0.0006112469437652812
persetujuanetf bitcoin,ORG,1,persetujuanetf bitcoin,0.0,0.0012224938875305623,0.0006112469437652812
persidangan iii,EVT,1,persidangan iii,0.0,0.0012224938875305623,0.0006112469437652812
persidangan iii tahun sidang dpr,EVT,1,persidangan iii tahun sidang dpr,0.0,0.0012224938875305623,0.0006112469437652812
aula miendrowo gedung utama feb unair,LOC,1,aula miendrowo gedung utama feb unair,0.0,0.0012224938875305623,0.0006112469437652812
pertahanan,NOR,1,pertahanan,0.0,0.0012224938875305623,0.0006112469437652812
pertahanan,ORG,1,pertahanan,0.0,0.0012224938875305623,0.0006112469437652812
aung kyaw moe,PER,1,aung kyaw moe,0.0,0.0012224938875305623,0.0006112469437652812
pertamax,ORD,1,pertamax,0.0,0.0012224938875305623,0.0006112469437652812
pertamax,PRD,1,pertamax,0.0,0.0012224938875305623,0.0006112469437652812
australia barat,GPE,1,australia barat,0.0,0.0012224938875305623,0.0006112469437652812
pertanian,PRD,1,pertanian,0.0,0.0012224938875305623,0.0006112469437652812
pertemuan,EVT,1,pertemuan,0.0,0.0012224938875305623,0.0006112469437652812
pertemuan apec,EVT,1,pertemuan apec,0.0,0.0012224938875305623,0.0006112469437652812
pertemuanfomcperiode,EVT,1,pertemuanfomcperiode,0.0,0.0012224938875305623,0.0006112469437652812
pertemuang,EVT,1,pertemuang,0.0,0.0012224938875305623,0.0006112469437652812
perth,GPE,1,perth,0.0,0.0012224938875305623,0.0006112469437652812
pertumbuhan ekonomi indonesia,ORG,1,pertumbuhan ekonomi indonesia,0.0,0.0012224938875305623,0.0006112469437652812
austria,GPE,1,austria,0.0,0.0012224938875305623,0.0006112469437652812
perusah,ORG,1,perusah,0.0,0.0012224938875305623,0.0006112469437652812
austria,ORG,1,austria,0.0,0.0012224938875305623,0.0006112469437652812
available,PER,1,available,0.0,0.0012224938875305623,0.0006112469437652812
perwakilan dagang,NOR,1,perwakilan dagang,0.0,0.0012224938875305623,0.0006112469437652812
avia,ORG,1,avia,0.0,0.0012224938875305623,0.0006112469437652812
perwakilan dagang as,ORG,1,perwakilan dagang as,0.0,0.0012224938875305623,0.0006112469437652812
perwakilan perdagangan,NOR,1,perwakilan perdagangan,0.0,0.0012224938875305623,0.0006112469437652812
perwakilan perdagangan amerika serikat,NOR,1,perwakilan perdagangan amerika serikat,0.0,0.0012224938875305623,0.0006112469437652812
avian tbk,ORG,1,avian tbk,0.0,0.0012224938875305623,0.0006112469437652812
aviasi,ORG,1,aviasi,0.0,0.0012224938875305623,0.0006112469437652812
pesawat as,PRD,1,pesawat as,0.0,0.0012224938875305623,0.0006112469437652812
pesawat as boeing,PRD,1,pesawat as boeing,0.0,0.0012224938875305623,0.0006112469437652812
pesawat berbadan sempit,PRD,1,pesawat berbadan sempit,0.0,0.0012224938875305623,0.0006112469437652812
pesawat boeing,PRD,1,pesawat boeing,0.0,0.0012224938875305623,0.0006112469437652812
pesawat boeing jet max,PRD,1,pesawat boeing jet max,0.0,0.0012224938875305623,0.0006112469437652812
pesawat boeing max,PRD,1,pesawat boeing max,0.0,0.0012224938875305623,0.0006112469437652812
pesawat jet boeing,PRD,1,pesawat jet boeing,0.0,0.0012224938875305623,0.0006112469437652812
pesawat jet komersial,PRD,1,pesawat jet komersial,0.0,0.0012224938875305623,0.0006112469437652812
pesawat komersial,PRD,1,pesawat komersial,0.0,0.0012224938875305623,0.0006112469437652812
pesawat max lorong tunggal,PRD,1,pesawat max lorong tunggal,0.0,0.0012224938875305623,0.0006112469437652812
aviv,PER,1,aviv,0.0,0.0012224938875305623,0.0006112469437652812
pesawat penuh,PRD,1,pesawat penuh,0.0,0.0012224938875305623,0.0006112469437652812
pesawat produksiboeingdan,PRD,1,pesawat produksiboeingdan,0.0,0.0012224938875305623,0.0006112469437652812
pesawat tempur,PRD,1,pesawat tempur,0.0,0.0012224938875305623,0.0006112469437652812
ayam,ORG,1,ayam,0.0,0.0012224938875305623,0.0006112469437652812
pesawatboeingdari,PRD,1,pesawatboeingdari,0.0,0.0012224938875305623,0.0006112469437652812
pesisir timur,LOC,1,pesisir timur,0.0,0.0012224938875305623,0.0006112469437652812
peter,PER,1,peter,0.0,0.0012224938875305623,0.0006112469437652812
peter navarro,PER,1,peter navarro,0.0,0.0012224938875305623,0.0006112469437652812
ayam daging babi kedelai,PRD,1,ayam daging babi kedelai,0.0,0.0012224938875305623,0.0006112469437652812
peterson institute for international economics,ORG,1,peterson institute for international economics,0.0,0.0012224938875305623,0.0006112469437652812
petikemas,LOC,1,petikemas,0.0,0.0012224938875305623,0.0006112469437652812
ayosvvl,ORG,1,ayosvvl,0.0,0.0012224938875305623,0.0006112469437652812
petro,PRD,1,petro,0.0,0.0012224938875305623,0.0006112469437652812
petroleum,ORG,1,petroleum,0.0,0.0012224938875305623,0.0006112469437652812
ba,ORG,1,ba,0.0,0.0012224938875305623,0.0006112469437652812
petromenolak,PER,1,petromenolak,0.0,0.0012224938875305623,0.0006112469437652812
pew,ORG,1,pew,0.0,0.0012224938875305623,0.0006112469437652812
ph,ORG,1,ph,0.0,0.0012224938875305623,0.0006112469437652812
phal niseiy,PER,1,phal niseiy,0.0,0.0012224938875305623,0.0006112469437652812
pham minh chinh,PER,1,pham minh chinh,0.0,0.0012224938875305623,0.0006112469437652812
philip,PER,1,philip,0.0,0.0012224938875305623,0.0006112469437652812
philip,PRD,1,philip,0.0,0.0012224938875305623,0.0006112469437652812
philip heijmans,PER,1,philip heijmans,0.0,0.0012224938875305623,0.0006112469437652812
phk,NOR,1,phk,0.0,0.0012224938875305623,0.0006112469437652812
baca,ORG,1,baca,0.0,0.0012224938875305623,0.0006112469437652812
phoenix,GPE,1,phoenix,0.0,0.0012224938875305623,0.0006112469437652812
picu,ORG,1,picu,0.0,0.0012224938875305623,0.0006112469437652812
pidato berapi api,EVT,1,pidato berapi api,0.0,0.0012224938875305623,0.0006112469437652812
pidato penutupan,EVT,1,pidato penutupan,0.0,0.0012224938875305623,0.0006112469437652812
pierre gabris,PER,1,pierre gabris,0.0,0.0012224938875305623,0.0006112469437652812
pierre olivier gourinchas,PER,1,pierre olivier gourinchas,0.0,0.0012224938875305623,0.0006112469437652812
pilpres,EVT,1,pilpres,0.0,0.0012224938875305623,0.0006112469437652812
pilpres as,EVT,1,pilpres as,0.0,0.0012224938875305623,0.0006112469437652812
pimpinan amazon group,ORG,1,pimpinan amazon group,0.0,0.0012224938875305623,0.0006112469437652812
pimpinan mpr ri,NOR,1,pimpinan mpr ri,0.0,0.0012224938875305623,0.0006112469437652812
pimpinan negara negara asean,NOR,1,pimpinan negara negara asean,0.0,0.0012224938875305623,0.0006112469437652812
pintu,ORG,1,pintu,0.0,0.0012224938875305623,0.0006112469437652812
pipa,PRD,1,pipa,0.0,0.0012224938875305623,0.0006112469437652812
piston,PRD,1,piston,0.0,0.0012224938875305623,0.0006112469437652812
pittsburgh,GPE,1,pittsburgh,0.0,0.0012224938875305623,0.0006112469437652812
pjsp,ORG,1,pjsp,0.0,0.0012224938875305623,0.0006112469437652812
pkp,NOR,1,pkp,0.0,0.0012224938875305623,0.0006112469437652812
plato,ORG,1,plato,0.0,0.0012224938875305623,0.0006112469437652812
plc,PRD,1,plc,0.0,0.0012224938875305623,0.0006112469437652812
pln,ORG,1,pln,0.0,0.0012224938875305623,0.0006112469437652812
plts,PRD,1,plts,0.0,0.0012224938875305623,0.0006112469437652812
plts atap,PRD,1,plts atap,0.0,0.0012224938875305623,0.0006112469437652812
pltu,PRD,1,pltu,0.0,0.0012224938875305623,0.0006112469437652812
pm,NOR,1,pm,0.0,0.0012224938875305623,0.0006112469437652812
pm,ORG,1,pm,0.0,0.0012224938875305623,0.0006112469437652812
badan koordinasi penanaman modal,NOR,1,badan koordinasi penanaman modal,0.0,0.0012224938875305623,0.0006112469437652812
pmi manufaktur as,ORG,1,pmi manufaktur as,0.0,0.0012224938875305623,0.0006112469437652812
pmk,LAW,1,pmk,0.0,0.0012224938875305623,0.0006112469437652812
pmk,ORG,1,pmk,0.0,0.0012224938875305623,0.0006112469437652812
pmtb,ORG,1,pmtb,0.0,0.0012224938875305623,0.0006112469437652812
pocket,ORG,1,pocket,0.0,0.0012224938875305623,0.0006112469437652812
podcastbbc,ORG,1,podcastbbc,0.0,0.0012224938875305623,0.0006112469437652812
pohon,PRD,1,pohon,0.0,0.0012224938875305623,0.0006112469437652812
pohon pinus plastik,PRD,1,pohon pinus plastik,0.0,0.0012224938875305623,0.0006112469437652812
poin,PRD,1,poin,0.0,0.0012224938875305623,0.0006112469437652812
pol wasekjen dpp gerindra,NOR,1,pol wasekjen dpp gerindra,0.0,0.0012224938875305623,0.0006112469437652812
badan pengurus cabang,ORG,1,badan pengurus cabang,0.0,0.0012224938875305623,0.0006112469437652812
policy,LAW,1,policy,0.0,0.0012224938875305623,0.0006112469437652812
policy brief,LAW,1,policy brief,0.0,0.0012224938875305623,0.0006112469437652812
poliester,ORG,1,poliester,0.0,0.0012224938875305623,0.0006112469437652812
polisi,NOR,1,polisi,0.0,0.0012224938875305623,0.0006112469437652812
polling,NOR,1,polling,0.0,0.0012224938875305623,0.0006112469437652812
polly,ORG,1,polly,0.0,0.0012224938875305623,0.0006112469437652812
poly kedua,ORG,1,poly kedua,0.0,0.0012224938875305623,0.0006112469437652812
badan pengurus pusat himpunan pengusaha muda indonesia bpp hipmi,ORG,1,badan pengurus pusat himpunan pengusaha muda indonesia bpp hipmi,0.0,0.0012224938875305623,0.0006112469437652812
ponsel android,PRD,1,ponsel android,0.0,0.0012224938875305623,0.0006112469437652812
ponsel mainan komputer,PRD,1,ponsel mainan komputer,0.0,0.0012224938875305623,0.0006112469437652812
ponsel pintar,PRD,1,ponsel pintar,0.0,0.0012224938875305623,0.0006112469437652812
ponselnya,PRD,1,ponselnya,0.0,0.0012224938875305623,0.0006112469437652812
poor dow,PRD,1,poor dow,0.0,0.0012224938875305623,0.0006112469437652812
pop,ORG,1,pop,0.0,0.0012224938875305623,0.0006112469437652812
popal,PRD,1,popal,0.0,0.0012224938875305623,0.0006112469437652812
popmenerima,ORG,1,popmenerima,0.0,0.0012224938875305623,0.0006112469437652812
porsche,ORG,1,porsche,0.0,0.0012224938875305623,0.0006112469437652812
posco,ORG,1,posco,0.0,0.0012224938875305623,0.0006112469437652812
badan perencanaan pembangunan nasional republik indonesia bappenas,NOR,1,badan perencanaan pembangunan nasional republik indonesia bappenas,0.0,0.0012224938875305623,0.0006112469437652812
post selasa,ORG,1,post selasa,0.0,0.0012224938875305623,0.0006112469437652812
pound,MON,1,pound,0.0,0.0012224938875305623,0.0006112469437652812
pound sterling inggris,MON,1,pound sterling inggris,0.0,0.0012224938875305623,0.0006112469437652812
poundsterling,MON,1,poundsterling,0.0,0.0012224938875305623,0.0006112469437652812
poundsterling inggris,MON,1,poundsterling inggris,0.0,0.0012224938875305623,0.0006112469437652812
badan pusat statistik,ORG,1,badan pusat statistik,0.0,0.0012224938875305623,0.0006112469437652812
badri munir sukoco,PER,1,badri munir sukoco,0.0,0.0012224938875305623,0.0006112469437652812
powelluntuk,PER,1,powelluntuk,0.0,0.0012224938875305623,0.0006112469437652812
baghdad,GPE,1,baghdad,0.0,0.0012224938875305623,0.0006112469437652812
ppadahal,ORG,1,ppadahal,0.0,0.0012224938875305623,0.0006112469437652812
bahan bakar minyak bbm,PRD,1,bahan bakar minyak bbm,0.0,0.0012224938875305623,0.0006112469437652812
pppk,NOR,1,pppk,0.0,0.0012224938875305623,0.0006112469437652812
pr,PER,1,pr,0.0,0.0012224938875305623,0.0006112469437652812
bahan kimia organik senyawa kimia organik,PRD,1,bahan kimia organik senyawa kimia organik,0.0,0.0012224938875305623,0.0006112469437652812
bahlil,ORG,1,bahlil,0.0,0.0012224938875305623,0.0006112469437652812
bahrain,GPE,1,bahrain,0.0,0.0012224938875305623,0.0006112469437652812
prabowo subiantomenyetujui,PER,1,prabowo subiantomenyetujui,0.0,0.0012224938875305623,0.0006112469437652812
prabowosubianto,PER,1,prabowosubianto,0.0,0.0012224938875305623,0.0006112469437652812
baja aluminium,PRD,1,baja aluminium,0.0,0.0012224938875305623,0.0006112469437652812
prada capai,ORG,1,prada capai,0.0,0.0012224938875305623,0.0006112469437652812
prajogo,ORG,1,prajogo,0.0,0.0012224938875305623,0.0006112469437652812
prajogo pangestu,PER,1,prajogo pangestu,0.0,0.0012224938875305623,0.0006112469437652812
baja baja tipis,PRD,1,baja baja tipis,0.0,0.0012224938875305623,0.0006112469437652812
baja nirkarat,PRD,1,baja nirkarat,0.0,0.0012224938875305623,0.0006112469437652812
bajadan,PRD,1,bajadan,0.0,0.0012224938875305623,0.0006112469437652812
prepared,PRD,1,prepared,0.0,0.0012224938875305623,0.0006112469437652812
bakar,PRD,1,bakar,0.0,0.0012224938875305623,0.0006112469437652812
bakrie,ORG,1,bakrie,0.0,0.0012224938875305623,0.0006112469437652812
ballroom,PER,1,ballroom,0.0,0.0012224938875305623,0.0006112469437652812
presiden afrika selatan,NOR,1,presiden afrika selatan,0.0,0.0012224938875305623,0.0006112469437652812
presiden ameriak serikat as,NOR,1,presiden ameriak serikat as,0.0,0.0012224938875305623,0.0006112469437652812
ballroom amarthapura el hotel bandung,LOC,1,ballroom amarthapura el hotel bandung,0.0,0.0012224938875305623,0.0006112469437652812
ballroom nt tower,EVT,1,ballroom nt tower,0.0,0.0012224938875305623,0.0006112469437652812
banda aceh,ORG,1,banda aceh,0.0,0.0012224938875305623,0.0006112469437652812
presiden amerikadonald,NOR,1,presiden amerikadonald,0.0,0.0012224938875305623,0.0006112469437652812
bangkok,GPE,1,bangkok,0.0,0.0012224938875305623,0.0006112469437652812
presiden as,ORG,1,presiden as,0.0,0.0012224938875305623,0.0006112469437652812
bangsa bangsa asia tenggara,NOR,1,bangsa bangsa asia tenggara,0.0,0.0012224938875305623,0.0006112469437652812
presiden asosiasi peternak layer indonesia pln,ORG,1,presiden asosiasi peternak layer indonesia pln,0.0,0.0012224938875305623,0.0006112469437652812
presiden bank sentral jerman,ORG,1,presiden bank sentral jerman,0.0,0.0012224938875305623,0.0006112469437652812
bank bank,ORG,1,bank bank,0.0,0.0012224938875305623,0.0006112469437652812
presiden chinaxi,NOR,1,presiden chinaxi,0.0,0.0012224938875305623,0.0006112469437652812
presiden dewan eropa,NOR,1,presiden dewan eropa,0.0,0.0012224938875305623,0.0006112469437652812
presiden direktur,NOR,1,presiden direktur,0.0,0.0012224938875305623,0.0006112469437652812
presiden direktur pt doo financial futures,ORG,1,presiden direktur pt doo financial futures,0.0,0.0012224938875305623,0.0006112469437652812
presiden direktur pt unilever indonesia tbk unvr,ORG,1,presiden direktur pt unilever indonesia tbk unvr,0.0,0.0012224938875305623,0.0006112469437652812
presiden filipina,NOR,1,presiden filipina,0.0,0.0012224938875305623,0.0006112469437652812
presiden finlandia,NOR,1,presiden finlandia,0.0,0.0012224938875305623,0.0006112469437652812
presiden indonesia,NOR,1,presiden indonesia,0.0,0.0012224938875305623,0.0006112469437652812
presiden kamar dagang amerika,NOR,1,presiden kamar dagang amerika,0.0,0.0012224938875305623,0.0006112469437652812
presiden kolombia,NOR,1,presiden kolombia,0.0,0.0012224938875305623,0.0006112469437652812
presiden komisi,NOR,1,presiden komisi,0.0,0.0012224938875305623,0.0006112469437652812
bank danamon,ORG,1,bank danamon,0.0,0.0012224938875305623,0.0006112469437652812
bank danamon indonesia,ORG,1,bank danamon indonesia,0.0,0.0012224938875305623,0.0006112469437652812
bank dbs indonesia,ORG,1,bank dbs indonesia,0.0,0.0012224938875305623,0.0006112469437652812
presiden perancis,NOR,1,presiden perancis,0.0,0.0012224938875305623,0.0006112469437652812
bank dunia organisasi,ORG,1,bank dunia organisasi,0.0,0.0012224938875305623,0.0006112469437652812
bank duniamencatat,ORG,1,bank duniamencatat,0.0,0.0012224938875305623,0.0006112469437652812
bank indonesia bi bi,ORG,1,bank indonesia bi bi,0.0,0.0012224938875305623,0.0006112469437652812
bank mandiri,ORG,1,bank mandiri,0.0,0.0012224938875305623,0.0006112469437652812
presiden terpilih amerika serikat,NOR,1,presiden terpilih amerika serikat,0.0,0.0012224938875305623,0.0006112469437652812
bank negara,ORG,1,bank negara,0.0,0.0012224938875305623,0.0006112469437652812
presiden trump,NOR,1,presiden trump,0.0,0.0012224938875305623,0.0006112469437652812
presiden trump,PER,1,presiden trump,0.0,0.0012224938875305623,0.0006112469437652812
bank negara indonesia tbk,ORG,1,bank negara indonesia tbk,0.0,0.0012224938875305623,0.0006112469437652812
bank negara malaysia,ORG,1,bank negara malaysia,0.0,0.0012224938875305623,0.0006112469437652812
presidenamerika serikat,NOR,1,presidenamerika serikat,0.0,0.0012224938875305623,0.0006112469437652812
bank of england,ORG,1,bank of england,0.0,0.0012224938875305623,0.0006112469437652812
bank rakyat indonesia,ORG,1,bank rakyat indonesia,0.0,0.0012224938875305623,0.0006112469437652812
presidenamerika serikatusai,NOR,1,presidenamerika serikatusai,0.0,0.0012224938875305623,0.0006112469437652812
presidenasdonald,NOR,1,presidenasdonald,0.0,0.0012224938875305623,0.0006112469437652812
bank sentral inggris bank of england,ORG,1,bank sentral inggris bank of england,0.0,0.0012224938875305623,0.0006112469437652812
presidengustavo,NOR,1,presidengustavo,0.0,0.0012224938875305623,0.0006112469437652812
bank sentral republik indonesia,ORG,1,bank sentral republik indonesia,0.0,0.0012224938875305623,0.0006112469437652812
presidennya,NOR,1,presidennya,0.0,0.0012224938875305623,0.0006112469437652812
presidenprabowo,NOR,1,presidenprabowo,0.0,0.0012224938875305623,0.0006112469437652812
presidenprabowosubianto,NOR,1,presidenprabowosubianto,0.0,0.0012224938875305623,0.0006112469437652812
president,ORG,1,president,0.0,0.0012224938875305623,0.0006112469437652812
president,PER,1,president,0.0,0.0012224938875305623,0.0006112469437652812
presidentrumpdan,NOR,1,presidentrumpdan,0.0,0.0012224938875305623,0.0006112469437652812
press,ORG,1,press,0.0,0.0012224938875305623,0.0006112469437652812
price,PER,1,price,0.0,0.0012224938875305623,0.0006112469437652812
primayanticopyright,ORG,1,primayanticopyright,0.0,0.0012224938875305623,0.0006112469437652812
privilese,PER,1,privilese,0.0,0.0012224938875305623,0.0006112469437652812
procter gamble,ORG,1,procter gamble,0.0,0.0012224938875305623,0.0006112469437652812
prodi akuntansi,ORG,1,prodi akuntansi,0.0,0.0012224938875305623,0.0006112469437652812
produk,ORG,1,produk,0.0,0.0012224938875305623,0.0006112469437652812
produk,PRD,1,produk,0.0,0.0012224938875305623,0.0006112469437652812
produk perikanan tuna,PRD,1,produk perikanan tuna,0.0,0.0012224938875305623,0.0006112469437652812
produk pertanian,ORG,1,produk pertanian,0.0,0.0012224938875305623,0.0006112469437652812
prof nasih,PER,1,prof nasih,0.0,0.0012224938875305623,0.0006112469437652812
program autobizz cnbc indonesia,EVT,1,program autobizz cnbc indonesia,0.0,0.0012224938875305623,0.0006112469437652812
program nation hub cnbc,EVT,1,program nation hub cnbc,0.0,0.0012224938875305623,0.0006112469437652812
bank sentral ri,ORG,1,bank sentral ri,0.0,0.0012224938875305623,0.0006112469437652812
prosperity,ORG,1,prosperity,0.0,0.0012224938875305623,0.0006112469437652812
provinsi,GPE,1,provinsi,0.0,0.0012224938875305623,0.0006112469437652812
provinsi,ORG,1,provinsi,0.0,0.0012224938875305623,0.0006112469437652812
provinsi jiangsu china,GPE,1,provinsi jiangsu china,0.0,0.0012224938875305623,0.0006112469437652812
bank sentral trump,ORG,1,bank sentral trump,0.0,0.0012224938875305623,0.0006112469437652812
bank syariah indonesia bsi bekasi,ORG,1,bank syariah indonesia bsi bekasi,0.0,0.0012224938875305623,0.0006112469437652812
pt asia pacific,ORG,1,pt asia pacific,0.0,0.0012224938875305623,0.0006112469437652812
pt astra otoparts tbk auto,ORG,1,pt astra otoparts tbk auto,0.0,0.0012224938875305623,0.0006112469437652812
pt bursa efek indonesia bei,ORG,1,pt bursa efek indonesia bei,0.0,0.0012224938875305623,0.0006112469437652812
pt dharma polimetal tbk,ORG,1,pt dharma polimetal tbk,0.0,0.0012224938875305623,0.0006112469437652812
pt freeport indonesia ptfi,ORG,1,pt freeport indonesia ptfi,0.0,0.0012224938875305623,0.0006112469437652812
pt industri,ORG,1,pt industri,0.0,0.0012224938875305623,0.0006112469437652812
pt krakatau baja industri kbi,ORG,1,pt krakatau baja industri kbi,0.0,0.0012224938875305623,0.0006112469437652812
pt pertamina persero,ORG,1,pt pertamina persero,0.0,0.0012224938875305623,0.0006112469437652812
pt perusahaan listrik negara pln persero,ORG,1,pt perusahaan listrik negara pln persero,0.0,0.0012224938875305623,0.0006112469437652812
pt tifico,ORG,1,pt tifico,0.0,0.0012224938875305623,0.0006112469437652812
pt unilever indonesia tbk unvr,ORG,1,pt unilever indonesia tbk unvr,0.0,0.0012224938875305623,0.0006112469437652812
bankir,ORG,1,bankir,0.0,0.0012224938875305623,0.0006112469437652812
ptsn,ORG,1,ptsn,0.0,0.0012224938875305623,0.0006112469437652812
ptsp,ORG,1,ptsp,0.0,0.0012224938875305623,0.0006112469437652812
pttrisula,ORG,1,pttrisula,0.0,0.0012224938875305623,0.0006112469437652812
ptunileverindonesia tbk,ORG,1,ptunileverindonesia tbk,0.0,0.0012224938875305623,0.0006112469437652812
puan,PER,1,puan,0.0,0.0012224938875305623,0.0006112469437652812
puan maharani,PER,1,puan maharani,0.0,0.0012224938875305623,0.0006112469437652812
banten,GPE,1,banten,0.0,0.0012224938875305623,0.0006112469437652812
pulau mcdonald,LOC,1,pulau mcdonald,0.0,0.0012224938875305623,0.0006112469437652812
pulau norfolk,LOC,1,pulau norfolk,0.0,0.0012224938875305623,0.0006112469437652812
pulp,PRD,1,pulp,0.0,0.0012224938875305623,0.0006112469437652812
bappenas,NOR,1,bappenas,0.0,0.0012224938875305623,0.0006112469437652812
bappenas,ORG,1,bappenas,0.0,0.0012224938875305623,0.0006112469437652812
purwanto nurul,PER,1,purwanto nurul,0.0,0.0012224938875305623,0.0006112469437652812
bara,PRD,1,bara,0.0,0.0012224938875305623,0.0006112469437652812
barack,PER,1,barack,0.0,0.0012224938875305623,0.0006112469437652812
pusat konvensi javits,LOC,1,pusat konvensi javits,0.0,0.0012224938875305623,0.0006112469437652812
pusat penelitian otomotif,ORG,1,pusat penelitian otomotif,0.0,0.0012224938875305623,0.0006112469437652812
pusat studi keamanan internasional coiss universitas muhammadiyah yogyakarta,ORG,1,pusat studi keamanan internasional coiss universitas muhammadiyah yogyakarta,0.0,0.0012224938875305623,0.0006112469437652812
pusat studi keamanan internasional coiss universitas muhammadiyah yogyakarta umy,ORG,1,pusat studi keamanan internasional coiss universitas muhammadiyah yogyakarta umy,0.0,0.0012224938875305623,0.0006112469437652812
barack obama,PER,1,barack obama,0.0,0.0012224938875305623,0.0006112469437652812
baradan,PRD,1,baradan,0.0,0.0012224938875305623,0.0006112469437652812
barang,PRD,1,barang,0.0,0.0012224938875305623,0.0006112469437652812
barang indonesia,LAW,1,barang indonesia,0.0,0.0012224938875305623,0.0006112469437652812
barat,GPE,1,barat,0.0,0.0012224938875305623,0.0006112469437652812
barat,NOR,1,barat,0.0,0.0012224938875305623,0.0006112469437652812
putu,PER,1,putu,0.0,0.0012224938875305623,0.0006112469437652812
putu rahwidhiyasa,PER,1,putu rahwidhiyasa,0.0,0.0012224938875305623,0.0006112469437652812
putu rusta adijayamenyebut,PER,1,putu rusta adijayamenyebut,0.0,0.0012224938875305623,0.0006112469437652812
pvh,ORG,1,pvh,0.0,0.0012224938875305623,0.0006112469437652812
barat,ORG,1,barat,0.0,0.0012224938875305623,0.0006112469437652812
qatar,ORG,1,qatar,0.0,0.0012224938875305623,0.0006112469437652812
qr,LAW,1,qr,0.0,0.0012224938875305623,0.0006112469437652812
barclays,ORG,1,barclays,0.0,0.0012224938875305623,0.0006112469437652812
barel,MON,1,barel,0.0,0.0012224938875305623,0.0006112469437652812
barito renewables energy,ORG,1,barito renewables energy,0.0,0.0012224938875305623,0.0006112469437652812
baron,ORG,1,baron,0.0,0.0012224938875305623,0.0006112469437652812
barriers,EVT,1,barriers,0.0,0.0012224938875305623,0.0006112469437652812
barriers,LAW,1,barriers,0.0,0.0012224938875305623,0.0006112469437652812
qrismungkin,ORG,1,qrismungkin,0.0,0.0012224938875305623,0.0006112469437652812
quick,LAW,1,quick,0.0,0.0012224938875305623,0.0006112469437652812
quick,ORG,1,quick,0.0,0.0012224938875305623,0.0006112469437652812
quick response indonesian standard qris,PRD,1,quick response indonesian standard qris,0.0,0.0012224938875305623,0.0006112469437652812
quinlan,PER,1,quinlan,0.0,0.0012224938875305623,0.0006112469437652812
quirk,PER,1,quirk,0.0,0.0012224938875305623,0.0006112469437652812
qxgrlxf,EVT,1,qxgrlxf,0.0,0.0012224938875305623,0.0006112469437652812
rabobank london,ORG,1,rabobank london,0.0,0.0012224938875305623,0.0006112469437652812
barriers,ORG,1,barriers,0.0,0.0012224938875305623,0.0006112469437652812
barriers amid,EVT,1,barriers amid,0.0,0.0012224938875305623,0.0006112469437652812
baseline,ORG,1,baseline,0.0,0.0012224938875305623,0.0006112469437652812
baseline,PRD,1,baseline,0.0,0.0012224938875305623,0.0006112469437652812
basri,PER,1,basri,0.0,0.0012224938875305623,0.0006112469437652812
batavia,GPE,1,batavia,0.0,0.0012224938875305623,0.0006112469437652812
rabu april,ORG,1,rabu april,0.0,0.0012224938875305623,0.0006112469437652812
rabu februari,DAT,1,rabu februari,0.0,0.0012224938875305623,0.0006112469437652812
rabu gedung putih,DAT,1,rabu gedung putih,0.0,0.0012224938875305623,0.0006112469437652812
rabu juli,DAT,1,rabu juli,0.0,0.0012224938875305623,0.0006112469437652812
rabu maret,DAT,1,rabu maret,0.0,0.0012224938875305623,0.0006112469437652812
baterai baterai kendaraan listrik,PRD,1,baterai baterai kendaraan listrik,0.0,0.0012224938875305623,0.0006112469437652812
baterai kendaraan listriknya,PRD,1,baterai kendaraan listriknya,0.0,0.0012224938875305623,0.0006112469437652812
rachmat,PER,1,rachmat,0.0,0.0012224938875305623,0.0006112469437652812
radhika,PER,1,radhika,0.0,0.0012224938875305623,0.0006112469437652812
radhika rao,PER,1,radhika rao,0.0,0.0012224938875305623,0.0006112469437652812
raeedah wahid,PER,1,raeedah wahid,0.0,0.0012224938875305623,0.0006112469437652812
rahmaneditor,PER,1,rahmaneditor,0.0,0.0012224938875305623,0.0006112469437652812
rahmat mulyana,PER,1,rahmat mulyana,0.0,0.0012224938875305623,0.0006112469437652812
rajutan,ORG,1,rajutan,0.0,0.0012224938875305623,0.0006112469437652812
rajutan,PER,1,rajutan,0.0,0.0012224938875305623,0.0006112469437652812
rajutan,PRD,1,rajutan,0.0,0.0012224938875305623,0.0006112469437652812
raksasa industri nordik saab,ORG,1,raksasa industri nordik saab,0.0,0.0012224938875305623,0.0006112469437652812
rakyat,LAW,1,rakyat,0.0,0.0012224938875305623,0.0006112469437652812
rakyat,NOR,1,rakyat,0.0,0.0012224938875305623,0.0006112469437652812
rakyat indonesia tbk,ORG,1,rakyat indonesia tbk,0.0,0.0012224938875305623,0.0006112469437652812
rakyat ppp,NOR,1,rakyat ppp,0.0,0.0012224938875305623,0.0006112469437652812
ramal,ORG,1,ramal,0.0,0.0012224938875305623,0.0006112469437652812
ramaphosa,PER,1,ramaphosa,0.0,0.0012224938875305623,0.0006112469437652812
ramaphosa scroll,PER,1,ramaphosa scroll,0.0,0.0012224938875305623,0.0006112469437652812
baterai storage,PRD,1,baterai storage,0.0,0.0012224938875305623,0.0006112469437652812
rampahosa,LAW,1,rampahosa,0.0,0.0012224938875305623,0.0006112469437652812
rand,ORG,1,rand,0.0,0.0012224938875305623,0.0006112469437652812
rapat berkala kssk ii tahun,EVT,1,rapat berkala kssk ii tahun,0.0,0.0012224938875305623,0.0006112469437652812
rapat fomc,EVT,1,rapat fomc,0.0,0.0012224938875305623,0.0006112469437652812
rapat inflasi,EVT,1,rapat inflasi,0.0,0.0012224938875305623,0.0006112469437652812
rapat kerja,EVT,1,rapat kerja,0.0,0.0012224938875305623,0.0006112469437652812
rapat koordinasi,EVT,1,rapat koordinasi,0.0,0.0012224938875305623,0.0006112469437652812
rapat majelis wali,EVT,1,rapat majelis wali,0.0,0.0012224938875305623,0.0006112469437652812
rare,PER,1,rare,0.0,0.0012224938875305623,0.0006112469437652812
batik,PRD,1,batik,0.0,0.0012224938875305623,0.0006112469437652812
ratih herningtyas,PER,1,ratih herningtyas,0.0,0.0012224938875305623,0.0006112469437652812
ratu elizabeth ii,PER,1,ratu elizabeth ii,0.0,0.0012224938875305623,0.0006112469437652812
batu,GPE,1,batu,0.0,0.0012224938875305623,0.0006112469437652812
razi,ORG,1,razi,0.0,0.0012224938875305623,0.0006112469437652812
rcep,ORG,1,rcep,0.0,0.0012224938875305623,0.0006112469437652812
rd,ORG,1,rd,0.0,0.0012224938875305623,0.0006112469437652812
reagan,PER,1,reagan,0.0,0.0012224938875305623,0.0006112469437652812
batu,ORG,1,batu,0.0,0.0012224938875305623,0.0006112469437652812
reciprocal tariffs,LAW,1,reciprocal tariffs,0.0,0.0012224938875305623,0.0006112469437652812
reciprocal tariffs,PRD,1,reciprocal tariffs,0.0,0.0012224938875305623,0.0006112469437652812
recursive dynamic global trade analysis project gtap,PRD,1,recursive dynamic global trade analysis project gtap,0.0,0.0012224938875305623,0.0006112469437652812
redaksi kumparan,ORG,1,redaksi kumparan,0.0,0.0012224938875305623,0.0006112469437652812
batu,PRD,1,batu,0.0,0.0012224938875305623,0.0006112469437652812
redaktur untung jakarta,ORG,1,redaktur untung jakarta,0.0,0.0012224938875305623,0.0006112469437652812
redma,ORG,1,redma,0.0,0.0012224938875305623,0.0006112469437652812
redma,PER,1,redma,0.0,0.0012224938875305623,0.0006112469437652812
redma gita wiraswasta,PER,1,redma gita wiraswasta,0.0,0.0012224938875305623,0.0006112469437652812
reformasi,ORG,1,reformasi,0.0,0.0012224938875305623,0.0006112469437652812
regulasi,PRD,1,regulasi,0.0,0.0012224938875305623,0.0006112469437652812
reina sasaki bloomberg news bloomberg komatsu ltd,ORG,1,reina sasaki bloomberg news bloomberg komatsu ltd,0.0,0.0012224938875305623,0.0006112469437652812
reinsch,ORG,1,reinsch,0.0,0.0012224938875305623,0.0006112469437652812
rektor,NOR,1,rektor,0.0,0.0012224938875305623,0.0006112469437652812
relations,ORG,1,relations,0.0,0.0012224938875305623,0.0006112469437652812
renda,PRD,1,renda,0.0,0.0012224938875305623,0.0006112469437652812
batu bara minyak sawit nikel,PRD,1,batu bara minyak sawit nikel,0.0,0.0012224938875305623,0.0006112469437652812
representative ustr,ORG,1,representative ustr,0.0,0.0012224938875305623,0.0006112469437652812
republic,ORG,1,republic,0.0,0.0012224938875305623,0.0006112469437652812
bawang putih,ORG,1,bawang putih,0.0,0.0012224938875305623,0.0006112469437652812
bawang putih,PRD,1,bawang putih,0.0,0.0012224938875305623,0.0006112469437652812
bawang putihsaat,PRD,1,bawang putihsaat,0.0,0.0012224938875305623,0.0006112469437652812
republik rakyat tiongkok china,GPE,1,republik rakyat tiongkok china,0.0,0.0012224938875305623,0.0006112469437652812
republikan,ORG,1,republikan,0.0,0.0012224938875305623,0.0006112469437652812
rerie,PER,1,rerie,0.0,0.0012224938875305623,0.0006112469437652812
bayu saputra,PER,1,bayu saputra,0.0,0.0012224938875305623,0.0006112469437652812
bayu saputrasenin mei,PER,1,bayu saputrasenin mei,0.0,0.0012224938875305623,0.0006112469437652812
reservedi,ORG,1,reservedi,0.0,0.0012224938875305623,0.0006112469437652812
baziedy aditya darmawan,PER,1,baziedy aditya darmawan,0.0,0.0012224938875305623,0.0006112469437652812
response,EVT,1,response,0.0,0.0012224938875305623,0.0006112469437652812
response code,LAW,1,response code,0.0,0.0012224938875305623,0.0006112469437652812
response code indonesian,PRD,1,response code indonesian,0.0,0.0012224938875305623,0.0006112469437652812
response code indonesian standard,PRD,1,response code indonesian standard,0.0,0.0012224938875305623,0.0006112469437652812
response code indonesian standardadalah,PRD,1,response code indonesian standardadalah,0.0,0.0012224938875305623,0.0006112469437652812
retno riyanti,PER,1,retno riyanti,0.0,0.0012224938875305623,0.0006112469437652812
bbc getty,ORG,1,bbc getty,0.0,0.0012224938875305623,0.0006112469437652812
reuters florence lo appledilaporkan,ORG,1,reuters florence lo appledilaporkan,0.0,0.0012224938875305623,0.0006112469437652812
reuters getty images,ORG,1,reuters getty images,0.0,0.0012224938875305623,0.0006112469437652812
reuters sabtu,ORG,1,reuters sabtu,0.0,0.0012224938875305623,0.0006112469437652812
reuters trump,ORG,1,reuters trump,0.0,0.0012224938875305623,0.0006112469437652812
reutersmenyebut,ORG,1,reutersmenyebut,0.0,0.0012224938875305623,0.0006112469437652812
review,ORG,1,review,0.0,0.0012224938875305623,0.0006112469437652812
revitalisasi,ORG,1,revitalisasi,0.0,0.0012224938875305623,0.0006112469437652812
reza,PER,1,reza,0.0,0.0012224938875305623,0.0006112469437652812
reza pahlevi,PER,1,reza pahlevi,0.0,0.0012224938875305623,0.0006112469437652812
rezim,NOR,1,rezim,0.0,0.0012224938875305623,0.0006112469437652812
bbc news,ORG,1,bbc news,0.0,0.0012224938875305623,0.0006112469437652812
bbc news indonesia,ORG,1,bbc news indonesia,0.0,0.0012224938875305623,0.0006112469437652812
bbca,ORG,1,bbca,0.0,0.0012224938875305623,0.0006112469437652812
bbn,ORG,1,bbn,0.0,0.0012224938875305623,0.0006112469437652812
bbni,ORG,1,bbni,0.0,0.0012224938875305623,0.0006112469437652812
ri as,ORG,1,ri as,0.0,0.0012224938875305623,0.0006112469437652812
riarrmanatha nasirmenyatakan,PER,1,riarrmanatha nasirmenyatakan,0.0,0.0012224938875305623,0.0006112469437652812
bea,NOR,1,bea,0.0,0.0012224938875305623,0.0006112469437652812
bea cukai,NOR,1,bea cukai,0.0,0.0012224938875305623,0.0006112469437652812
bean,ORG,1,bean,0.0,0.0012224938875305623,0.0006112469437652812
richard aboulafia,PER,1,richard aboulafia,0.0,0.0012224938875305623,0.0006112469437652812
ricky hartono putra,PER,1,ricky hartono putra,0.0,0.0012224938875305623,0.0006112469437652812
riitu,GPE,1,riitu,0.0,0.0012224938875305623,0.0006112469437652812
riley,ORG,1,riley,0.0,0.0012224938875305623,0.0006112469437652812
rimenunjukkan,NOR,1,rimenunjukkan,0.0,0.0012224938875305623,0.0006112469437652812
bean,PRD,1,bean,0.0,0.0012224938875305623,0.0006112469437652812
ringgit,ORG,1,ringgit,0.0,0.0012224938875305623,0.0006112469437652812
bebas,EVT,1,bebas,0.0,0.0012224938875305623,0.0006112469437652812
riset dan inovasi strategis,ORG,1,riset dan inovasi strategis,0.0,0.0012224938875305623,0.0006112469437652812
riset dan intelijen energi independen global rystad energy,ORG,1,riset dan intelijen energi independen global rystad energy,0.0,0.0012224938875305623,0.0006112469437652812
risk appetite,LAW,1,risk appetite,0.0,0.0012224938875305623,0.0006112469437652812
risk appetite,PRD,1,risk appetite,0.0,0.0012224938875305623,0.0006112469437652812
riswaneditor,ORG,1,riswaneditor,0.0,0.0012224938875305623,0.0006112469437652812
ritel domestik,PRD,1,ritel domestik,0.0,0.0012224938875305623,0.0006112469437652812
riyadh,GPE,1,riyadh,0.0,0.0012224938875305623,0.0006112469437652812
rizki,PER,1,rizki,0.0,0.0012224938875305623,0.0006112469437652812
rkef,PRD,1,rkef,0.0,0.0012224938875305623,0.0006112469437652812
rmol digoogle news,ORG,1,rmol digoogle news,0.0,0.0012224938875305623,0.0006112469437652812
rob,ORG,1,rob,0.0,0.0012224938875305623,0.0006112469437652812
bebas,PRD,1,bebas,0.0,0.0012224938875305623,0.0006112469437652812
robert,PER,1,robert,0.0,0.0012224938875305623,0.0006112469437652812
robert armstrong,PER,1,robert armstrong,0.0,0.0012224938875305623,0.0006112469437652812
robert habeck,PER,1,robert habeck,0.0,0.0012224938875305623,0.0006112469437652812
roberto schmidtpresiden,PER,1,roberto schmidtpresiden,0.0,0.0012224938875305623,0.0006112469437652812
robot,PRD,1,robot,0.0,0.0012224938875305623,0.0006112469437652812
robot humanoid,PRD,1,robot humanoid,0.0,0.0012224938875305623,0.0006112469437652812
robotika,PRD,1,robotika,0.0,0.0012224938875305623,0.0006112469437652812
rodrigo,PRD,1,rodrigo,0.0,0.0012224938875305623,0.0006112469437652812
rolled coil crc,PRD,1,rolled coil crc,0.0,0.0012224938875305623,0.0006112469437652812
romana ninik feb,PER,1,romana ninik feb,0.0,0.0012224938875305623,0.0006112469437652812
ronald,PER,1,ronald,0.0,0.0012224938875305623,0.0006112469437652812
roosevelt,PER,1,roosevelt,0.0,0.0012224938875305623,0.0006112469437652812
bei beli,ORG,1,bei beli,0.0,0.0012224938875305623,0.0006112469437652812
rosenberg,ORG,1,rosenberg,0.0,0.0012224938875305623,0.0006112469437652812
rosenberg,PER,1,rosenberg,0.0,0.0012224938875305623,0.0006112469437652812
ross,PER,1,ross,0.0,0.0012224938875305623,0.0006112469437652812
rossiya,PER,1,rossiya,0.0,0.0012224938875305623,0.0006112469437652812
rothman,PRD,1,rothman,0.0,0.0012224938875305623,0.0006112469437652812
rover,PRD,1,rover,0.0,0.0012224938875305623,0.0006112469437652812
beincrypto,ORG,1,beincrypto,0.0,0.0012224938875305623,0.0006112469437652812
beincrypto pasar crypto,ORG,1,beincrypto pasar crypto,0.0,0.0012224938875305623,0.0006112469437652812
belarus,GPE,1,belarus,0.0,0.0012224938875305623,0.0006112469437652812
rp brics,MON,1,rp brics,0.0,0.0012224938875305623,0.0006112469437652812
rp bumn,MON,1,rp bumn,0.0,0.0012224938875305623,0.0006112469437652812
rp dolar as,MON,1,rp dolar as,0.0,0.0012224938875305623,0.0006112469437652812
belarus kanada,GPE,1,belarus kanada,0.0,0.0012224938875305623,0.0006112469437652812
rp juta,PRD,1,rp juta,0.0,0.0012224938875305623,0.0006112469437652812
belarusia,GPE,1,belarusia,0.0,0.0012224938875305623,0.0006112469437652812
rp miliar kurs,MON,1,rp miliar kurs,0.0,0.0012224938875305623,0.0006112469437652812
belasan,CRD,1,belasan,0.0,0.0012224938875305623,0.0006112469437652812
rp ribu triliun,MON,1,rp ribu triliun,0.0,0.0012224938875305623,0.0006112469437652812
belasan miliar dolar,MON,1,belasan miliar dolar,0.0,0.0012224938875305623,0.0006112469437652812
bell,ORG,1,bell,0.0,0.0012224938875305623,0.0006112469437652812
rp triliun,PRD,1,rp triliun,0.0,0.0012224938875305623,0.0006112469437652812
rp triliun kurs,MON,1,rp triliun kurs,0.0,0.0012224938875305623,0.0006112469437652812
rp triliun neom,MON,1,rp triliun neom,0.0,0.0012224938875305623,0.0006112469437652812
bell cnbc,PRD,1,bell cnbc,0.0,0.0012224938875305623,0.0006112469437652812
rp us miliar,MON,1,rp us miliar,0.0,0.0012224938875305623,0.0006112469437652812
rrc republik,NOR,1,rrc republik,0.0,0.0012224938875305623,0.0006112469437652812
benang,PRD,1,benang,0.0,0.0012224938875305623,0.0006112469437652812
rs,FAC,1,rs,0.0,0.0012224938875305623,0.0006112469437652812
rtx,ORG,1,rtx,0.0,0.0012224938875305623,0.0006112469437652812
ruang,LOC,1,ruang,0.0,0.0012224938875305623,0.0006112469437652812
ruang amphitheater gedung kh ibrahim,LOC,1,ruang amphitheater gedung kh ibrahim,0.0,0.0012224938875305623,0.0006112469437652812
bengkak,PER,1,bengkak,0.0,0.0012224938875305623,0.0006112469437652812
ruang oval gedung putih,LOC,1,ruang oval gedung putih,0.0,0.0012224938875305623,0.0006112469437652812
ruang oval gedung putih washington dc,LOC,1,ruang oval gedung putih washington dc,0.0,0.0012224938875305623,0.0006112469437652812
ruang timur gedung putih washington dc,LOC,1,ruang timur gedung putih washington dc,0.0,0.0012224938875305623,0.0006112469437652812
benjamin,PER,1,benjamin,0.0,0.0012224938875305623,0.0006112469437652812
ruchi bhatia bloomberg news bloomberg ekonomi india,ORG,1,ruchi bhatia bloomberg news bloomberg ekonomi india,0.0,0.0012224938875305623,0.0006112469437652812
ruchir desai,PER,1,ruchir desai,0.0,0.0012224938875305623,0.0006112469437652812
rudal,PRD,1,rudal,0.0,0.0012224938875305623,0.0006112469437652812
rudolph contreras,PER,1,rudolph contreras,0.0,0.0012224938875305623,0.0006112469437652812
rully,PER,1,rully,0.0,0.0012224938875305623,0.0006112469437652812
rumus matematika epapresiden,PRD,1,rumus matematika epapresiden,0.0,0.0012224938875305623,0.0006112469437652812
benjie,ORG,1,benjie,0.0,0.0012224938875305623,0.0006112469437652812
benny soetrisno,PER,1,benny soetrisno,0.0,0.0012224938875305623,0.0006112469437652812
rupiah ambles,MON,1,rupiah ambles,0.0,0.0012224938875305623,0.0006112469437652812
rupiahdipengaruhi,MON,1,rupiahdipengaruhi,0.0,0.0012224938875305623,0.0006112469437652812
rupiahdipengaruhiketidakpastianyang,MON,1,rupiahdipengaruhiketidakpastianyang,0.0,0.0012224938875305623,0.0006112469437652812
rupiahtetap,MON,1,rupiahtetap,0.0,0.0012224938875305623,0.0006112469437652812
rupiahyang,MON,1,rupiahyang,0.0,0.0012224938875305623,0.0006112469437652812
rups,LAW,1,rups,0.0,0.0012224938875305623,0.0006112469437652812
rupsdi,PRD,1,rupsdi,0.0,0.0012224938875305623,0.0006112469437652812
rupslb,LAW,1,rupslb,0.0,0.0012224938875305623,0.0006112469437652812
bensin indonesia,PRD,1,bensin indonesia,0.0,0.0012224938875305623,0.0006112469437652812
rusiasalah,GPE,1,rusiasalah,0.0,0.0012224938875305623,0.0006112469437652812
ruu,LAW,1,ruu,0.0,0.0012224938875305623,0.0006112469437652812
ryan,PER,1,ryan,0.0,0.0012224938875305623,0.0006112469437652812
ryzen,PRD,1,ryzen,0.0,0.0012224938875305623,0.0006112469437652812
sa,NOR,1,sa,0.0,0.0012224938875305623,0.0006112469437652812
bentuk,PRD,1,bentuk,0.0,0.0012224938875305623,0.0006112469437652812
beralkohollainnya,PRD,1,beralkohollainnya,0.0,0.0012224938875305623,0.0006112469437652812
beras domestik,PRD,1,beras domestik,0.0,0.0012224938875305623,0.0006112469437652812
sabtu februari,DAT,1,sabtu februari,0.0,0.0012224938875305623,0.0006112469437652812
sabtu juni,DAT,1,sabtu juni,0.0,0.0012224938875305623,0.0006112469437652812
sabtu maret,DAT,1,sabtu maret,0.0,0.0012224938875305623,0.0006112469437652812
sabtu maret wib,DAT,1,sabtu maret wib,0.0,0.0012224938875305623,0.0006112469437652812
sabtu mei,DAT,1,sabtu mei,0.0,0.0012224938875305623,0.0006112469437652812
sabtu mei wib,DAT,1,sabtu mei wib,0.0,0.0012224938875305623,0.0006112469437652812
sabtu sobur,PER,1,sabtu sobur,0.0,0.0012224938875305623,0.0006112469437652812
sabun,PRD,1,sabun,0.0,0.0012224938875305623,0.0006112469437652812
beras melati,PRD,1,beras melati,0.0,0.0012224938875305623,0.0006112469437652812
sacramento,GPE,1,sacramento,0.0,0.0012224938875305623,0.0006112469437652812
safe,MON,1,safe,0.0,0.0012224938875305623,0.0006112469437652812
berat pertambangan,PRD,1,berat pertambangan,0.0,0.0012224938875305623,0.0006112469437652812
safe,PER,1,safe,0.0,0.0012224938875305623,0.0006112469437652812
safe,PRD,1,safe,0.0,0.0012224938875305623,0.0006112469437652812
berharga negara,PRD,1,berharga negara,0.0,0.0012224938875305623,0.0006112469437652812
safra catz,PER,1,safra catz,0.0,0.0012224938875305623,0.0006112469437652812
berita,ORG,1,berita,0.0,0.0012224938875305623,0.0006112469437652812
berkelanjutan,NOR,1,berkelanjutan,0.0,0.0012224938875305623,0.0006112469437652812
berlian,PRD,1,berlian,0.0,0.0012224938875305623,0.0006112469437652812
berlin,GPE,1,berlin,0.0,0.0012224938875305623,0.0006112469437652812
saham apple,PRD,1,saham apple,0.0,0.0012224938875305623,0.0006112469437652812
saham as,ORG,1,saham as,0.0,0.0012224938875305623,0.0006112469437652812
saham as,PRD,1,saham as,0.0,0.0012224938875305623,0.0006112469437652812
saham berjangka,PRD,1,saham berjangka,0.0,0.0012224938875305623,0.0006112469437652812
saham dunia,PRD,1,saham dunia,0.0,0.0012224938875305623,0.0006112469437652812
saham emiten,PRD,1,saham emiten,0.0,0.0012224938875305623,0.0006112469437652812
saham gap,PRD,1,saham gap,0.0,0.0012224938875305623,0.0006112469437652812
saham hybe,PRD,1,saham hybe,0.0,0.0012224938875305623,0.0006112469437652812
saham hybe jyp,PRD,1,saham hybe jyp,0.0,0.0012224938875305623,0.0006112469437652812
saham mobil,PRD,1,saham mobil,0.0,0.0012224938875305623,0.0006112469437652812
saham nvidia,PRD,1,saham nvidia,0.0,0.0012224938875305623,0.0006112469437652812
saham otomotif,PRD,1,saham otomotif,0.0,0.0012224938875305623,0.0006112469437652812
saham otomotif as,PRD,1,saham otomotif as,0.0,0.0012224938875305623,0.0006112469437652812
saham reksadana,PRD,1,saham reksadana,0.0,0.0012224938875305623,0.0006112469437652812
saham reksadana saham,PRD,1,saham reksadana saham,0.0,0.0012224938875305623,0.0006112469437652812
saham saham,PRD,1,saham saham,0.0,0.0012224938875305623,0.0006112469437652812
saham saham teknologi,PRD,1,saham saham teknologi,0.0,0.0012224938875305623,0.0006112469437652812
saham teslamenembus,PRD,1,saham teslamenembus,0.0,0.0012224938875305623,0.0006112469437652812
saham utama,PRD,1,saham utama,0.0,0.0012224938875305623,0.0006112469437652812
sahamappleinc,PRD,1,sahamappleinc,0.0,0.0012224938875305623,0.0006112469437652812
sahid jakarta,ORG,1,sahid jakarta,0.0,0.0012224938875305623,0.0006112469437652812
bernard,PER,1,bernard,0.0,0.0012224938875305623,0.0006112469437652812
salam,EVT,1,salam,0.0,0.0012224938875305623,0.0006112469437652812
salesforce mcdonald,ORG,1,salesforce mcdonald,0.0,0.0012224938875305623,0.0006112469437652812
saleskita,ORG,1,saleskita,0.0,0.0012224938875305623,0.0006112469437652812
bernsteinmenegaskan,ORG,1,bernsteinmenegaskan,0.0,0.0012224938875305623,0.0006112469437652812
bessent greer,PER,1,bessent greer,0.0,0.0012224938875305623,0.0006112469437652812
bessett,PER,1,bessett,0.0,0.0012224938875305623,0.0006112469437652812
bezos,ORG,1,bezos,0.0,0.0012224938875305623,0.0006112469437652812
bhawan new delhi,NOR,1,bhawan new delhi,0.0,0.0012224938875305623,0.0006112469437652812
sam altman,PER,1,sam altman,0.0,0.0012224938875305623,0.0006112469437652812
sam baron,PER,1,sam baron,0.0,0.0012224938875305623,0.0006112469437652812
bhima,PER,1,bhima,0.0,0.0012224938875305623,0.0006112469437652812
sambijantoro,ORG,1,sambijantoro,0.0,0.0012224938875305623,0.0006112469437652812
same,ORG,1,same,0.0,0.0012224938875305623,0.0006112469437652812
bhima,PRD,1,bhima,0.0,0.0012224938875305623,0.0006112469437652812
bhima yudhistira,PER,1,bhima yudhistira,0.0,0.0012224938875305623,0.0006112469437652812
sampingnya,ORG,1,sampingnya,0.0,0.0012224938875305623,0.0006112469437652812
bi rate,ORG,1,bi rate,0.0,0.0012224938875305623,0.0006112469437652812
samsung,PRD,1,samsung,0.0,0.0012224938875305623,0.0006112469437652812
samsung electronics,ORG,1,samsung electronics,0.0,0.0012224938875305623,0.0006112469437652812
samsungjuga,ORG,1,samsungjuga,0.0,0.0012224938875305623,0.0006112469437652812
bicara gedung putih,ORG,1,bicara gedung putih,0.0,0.0012224938875305623,0.0006112469437652812
sana,GPE,1,sana,0.0,0.0012224938875305623,0.0006112469437652812
santa,PRD,1,santa,0.0,0.0012224938875305623,0.0006112469437652812
santosa apr wib internasional hanoi,ORG,1,santosa apr wib internasional hanoi,0.0,0.0012224938875305623,0.0006112469437652812
santoso,ORG,1,santoso,0.0,0.0012224938875305623,0.0006112469437652812
saraiva,ORG,1,saraiva,0.0,0.0012224938875305623,0.0006112469437652812
saraiva enda curran,PER,1,saraiva enda curran,0.0,0.0012224938875305623,0.0006112469437652812
sarasehan ekonomi,EVT,1,sarasehan ekonomi,0.0,0.0012224938875305623,0.0006112469437652812
sarasehan ekonomi bersama,EVT,1,sarasehan ekonomi bersama,0.0,0.0012224938875305623,0.0006112469437652812
sarolangun,NOR,1,sarolangun,0.0,0.0012224938875305623,0.0006112469437652812
sarung,ORG,1,sarung,0.0,0.0012224938875305623,0.0006112469437652812
bicara walmart,ORG,1,bicara walmart,0.0,0.0012224938875305623,0.0006112469437652812
sat,ORG,1,sat,0.0,0.0012224938875305623,0.0006112469437652812
sat nusa batam,ORG,1,sat nusa batam,0.0,0.0012224938875305623,0.0006112469437652812
bidang diseminasi dan media informasi kantor komunikasi kepresidenan pco,ORG,1,bidang diseminasi dan media informasi kantor komunikasi kepresidenan pco,0.0,0.0012224938875305623,0.0006112469437652812
satgas,ORG,1,satgas,0.0,0.0012224938875305623,0.0006112469437652812
bidang ekonomi sosial,ORG,1,bidang ekonomi sosial,0.0,0.0012224938875305623,0.0006112469437652812
bidang ekonomi sosial dan budaya,ORG,1,bidang ekonomi sosial dan budaya,0.0,0.0012224938875305623,0.0006112469437652812
bidang percepatan transformasi industri,ORG,1,bidang percepatan transformasi industri,0.0,0.0012224938875305623,0.0006112469437652812
bill,ORG,1,bill,0.0,0.0012224938875305623,0.0006112469437652812
satu hari,QTY,1,satu hari,0.0,0.0012224938875305623,0.0006112469437652812
satu juta,CRD,1,satu juta,0.0,0.0012224938875305623,0.0006112469437652812
satu minggu,QTY,1,satu minggu,0.0,0.0012224938875305623,0.0006112469437652812
satu persen,PRC,1,satu persen,0.0,0.0012224938875305623,0.0006112469437652812
satu setengah jam,QTY,1,satu setengah jam,0.0,0.0012224938875305623,0.0006112469437652812
satuan tugas kementerian perdagangan china,NOR,1,satuan tugas kementerian perdagangan china,0.0,0.0012224938875305623,0.0006112469437652812
satutalkshowtahun,CRD,1,satutalkshowtahun,0.0,0.0012224938875305623,0.0006112469437652812
bin,EVT,1,bin,0.0,0.0012224938875305623,0.0006112469437652812
bincang bahari,EVT,1,bincang bahari,0.0,0.0012224938875305623,0.0006112469437652812
saudi arabia,GPE,1,saudi arabia,0.0,0.0012224938875305623,0.0006112469437652812
sawit,PRD,1,sawit,0.0,0.0012224938875305623,0.0006112469437652812
sawit indonesia gapki,NOR,1,sawit indonesia gapki,0.0,0.0012224938875305623,0.0006112469437652812
sawit karet,PRD,1,sawit karet,0.0,0.0012224938875305623,0.0006112469437652812
sawit kedelai gandum,PRD,1,sawit kedelai gandum,0.0,0.0012224938875305623,0.0006112469437652812
sayur mayur buah buahan,PRD,1,sayur mayur buah buahan,0.0,0.0012224938875305623,0.0006112469437652812
sbn,LAW,1,sbn,0.0,0.0012224938875305623,0.0006112469437652812
bir,PRD,1,bir,0.0,0.0012224938875305623,0.0006112469437652812
sbsn,EVT,1,sbsn,0.0,0.0012224938875305623,0.0006112469437652812
schulten,ORG,1,schulten,0.0,0.0012224938875305623,0.0006112469437652812
science,ORG,1,science,0.0,0.0012224938875305623,0.0006112469437652812
scmp,NOR,1,scmp,0.0,0.0012224938875305623,0.0006112469437652812
scmp,ORG,1,scmp,0.0,0.0012224938875305623,0.0006112469437652812
birkenstock,PRD,1,birkenstock,0.0,0.0012224938875305623,0.0006112469437652812
biro analisis ekonomi,ORG,1,biro analisis ekonomi,0.0,0.0012224938875305623,0.0006112469437652812
biro analisis ekonomi asmencatatdefisit,ORG,1,biro analisis ekonomi asmencatatdefisit,0.0,0.0012224938875305623,0.0006112469437652812
biro humas dan hukum bps,ORG,1,biro humas dan hukum bps,0.0,0.0012224938875305623,0.0006112469437652812
scott bessent senin,PER,1,scott bessent senin,0.0,0.0012224938875305623,0.0006112469437652812
biro keamanan dan industri bis,ORG,1,biro keamanan dan industri bis,0.0,0.0012224938875305623,0.0006112469437652812
biro sensus as,ORG,1,biro sensus as,0.0,0.0012224938875305623,0.0006112469437652812
biro statistik nasional,ORG,1,biro statistik nasional,0.0,0.0012224938875305623,0.0006112469437652812
biro statistik nasional nbs,ORG,1,biro statistik nasional nbs,0.0,0.0012224938875305623,0.0006112469437652812
biru,LOC,1,biru,0.0,0.0012224938875305623,0.0006112469437652812
scroll to continue with,EVT,1,scroll to continue with,0.0,0.0012224938875305623,0.0006112469437652812
sda,LAW,1,sda,0.0,0.0012224938875305623,0.0006112469437652812
sda,ORG,1,sda,0.0,0.0012224938875305623,0.0006112469437652812
se,NOR,1,se,0.0,0.0012224938875305623,0.0006112469437652812
seattle,GPE,1,seattle,0.0,0.0012224938875305623,0.0006112469437652812
seattle,LOC,1,seattle,0.0,0.0012224938875305623,0.0006112469437652812
sebastian,ORG,1,sebastian,0.0,0.0012224938875305623,0.0006112469437652812
sebulan,ORG,1,sebulan,0.0,0.0012224938875305623,0.0006112469437652812
biru,ORG,1,biru,0.0,0.0012224938875305623,0.0006112469437652812
sec,ORG,1,sec,0.0,0.0012224938875305623,0.0006112469437652812
secretary,NOR,1,secretary,0.0,0.0012224938875305623,0.0006112469437652812
secretary,ORG,1,secretary,0.0,0.0012224938875305623,0.0006112469437652812
section of the trade expansion act,LAW,1,section of the trade expansion act,0.0,0.0012224938875305623,0.0006112469437652812
securities,ORG,1,securities,0.0,0.0012224938875305623,0.0006112469437652812
sedan,PRD,1,sedan,0.0,0.0012224938875305623,0.0006112469437652812
see,ORG,1,see,0.0,0.0012224938875305623,0.0006112469437652812
segundo california,LOC,1,segundo california,0.0,0.0012224938875305623,0.0006112469437652812
segundo california,ORG,1,segundo california,0.0,0.0012224938875305623,0.0006112469437652812
seja,ORG,1,seja,0.0,0.0012224938875305623,0.0006112469437652812
sekjen partai komunis vietnam,NOR,1,sekjen partai komunis vietnam,0.0,0.0012224938875305623,0.0006112469437652812
sekolah,ORG,1,sekolah,0.0,0.0012224938875305623,0.0006112469437652812
sekretariat,NOR,1,sekretariat,0.0,0.0012224938875305623,0.0006112469437652812
biru atlantik,PRD,1,biru atlantik,0.0,0.0012224938875305623,0.0006112469437652812
sekretaris jenderal,NOR,1,sekretaris jenderal,0.0,0.0012224938875305623,0.0006112469437652812
sekretaris jenderal nato,NOR,1,sekretaris jenderal nato,0.0,0.0012224938875305623,0.0006112469437652812
sekretaris jenderal partai komunis vietnam,NOR,1,sekretaris jenderal partai komunis vietnam,0.0,0.0012224938875305623,0.0006112469437652812
sekretaris jendral aesi,ORG,1,sekretaris jendral aesi,0.0,0.0012224938875305623,0.0006112469437652812
sekretaris kementerian koordinator bidang perekonomian,NOR,1,sekretaris kementerian koordinator bidang perekonomian,0.0,0.0012224938875305623,0.0006112469437652812
sekretaris pers,NOR,1,sekretaris pers,0.0,0.0012224938875305623,0.0006112469437652812
sekretaris pers gedung putih,NOR,1,sekretaris pers gedung putih,0.0,0.0012224938875305623,0.0006112469437652812
bis,ORG,1,bis,0.0,0.0012224938875305623,0.0006112469437652812
sekretaris pers gedung putih karoline,NOR,1,sekretaris pers gedung putih karoline,0.0,0.0012224938875305623,0.0006112469437652812
sekretaris pers karoline,NOR,1,sekretaris pers karoline,0.0,0.0012224938875305623,0.0006112469437652812
sekretaris tetap luar negeri myanmar,NOR,1,sekretaris tetap luar negeri myanmar,0.0,0.0012224938875305623,0.0006112469437652812
sektor,PRD,1,sektor,0.0,0.0012224938875305623,0.0006112469437652812
sektorconsumer,ORG,1,sektorconsumer,0.0,0.0012224938875305623,0.0006112469437652812
sekuensing,PRD,1,sekuensing,0.0,0.0012224938875305623,0.0006112469437652812
sekuritas dan bursa efek amerika serikat securities and exchange commission insider tradingmerupakan,ORG,1,sekuritas dan bursa efek amerika serikat securities and exchange commission insider tradingmerupakan,0.0,0.0012224938875305623,0.0006112469437652812
sekutu,NOR,1,sekutu,0.0,0.0012224938875305623,0.0006112469437652812
bismut,ORG,1,bismut,0.0,0.0012224938875305623,0.0006112469437652812
selandia baru,GPE,1,selandia baru,0.0,0.0012224938875305623,0.0006112469437652812
bisnis as,ORG,1,bisnis as,0.0,0.0012224938875305623,0.0006112469437652812
bisnis com batam emiten bidang elektronika ptsat nusapersadatbk ptsn,ORG,1,bisnis com batam emiten bidang elektronika ptsat nusapersadatbk ptsn,0.0,0.0012224938875305623,0.0006112469437652812
bisnis com jakarta chinamengumumkan,ORG,1,bisnis com jakarta chinamengumumkan,0.0,0.0012224938875305623,0.0006112469437652812
bisnis com jakarta emiten grup triputra,ORG,1,bisnis com jakarta emiten grup triputra,0.0,0.0012224938875305623,0.0006112469437652812
bitcoin cs,PRD,1,bitcoin cs,0.0,0.0012224938875305623,0.0006112469437652812
bitcoin ethereum xrp solana,PRD,1,bitcoin ethereum xrp solana,0.0,0.0012224938875305623,0.0006112469437652812
bitcoin global,PRD,1,bitcoin global,0.0,0.0012224938875305623,0.0006112469437652812
bitcoindi,PRD,1,bitcoindi,0.0,0.0012224938875305623,0.0006112469437652812
selasa april scroll,DAT,1,selasa april scroll,0.0,0.0012224938875305623,0.0006112469437652812
bitcoinetf,PRD,1,bitcoinetf,0.0,0.0012224938875305623,0.0006112469437652812
bitcoinhingga,PRD,1,bitcoinhingga,0.0,0.0012224938875305623,0.0006112469437652812
selasa februari scroll,DAT,1,selasa februari scroll,0.0,0.0012224938875305623,0.0006112469437652812
selasa januari,DAT,1,selasa januari,0.0,0.0012224938875305623,0.0006112469437652812
selasa lalu april,DAT,1,selasa lalu april,0.0,0.0012224938875305623,0.0006112469437652812
bitcoinjuga,PRD,1,bitcoinjuga,0.0,0.0012224938875305623,0.0006112469437652812
selasa maret wib,DAT,1,selasa maret wib,0.0,0.0012224938875305623,0.0006112469437652812
selasa qris,PRD,1,selasa qris,0.0,0.0012224938875305623,0.0006112469437652812
bitcoinmelampaui,PRD,1,bitcoinmelampaui,0.0,0.0012224938875305623,0.0006112469437652812
bitcoinmencapai,ORG,1,bitcoinmencapai,0.0,0.0012224938875305623,0.0006112469437652812
bite,ORG,1,bite,0.0,0.0012224938875305623,0.0006112469437652812
selatanbersiap,NOR,1,selatanbersiap,0.0,0.0012224938875305623,0.0006112469437652812
selatanchina,GPE,1,selatanchina,0.0,0.0012224938875305623,0.0006112469437652812
selatanyang,ORG,1,selatanyang,0.0,0.0012224938875305623,0.0006112469437652812
selections inc,ORG,1,selections inc,0.0,0.0012224938875305623,0.0006112469437652812
selengkapnya,ORG,1,selengkapnya,0.0,0.0012224938875305623,0.0006112469437652812
bitmain,PRD,1,bitmain,0.0,0.0012224938875305623,0.0006112469437652812
bitmain canaan,ORG,1,bitmain canaan,0.0,0.0012224938875305623,0.0006112469437652812
semikonduktor panel surya layar tv panel datar flash drive,PRD,1,semikonduktor panel surya layar tv panel datar flash drive,0.0,0.0012224938875305623,0.0006112469437652812
seminar dampak perang tarif,EVT,1,seminar dampak perang tarif,0.0,0.0012224938875305623,0.0006112469437652812
seminar publik,EVT,1,seminar publik,0.0,0.0012224938875305623,0.0006112469437652812
seminar trumponomics pengaruhnya,EVT,1,seminar trumponomics pengaruhnya,0.0,0.0012224938875305623,0.0006112469437652812
bitumen,GPE,1,bitumen,0.0,0.0012224938875305623,0.0006112469437652812
senator,NOR,1,senator,0.0,0.0012224938875305623,0.0006112469437652812
senator as,NOR,1,senator as,0.0,0.0012224938875305623,0.0006112469437652812
senator demokrat as,NOR,1,senator demokrat as,0.0,0.0012224938875305623,0.0006112469437652812
biz carson bloomberg news bloomberg,ORG,1,biz carson bloomberg news bloomberg,0.0,0.0012224938875305623,0.0006112469437652812
bk,NOR,1,bk,0.0,0.0012224938875305623,0.0006112469437652812
bkpm,NOR,1,bkpm,0.0,0.0012224938875305623,0.0006112469437652812
blackwell,PRD,1,blackwell,0.0,0.0012224938875305623,0.0006112469437652812
senin advertisement,ORG,1,senin advertisement,0.0,0.0012224938875305623,0.0006112469437652812
blair house,LOC,1,blair house,0.0,0.0012224938875305623,0.0006112469437652812
senin april wib,DAT,1,senin april wib,0.0,0.0012224938875305623,0.0006112469437652812
senin januari,DAT,1,senin januari,0.0,0.0012224938875305623,0.0006112469437652812
blockchain,PRD,1,blockchain,0.0,0.0012224938875305623,0.0006112469437652812
senin maret wib,DAT,1,senin maret wib,0.0,0.0012224938875305623,0.0006112469437652812
bloomberg intelligence,ORG,1,bloomberg intelligence,0.0,0.0012224938875305623,0.0006112469437652812
senin mei aru,DAT,1,senin mei aru,0.0,0.0012224938875305623,0.0006112469437652812
senin stubb,DAT,1,senin stubb,0.0,0.0012224938875305623,0.0006112469437652812
senin wall street,DAT,1,senin wall street,0.0,0.0012224938875305623,0.0006112469437652812
senior consultant supply chain indonesia sci,ORG,1,senior consultant supply chain indonesia sci,0.0,0.0012224938875305623,0.0006112469437652812
senior economist executive director dbs bank singapore,ORG,1,senior economist executive director dbs bank singapore,0.0,0.0012224938875305623,0.0006112469437652812
bloomberg news,ORG,1,bloomberg news,0.0,0.0012224938875305623,0.0006112469437652812
seoul,GPE,1,seoul,0.0,0.0012224938875305623,0.0006112469437652812
seoul,ORG,1,seoul,0.0,0.0012224938875305623,0.0006112469437652812
sepatu,PRD,1,sepatu,0.0,0.0012224938875305623,0.0006112469437652812
sepatu bot,PRD,1,sepatu bot,0.0,0.0012224938875305623,0.0006112469437652812
sepatu bot koboi,PRD,1,sepatu bot koboi,0.0,0.0012224938875305623,0.0006112469437652812
sepatu garmen,PRD,1,sepatu garmen,0.0,0.0012224938875305623,0.0006112469437652812
sepatu ketsnya,PRD,1,sepatu ketsnya,0.0,0.0012224938875305623,0.0006112469437652812
bloomberg news bloomberg bursa saham asia,ORG,1,bloomberg news bloomberg bursa saham asia,0.0,0.0012224938875305623,0.0006112469437652812
sepatunya,PRD,1,sepatunya,0.0,0.0012224938875305623,0.0006112469437652812
bloomberg news bloomberg china,ORG,1,bloomberg news bloomberg china,0.0,0.0012224938875305623,0.0006112469437652812
sepeda motor,PRD,1,sepeda motor,0.0,0.0012224938875305623,0.0006112469437652812
bloomberg news bloomberg diplomat,ORG,1,bloomberg news bloomberg diplomat,0.0,0.0012224938875305623,0.0006112469437652812
seperempat,QTY,1,seperempat,0.0,0.0012224938875305623,0.0006112469437652812
seperempat triliun dolar,MON,1,seperempat triliun dolar,0.0,0.0012224938875305623,0.0006112469437652812
seperlima,MON,1,seperlima,0.0,0.0012224938875305623,0.0006112469437652812
sepertiga,CRD,1,sepertiga,0.0,0.0012224938875305623,0.0006112469437652812
bloomberg news bloomberg emas,ORG,1,bloomberg news bloomberg emas,0.0,0.0012224938875305623,0.0006112469437652812
bloomberg news bloomberg news bloomberg shein group ltd,ORG,1,bloomberg news bloomberg news bloomberg shein group ltd,0.0,0.0012224938875305623,0.0006112469437652812
september agustus,DAT,1,september agustus,0.0,0.0012224938875305623,0.0006112469437652812
sepuluh,CRD,1,sepuluh,0.0,0.0012224938875305623,0.0006112469437652812
sepuluh ribu,CRD,1,sepuluh ribu,0.0,0.0012224938875305623,0.0006112469437652812
bloomberg news bloomberg ringgit malaysia,ORG,1,bloomberg news bloomberg ringgit malaysia,0.0,0.0012224938875305623,0.0006112469437652812
bloomberg news bloomberg thailand,ORG,1,bloomberg news bloomberg thailand,0.0,0.0012224938875305623,0.0006112469437652812
bloomberg technoz jakarta apple inc,ORG,1,bloomberg technoz jakarta apple inc,0.0,0.0012224938875305623,0.0006112469437652812
bloomberg technoz jakarta bitcoin,ORG,1,bloomberg technoz jakarta bitcoin,0.0,0.0012224938875305623,0.0006112469437652812
bloomberg technoz jakarta freeport mcmoran inc fcx,ORG,1,bloomberg technoz jakarta freeport mcmoran inc fcx,0.0,0.0012224938875305623,0.0006112469437652812
bloomberg technoz jakarta guru besar fakultas ekonomi bisnis universitas indonesia feb ui,ORG,1,bloomberg technoz jakarta guru besar fakultas ekonomi bisnis universitas indonesia feb ui,0.0,0.0012224938875305623,0.0006112469437652812
bloomberg technoz jakarta indonesia,ORG,1,bloomberg technoz jakarta indonesia,0.0,0.0012224938875305623,0.0006112469437652812
bloomberg technoz jakarta penyelamatan bisnis tesla inc,ORG,1,bloomberg technoz jakarta penyelamatan bisnis tesla inc,0.0,0.0012224938875305623,0.0006112469437652812
bloomberg technoz kamis,ORG,1,bloomberg technoz kamis,0.0,0.0012224938875305623,0.0006112469437652812
bloomberg temu,ORG,1,bloomberg temu,0.0,0.0012224938875305623,0.0006112469437652812
serikat ustr,ORG,1,serikat ustr,0.0,0.0012224938875305623,0.0006112469437652812
serikatdengan,GPE,1,serikatdengan,0.0,0.0012224938875305623,0.0006112469437652812
bloombergnef,ORG,1,bloombergnef,0.0,0.0012224938875305623,0.0006112469437652812
serikatini,GPE,1,serikatini,0.0,0.0012224938875305623,0.0006112469437652812
serikatlewat,GPE,1,serikatlewat,0.0,0.0012224938875305623,0.0006112469437652812
serikatmenyusul,NOR,1,serikatmenyusul,0.0,0.0012224938875305623,0.0006112469437652812
serikatpada,GPE,1,serikatpada,0.0,0.0012224938875305623,0.0006112469437652812
serikatsebagai,GPE,1,serikatsebagai,0.0,0.0012224938875305623,0.0006112469437652812
serikatuntukkanadadanmeksikomulai,GPE,1,serikatuntukkanadadanmeksikomulai,0.0,0.0012224938875305623,0.0006112469437652812
serikatyang,GPE,1,serikatyang,0.0,0.0012224938875305623,0.0006112469437652812
serikatyang,ORG,1,serikatyang,0.0,0.0012224938875305623,0.0006112469437652812
seroka,PER,1,seroka,0.0,0.0012224938875305623,0.0006112469437652812
sertifikat deposito,PRD,1,sertifikat deposito,0.0,0.0012224938875305623,0.0006112469437652812
sertifikat halal,PRD,1,sertifikat halal,0.0,0.0012224938875305623,0.0006112469437652812
server,ORG,1,server,0.0,0.0012224938875305623,0.0006112469437652812
server ai,PRD,1,server ai,0.0,0.0012224938875305623,0.0006112469437652812
server kecerdasan buatan,PRD,1,server kecerdasan buatan,0.0,0.0012224938875305623,0.0006112469437652812
bloombergnews bloomberg,ORG,1,bloombergnews bloomberg,0.0,0.0012224938875305623,0.0006112469437652812
blue ammonia,PRD,1,blue ammonia,0.0,0.0012224938875305623,0.0006112469437652812
blueprint,LAW,1,blueprint,0.0,0.0012224938875305623,0.0006112469437652812
setengah,QTY,1,setengah,0.0,0.0012224938875305623,0.0006112469437652812
setyo,PER,1,setyo,0.0,0.0012224938875305623,0.0006112469437652812
setyo wisnu broto,PER,1,setyo wisnu broto,0.0,0.0012224938875305623,0.0006112469437652812
shafinaz nachiar,PER,1,shafinaz nachiar,0.0,0.0012224938875305623,0.0006112469437652812
shafira cendra,PER,1,shafira cendra,0.0,0.0012224938875305623,0.0006112469437652812
blueprint,ORG,1,blueprint,0.0,0.0012224938875305623,0.0006112469437652812
blumenthal,PER,1,blumenthal,0.0,0.0012224938875305623,0.0006112469437652812
shanghai jc intelligence co china,ORG,1,shanghai jc intelligence co china,0.0,0.0012224938875305623,0.0006112469437652812
shaw,PER,1,shaw,0.0,0.0012224938875305623,0.0006112469437652812
sheet gedung,EVT,1,sheet gedung,0.0,0.0012224938875305623,0.0006112469437652812
sheetgedung putih,PRD,1,sheetgedung putih,0.0,0.0012224938875305623,0.0006112469437652812
sheikh,PER,1,sheikh,0.0,0.0012224938875305623,0.0006112469437652812
sheikh tahnoon,PER,1,sheikh tahnoon,0.0,0.0012224938875305623,0.0006112469437652812
blunt,ORG,1,blunt,0.0,0.0012224938875305623,0.0006112469437652812
bm,LAW,1,bm,0.0,0.0012224938875305623,0.0006112469437652812
shein,PRD,1,shein,0.0,0.0012224938875305623,0.0006112469437652812
shein group ltd,ORG,1,shein group ltd,0.0,0.0012224938875305623,0.0006112469437652812
bmi as,ORG,1,bmi as,0.0,0.0012224938875305623,0.0006112469437652812
shellfish,ORG,1,shellfish,0.0,0.0012224938875305623,0.0006112469437652812
sheng qiuping,PER,1,sheng qiuping,0.0,0.0012224938875305623,0.0006112469437652812
bmi china,ORG,1,bmi china,0.0,0.0012224938875305623,0.0006112469437652812
shenzen,ORG,1,shenzen,0.0,0.0012224938875305623,0.0006112469437652812
shenzhen landun environmental technology,ORG,1,shenzhen landun environmental technology,0.0,0.0012224938875305623,0.0006112469437652812
sherman texas,LOC,1,sherman texas,0.0,0.0012224938875305623,0.0006112469437652812
shigeru,ORG,1,shigeru,0.0,0.0012224938875305623,0.0006112469437652812
shiltagh,PER,1,shiltagh,0.0,0.0012224938875305623,0.0006112469437652812
shinhan,ORG,1,shinhan,0.0,0.0012224938875305623,0.0006112469437652812
shinta kamdani,PER,1,shinta kamdani,0.0,0.0012224938875305623,0.0006112469437652812
shiseido,ORG,1,shiseido,0.0,0.0012224938875305623,0.0006112469437652812
shopeepay,PRD,1,shopeepay,0.0,0.0012224938875305623,0.0006112469437652812
shutterstock jakarta,LOC,1,shutterstock jakarta,0.0,0.0012224938875305623,0.0006112469437652812
sidang,EVT,1,sidang,0.0,0.0012224938875305623,0.0006112469437652812
sidang gabungan kongres,EVT,1,sidang gabungan kongres,0.0,0.0012224938875305623,0.0006112469437652812
sidang kongres rakyat nasional,EVT,1,sidang kongres rakyat nasional,0.0,0.0012224938875305623,0.0006112469437652812
sidik,PER,1,sidik,0.0,0.0012224938875305623,0.0006112469437652812
silikon,PRD,1,silikon,0.0,0.0012224938875305623,0.0006112469437652812
siluman,PRD,1,siluman,0.0,0.0012224938875305623,0.0006112469437652812
bmp,ORG,1,bmp,0.0,0.0012224938875305623,0.0006112469437652812
bmri,ORG,1,bmri,0.0,0.0012224938875305623,0.0006112469437652812
simon aloysius mantiri,PER,1,simon aloysius mantiri,0.0,0.0012224938875305623,0.0006112469437652812
sinaga,ORG,1,sinaga,0.0,0.0012224938875305623,0.0006112469437652812
sinagacopyright,ORG,1,sinagacopyright,0.0,0.0012224938875305623,0.0006112469437652812
sindonews,PRD,1,sindonews,0.0,0.0012224938875305623,0.0006112469437652812
bnp,ORG,1,bnp,0.0,0.0012224938875305623,0.0006112469437652812
bob,PER,1,bob,0.0,0.0012224938875305623,0.0006112469437652812
singapurapada,GPE,1,singapurapada,0.0,0.0012224938875305623,0.0006112469437652812
boeing,PER,1,boeing,0.0,0.0012224938875305623,0.0006112469437652812
boeing,PRD,1,boeing,0.0,0.0012224938875305623,0.0006112469437652812
boncos,ORG,1,boncos,0.0,0.0012224938875305623,0.0006112469437652812
sirip,ORG,1,sirip,0.0,0.0012224938875305623,0.0006112469437652812
boneka,PRD,1,boneka,0.0,0.0012224938875305623,0.0006112469437652812
sistem operasi,PRD,1,sistem operasi,0.0,0.0012224938875305623,0.0006112469437652812
sistem operasi android,PRD,1,sistem operasi android,0.0,0.0012224938875305623,0.0006112469437652812
sistem penglihatan robot humanoid,PRD,1,sistem penglihatan robot humanoid,0.0,0.0012224938875305623,0.0006112469437652812
sistem persenjataan,PRD,1,sistem persenjataan,0.0,0.0012224938875305623,0.0006112469437652812
sjafrie sjamsoeddin,PER,1,sjafrie sjamsoeddin,0.0,0.0012224938875305623,0.0006112469437652812
sk,PRD,1,sk,0.0,0.0012224938875305623,0.0006112469437652812
skema rantai,PRD,1,skema rantai,0.0,0.0012224938875305623,0.0006112469437652812
skrap besi,PRD,1,skrap besi,0.0,0.0012224938875305623,0.0006112469437652812
sm,ORG,1,sm,0.0,0.0012224938875305623,0.0006112469437652812
smart investor,ORG,1,smart investor,0.0,0.0012224938875305623,0.0006112469437652812
smart toilet,PRD,1,smart toilet,0.0,0.0012224938875305623,0.0006112469437652812
boneka barbie,PRD,1,boneka barbie,0.0,0.0012224938875305623,0.0006112469437652812
smartphone as,PRD,1,smartphone as,0.0,0.0012224938875305623,0.0006112469437652812
smartphoneglobal,PRD,1,smartphoneglobal,0.0,0.0012224938875305623,0.0006112469437652812
smelter,ORG,1,smelter,0.0,0.0012224938875305623,0.0006112469437652812
smelterbakal,PRD,1,smelterbakal,0.0,0.0012224938875305623,0.0006112469437652812
smeltertersebut,ORG,1,smeltertersebut,0.0,0.0012224938875305623,0.0006112469437652812
boneka barbie itumajoritybikinan,PRD,1,boneka barbie itumajoritybikinan,0.0,0.0012224938875305623,0.0006112469437652812
boneka mainan,PRD,1,boneka mainan,0.0,0.0012224938875305623,0.0006112469437652812
bortiandy tobing,PER,1,bortiandy tobing,0.0,0.0012224938875305623,0.0006112469437652812
social and governance,PRD,1,social and governance,0.0,0.0012224938875305623,0.0006112469437652812
social friday,EVT,1,social friday,0.0,0.0012224938875305623,0.0006112469437652812
society of motor manufacturers and traders smmt inggris,ORG,1,society of motor manufacturers and traders smmt inggris,0.0,0.0012224938875305623,0.0006112469437652812
soekarno hatta,PER,1,soekarno hatta,0.0,0.0012224938875305623,0.0006112469437652812
soft drink,PRD,1,soft drink,0.0,0.0012224938875305623,0.0006112469437652812
softbank,ORG,1,softbank,0.0,0.0012224938875305623,0.0006112469437652812
softbank group corp,ORG,1,softbank group corp,0.0,0.0012224938875305623,0.0006112469437652812
sofyan djalil,PER,1,sofyan djalil,0.0,0.0012224938875305623,0.0006112469437652812
sonexay siphandone,PER,1,sonexay siphandone,0.0,0.0012224938875305623,0.0006112469437652812
sonny,PER,1,sonny,0.0,0.0012224938875305623,0.0006112469437652812
sonny samuel,PER,1,sonny samuel,0.0,0.0012224938875305623,0.0006112469437652812
sony,ORG,1,sony,0.0,0.0012224938875305623,0.0006112469437652812
soo,NOR,1,soo,0.0,0.0012224938875305623,0.0006112469437652812
soo hyang,PER,1,soo hyang,0.0,0.0012224938875305623,0.0006112469437652812
sopa images lightrocket,ORG,1,sopa images lightrocket,0.0,0.0012224938875305623,0.0006112469437652812
sorbo technology,ORG,1,sorbo technology,0.0,0.0012224938875305623,0.0006112469437652812
bosnia,GPE,1,bosnia,0.0,0.0012224938875305623,0.0006112469437652812
south,PER,1,south,0.0,0.0012224938875305623,0.0006112469437652812
south china morning post,ORG,1,south china morning post,0.0,0.0012224938875305623,0.0006112469437652812
southern airlines,ORG,1,southern airlines,0.0,0.0012224938875305623,0.0006112469437652812
soya,PER,1,soya,0.0,0.0012224938875305623,0.0006112469437652812
botswana,GPE,1,botswana,0.0,0.0012224938875305623,0.0006112469437652812
spanyol,GPE,1,spanyol,0.0,0.0012224938875305623,0.0006112469437652812
special economic zone,EVT,1,special economic zone,0.0,0.0012224938875305623,0.0006112469437652812
spi,ORG,1,spi,0.0,0.0012224938875305623,0.0006112469437652812
spillover,PRD,1,spillover,0.0,0.0012224938875305623,0.0006112469437652812
sport,ORG,1,sport,0.0,0.0012224938875305623,0.0006112469437652812
spot,PRD,1,spot,0.0,0.0012224938875305623,0.0006112469437652812
spp ikan jack,PRD,1,spp ikan jack,0.0,0.0012224938875305623,0.0006112469437652812
spring,ORG,1,spring,0.0,0.0012224938875305623,0.0006112469437652812
spring,PER,1,spring,0.0,0.0012224938875305623,0.0006112469437652812
spring meetings,EVT,1,spring meetings,0.0,0.0012224938875305623,0.0006112469437652812
sputnik,ORG,1,sputnik,0.0,0.0012224938875305623,0.0006112469437652812
sputnik,PER,1,sputnik,0.0,0.0012224938875305623,0.0006112469437652812
squawk,EVT,1,squawk,0.0,0.0012224938875305623,0.0006112469437652812
squawk,ORG,1,squawk,0.0,0.0012224938875305623,0.0006112469437652812
squawk box,EVT,1,squawk box,0.0,0.0012224938875305623,0.0006112469437652812
srbi,ORG,1,srbi,0.0,0.0012224938875305623,0.0006112469437652812
srf,ORG,1,srf,0.0,0.0012224938875305623,0.0006112469437652812
box,PRD,1,box,0.0,0.0012224938875305623,0.0006112469437652812
box cnbc,PRD,1,box cnbc,0.0,0.0012224938875305623,0.0006112469437652812
bozzella,ORG,1,bozzella,0.0,0.0012224938875305623,0.0006112469437652812
bpc,NOR,1,bpc,0.0,0.0012224938875305623,0.0006112469437652812
bpjph,LAW,1,bpjph,0.0,0.0012224938875305623,0.0006112469437652812
sri agung handayani,PER,1,sri agung handayani,0.0,0.0012224938875305623,0.0006112469437652812
bpjs ketenagakerjaan bpjs tk,NOR,1,bpjs ketenagakerjaan bpjs tk,0.0,0.0012224938875305623,0.0006112469437652812
bpmi sekretariat presiden jakarta,NOR,1,bpmi sekretariat presiden jakarta,0.0,0.0012224938875305623,0.0006112469437652812
bpsi,ORG,1,bpsi,0.0,0.0012224938875305623,0.0006112469437652812
srimulyani,PER,1,srimulyani,0.0,0.0012224938875305623,0.0006112469437652812
st,ORG,1,st,0.0,0.0012224938875305623,0.0006112469437652812
stabilitas sistem keuangan kssk,ORG,1,stabilitas sistem keuangan kssk,0.0,0.0012224938875305623,0.0006112469437652812
staf ahli menteri kelautan dan perikanan,NOR,1,staf ahli menteri kelautan dan perikanan,0.0,0.0012224938875305623,0.0006112469437652812
staf ahli menteri perdagangan bidang hubungan internasional,NOR,1,staf ahli menteri perdagangan bidang hubungan internasional,0.0,0.0012224938875305623,0.0006112469437652812
staf ahli menteri perindustrian,NOR,1,staf ahli menteri perindustrian,0.0,0.0012224938875305623,0.0006112469437652812
brains partai demokrat,NOR,1,brains partai demokrat,0.0,0.0012224938875305623,0.0006112469437652812
standar,LAW,1,standar,0.0,0.0012224938875305623,0.0006112469437652812
standar qr code,PRD,1,standar qr code,0.0,0.0012224938875305623,0.0006112469437652812
brendan murray,PER,1,brendan murray,0.0,0.0012224938875305623,0.0006112469437652812
standard qris,ORG,1,standard qris,0.0,0.0012224938875305623,0.0006112469437652812
brent,ORG,1,brent,0.0,0.0012224938875305623,0.0006112469437652812
stanley rocky,PER,1,stanley rocky,0.0,0.0012224938875305623,0.0006112469437652812
bretton woods general agreement on tariffs and trade gatt,LAW,1,bretton woods general agreement on tariffs and trade gatt,0.0,0.0012224938875305623,0.0006112469437652812
stasiun,ORG,1,stasiun,0.0,0.0012224938875305623,0.0006112469437652812
state,ORG,1,state,0.0,0.0012224938875305623,0.0006112469437652812
bri danareksa sekuritas,ORG,1,bri danareksa sekuritas,0.0,0.0012224938875305623,0.0006112469437652812
steel,ORG,1,steel,0.0,0.0012224938875305623,0.0006112469437652812
steel,PRD,1,steel,0.0,0.0012224938875305623,0.0006112469437652812
steeldunia,ORG,1,steeldunia,0.0,0.0012224938875305623,0.0006112469437652812
steelnasional,ORG,1,steelnasional,0.0,0.0012224938875305623,0.0006112469437652812
steinbaum,ORG,1,steinbaum,0.0,0.0012224938875305623,0.0006112469437652812
stellantis,LAW,1,stellantis,0.0,0.0012224938875305623,0.0006112469437652812
brian platt,PER,1,brian platt,0.0,0.0012224938875305623,0.0006112469437652812
brics,NOR,1,brics,0.0,0.0012224938875305623,0.0006112469437652812
stellantis ford,ORG,1,stellantis ford,0.0,0.0012224938875305623,0.0006112469437652812
stephanie lai bloomberg news bloomberg,ORG,1,stephanie lai bloomberg news bloomberg,0.0,0.0012224938875305623,0.0006112469437652812
steve,PER,1,steve,0.0,0.0012224938875305623,0.0006112469437652812
steve jobs,PER,1,steve jobs,0.0,0.0012224938875305623,0.0006112469437652812
steve shriver,PER,1,steve shriver,0.0,0.0012224938875305623,0.0006112469437652812
stie,ORG,1,stie,0.0,0.0012224938875305623,0.0006112469437652812
stm,ORG,1,stm,0.0,0.0012224938875305623,0.0006112469437652812
straits times,ORG,1,straits times,0.0,0.0012224938875305623,0.0006112469437652812
brics indonesia,ORG,1,brics indonesia,0.0,0.0012224938875305623,0.0006112469437652812
strategic,ORG,1,strategic,0.0,0.0012224938875305623,0.0006112469437652812
street,LOC,1,street,0.0,0.0012224938875305623,0.0006112469437652812
brief,PRD,1,brief,0.0,0.0012224938875305623,0.0006112469437652812
street journalmenunjukkan,ORG,1,street journalmenunjukkan,0.0,0.0012224938875305623,0.0006112469437652812
street journalmenyebut,PRD,1,street journalmenyebut,0.0,0.0012224938875305623,0.0006112469437652812
streetsemakin,ORG,1,streetsemakin,0.0,0.0012224938875305623,0.0006112469437652812
strengthening resilience redefining standards championing industry and the digital shift,EVT,1,strengthening resilience redefining standards championing industry and the digital shift,0.0,0.0012224938875305623,0.0006112469437652812
stubb,PER,1,stubb,0.0,0.0012224938875305623,0.0006112469437652812
suara,ORG,1,suara,0.0,0.0012224938875305623,0.0006112469437652812
brightbill,ORG,1,brightbill,0.0,0.0012224938875305623,0.0006112469437652812
subaru,ORG,1,subaru,0.0,0.0012224938875305623,0.0006112469437652812
bris,NOR,1,bris,0.0,0.0012224938875305623,0.0006112469437652812
brms,ORG,1,brms,0.0,0.0012224938875305623,0.0006112469437652812
bruce,PER,1,bruce,0.0,0.0012224938875305623,0.0006112469437652812
subiantoberencana,PER,1,subiantoberencana,0.0,0.0012224938875305623,0.0006112469437652812
subiantomengatakan,PER,1,subiantomengatakan,0.0,0.0012224938875305623,0.0006112469437652812
subiantoterkait,PER,1,subiantoterkait,0.0,0.0012224938875305623,0.0006112469437652812
subrahmanyam jaishankar,PER,1,subrahmanyam jaishankar,0.0,0.0012224938875305623,0.0006112469437652812
sudan,GPE,1,sudan,0.0,0.0012224938875305623,0.0006112469437652812
sudrajat,ORG,1,sudrajat,0.0,0.0012224938875305623,0.0006112469437652812
sudrajat,PER,1,sudrajat,0.0,0.0012224938875305623,0.0006112469437652812
sudrajat djiwandono,PER,1,sudrajat djiwandono,0.0,0.0012224938875305623,0.0006112469437652812
brunei,GPE,1,brunei,0.0,0.0012224938875305623,0.0006112469437652812
bruto pdb,PRD,1,bruto pdb,0.0,0.0012224938875305623,0.0006112469437652812
sugionomelakukan,PER,1,sugionomelakukan,0.0,0.0012224938875305623,0.0006112469437652812
suku,ORG,1,suku,0.0,0.0012224938875305623,0.0006112469437652812
suku,PRD,1,suku,0.0,0.0012224938875305623,0.0006112469437652812
sulistio,ORG,1,sulistio,0.0,0.0012224938875305623,0.0006112469437652812
sullivan,ORG,1,sullivan,0.0,0.0012224938875305623,0.0006112469437652812
sultan brunei,NOR,1,sultan brunei,0.0,0.0012224938875305623,0.0006112469437652812
bspi aturan,LAW,1,bspi aturan,0.0,0.0012224938875305623,0.0006112469437652812
sumber,ORG,1,sumber,0.0,0.0012224938875305623,0.0006112469437652812
btc,ORG,1,btc,0.0,0.0012224938875305623,0.0006112469437652812
btc altcoin,PRD,1,btc altcoin,0.0,0.0012224938875305623,0.0006112469437652812
sumber daya mineral,ORG,1,sumber daya mineral,0.0,0.0012224938875305623,0.0006112469437652812
sumber gambar alamy dunia,ORG,1,sumber gambar alamy dunia,0.0,0.0012224938875305623,0.0006112469437652812
btcdi,PRD,1,btcdi,0.0,0.0012224938875305623,0.0006112469437652812
sun,ORG,1,sun,0.0,0.0012224938875305623,0.0006112469437652812
sun as,ORG,1,sun as,0.0,0.0012224938875305623,0.0006112469437652812
sunyang,ORG,1,sunyang,0.0,0.0012224938875305623,0.0006112469437652812
suqian,GPE,1,suqian,0.0,0.0012224938875305623,0.0006112469437652812
surat kabarglobe and,ORG,1,surat kabarglobe and,0.0,0.0012224938875305623,0.0006112469437652812
surat utang pemerintah,LAW,1,surat utang pemerintah,0.0,0.0012224938875305623,0.0006112469437652812
surat utang pemerintah as,LAW,1,surat utang pemerintah as,0.0,0.0012224938875305623,0.0006112469437652812
survei,NOR,1,survei,0.0,0.0012224938875305623,0.0006112469437652812
surveibloomberg news,ORG,1,surveibloomberg news,0.0,0.0012224938875305623,0.0006112469437652812
surveireuters,ORG,1,surveireuters,0.0,0.0012224938875305623,0.0006112469437652812
surveiwall,EVT,1,surveiwall,0.0,0.0012224938875305623,0.0006112469437652812
sushma,NOR,1,sushma,0.0,0.0012224938875305623,0.0006112469437652812
susianto,PER,1,susianto,0.0,0.0012224938875305623,0.0006112469437652812
susiwijono,PER,1,susiwijono,0.0,0.0012224938875305623,0.0006112469437652812
susiwijono moegiarso,PER,1,susiwijono moegiarso,0.0,0.0012224938875305623,0.0006112469437652812
btcke,PRD,1,btcke,0.0,0.0012224938875305623,0.0006112469437652812
susu kedelai,PRD,1,susu kedelai,0.0,0.0012224938875305623,0.0006112469437652812
sutopo,PRD,1,sutopo,0.0,0.0012224938875305623,0.0006112469437652812
suv outback,PRD,1,suv outback,0.0,0.0012224938875305623,0.0006112469437652812
swaraj,PER,1,swaraj,0.0,0.0012224938875305623,0.0006112469437652812
btctercatat,PRD,1,btctercatat,0.0,0.0012224938875305623,0.0006112469437652812
swediaswedia,GPE,1,swediaswedia,0.0,0.0012224938875305623,0.0006112469437652812
swf,ORG,1,swf,0.0,0.0012224938875305623,0.0006112469437652812
swis,EVT,1,swis,0.0,0.0012224938875305623,0.0006112469437652812
swis,LOC,1,swis,0.0,0.0012224938875305623,0.0006112469437652812
swis,PRD,1,swis,0.0,0.0012224938875305623,0.0006112469437652812
bts,ORG,1,bts,0.0,0.0012224938875305623,0.0006112469437652812
buah buahan sayuran,PRD,1,buah buahan sayuran,0.0,0.0012224938875305623,0.0006112469437652812
budapest,GPE,1,budapest,0.0,0.0012224938875305623,0.0006112469437652812
swiss turki,GPE,1,swiss turki,0.0,0.0012224938875305623,0.0006112469437652812
swonk,PER,1,swonk,0.0,0.0012224938875305623,0.0006112469437652812
syafruddin,ORG,1,syafruddin,0.0,0.0012224938875305623,0.0006112469437652812
syafruddin,PER,1,syafruddin,0.0,0.0012224938875305623,0.0006112469437652812
syafruddin karimi,PER,1,syafruddin karimi,0.0,0.0012224938875305623,0.0006112469437652812
syahganda nainggolan,PER,1,syahganda nainggolan,0.0,0.0012224938875305623,0.0006112469437652812
syahrir,PER,1,syahrir,0.0,0.0012224938875305623,0.0006112469437652812
sybilla,ORG,1,sybilla,0.0,0.0012224938875305623,0.0006112469437652812
sybilla gross,ORG,1,sybilla gross,0.0,0.0012224938875305623,0.0006112469437652812
sydney,GPE,1,sydney,0.0,0.0012224938875305623,0.0006112469437652812
sydney,ORG,1,sydney,0.0,0.0012224938875305623,0.0006112469437652812
sydney hong kong,ORG,1,sydney hong kong,0.0,0.0012224938875305623,0.0006112469437652812
ta hoang,PER,1,ta hoang,0.0,0.0012224938875305623,0.0006112469437652812
tablet,PRD,1,tablet,0.0,0.0012224938875305623,0.0006112469437652812
taco,ORG,1,taco,0.0,0.0012224938875305623,0.0006112469437652812
budi winantya,PER,1,budi winantya,0.0,0.0012224938875305623,0.0006112469437652812
taco trade,PRD,1,taco trade,0.0,0.0012224938875305623,0.0006112469437652812
taco trade taco,PRD,1,taco trade taco,0.0,0.0012224938875305623,0.0006112469437652812
tacos,GPE,1,tacos,0.0,0.0012224938875305623,0.0006112469437652812
tahunan,PRD,1,tahunan,0.0,0.0012224938875305623,0.0006112469437652812
buffet,ORG,1,buffet,0.0,0.0012224938875305623,0.0006112469437652812
bulan uin maulana malik ibrahim malang,ORG,1,bulan uin maulana malik ibrahim malang,0.0,0.0012224938875305623,0.0006112469437652812
bumi,PRD,1,bumi,0.0,0.0012224938875305623,0.0006112469437652812
taiwanbuka,GPE,1,taiwanbuka,0.0,0.0012224938875305623,0.0006112469437652812
tajikistan,GPE,1,tajikistan,0.0,0.0012224938875305623,0.0006112469437652812
takuya imayosh,PER,1,takuya imayosh,0.0,0.0012224938875305623,0.0006112469437652812
talk showtrumpeffect,EVT,1,talk showtrumpeffect,0.0,0.0012224938875305623,0.0006112469437652812
talylor greene,PER,1,talylor greene,0.0,0.0012224938875305623,0.0006112469437652812
burgess,PER,1,burgess,0.0,0.0012224938875305623,0.0006112469437652812
tamara,ORG,1,tamara,0.0,0.0012224938875305623,0.0006112469437652812
tambak udang,ORG,1,tambak udang,0.0,0.0012224938875305623,0.0006112469437652812
tambang bijih nikel,LOC,1,tambang bijih nikel,0.0,0.0012224938875305623,0.0006112469437652812
tammy bruce,PER,1,tammy bruce,0.0,0.0012224938875305623,0.0006112469437652812
tanah air,ORG,1,tanah air,0.0,0.0012224938875305623,0.0006112469437652812
tanakasempipat,PER,1,tanakasempipat,0.0,0.0012224938875305623,0.0006112469437652812
tanjabtim,ORG,1,tanjabtim,0.0,0.0012224938875305623,0.0006112469437652812
burnstein,ORG,1,burnstein,0.0,0.0012224938875305623,0.0006112469437652812
tanjungatau,PER,1,tanjungatau,0.0,0.0012224938875305623,0.0006112469437652812
tarif,PER,1,tarif,0.0,0.0012224938875305623,0.0006112469437652812
tarif impor resiprokal,EVT,1,tarif impor resiprokal,0.0,0.0012224938875305623,0.0006112469437652812
tarif resiprokal,PRD,1,tarif resiprokal,0.0,0.0012224938875305623,0.0006112469437652812
tarif timbal balik,LAW,1,tarif timbal balik,0.0,0.0012224938875305623,0.0006112469437652812
tarif trump,ORG,1,tarif trump,0.0,0.0012224938875305623,0.0006112469437652812
bursa as,ORG,1,bursa as,0.0,0.0012224938875305623,0.0006112469437652812
bursa saham,ORG,1,bursa saham,0.0,0.0012224938875305623,0.0006112469437652812
tariffstelah,PRD,1,tariffstelah,0.0,0.0012224938875305623,0.0006112469437652812
tariftrump,ORG,1,tariftrump,0.0,0.0012224938875305623,0.0006112469437652812
tariftrump as,ORG,1,tariftrump as,0.0,0.0012224938875305623,0.0006112469437652812
tarifyang,LAW,1,tarifyang,0.0,0.0012224938875305623,0.0006112469437652812
tarli nugroho,PER,1,tarli nugroho,0.0,0.0012224938875305623,0.0006112469437652812
tas,PRD,1,tas,0.0,0.0012224938875305623,0.0006112469437652812
tas hermes,PRD,1,tas hermes,0.0,0.0012224938875305623,0.0006112469437652812
tat kei,PER,1,tat kei,0.0,0.0012224938875305623,0.0006112469437652812
taxfoundation,PRD,1,taxfoundation,0.0,0.0012224938875305623,0.0006112469437652812
taxpayers,PRD,1,taxpayers,0.0,0.0012224938875305623,0.0006112469437652812
taylor,PER,1,taylor,0.0,0.0012224938875305623,0.0006112469437652812
bursa saham amerika serikat as wall street,ORG,1,bursa saham amerika serikat as wall street,0.0,0.0012224938875305623,0.0006112469437652812
tbk ertx,ORG,1,tbk ertx,0.0,0.0012224938875305623,0.0006112469437652812
td,PRD,1,td,0.0,0.0012224938875305623,0.0006112469437652812
tech crunch,ORG,1,tech crunch,0.0,0.0012224938875305623,0.0006112469437652812
technical specified rubber tsr,PRD,1,technical specified rubber tsr,0.0,0.0012224938875305623,0.0006112469437652812
teheran,GPE,1,teheran,0.0,0.0012224938875305623,0.0006112469437652812
tehran,GPE,1,tehran,0.0,0.0012224938875305623,0.0006112469437652812
teknis ri,ORG,1,teknis ri,0.0,0.0012224938875305623,0.0006112469437652812
bursa saham china,ORG,1,bursa saham china,0.0,0.0012224938875305623,0.0006112469437652812
bursa saham eropa,ORG,1,bursa saham eropa,0.0,0.0012224938875305623,0.0006112469437652812
teknologi informasi dan komunikasi,ORG,1,teknologi informasi dan komunikasi,0.0,0.0012224938875305623,0.0006112469437652812
teknologi korea selatan,ORG,1,teknologi korea selatan,0.0,0.0012224938875305623,0.0006112469437652812
teknologicarbon capture and storageatau ccs,PRD,1,teknologicarbon capture and storageatau ccs,0.0,0.0012224938875305623,0.0006112469437652812
tekstil,ORG,1,tekstil,0.0,0.0012224938875305623,0.0006112469437652812
bursa saham indonesia,ORG,1,bursa saham indonesia,0.0,0.0012224938875305623,0.0006112469437652812
tekstil alas,PRD,1,tekstil alas,0.0,0.0012224938875305623,0.0006112469437652812
bursa singapore exchange sgx,ORG,1,bursa singapore exchange sgx,0.0,0.0012224938875305623,0.0006112469437652812
tekstil alas kaki elektronik furnitur,PRD,1,tekstil alas kaki elektronik furnitur,0.0,0.0012224938875305623,0.0006112469437652812
tekstil alas kaki elektronik kopi,PRD,1,tekstil alas kaki elektronik kopi,0.0,0.0012224938875305623,0.0006112469437652812
bursa wall street,ORG,1,bursa wall street,0.0,0.0012224938875305623,0.0006112469437652812
tekstil garmen alas kaki,PRD,1,tekstil garmen alas kaki,0.0,0.0012224938875305623,0.0006112469437652812
busan,GPE,1,busan,0.0,0.0012224938875305623,0.0006112469437652812
telepon pintar,PRD,1,telepon pintar,0.0,0.0012224938875305623,0.0006112469437652812
telepon pintar smartphone,PRD,1,telepon pintar smartphone,0.0,0.0012224938875305623,0.0006112469437652812
telepon xi jinping,PRD,1,telepon xi jinping,0.0,0.0012224938875305623,0.0006112469437652812
telisa aulia falianty,PER,1,telisa aulia falianty,0.0,0.0012224938875305623,0.0006112469437652812
teluk arab,GPE,1,teluk arab,0.0,0.0012224938875305623,0.0006112469437652812
teluk gcc,NOR,1,teluk gcc,0.0,0.0012224938875305623,0.0006112469437652812
business case competition,EVT,1,business case competition,0.0,0.0012224938875305623,0.0006112469437652812
tembaga farmasi semikonduktor dan kayu,PRD,1,tembaga farmasi semikonduktor dan kayu,0.0,0.0012224938875305623,0.0006112469437652812
byd,ORG,1,byd,0.0,0.0012224938875305623,0.0006112469437652812
tempo co,ORG,1,tempo co,0.0,0.0012224938875305623,0.0006112469437652812
caijingmelaporkan,ORG,1,caijingmelaporkan,0.0,0.0012224938875305623,0.0006112469437652812
tempo co jakarta amerika serikat,ORG,1,tempo co jakarta amerika serikat,0.0,0.0012224938875305623,0.0006112469437652812
tempo co jakarta amerika serikatmengumumkan,ORG,1,tempo co jakarta amerika serikatmengumumkan,0.0,0.0012224938875305623,0.0006112469437652812
tempo co jakarta cinamenyatakan,ORG,1,tempo co jakarta cinamenyatakan,0.0,0.0012224938875305623,0.0006112469437652812
tempo co jakarta cinatelah,ORG,1,tempo co jakarta cinatelah,0.0,0.0012224938875305623,0.0006112469437652812
tempo co jakarta perang tarifantaraamerika serikatdancinamenyebar,ORG,1,tempo co jakarta perang tarifantaraamerika serikatdancinamenyebar,0.0,0.0012224938875305623,0.0006112469437652812
tempur,PRD,1,tempur,0.0,0.0012224938875305623,0.0006112469437652812
tempur udaranya,PRD,1,tempur udaranya,0.0,0.0012224938875305623,0.0006112469437652812
california,ORG,1,california,0.0,0.0012224938875305623,0.0006112469437652812
temu temu,EVT,1,temu temu,0.0,0.0012224938875305623,0.0006112469437652812
tenaga surya,PRD,1,tenaga surya,0.0,0.0012224938875305623,0.0006112469437652812
calon menteri departemen perdagangan,NOR,1,calon menteri departemen perdagangan,0.0,0.0012224938875305623,0.0006112469437652812
tengah,ORG,1,tengah,0.0,0.0012224938875305623,0.0006112469437652812
calvin,PER,1,calvin,0.0,0.0012224938875305623,0.0006112469437652812
cambodianess media,ORG,1,cambodianess media,0.0,0.0012224938875305623,0.0006112469437652812
cameron,ORG,1,cameron,0.0,0.0012224938875305623,0.0006112469437652812
tensi,PER,1,tensi,0.0,0.0012224938875305623,0.0006112469437652812
campbell,ORG,1,campbell,0.0,0.0012224938875305623,0.0006112469437652812
teori,PRD,1,teori,0.0,0.0012224938875305623,0.0006112469437652812
tergerus,PRD,1,tergerus,0.0,0.0012224938875305623,0.0006112469437652812
terminal,FAC,1,terminal,0.0,0.0012224938875305623,0.0006112469437652812
terusan panama,LOC,1,terusan panama,0.0,0.0012224938875305623,0.0006112469437652812
canada,GPE,1,canada,0.0,0.0012224938875305623,0.0006112469437652812
tesla,PER,1,tesla,0.0,0.0012224938875305623,0.0006112469437652812
candice,PER,1,candice,0.0,0.0012224938875305623,0.0006112469437652812
tesla inc,ORG,1,tesla inc,0.0,0.0012224938875305623,0.0006112469437652812
capaian juta ton,ORG,1,capaian juta ton,0.0,0.0012224938875305623,0.0006112469437652812
texas,ORG,1,texas,0.0,0.0012224938875305623,0.0006112469437652812
texas,PRD,1,texas,0.0,0.0012224938875305623,0.0006112469437652812
texas instruments ti,ORG,1,texas instruments ti,0.0,0.0012224938875305623,0.0006112469437652812
textile industriestbk,ORG,1,textile industriestbk,0.0,0.0012224938875305623,0.0006112469437652812
tfco,ORG,1,tfco,0.0,0.0012224938875305623,0.0006112469437652812
cape,ORG,1,cape,0.0,0.0012224938875305623,0.0006112469437652812
capitol washington dc,LOC,1,capitol washington dc,0.0,0.0012224938875305623,0.0006112469437652812
capri holdings,ORG,1,capri holdings,0.0,0.0012224938875305623,0.0006112469437652812
the atlantic,ORG,1,the atlantic,0.0,0.0012224938875305623,0.0006112469437652812
the conference board,ORG,1,the conference board,0.0,0.0012224938875305623,0.0006112469437652812
cardano,ORG,1,cardano,0.0,0.0012224938875305623,0.0006112469437652812
the federal reserve,ORG,1,the federal reserve,0.0,0.0012224938875305623,0.0006112469437652812
cardano,PRD,1,cardano,0.0,0.0012224938875305623,0.0006112469437652812
cargo,ORG,1,cargo,0.0,0.0012224938875305623,0.0006112469437652812
the indonesian institute center for public policy research,ORG,1,the indonesian institute center for public policy research,0.0,0.0012224938875305623,0.0006112469437652812
the national bureau of economic research obstfeld,ORG,1,the national bureau of economic research obstfeld,0.0,0.0012224938875305623,0.0006112469437652812
carney,EVT,1,carney,0.0,0.0012224938875305623,0.0006112469437652812
the new york times toyota,ORG,1,the new york times toyota,0.0,0.0012224938875305623,0.0006112469437652812
the times of india,ORG,1,the times of india,0.0,0.0012224938875305623,0.0006112469437652812
the white house,ORG,1,the white house,0.0,0.0012224938875305623,0.0006112469437652812
the white house indonesia,ORG,1,the white house indonesia,0.0,0.0012224938875305623,0.0006112469437652812
carolina,GPE,1,carolina,0.0,0.0012224938875305623,0.0006112469437652812
the yudhoyono institute panel discussion arrmanatha,ORG,1,the yudhoyono institute panel discussion arrmanatha,0.0,0.0012224938875305623,0.0006112469437652812
the yudhoyono institute tyi,ORG,1,the yudhoyono institute tyi,0.0,0.0012224938875305623,0.0006112469437652812
thembile cele ntando thukwana,ORG,1,thembile cele ntando thukwana,0.0,0.0012224938875305623,0.0006112469437652812
theresia,PER,1,theresia,0.0,0.0012224938875305623,0.0006112469437652812
they,PER,1,they,0.0,0.0012224938875305623,0.0006112469437652812
this,ORG,1,this,0.0,0.0012224938875305623,0.0006112469437652812
casey,PER,1,casey,0.0,0.0012224938875305623,0.0006112469437652812
thomas buckley bloomberg news bloomberg mattel inc,ORG,1,thomas buckley bloomberg news bloomberg mattel inc,0.0,0.0012224938875305623,0.0006112469437652812
catarina saraiva,PER,1,catarina saraiva,0.0,0.0012224938875305623,0.0006112469437652812
thomas friends,ORG,1,thomas friends,0.0,0.0012224938875305623,0.0006112469437652812
threat jakarta composite index suffers asia deepest slump as capital flees,PRD,1,threat jakarta composite index suffers asia deepest slump as capital flees,0.0,0.0012224938875305623,0.0006112469437652812
three,MON,1,three,0.0,0.0012224938875305623,0.0006112469437652812
three,ORG,1,three,0.0,0.0012224938875305623,0.0006112469437652812
thu thiem,LOC,1,thu thiem,0.0,0.0012224938875305623,0.0006112469437652812
ti,ORG,1,ti,0.0,0.0012224938875305623,0.0006112469437652812
tier,ORG,1,tier,0.0,0.0012224938875305623,0.0006112469437652812
tier,PER,1,tier,0.0,0.0012224938875305623,0.0006112469437652812
tifa,LAW,1,tifa,0.0,0.0012224938875305623,0.0006112469437652812
catz,ORG,1,catz,0.0,0.0012224938875305623,0.0006112469437652812
cbc news,ORG,1,cbc news,0.0,0.0012224938875305623,0.0006112469437652812
cbs,ORG,1,cbs,0.0,0.0012224938875305623,0.0006112469437652812
cbu,ORG,1,cbu,0.0,0.0012224938875305623,0.0006112469437652812
ccs,ORG,1,ccs,0.0,0.0012224938875305623,0.0006112469437652812
cecilia malmstrom,PER,1,cecilia malmstrom,0.0,0.0012224938875305623,0.0006112469437652812
celios,PER,1,celios,0.0,0.0012224938875305623,0.0006112469437652812
tigaaltcoin,PRD,1,tigaaltcoin,0.0,0.0012224938875305623,0.0006112469437652812
celios nailul huda,PER,1,celios nailul huda,0.0,0.0012224938875305623,0.0006112469437652812
center of reform on economics core,ORG,1,center of reform on economics core,0.0,0.0012224938875305623,0.0006112469437652812
central asia tbk,ORG,1,central asia tbk,0.0,0.0012224938875305623,0.0006112469437652812
central valley newsom,ORG,1,central valley newsom,0.0,0.0012224938875305623,0.0006112469437652812
ceo alpen partners international,ORG,1,ceo alpen partners international,0.0,0.0012224938875305623,0.0006112469437652812
tim amerika serikat,NOR,1,tim amerika serikat,0.0,0.0012224938875305623,0.0006112469437652812
ceo apptronik,ORG,1,ceo apptronik,0.0,0.0012224938875305623,0.0006112469437652812
tim cook apple,ORG,1,tim cook apple,0.0,0.0012224938875305623,0.0006112469437652812
tim kompas com,ORG,1,tim kompas com,0.0,0.0012224938875305623,0.0006112469437652812
tim liputan garuda tv caption admin putri sephia,ORG,1,tim liputan garuda tv caption admin putri sephia,0.0,0.0012224938875305623,0.0006112469437652812
tim media,ORG,1,tim media,0.0,0.0012224938875305623,0.0006112469437652812
ceo aston martin,ORG,1,ceo aston martin,0.0,0.0012224938875305623,0.0006112469437652812
tim redaksi,ORG,1,tim redaksi,0.0,0.0012224938875305623,0.0006112469437652812
ceo eco lips produsen produk kecantikan,ORG,1,ceo eco lips produsen produk kecantikan,0.0,0.0012224938875305623,0.0006112469437652812
tim redaksi jakarta kompas com menteri,ORG,1,tim redaksi jakarta kompas com menteri,0.0,0.0012224938875305623,0.0006112469437652812
tim riset bahana sekuritas,ORG,1,tim riset bahana sekuritas,0.0,0.0012224938875305623,0.0006112469437652812
ceo freeport mcmoran,ORG,1,ceo freeport mcmoran,0.0,0.0012224938875305623,0.0006112469437652812
ceo global firma hukum dentons,ORG,1,ceo global firma hukum dentons,0.0,0.0012224938875305623,0.0006112469437652812
time,PRD,1,time,0.0,0.0012224938875305623,0.0006112469437652812
ceo ibc,ORG,1,ceo ibc,0.0,0.0012224938875305623,0.0006112469437652812
ceo leads property services indonesia,ORG,1,ceo leads property services indonesia,0.0,0.0012224938875305623,0.0006112469437652812
timesyang,ORG,1,timesyang,0.0,0.0012224938875305623,0.0006112469437652812
timnas sepakbola putri,ORG,1,timnas sepakbola putri,0.0,0.0012224938875305623,0.0006112469437652812
ceo nvidia,ORG,1,ceo nvidia,0.0,0.0012224938875305623,0.0006112469437652812
ceo raksasa bank amerika serikat as,ORG,1,ceo raksasa bank amerika serikat as,0.0,0.0012224938875305623,0.0006112469437652812
ceo ricky smartphone,ORG,1,ceo ricky smartphone,0.0,0.0012224938875305623,0.0006112469437652812
timursingapurasepanjang,GPE,1,timursingapurasepanjang,0.0,0.0012224938875305623,0.0006112469437652812
ceoapple,ORG,1,ceoapple,0.0,0.0012224938875305623,0.0006112469437652812
cepa,ORG,1,cepa,0.0,0.0012224938875305623,0.0006112469437652812
tiongkok vietnam,GPE,1,tiongkok vietnam,0.0,0.0012224938875305623,0.0006112469437652812
tiongkokmemperingatkan,GPE,1,tiongkokmemperingatkan,0.0,0.0012224938875305623,0.0006112469437652812
tiongkokmengatakan,GPE,1,tiongkokmengatakan,0.0,0.0012224938875305623,0.0006112469437652812
tirai,GPE,1,tirai,0.0,0.0012224938875305623,0.0006112469437652812
tirai bambu,GPE,1,tirai bambu,0.0,0.0012224938875305623,0.0006112469437652812
cepat,ORG,1,cepat,0.0,0.0012224938875305623,0.0006112469437652812
tisu,PRD,1,tisu,0.0,0.0012224938875305623,0.0006112469437652812
titanium,ORG,1,titanium,0.0,0.0012224938875305623,0.0006112469437652812
titanium,PRD,1,titanium,0.0,0.0012224938875305623,0.0006112469437652812
tito,ORG,1,tito,0.0,0.0012224938875305623,0.0006112469437652812
tjertja,PER,1,tjertja,0.0,0.0012224938875305623,0.0006112469437652812
tjertja karja,PER,1,tjertja karja,0.0,0.0012224938875305623,0.0006112469437652812
cex,ORG,1,cex,0.0,0.0012224938875305623,0.0006112469437652812
cfr,LAW,1,cfr,0.0,0.0012224938875305623,0.0006112469437652812
tkdn,ORG,1,tkdn,0.0,0.0012224938875305623,0.0006112469437652812
tmmin,ORG,1,tmmin,0.0,0.0012224938875305623,0.0006112469437652812
ch,PRD,1,ch,0.0,0.0012224938875305623,0.0006112469437652812
to,PER,1,to,0.0,0.0012224938875305623,0.0006112469437652812
to continue,EVT,1,to continue,0.0,0.0012224938875305623,0.0006112469437652812
to continue with,EVT,1,to continue with,0.0,0.0012224938875305623,0.0006112469437652812
today,ORG,1,today,0.0,0.0012224938875305623,0.0006112469437652812
today,PER,1,today,0.0,0.0012224938875305623,0.0006112469437652812
today selasa advertisement ottawa,ORG,1,today selasa advertisement ottawa,0.0,0.0012224938875305623,0.0006112469437652812
todotua pasaribu,PER,1,todotua pasaribu,0.0,0.0012224938875305623,0.0006112469437652812
token,PRD,1,token,0.0,0.0012224938875305623,0.0006112469437652812
toko,LOC,1,toko,0.0,0.0012224938875305623,0.0006112469437652812
toko toko walmart,LOC,1,toko toko walmart,0.0,0.0012224938875305623,0.0006112469437652812
chad,ORG,1,chad,0.0,0.0012224938875305623,0.0006112469437652812
chain,PRD,1,chain,0.0,0.0012224938875305623,0.0006112469437652812
tomahawk,ORG,1,tomahawk,0.0,0.0012224938875305623,0.0006112469437652812
tommy,ORG,1,tommy,0.0,0.0012224938875305623,0.0006112469437652812
tommy hilfiger,PER,1,tommy hilfiger,0.0,0.0012224938875305623,0.0006112469437652812
chain globalkarena,ORG,1,chain globalkarena,0.0,0.0012224938875305623,0.0006112469437652812
ton,QTY,1,ton,0.0,0.0012224938875305623,0.0006112469437652812
tongkol cakalang,PRD,1,tongkol cakalang,0.0,0.0012224938875305623,0.0006112469437652812
tony sycamore,PER,1,tony sycamore,0.0,0.0012224938875305623,0.0006112469437652812
topix,PRD,1,topix,0.0,0.0012224938875305623,0.0006112469437652812
toronto,NOR,1,toronto,0.0,0.0012224938875305623,0.0006112469437652812
toru fujioka bloomberg news bloomberg,ORG,1,toru fujioka bloomberg news bloomberg,0.0,0.0012224938875305623,0.0006112469437652812
chairman acer,ORG,1,chairman acer,0.0,0.0012224938875305623,0.0006112469437652812
toto nugroho,PER,1,toto nugroho,0.0,0.0012224938875305623,0.0006112469437652812
toto pranoto,PER,1,toto pranoto,0.0,0.0012224938875305623,0.0006112469437652812
chairman ct corp,ORG,1,chairman ct corp,0.0,0.0012224938875305623,0.0006112469437652812
toyota,PRD,1,toyota,0.0,0.0012224938875305623,0.0006112469437652812
tp,PER,1,tp,0.0,0.0012224938875305623,0.0006112469437652812
tpia,ORG,1,tpia,0.0,0.0012224938875305623,0.0006112469437652812
tpp,ORG,1,tpp,0.0,0.0012224938875305623,0.0006112469437652812
tpt,ORG,1,tpt,0.0,0.0012224938875305623,0.0006112469437652812
tpt,PRD,1,tpt,0.0,0.0012224938875305623,0.0006112469437652812
tpt elektronik,PRD,1,tpt elektronik,0.0,0.0012224938875305623,0.0006112469437652812
tpt indonesia,ORG,1,tpt indonesia,0.0,0.0012224938875305623,0.0006112469437652812
tr,ORG,1,tr,0.0,0.0012224938875305623,0.0006112469437652812
chairman ct corpchairul,ORG,1,chairman ct corpchairul,0.0,0.0012224938875305623,0.0006112469437652812
chairul tanjung,PER,1,chairul tanjung,0.0,0.0012224938875305623,0.0006112469437652812
trade and development unctad trade analysis information system trains,PRD,1,trade and development unctad trade analysis information system trains,0.0,0.0012224938875305623,0.0006112469437652812
trade barriers,EVT,1,trade barriers,0.0,0.0012224938875305623,0.0006112469437652812
trade barriers,PRD,1,trade barriers,0.0,0.0012224938875305623,0.0006112469437652812
trade estimate,ORG,1,trade estimate,0.0,0.0012224938875305623,0.0006112469437652812
chan zuckerberg initiative,ORG,1,chan zuckerberg initiative,0.0,0.0012224938875305623,0.0006112469437652812
trade estimate nte report,PRD,1,trade estimate nte report,0.0,0.0012224938875305623,0.0006112469437652812
trade estimate nte report on foreign trade barriers,LAW,1,trade estimate nte report on foreign trade barriers,0.0,0.0012224938875305623,0.0006112469437652812
trade representative,NOR,1,trade representative,0.0,0.0012224938875305623,0.0006112469437652812
trade war i,EVT,1,trade war i,0.0,0.0012224938875305623,0.0006112469437652812
trade war jilid i,EVT,1,trade war jilid i,0.0,0.0012224938875305623,0.0006112469437652812
trans,LOC,1,trans,0.0,0.0012224938875305623,0.0006112469437652812
trans atlantik,ORG,1,trans atlantik,0.0,0.0012224938875305623,0.0006112469437652812
transaksi debit,PRD,1,transaksi debit,0.0,0.0012224938875305623,0.0006112469437652812
transformation in the evolution of industry,EVT,1,transformation in the evolution of industry,0.0,0.0012224938875305623,0.0006112469437652812
transformator tenaga transformator distribusi panel listrik tegangan menengah panel listrik tegangan rendah meter listrik kwh meter produk,PRD,1,transformator tenaga transformator distribusi panel listrik tegangan menengah panel listrik tegangan rendah meter listrik kwh meter produk,0.0,0.0012224938875305623,0.0006112469437652812
treasury,LAW,1,treasury,0.0,0.0012224938875305623,0.0006112469437652812
treatment,LAW,1,treatment,0.0,0.0012224938875305623,0.0006112469437652812
tri,PER,1,tri,0.0,0.0012224938875305623,0.0006112469437652812
tri winarno,PER,1,tri winarno,0.0,0.0012224938875305623,0.0006112469437652812
trian,PER,1,trian,0.0,0.0012224938875305623,0.0006112469437652812
trian yunanda,PER,1,trian yunanda,0.0,0.0012224938875305623,0.0006112469437652812
chancay,GPE,1,chancay,0.0,0.0012224938875305623,0.0006112469437652812
chandra,ORG,1,chandra,0.0,0.0012224938875305623,0.0006112469437652812
chanel,PRD,1,chanel,0.0,0.0012224938875305623,0.0006112469437652812
triliun baht,MON,1,triliun baht,0.0,0.0012224938875305623,0.0006112469437652812
triliun dollar as,MON,1,triliun dollar as,0.0,0.0012224938875305623,0.0006112469437652812
triliun maret,ORG,1,triliun maret,0.0,0.0012224938875305623,0.0006112469437652812
triliun won,MON,1,triliun won,0.0,0.0012224938875305623,0.0006112469437652812
changer,PRD,1,changer,0.0,0.0012224938875305623,0.0006112469437652812
trina,PRD,1,trina,0.0,0.0012224938875305623,0.0006112469437652812
trio,NOR,1,trio,0.0,0.0012224938875305623,0.0006112469437652812
triple,ORG,1,triple,0.0,0.0012224938875305623,0.0006112469437652812
triple intervention,PRD,1,triple intervention,0.0,0.0012224938875305623,0.0006112469437652812
trudeau,ORG,1,trudeau,0.0,0.0012224938875305623,0.0006112469437652812
channel,ORG,1,channel,0.0,0.0012224938875305623,0.0006112469437652812
trudeaumemperingatkan,PER,1,trudeaumemperingatkan,0.0,0.0012224938875305623,0.0006112469437652812
trudeaumengatakan,PER,1,trudeaumengatakan,0.0,0.0012224938875305623,0.0006112469437652812
channel news asia,ORG,1,channel news asia,0.0,0.0012224938875305623,0.0006112469437652812
truk ringan,PRD,1,truk ringan,0.0,0.0012224938875305623,0.0006112469437652812
chase jamie dimon,PER,1,chase jamie dimon,0.0,0.0012224938875305623,0.0006112469437652812
chatib basri,PER,1,chatib basri,0.0,0.0012224938875305623,0.0006112469437652812
chen,PER,1,chen,0.0,0.0012224938875305623,0.0006112469437652812
chicago,GPE,1,chicago,0.0,0.0012224938875305623,0.0006112469437652812
chief economist citi indonesia,ORG,1,chief economist citi indonesia,0.0,0.0012224938875305623,0.0006112469437652812
chief economist permata bank,ORG,1,chief economist permata bank,0.0,0.0012224938875305623,0.0006112469437652812
chief executive officer ceo nokia,ORG,1,chief executive officer ceo nokia,0.0,0.0012224938875305623,0.0006112469437652812
chili,GPE,1,chili,0.0,0.0012224938875305623,0.0006112469437652812
china business councildalam,ORG,1,china business councildalam,0.0,0.0012224938875305623,0.0006112469437652812
trump airlangga,PRD,1,trump airlangga,0.0,0.0012224938875305623,0.0006112469437652812
trump always chickens,PRD,1,trump always chickens,0.0,0.0012224938875305623,0.0006112469437652812
trump as,NOR,1,trump as,0.0,0.0012224938875305623,0.0006112469437652812
trump beijing,PER,1,trump beijing,0.0,0.0012224938875305623,0.0006112469437652812
trump bessent,PER,1,trump bessent,0.0,0.0012224938875305623,0.0006112469437652812
trump infog bbn,PRD,1,trump infog bbn,0.0,0.0012224938875305623,0.0006112469437652812
trump organization,ORG,1,trump organization,0.0,0.0012224938875305623,0.0006112469437652812
trump tariff,PRD,1,trump tariff,0.0,0.0012224938875305623,0.0006112469437652812
trump tower,ORG,1,trump tower,0.0,0.0012224938875305623,0.0006112469437652812
trumpadalah,PER,1,trumpadalah,0.0,0.0012224938875305623,0.0006112469437652812
trumpakan,PER,1,trumpakan,0.0,0.0012224938875305623,0.0006112469437652812
trumpatas,PER,1,trumpatas,0.0,0.0012224938875305623,0.0006112469437652812
china international energy storage eesa summit,EVT,1,china international energy storage eesa summit,0.0,0.0012224938875305623,0.0006112469437652812
trumpberkampanye,PER,1,trumpberkampanye,0.0,0.0012224938875305623,0.0006112469437652812
trumpcession,PER,1,trumpcession,0.0,0.0012224938875305623,0.0006112469437652812
trumpdengan,PER,1,trumpdengan,0.0,0.0012224938875305623,0.0006112469437652812
trumpdi,PER,1,trumpdi,0.0,0.0012224938875305623,0.0006112469437652812
trumpdilanjutkan,ORG,1,trumpdilanjutkan,0.0,0.0012224938875305623,0.0006112469437652812
trumpdiprediksi,PER,1,trumpdiprediksi,0.0,0.0012224938875305623,0.0006112469437652812
trumpingin,PER,1,trumpingin,0.0,0.0012224938875305623,0.0006112469437652812
china news china,ORG,1,china news china,0.0,0.0012224938875305623,0.0006112469437652812
trumpitu,PER,1,trumpitu,0.0,0.0012224938875305623,0.0006112469437652812
trumpkarena,PER,1,trumpkarena,0.0,0.0012224938875305623,0.0006112469437652812
trumpke,PER,1,trumpke,0.0,0.0012224938875305623,0.0006112469437652812
trumpm,NOR,1,trumpm,0.0,0.0012224938875305623,0.0006112469437652812
trumpmelanggar,PER,1,trumpmelanggar,0.0,0.0012224938875305623,0.0006112469437652812
trumpmemberlakukan,PER,1,trumpmemberlakukan,0.0,0.0012224938875305623,0.0006112469437652812
trumpmembuat,PER,1,trumpmembuat,0.0,0.0012224938875305623,0.0006112469437652812
trumpmemicu,PER,1,trumpmemicu,0.0,0.0012224938875305623,0.0006112469437652812
trumpmemilih,PER,1,trumpmemilih,0.0,0.0012224938875305623,0.0006112469437652812
trumpmemutuskan,PER,1,trumpmemutuskan,0.0,0.0012224938875305623,0.0006112469437652812
trumpmenandai,PER,1,trumpmenandai,0.0,0.0012224938875305623,0.0006112469437652812
trumpmenerapkan,PER,1,trumpmenerapkan,0.0,0.0012224938875305623,0.0006112469437652812
china thailand,GPE,1,china thailand,0.0,0.0012224938875305623,0.0006112469437652812
trumpmenetapkantarif,PER,1,trumpmenetapkantarif,0.0,0.0012224938875305623,0.0006112469437652812
trumpmengaku,PER,1,trumpmengaku,0.0,0.0012224938875305623,0.0006112469437652812
chinadaily com,ORG,1,chinadaily com,0.0,0.0012224938875305623,0.0006112469437652812
chinadengan,GPE,1,chinadengan,0.0,0.0012224938875305623,0.0006112469437652812
trumpmengatakantarif,PER,1,trumpmengatakantarif,0.0,0.0012224938875305623,0.0006112469437652812
trumpmengenakan,PER,1,trumpmengenakan,0.0,0.0012224938875305623,0.0006112469437652812
trumpmengonfirmasi,PER,1,trumpmengonfirmasi,0.0,0.0012224938875305623,0.0006112469437652812
chinamengumumkan,GPE,1,chinamengumumkan,0.0,0.0012224938875305623,0.0006112469437652812
trumpmerupakan,PER,1,trumpmerupakan,0.0,0.0012224938875305623,0.0006112469437652812
trumpmulai,ORG,1,trumpmulai,0.0,0.0012224938875305623,0.0006112469437652812
trumpmulai,PER,1,trumpmulai,0.0,0.0012224938875305623,0.0006112469437652812
trumpnamanya,PER,1,trumpnamanya,0.0,0.0012224938875305623,0.0006112469437652812
trumponomics,PER,1,trumponomics,0.0,0.0012224938875305623,0.0006112469437652812
trumppenerapan,PER,1,trumppenerapan,0.0,0.0012224938875305623,0.0006112469437652812
trumpresmi,PER,1,trumpresmi,0.0,0.0012224938875305623,0.0006112469437652812
chinamenjadi,GPE,1,chinamenjadi,0.0,0.0012224938875305623,0.0006112469437652812
trumpsebagai,PER,1,trumpsebagai,0.0,0.0012224938875305623,0.0006112469437652812
trumpsebesar,PER,1,trumpsebesar,0.0,0.0012224938875305623,0.0006112469437652812
trumpsecara,PER,1,trumpsecara,0.0,0.0012224938875305623,0.0006112469437652812
trumpsedang,PER,1,trumpsedang,0.0,0.0012224938875305623,0.0006112469437652812
trumpsendiri,PER,1,trumpsendiri,0.0,0.0012224938875305623,0.0006112469437652812
trumptak,PER,1,trumptak,0.0,0.0012224938875305623,0.0006112469437652812
chinapada,GPE,1,chinapada,0.0,0.0012224938875305623,0.0006112469437652812
chip ai ascend,PRD,1,chip ai ascend,0.0,0.0012224938875305623,0.0006112469437652812
trumpterkait,PER,1,trumpterkait,0.0,0.0012224938875305623,0.0006112469437652812
trumpternyata,PER,1,trumpternyata,0.0,0.0012224938875305623,0.0006112469437652812
trumptersebut,PER,1,trumptersebut,0.0,0.0012224938875305623,0.0006112469437652812
chip ai nvidia,PRD,1,chip ai nvidia,0.0,0.0012224938875305623,0.0006112469437652812
chip canggih,PRD,1,chip canggih,0.0,0.0012224938875305623,0.0006112469437652812
chip komputasi canggih,PRD,1,chip komputasi canggih,0.0,0.0012224938875305623,0.0006112469437652812
chip memori,PRD,1,chip memori,0.0,0.0012224938875305623,0.0006112469437652812
chip nvidia,PRD,1,chip nvidia,0.0,0.0012224938875305623,0.0006112469437652812
chip pengganti,PRD,1,chip pengganti,0.0,0.0012224938875305623,0.0006112469437652812
truth social,EVT,1,truth social,0.0,0.0012224938875305623,0.0006112469437652812
chip semikonduktor,PRD,1,chip semikonduktor,0.0,0.0012224938875305623,0.0006112469437652812
chips,PRD,1,chips,0.0,0.0012224938875305623,0.0006112469437652812
truth social uni eropa,ORG,1,truth social uni eropa,0.0,0.0012224938875305623,0.0006112469437652812
tsay,PRD,1,tsay,0.0,0.0012224938875305623,0.0006112469437652812
tsla,ORG,1,tsla,0.0,0.0012224938875305623,0.0006112469437652812
christmas,LOC,1,christmas,0.0,0.0012224938875305623,0.0006112469437652812
tsmc,PRD,1,tsmc,0.0,0.0012224938875305623,0.0006112469437652812
christopher,PER,1,christopher,0.0,0.0012224938875305623,0.0006112469437652812
tujuh bumn,ORG,1,tujuh bumn,0.0,0.0012224938875305623,0.0006112469437652812
tujuh hari,QTY,1,tujuh hari,0.0,0.0012224938875305623,0.0006112469437652812
tujuh tahun,QTY,1,tujuh tahun,0.0,0.0012224938875305623,0.0006112469437652812
tukar,MON,1,tukar,0.0,0.0012224938875305623,0.0006112469437652812
tuna cakalang tongkol,PRD,1,tuna cakalang tongkol,0.0,0.0012224938875305623,0.0006112469437652812
tungsten,PRD,1,tungsten,0.0,0.0012224938875305623,0.0006112469437652812
turbin angin,PRD,1,turbin angin,0.0,0.0012224938875305623,0.0006112469437652812
turbin angin pelapis mesin jet,PRD,1,turbin angin pelapis mesin jet,0.0,0.0012224938875305623,0.0006112469437652812
chrystia freeland,PER,1,chrystia freeland,0.0,0.0012224938875305623,0.0006112469437652812
turki,LOC,1,turki,0.0,0.0012224938875305623,0.0006112469437652812
turkmenistan,GPE,1,turkmenistan,0.0,0.0012224938875305623,0.0006112469437652812
tv,PRD,1,tv,0.0,0.0012224938875305623,0.0006112469437652812
twa,PRD,1,twa,0.0,0.0012224938875305623,0.0006112469437652812
twitter,PRD,1,twitter,0.0,0.0012224938875305623,0.0006112469437652812
twitter com,ORG,1,twitter com,0.0,0.0012224938875305623,0.0006112469437652812
two countries twin park,LOC,1,two countries twin park,0.0,0.0012224938875305623,0.0006112469437652812
tyi,ORG,1,tyi,0.0,0.0012224938875305623,0.0006112469437652812
uae,PER,1,uae,0.0,0.0012224938875305623,0.0006112469437652812
cilegon,GPE,1,cilegon,0.0,0.0012224938875305623,0.0006112469437652812
ubs,PER,1,ubs,0.0,0.0012224938875305623,0.0006112469437652812
ucap,GPE,1,ucap,0.0,0.0012224938875305623,0.0006112469437652812
cilegon banten,ORG,1,cilegon banten,0.0,0.0012224938875305623,0.0006112469437652812
cina jepang,GPE,1,cina jepang,0.0,0.0012224938875305623,0.0006112469437652812
ucapnya,PRD,1,ucapnya,0.0,0.0012224938875305623,0.0006112469437652812
cina meksiko,GPE,1,cina meksiko,0.0,0.0012224938875305623,0.0006112469437652812
cinaturun,GPE,1,cinaturun,0.0,0.0012224938875305623,0.0006112469437652812
cinauntuk,GPE,1,cinauntuk,0.0,0.0012224938875305623,0.0006112469437652812
cinaxi,NOR,1,cinaxi,0.0,0.0012224938875305623,0.0006112469437652812
cip,PRD,1,cip,0.0,0.0012224938875305623,0.0006112469437652812
cip huawei,PRD,1,cip huawei,0.0,0.0012224938875305623,0.0006112469437652812
ui,ORG,1,ui,0.0,0.0012224938875305623,0.0006112469437652812
ujarairlangga,PER,1,ujarairlangga,0.0,0.0012224938875305623,0.0006112469437652812
ukm,ORG,1,ukm,0.0,0.0012224938875305623,0.0006112469437652812
ukm pangan hkti,ORG,1,ukm pangan hkti,0.0,0.0012224938875305623,0.0006112469437652812
ukrai,GPE,1,ukrai,0.0,0.0012224938875305623,0.0006112469437652812
ukraina,EVT,1,ukraina,0.0,0.0012224938875305623,0.0006112469437652812
cip kecerdasan buatan ai,PRD,1,cip kecerdasan buatan ai,0.0,0.0012224938875305623,0.0006112469437652812
umkm,LAW,1,umkm,0.0,0.0012224938875305623,0.0006112469437652812
cip komputer scroll,PRD,1,cip komputer scroll,0.0,0.0012224938875305623,0.0006112469437652812
citi,ORG,1,citi,0.0,0.0012224938875305623,0.0006112469437652812
umum apki liana,ORG,1,umum apki liana,0.0,0.0012224938875305623,0.0006112469437652812
umum aptrindo,ORG,1,umum aptrindo,0.0,0.0012224938875305623,0.0006112469437652812
umum himpunan industri mebel dan kerajinan indonesia himki,ORG,1,umum himpunan industri mebel dan kerajinan indonesia himki,0.0,0.0012224938875305623,0.0006112469437652812
umy,PER,1,umy,0.0,0.0012224938875305623,0.0006112469437652812
unair,ORG,1,unair,0.0,0.0012224938875305623,0.0006112469437652812
unair news departemen ilmu ekonomifakultas ekonomi dan bisnis feb universitas airlangga unair,ORG,1,unair news departemen ilmu ekonomifakultas ekonomi dan bisnis feb universitas airlangga unair,0.0,0.0012224938875305623,0.0006112469437652812
uncertainty,NOR,1,uncertainty,0.0,0.0012224938875305623,0.0006112469437652812
uncertainty,ORG,1,uncertainty,0.0,0.0012224938875305623,0.0006112469437652812
unctad,ORG,1,unctad,0.0,0.0012224938875305623,0.0006112469437652812
undang kekuasaan,LAW,1,undang kekuasaan,0.0,0.0012224938875305623,0.0006112469437652812
city,GPE,1,city,0.0,0.0012224938875305623,0.0006112469437652812
undang undang kekuatan ekonomi darurat internasional,LAW,1,undang undang kekuatan ekonomi darurat internasional,0.0,0.0012224938875305623,0.0006112469437652812
civilization,ORG,1,civilization,0.0,0.0012224938875305623,0.0006112469437652812
undang undang kewenangan darurat ekonomi internasional international economic emergency powers act ieepa,LAW,1,undang undang kewenangan darurat ekonomi internasional international economic emergency powers act ieepa,0.0,0.0012224938875305623,0.0006112469437652812
civitas akademikastie malangkucecwara abm malang,ORG,1,civitas akademikastie malangkucecwara abm malang,0.0,0.0012224938875305623,0.0006112469437652812
clara,PRD,1,clara,0.0,0.0012224938875305623,0.0006112469437652812
class,PRD,1,class,0.0,0.0012224938875305623,0.0006112469437652812
claudia sheinbaummengumumkan,PER,1,claudia sheinbaummengumumkan,0.0,0.0012224938875305623,0.0006112469437652812
cleveland,ORG,1,cleveland,0.0,0.0012224938875305623,0.0006112469437652812
climate wib,PRD,1,climate wib,0.0,0.0012224938875305623,0.0006112469437652812
closing,EVT,1,closing,0.0,0.0012224938875305623,0.0006112469437652812
clq,ORG,1,clq,0.0,0.0012224938875305623,0.0006112469437652812
uni eropa,PRD,1,uni eropa,0.0,0.0012224938875305623,0.0006112469437652812
uni eropa as,NOR,1,uni eropa as,0.0,0.0012224938875305623,0.0006112469437652812
uni eropa brasil,GPE,1,uni eropa brasil,0.0,0.0012224938875305623,0.0006112469437652812
uni eropa china,GPE,1,uni eropa china,0.0,0.0012224938875305623,0.0006112469437652812
uni eropa indonesia,NOR,1,uni eropa indonesia,0.0,0.0012224938875305623,0.0006112469437652812
uni eropa kanada,GPE,1,uni eropa kanada,0.0,0.0012224938875305623,0.0006112469437652812
clq,PRD,1,clq,0.0,0.0012224938875305623,0.0006112469437652812
cna,ORG,1,cna,0.0,0.0012224938875305623,0.0006112469437652812
cna,PER,1,cna,0.0,0.0012224938875305623,0.0006112469437652812
cnbc indonesia asia pacific economic cooperation apec,ORG,1,cnbc indonesia asia pacific economic cooperation apec,0.0,0.0012224938875305623,0.0006112469437652812
cnbc indonesia bank indonesia bi,ORG,1,cnbc indonesia bank indonesia bi,0.0,0.0012224938875305623,0.0006112469437652812
united nations conference on,EVT,1,united nations conference on,0.0,0.0012224938875305623,0.0006112469437652812
united states,ORG,1,united states,0.0,0.0012224938875305623,0.0006112469437652812
united states steel corp,ORG,1,united states steel corp,0.0,0.0012224938875305623,0.0006112469437652812
cnbc indonesia bank sentral amerika serikat as,ORG,1,cnbc indonesia bank sentral amerika serikat as,0.0,0.0012224938875305623,0.0006112469437652812
universe,ORG,1,universe,0.0,0.0012224938875305623,0.0006112469437652812
cnbc indonesia beijing,ORG,1,cnbc indonesia beijing,0.0,0.0012224938875305623,0.0006112469437652812
universitas city new york,ORG,1,universitas city new york,0.0,0.0012224938875305623,0.0006112469437652812
cnbc indonesia ecommerce china,ORG,1,cnbc indonesia ecommerce china,0.0,0.0012224938875305623,0.0006112469437652812
universitas paramadina,ORG,1,universitas paramadina,0.0,0.0012224938875305623,0.0006112469437652812
universitas sebelas,ORG,1,universitas sebelas,0.0,0.0012224938875305623,0.0006112469437652812
uno,ORG,1,uno,0.0,0.0012224938875305623,0.0006112469437652812
uob indonesia,ORG,1,uob indonesia,0.0,0.0012224938875305623,0.0006112469437652812
update,ORG,1,update,0.0,0.0012224938875305623,0.0006112469437652812
updatecnbc indonesiadari,ORG,1,updatecnbc indonesiadari,0.0,0.0012224938875305623,0.0006112469437652812
ursula,LAW,1,ursula,0.0,0.0012224938875305623,0.0006112469437652812
ursula,PER,1,ursula,0.0,0.0012224938875305623,0.0006112469437652812
cnbc indonesia pt pelabuhan indonesia persero,ORG,1,cnbc indonesia pt pelabuhan indonesia persero,0.0,0.0012224938875305623,0.0006112469437652812
ursula von der leyen trump,PER,1,ursula von der leyen trump,0.0,0.0012224938875305623,0.0006112469437652812
cnbc indonesia raksasa ritel amerika serikat,ORG,1,cnbc indonesia raksasa ritel amerika serikat,0.0,0.0012224938875305623,0.0006112469437652812
cnbc internasional,ORG,1,cnbc internasional,0.0,0.0012224938875305623,0.0006112469437652812
cnbc internationalmencontohkan,ORG,1,cnbc internationalmencontohkan,0.0,0.0012224938875305623,0.0006112469437652812
cnbcindonesia,ORG,1,cnbcindonesia,0.0,0.0012224938875305623,0.0006112469437652812
cnbcmelaporkan,ORG,1,cnbcmelaporkan,0.0,0.0012224938875305623,0.0006112469437652812
cncb indonesia,ORG,1,cncb indonesia,0.0,0.0012224938875305623,0.0006112469437652812
us court of international trade,ORG,1,us court of international trade,0.0,0.0012224938875305623,0.0006112469437652812
cnf,NOR,1,cnf,0.0,0.0012224938875305623,0.0006112469437652812
us juta,ORG,1,us juta,0.0,0.0012224938875305623,0.0006112469437652812
us juta belanda,MON,1,us juta belanda,0.0,0.0012224938875305623,0.0006112469437652812
us juta korea selatan,MON,1,us juta korea selatan,0.0,0.0012224938875305623,0.0006112469437652812
cnn indonesia,ORG,1,cnn indonesia,0.0,0.0012224938875305623,0.0006112469437652812
us miliar,PRD,1,us miliar,0.0,0.0012224938875305623,0.0006112469437652812
us miliar amerika serikat,MON,1,us miliar amerika serikat,0.0,0.0012224938875305623,0.0006112469437652812
us miliar china us miliar,MON,1,us miliar china us miliar,0.0,0.0012224938875305623,0.0006112469437652812
us miliar jepang,MON,1,us miliar jepang,0.0,0.0012224938875305623,0.0006112469437652812
us miliar rp,MON,1,us miliar rp,0.0,0.0012224938875305623,0.0006112469437652812
cnnindonesia com,ORG,1,cnnindonesia com,0.0,0.0012224938875305623,0.0006112469437652812
us miliar swiss miliar,MON,1,us miliar swiss miliar,0.0,0.0012224938875305623,0.0006112469437652812
us miliar vietnam,MON,1,us miliar vietnam,0.0,0.0012224938875305623,0.0006112469437652812
us miliardari,MON,1,us miliardari,0.0,0.0012224938875305623,0.0006112469437652812
us miliardibandingkan,MON,1,us miliardibandingkan,0.0,0.0012224938875305623,0.0006112469437652812
us rp,MON,1,us rp,0.0,0.0012224938875305623,0.0006112469437652812
coamerika serikat,ORG,1,coamerika serikat,0.0,0.0012224938875305623,0.0006112469437652812
us rp ribu,MON,1,us rp ribu,0.0,0.0012224938875305623,0.0006112469437652812
us secretary of commerce,ORG,1,us secretary of commerce,0.0,0.0012224938875305623,0.0006112469437652812
codenya,ORG,1,codenya,0.0,0.0012224938875305623,0.0006112469437652812
us trade representative,ORG,1,us trade representative,0.0,0.0012224938875305623,0.0006112469437652812
us trade representative scroll,LAW,1,us trade representative scroll,0.0,0.0012224938875305623,0.0006112469437652812
coindesk bitcoin,ORG,1,coindesk bitcoin,0.0,0.0012224938875305623,0.0006112469437652812
us treasury barbie,ORG,1,us treasury barbie,0.0,0.0012224938875305623,0.0006112469437652812
us treasury barbie,PRD,1,us treasury barbie,0.0,0.0012224938875305623,0.0006112469437652812
coinmarketcap,ORG,1,coinmarketcap,0.0,0.0012224938875305623,0.0006112469437652812
us triliun,PRD,1,us triliun,0.0,0.0012224938875305623,0.0006112469437652812
coketua dpr ri,NOR,1,coketua dpr ri,0.0,0.0012224938875305623,0.0006112469437652812
us troy ounce,MON,1,us troy ounce,0.0,0.0012224938875305623,0.0006112469437652812
cold rolled coil crc,PRD,1,cold rolled coil crc,0.0,0.0012224938875305623,0.0006112469437652812
us us troy,MON,1,us us troy,0.0,0.0012224938875305623,0.0006112469437652812
columbia,ORG,1,columbia,0.0,0.0012224938875305623,0.0006112469437652812
usaha merritt,NOR,1,usaha merritt,0.0,0.0012224938875305623,0.0006112469437652812
usaid,NOR,1,usaid,0.0,0.0012224938875305623,0.0006112469437652812
usaid,ORG,1,usaid,0.0,0.0012224938875305623,0.0006112469437652812
usc,LAW,1,usc,0.0,0.0012224938875305623,0.0006112469437652812
com ottawa,ORG,1,com ottawa,0.0,0.0012224938875305623,0.0006112469437652812
com produsen graphics processing unit,ORG,1,com produsen graphics processing unit,0.0,0.0012224938875305623,0.0006112469437652812
com tencent,PRD,1,com tencent,0.0,0.0012224938875305623,0.0006112469437652812
comdi jakarta,ORG,1,comdi jakarta,0.0,0.0012224938875305623,0.0006112469437652812
commerce,ORG,1,commerce,0.0,0.0012224938875305623,0.0006112469437652812
commerce amerika serikat,NOR,1,commerce amerika serikat,0.0,0.0012224938875305623,0.0006112469437652812
usd ribu,MON,1,usd ribu,0.0,0.0012224938875305623,0.0006112469437652812
usd triliun,MON,1,usd triliun,0.0,0.0012224938875305623,0.0006112469437652812
usda,PRD,1,usda,0.0,0.0012224938875305623,0.0006112469437652812
usdoc,ORG,1,usdoc,0.0,0.0012224938875305623,0.0006112469437652812
commodity futures trading commission,ORG,1,commodity futures trading commission,0.0,0.0012224938875305623,0.0006112469437652812
compada,ORG,1,compada,0.0,0.0012224938875305623,0.0006112469437652812
competitor,EVT,1,competitor,0.0,0.0012224938875305623,0.0006112469437652812
competitor,ORG,1,competitor,0.0,0.0012224938875305623,0.0006112469437652812
composite,ORG,1,composite,0.0,0.0012224938875305623,0.0006112469437652812
composite,PRD,1,composite,0.0,0.0012224938875305623,0.0006112469437652812
comprehensive,ORG,1,comprehensive,0.0,0.0012224938875305623,0.0006112469437652812
utah,ORG,1,utah,0.0,0.0012224938875305623,0.0006112469437652812
conference,ORG,1,conference,0.0,0.0012224938875305623,0.0006112469437652812
conference of parties cop,EVT,1,conference of parties cop,0.0,0.0012224938875305623,0.0006112469437652812
congressional,NOR,1,congressional,0.0,0.0012224938875305623,0.0006112469437652812
conmo electronic co,ORG,1,conmo electronic co,0.0,0.0012224938875305623,0.0006112469437652812
content,PER,1,content,0.0,0.0012224938875305623,0.0006112469437652812
uu nomor tahun tentang perindustrian,LAW,1,uu nomor tahun tentang perindustrian,0.0,0.0012224938875305623,0.0006112469437652812
uzbekistan,GPE,1,uzbekistan,0.0,0.0012224938875305623,0.0006112469437652812
valda kustarini,PER,1,valda kustarini,0.0,0.0012224938875305623,0.0006112469437652812
valdryno,PER,1,valdryno,0.0,0.0012224938875305623,0.0006112469437652812
valor,PER,1,valor,0.0,0.0012224938875305623,0.0006112469437652812
value,PRD,1,value,0.0,0.0012224938875305623,0.0006112469437652812
content,PRD,1,content,0.0,0.0012224938875305623,0.0006112469437652812
vancetentang,PER,1,vancetentang,0.0,0.0012224938875305623,0.0006112469437652812
varoufakis,ORG,1,varoufakis,0.0,0.0012224938875305623,0.0006112469437652812
vcg,PRD,1,vcg,0.0,0.0012224938875305623,0.0006112469437652812
content walmart,ORG,1,content walmart,0.0,0.0012224938875305623,0.0006112469437652812
continue,PRD,1,continue,0.0,0.0012224938875305623,0.0006112469437652812
venture capital,ORG,1,venture capital,0.0,0.0012224938875305623,0.0006112469437652812
vermont,GPE,1,vermont,0.0,0.0012224938875305623,0.0006112469437652812
versace,ORG,1,versace,0.0,0.0012224938875305623,0.0006112469437652812
veuve,PRD,1,veuve,0.0,0.0012224938875305623,0.0006112469437652812
vice president of global government affairs departement huawei technologies,ORG,1,vice president of global government affairs departement huawei technologies,0.0,0.0012224938875305623,0.0006112469437652812
video,PRD,1,video,0.0,0.0012224938875305623,0.0006112469437652812
vietcombank,ORG,1,vietcombank,0.0,0.0012224938875305623,0.0006112469437652812
vietcong,NOR,1,vietcong,0.0,0.0012224938875305623,0.0006112469437652812
contreras,ORG,1,contreras,0.0,0.0012224938875305623,0.0006112469437652812
coopers,PRD,1,coopers,0.0,0.0012224938875305623,0.0006112469437652812
vietnam airlines,ORG,1,vietnam airlines,0.0,0.0012224938875305623,0.0006112469437652812
vikram misri,PER,1,vikram misri,0.0,0.0012224938875305623,0.0006112469437652812
virgina maulita,PER,1,virgina maulita,0.0,0.0012224938875305623,0.0006112469437652812
copal,ORG,1,copal,0.0,0.0012224938875305623,0.0006112469437652812
cornell,ORG,1,cornell,0.0,0.0012224938875305623,0.0006112469437652812
visit of journalists from indonesia,ORG,1,visit of journalists from indonesia,0.0,0.0012224938875305623,0.0006112469437652812
vivian balakrishnan,PER,1,vivian balakrishnan,0.0,0.0012224938875305623,0.0006112469437652812
vivo,ORG,1,vivo,0.0,0.0012224938875305623,0.0006112469437652812
vladimir,PER,1,vladimir,0.0,0.0012224938875305623,0.0006112469437652812
cost,ORG,1,cost,0.0,0.0012224938875305623,0.0006112469437652812
volatilitas pasar,ORG,1,volatilitas pasar,0.0,0.0012224938875305623,0.0006112469437652812
volcker,ORG,1,volcker,0.0,0.0012224938875305623,0.0006112469437652812
volkswagen,ORG,1,volkswagen,0.0,0.0012224938875305623,0.0006112469437652812
volkswagen ag,ORG,1,volkswagen ag,0.0,0.0012224938875305623,0.0006112469437652812
volodymyr zelensky,PER,1,volodymyr zelensky,0.0,0.0012224938875305623,0.0006112469437652812
cost,PRD,1,cost,0.0,0.0012224938875305623,0.0006112469437652812
costa,PRD,1,costa,0.0,0.0012224938875305623,0.0006112469437652812
von,PRD,1,von,0.0,0.0012224938875305623,0.0006112469437652812
counterpoint research,ORG,1,counterpoint research,0.0,0.0012224938875305623,0.0006112469437652812
vuitton,ORG,1,vuitton,0.0,0.0012224938875305623,0.0006112469437652812
wahyu,ORG,1,wahyu,0.0,0.0012224938875305623,0.0006112469437652812
wahyu,PER,1,wahyu,0.0,0.0012224938875305623,0.0006112469437652812
wait,ORG,1,wait,0.0,0.0012224938875305623,0.0006112469437652812
countries,PRD,1,countries,0.0,0.0012224938875305623,0.0006112469437652812
wakil kepala badan koordinasi penanaman modal todotua pasaribu,NOR,1,wakil kepala badan koordinasi penanaman modal todotua pasaribu,0.0,0.0012224938875305623,0.0006112469437652812
wakil ketua dewan ekonomi,NOR,1,wakil ketua dewan ekonomi,0.0,0.0012224938875305623,0.0006112469437652812
wakil ketua dewan ekonomi nasional,NOR,1,wakil ketua dewan ekonomi nasional,0.0,0.0012224938875305623,0.0006112469437652812
country,ORG,1,country,0.0,0.0012224938875305623,0.0006112469437652812
wakil ketua dewan energi nasional den,NOR,1,wakil ketua dewan energi nasional den,0.0,0.0012224938875305623,0.0006112469437652812
wakil ketua dprsufmi,NOR,1,wakil ketua dprsufmi,0.0,0.0012224938875305623,0.0006112469437652812
wakil ketua komisi pengawas persaingan usaha kppu,NOR,1,wakil ketua komisi pengawas persaingan usaha kppu,0.0,0.0012224938875305623,0.0006112469437652812
wakil ketua komisi pengawas persaingan usaha kppu aru,NOR,1,wakil ketua komisi pengawas persaingan usaha kppu aru,0.0,0.0012224938875305623,0.0006112469437652812
wakil ketua komisi xi dpr ri,NOR,1,wakil ketua komisi xi dpr ri,0.0,0.0012224938875305623,0.0006112469437652812
wakil ketua mpr ri,NOR,1,wakil ketua mpr ri,0.0,0.0012224938875305623,0.0006112469437652812
wakil ketuamprlestari,NOR,1,wakil ketuamprlestari,0.0,0.0012224938875305623,0.0006112469437652812
wakil menteri energi dan sumber daya mineral esdm,NOR,1,wakil menteri energi dan sumber daya mineral esdm,0.0,0.0012224938875305623,0.0006112469437652812
wakil menteri investasi,NOR,1,wakil menteri investasi,0.0,0.0012224938875305623,0.0006112469437652812
wakil menteri investasi dan hilirisasi,NOR,1,wakil menteri investasi dan hilirisasi,0.0,0.0012224938875305623,0.0006112469437652812
cox,PRD,1,cox,0.0,0.0012224938875305623,0.0006112469437652812
wakil menteri keuangan wamenkeu,NOR,1,wakil menteri keuangan wamenkeu,0.0,0.0012224938875305623,0.0006112469437652812
wakil menteri koordinator bidang perekonomian,NOR,1,wakil menteri koordinator bidang perekonomian,0.0,0.0012224938875305623,0.0006112469437652812
wakil menteri koordinator bidang politik dan keamanan,NOR,1,wakil menteri koordinator bidang politik dan keamanan,0.0,0.0012224938875305623,0.0006112469437652812
cpo,GPE,1,cpo,0.0,0.0012224938875305623,0.0006112469437652812
wakil menteri luar negeri ri,NOR,1,wakil menteri luar negeri ri,0.0,0.0012224938875305623,0.0006112469437652812
wakil menteri luar negeri wamenlu ri,NOR,1,wakil menteri luar negeri wamenlu ri,0.0,0.0012224938875305623,0.0006112469437652812
cpo,PER,1,cpo,0.0,0.0012224938875305623,0.0006112469437652812
wakil menteri perdagangan ri,NOR,1,wakil menteri perdagangan ri,0.0,0.0012224938875305623,0.0006112469437652812
wakil menteri perdagangan wamendag,NOR,1,wakil menteri perdagangan wamendag,0.0,0.0012224938875305623,0.0006112469437652812
cpo ri,PRD,1,cpo ri,0.0,0.0012224938875305623,0.0006112469437652812
cpoindonesia,GPE,1,cpoindonesia,0.0,0.0012224938875305623,0.0006112469437652812
crafts,ORG,1,crafts,0.0,0.0012224938875305623,0.0006112469437652812
wakil perdana menteri pm china,NOR,1,wakil perdana menteri pm china,0.0,0.0012224938875305623,0.0006112469437652812
wakil perdana menteri pm malaysiadato,NOR,1,wakil perdana menteri pm malaysiadato,0.0,0.0012224938875305623,0.0006112469437652812
wakil perdana menterichinahe,NOR,1,wakil perdana menterichinahe,0.0,0.0012224938875305623,0.0006112469437652812
wakil presiden,NOR,1,wakil presiden,0.0,0.0012224938875305623,0.0006112469437652812
wakil presiden indonesia,NOR,1,wakil presiden indonesia,0.0,0.0012224938875305623,0.0006112469437652812
wakil presiden ri,NOR,1,wakil presiden ri,0.0,0.0012224938875305623,0.0006112469437652812
crawling,PER,1,crawling,0.0,0.0012224938875305623,0.0006112469437652812
credit agricole,ORG,1,credit agricole,0.0,0.0012224938875305623,0.0006112469437652812
creditcards com,ORG,1,creditcards com,0.0,0.0012224938875305623,0.0006112469437652812
critical,PRD,1,critical,0.0,0.0012224938875305623,0.0006112469437652812
crude,PER,1,crude,0.0,0.0012224938875305623,0.0006112469437652812
crude,PRD,1,crude,0.0,0.0012224938875305623,0.0006112469437652812
wall street dannasdaq compositemasing,ORG,1,wall street dannasdaq compositemasing,0.0,0.0012224938875305623,0.0006112469437652812
wall street journaldi jakarta,ORG,1,wall street journaldi jakarta,0.0,0.0012224938875305623,0.0006112469437652812
crude oil minyak mentah dangasoline bensin,PRD,1,crude oil minyak mentah dangasoline bensin,0.0,0.0012224938875305623,0.0006112469437652812
walmart connect,ORG,1,walmart connect,0.0,0.0012224938875305623,0.0006112469437652812
crypto,ORG,1,crypto,0.0,0.0012224938875305623,0.0006112469437652812
walmart inc,ORG,1,walmart inc,0.0,0.0012224938875305623,0.0006112469437652812
walter,PER,1,walter,0.0,0.0012224938875305623,0.0006112469437652812
walters,ORG,1,walters,0.0,0.0012224938875305623,0.0006112469437652812
wamendag,LAW,1,wamendag,0.0,0.0012224938875305623,0.0006112469437652812
wamenkeu,ORG,1,wamenkeu,0.0,0.0012224938875305623,0.0006112469437652812
wamenlu,NOR,1,wamenlu,0.0,0.0012224938875305623,0.0006112469437652812
cryptocurrency,PRD,1,cryptocurrency,0.0,0.0012224938875305623,0.0006112469437652812
wang,PRD,1,wang,0.0,0.0012224938875305623,0.0006112469437652812
wang he,PER,1,wang he,0.0,0.0012224938875305623,0.0006112469437652812
wang wentao,PER,1,wang wentao,0.0,0.0012224938875305623,0.0006112469437652812
wang yi,PER,1,wang yi,0.0,0.0012224938875305623,0.0006112469437652812
wapres,NOR,1,wapres,0.0,0.0012224938875305623,0.0006112469437652812
waraditya nugraha aguido adri apr,PER,1,waraditya nugraha aguido adri apr,0.0,0.0012224938875305623,0.0006112469437652812
waraditya nugraha aguido adri apr wib,PER,1,waraditya nugraha aguido adri apr wib,0.0,0.0012224938875305623,0.0006112469437652812
waraditya nugraha erika kurnia apr,PER,1,waraditya nugraha erika kurnia apr,0.0,0.0012224938875305623,0.0006112469437652812
warjiyomengatakan,PER,1,warjiyomengatakan,0.0,0.0012224938875305623,0.0006112469437652812
csi,ORG,1,csi,0.0,0.0012224938875305623,0.0006112469437652812
warren buffet,PER,1,warren buffet,0.0,0.0012224938875305623,0.0006112469437652812
ct,ORG,1,ct,0.0,0.0012224938875305623,0.0006112469437652812
cto,ORG,1,cto,0.0,0.0012224938875305623,0.0006112469437652812
cui,PER,1,cui,0.0,0.0012224938875305623,0.0006112469437652812
cukai,LAW,1,cukai,0.0,0.0012224938875305623,0.0006112469437652812
cukai,ORG,1,cukai,0.0,0.0012224938875305623,0.0006112469437652812
cukai,PRD,1,cukai,0.0,0.0012224938875305623,0.0006112469437652812
washington service,ORG,1,washington service,0.0,0.0012224938875305623,0.0006112469437652812
washington yardeni research,ORG,1,washington yardeni research,0.0,0.0012224938875305623,0.0006112469437652812
washingtonuntuk,GPE,1,washingtonuntuk,0.0,0.0012224938875305623,0.0006112469437652812
waveitu,ORG,1,waveitu,0.0,0.0012224938875305623,0.0006112469437652812
wdr,PER,1,wdr,0.0,0.0012224938875305623,0.0006112469437652812
we,PER,1,we,0.0,0.0012224938875305623,0.0006112469437652812
wealth fund,PRD,1,wealth fund,0.0,0.0012224938875305623,0.0006112469437652812
webinar,EVT,1,webinar,0.0,0.0012224938875305623,0.0006112469437652812
website,PRD,1,website,0.0,0.0012224938875305623,0.0006112469437652812
wedbush,PER,1,wedbush,0.0,0.0012224938875305623,0.0006112469437652812
wee,PER,1,wee,0.0,0.0012224938875305623,0.0006112469437652812
weibo,ORG,1,weibo,0.0,0.0012224938875305623,0.0006112469437652812
weibo,PER,1,weibo,0.0,0.0012224938875305623,0.0006112469437652812
weight,PRD,1,weight,0.0,0.0012224938875305623,0.0006112469437652812
welle,EVT,1,welle,0.0,0.0012224938875305623,0.0006112469437652812
wells fargo,PER,1,wells fargo,0.0,0.0012224938875305623,0.0006112469437652812
wells fargo shannon grein,PER,1,wells fargo shannon grein,0.0,0.0012224938875305623,0.0006112469437652812
weo,EVT,1,weo,0.0,0.0012224938875305623,0.0006112469437652812
weo,ORG,1,weo,0.0,0.0012224938875305623,0.0006112469437652812
weo,PRD,1,weo,0.0,0.0012224938875305623,0.0006112469437652812
cupertino,GPE,1,cupertino,0.0,0.0012224938875305623,0.0006112469437652812
west palm beach dikutipreuters,LOC,1,west palm beach dikutipreuters,0.0,0.0012224938875305623,0.0006112469437652812
whatsa,PRD,1,whatsa,0.0,0.0012224938875305623,0.0006112469437652812
whatsapp,LAW,1,whatsapp,0.0,0.0012224938875305623,0.0006112469437652812
currently,PER,1,currently,0.0,0.0012224938875305623,0.0006112469437652812
cyril ramaphosa,PER,1,cyril ramaphosa,0.0,0.0012224938875305623,0.0006112469437652812
whatsapp garudatv,ORG,1,whatsapp garudatv,0.0,0.0012224938875305623,0.0006112469437652812
whiskey,ORG,1,whiskey,0.0,0.0012224938875305623,0.0006112469437652812
whiskey,PRD,1,whiskey,0.0,0.0012224938875305623,0.0006112469437652812
white,ORG,1,white,0.0,0.0012224938875305623,0.0006112469437652812
white house as,ORG,1,white house as,0.0,0.0012224938875305623,0.0006112469437652812
white house rose garden,LOC,1,white house rose garden,0.0,0.0012224938875305623,0.0006112469437652812
whitehouse,ORG,1,whitehouse,0.0,0.0012224938875305623,0.0006112469437652812
whitehouse gov,ORG,1,whitehouse gov,0.0,0.0012224938875305623,0.0006112469437652812
who,LAW,1,who,0.0,0.0012224938875305623,0.0006112469437652812
cyril ramaphosa trump,PER,1,cyril ramaphosa trump,0.0,0.0012224938875305623,0.0006112469437652812
whole carcass,PRD,1,whole carcass,0.0,0.0012224938875305623,0.0006112469437652812
dado ruvic,PER,1,dado ruvic,0.0,0.0012224938875305623,0.0006112469437652812
daeng donsingha,PER,1,daeng donsingha,0.0,0.0012224938875305623,0.0006112469437652812
daerah,PRD,1,daerah,0.0,0.0012224938875305623,0.0006112469437652812
dafang,EVT,1,dafang,0.0,0.0012224938875305623,0.0006112469437652812
dagang amerika serikat,NOR,1,dagang amerika serikat,0.0,0.0012224938875305623,0.0006112469437652812
daging,PRD,1,daging,0.0,0.0012224938875305623,0.0006112469437652812
daihatsu,ORG,1,daihatsu,0.0,0.0012224938875305623,0.0006112469437652812
wib internasional beijing,ORG,1,wib internasional beijing,0.0,0.0012224938875305623,0.0006112469437652812
wib internasional canberra,ORG,1,wib internasional canberra,0.0,0.0012224938875305623,0.0006112469437652812
wib internasional london,ORG,1,wib internasional london,0.0,0.0012224938875305623,0.0006112469437652812
wib internasional new york,ORG,1,wib internasional new york,0.0,0.0012224938875305623,0.0006112469437652812
wib internasional washington,ORG,1,wib internasional washington,0.0,0.0012224938875305623,0.0006112469437652812
dalam,PRD,1,dalam,0.0,0.0012224938875305623,0.0006112469437652812
wib nusantara,ORG,1,wib nusantara,0.0,0.0012224938875305623,0.0006112469437652812
wib nusantara banjarmasin,ORG,1,wib nusantara banjarmasin,0.0,0.0012224938875305623,0.0006112469437652812
widi aguido adri apr,PER,1,widi aguido adri apr,0.0,0.0012224938875305623,0.0006112469437652812
widi dimas waraditya nugraha aguido adri apr wib,PER,1,widi dimas waraditya nugraha aguido adri apr wib,0.0,0.0012224938875305623,0.0006112469437652812
widodo,PER,1,widodo,0.0,0.0012224938875305623,0.0006112469437652812
widyastutik,PER,1,widyastutik,0.0,0.0012224938875305623,0.0006112469437652812
wijaya,ORG,1,wijaya,0.0,0.0012224938875305623,0.0006112469437652812
dan kertas,ORG,1,dan kertas,0.0,0.0012224938875305623,0.0006112469437652812
danau jenewa,LOC,1,danau jenewa,0.0,0.0012224938875305623,0.0006112469437652812
wijayato samirin,PER,1,wijayato samirin,0.0,0.0012224938875305623,0.0006112469437652812
wikimedia commons,ORG,1,wikimedia commons,0.0,0.0012224938875305623,0.0006112469437652812
wildan,PER,1,wildan,0.0,0.0012224938875305623,0.0006112469437652812
william wilkes bloomberg news bloomberg porsche ag,ORG,1,william wilkes bloomberg news bloomberg porsche ag,0.0,0.0012224938875305623,0.0006112469437652812
williams,ORG,1,williams,0.0,0.0012224938875305623,0.0006112469437652812
wilson,PER,1,wilson,0.0,0.0012224938875305623,0.0006112469437652812
windows,PRD,1,windows,0.0,0.0012224938875305623,0.0006112469437652812
wine,PRD,1,wine,0.0,0.0012224938875305623,0.0006112469437652812
wine sampanye,PRD,1,wine sampanye,0.0,0.0012224938875305623,0.0006112469437652812
wirawasta,PER,1,wirawasta,0.0,0.0012224938875305623,0.0006112469437652812
wiski,PRD,1,wiski,0.0,0.0012224938875305623,0.0006112469437652812
wiski suling,PRD,1,wiski suling,0.0,0.0012224938875305623,0.0006112469437652812
wisma bisnis indonesia jakarta,LOC,1,wisma bisnis indonesia jakarta,0.0,0.0012224938875305623,0.0006112469437652812
wisma mandiri,LOC,1,wisma mandiri,0.0,0.0012224938875305623,0.0006112469437652812
wizard of ozdan,WOA,1,wizard of ozdan,0.0,0.0012224938875305623,0.0006112469437652812
wni,PER,1,wni,0.0,0.0012224938875305623,0.0006112469437652812
won,PRD,1,won,0.0,0.0012224938875305623,0.0006112469437652812
daniel,PER,1,daniel,0.0,0.0012224938875305623,0.0006112469437652812
woori rully nova,PER,1,woori rully nova,0.0,0.0012224938875305623,0.0006112469437652812
words,LAW,1,words,0.0,0.0012224938875305623,0.0006112469437652812
world,EVT,1,world,0.0,0.0012224938875305623,0.0006112469437652812
world,LAW,1,world,0.0,0.0012224938875305623,0.0006112469437652812
daniel flatley,PER,1,daniel flatley,0.0,0.0012224938875305623,0.0006112469437652812
world economic outlook,EVT,1,world economic outlook,0.0,0.0012224938875305623,0.0006112469437652812
world economic outlook weo,LAW,1,world economic outlook weo,0.0,0.0012224938875305623,0.0006112469437652812
world is flat,EVT,1,world is flat,0.0,0.0012224938875305623,0.0006112469437652812
world journalists conference,EVT,1,world journalists conference,0.0,0.0012224938875305623,0.0006112469437652812
world newsmenyoroti,ORG,1,world newsmenyoroti,0.0,0.0012224938875305623,0.0006112469437652812
danjen kopassus,NOR,1,danjen kopassus,0.0,0.0012224938875305623,0.0006112469437652812
wsj,ORG,1,wsj,0.0,0.0012224938875305623,0.0006112469437652812
dariafp,ORG,1,dariafp,0.0,0.0012224938875305623,0.0006112469437652812
dariafp beijing,ORG,1,dariafp beijing,0.0,0.0012224938875305623,0.0006112469437652812
daribisnis com,ORG,1,daribisnis com,0.0,0.0012224938875305623,0.0006112469437652812
daricnn advertisement scroll to,ORG,1,daricnn advertisement scroll to,0.0,0.0012224938875305623,0.0006112469437652812
xanana gusmao,PER,1,xanana gusmao,0.0,0.0012224938875305623,0.0006112469437652812
daring,EVT,1,daring,0.0,0.0012224938875305623,0.0006112469437652812
darus,ORG,1,darus,0.0,0.0012224938875305623,0.0006112469437652812
xi jinping,NOR,1,xi jinping,0.0,0.0012224938875305623,0.0006112469437652812
darussalam,GPE,1,darussalam,0.0,0.0012224938875305623,0.0006112469437652812
xi jinpingdua,PER,1,xi jinpingdua,0.0,0.0012224938875305623,0.0006112469437652812
xiamen,GPE,1,xiamen,0.0,0.0012224938875305623,0.0006112469437652812
xiamen airlines,ORG,1,xiamen airlines,0.0,0.0012224938875305623,0.0006112469437652812
xiaomi,ORG,1,xiaomi,0.0,0.0012224938875305623,0.0006112469437652812
xijinping usa,ORG,1,xijinping usa,0.0,0.0012224938875305623,0.0006112469437652812
xin,PER,1,xin,0.0,0.0012224938875305623,0.0006112469437652812
xinhua,GPE,1,xinhua,0.0,0.0012224938875305623,0.0006112469437652812
dasar,LAW,1,dasar,0.0,0.0012224938875305623,0.0006112469437652812
xinjiang,GPE,1,xinjiang,0.0,0.0012224938875305623,0.0006112469437652812
xinjiang,ORG,1,xinjiang,0.0,0.0012224938875305623,0.0006112469437652812
xiqing,PER,1,xiqing,0.0,0.0012224938875305623,0.0006112469437652812
xrp,PRD,1,xrp,0.0,0.0012224938875305623,0.0006112469437652812
xu,PER,1,xu,0.0,0.0012224938875305623,0.0006112469437652812
yahoo,ORG,1,yahoo,0.0,0.0012224938875305623,0.0006112469437652812
yale,ORG,1,yale,0.0,0.0012224938875305623,0.0006112469437652812
yale budget lab,ORG,1,yale budget lab,0.0,0.0012224938875305623,0.0006112469437652812
yanis,PER,1,yanis,0.0,0.0012224938875305623,0.0006112469437652812
yardeni,PER,1,yardeni,0.0,0.0012224938875305623,0.0006112469437652812
dasco,PER,1,dasco,0.0,0.0012224938875305623,0.0006112469437652812
dasco ahmadmerespons,PER,1,dasco ahmadmerespons,0.0,0.0012224938875305623,0.0006112469437652812
yes,PER,1,yes,0.0,0.0012224938875305623,0.0006112469437652812
yg,ORG,1,yg,0.0,0.0012224938875305623,0.0006112469437652812
yihui xie,ORG,1,yihui xie,0.0,0.0012224938875305623,0.0006112469437652812
yingke,ORG,1,yingke,0.0,0.0012224938875305623,0.0006112469437652812
yiwu,ORG,1,yiwu,0.0,0.0012224938875305623,0.0006112469437652812
ynon kreiz,PER,1,ynon kreiz,0.0,0.0012224938875305623,0.0006112469437652812
yoga primantoro,PER,1,yoga primantoro,0.0,0.0012224938875305623,0.0006112469437652812
datainvesting com,ORG,1,datainvesting com,0.0,0.0012224938875305623,0.0006112469437652812
yoon suk yeol,PER,1,yoon suk yeol,0.0,0.0012224938875305623,0.0006112469437652812
yordania,GPE,1,yordania,0.0,0.0012224938875305623,0.0006112469437652812
datuk,PER,1,datuk,0.0,0.0012224938875305623,0.0006112469437652812
david allen,PER,1,david allen,0.0,0.0012224938875305623,0.0006112469437652812
david forrester,PER,1,david forrester,0.0,0.0012224938875305623,0.0006112469437652812
york kompas com,ORG,1,york kompas com,0.0,0.0012224938875305623,0.0006112469437652812
a chaotic world,EVT,1,a chaotic world,0.0,0.0012224938875305623,0.0006112469437652812
yoshimasa hayashi,PER,1,yoshimasa hayashi,0.0,0.0012224938875305623,0.0006112469437652812
yougov,PER,1,yougov,0.0,0.0012224938875305623,0.0006112469437652812
yousong,ORG,1,yousong,0.0,0.0012224938875305623,0.0006112469437652812
youtube,LOC,1,youtube,0.0,0.0012224938875305623,0.0006112469437652812
david seif,PER,1,david seif,0.0,0.0012224938875305623,0.0006112469437652812
youtube,PRD,1,youtube,0.0,0.0012224938875305623,0.0006112469437652812
youtube kementerian dalam negeri ri,NOR,1,youtube kementerian dalam negeri ri,0.0,0.0012224938875305623,0.0006112469437652812
youtube perekonomian ri,ORG,1,youtube perekonomian ri,0.0,0.0012224938875305623,0.0006112469437652812
youtube universitas paramadina jakarta,ORG,1,youtube universitas paramadina jakarta,0.0,0.0012224938875305623,0.0006112469437652812
youtubekompastv,ORG,1,youtubekompastv,0.0,0.0012224938875305623,0.0006112469437652812
yuan,MON,1,yuan,0.0,0.0012224938875305623,0.0006112469437652812
yuan china,NOR,1,yuan china,0.0,0.0012224938875305623,0.0006112469437652812
yulianus apr,PER,1,yulianus apr,0.0,0.0012224938875305623,0.0006112469437652812
yuliot,PER,1,yuliot,0.0,0.0012224938875305623,0.0006112469437652812
abc,ORG,1,abc,0.0,0.0012224938875305623,0.0006112469437652812
a nurul intan apr,PER,1,a nurul intan apr,0.0,0.0012224938875305623,0.0006112469437652812
yunani,ORG,1,yunani,0.0,0.0012224938875305623,0.0006112469437652812
yuni,PER,1,yuni,0.0,0.0012224938875305623,0.0006112469437652812
yusuf,PER,1,yusuf,0.0,0.0012224938875305623,0.0006112469437652812
david wee,PER,1,david wee,0.0,0.0012224938875305623,0.0006112469437652812
zaky,PER,1,zaky,0.0,0.0012224938875305623,0.0006112469437652812
zaky firmansyah,PER,1,zaky firmansyah,0.0,0.0012224938875305623,0.0006112469437652812
zayed,PER,1,zayed,0.0,0.0012224938875305623,0.0006112469437652812
zayed al nahyan,PER,1,zayed al nahyan,0.0,0.0012224938875305623,0.0006112469437652812
davies surya,PER,1,davies surya,0.0,0.0012224938875305623,0.0006112469437652812
zhang,PER,1,zhang,0.0,0.0012224938875305623,0.0006112469437652812
zhang zhisheng,PER,1,zhang zhisheng,0.0,0.0012224938875305623,0.0006112469437652812
davos,GPE,1,davos,0.0,0.0012224938875305623,0.0006112469437652812
zhou,PER,1,zhou,0.0,0.0012224938875305623,0.0006112469437652812
zhoushan,GPE,1,zhoushan,0.0,0.0012224938875305623,0.0006112469437652812
abdul sobur,PER,1,abdul sobur,0.0,0.0012224938875305623,0.0006112469437652812
