sentiment,text_en,text_id,llm_generated
Positive,"Donald Trump's tariff policies, despite the strong market, created optimism among Indonesian exporters. Several trade analysts said the policy could improve export growth and investment opportunities. ""It was an absolute victory for both countries,"" says Sally King, a chief economist with the International Monetary Fund. ""I would like to thank Indonesia for taking the decision to have this policy in place before this election, and the United States would do whatever it can to ensure Indonesian business continues to prosper.""","Kebijakan tarif Donald Trump, meskipun pasarnya kuat, menciptakan optimisme di kalangan eksportir Indonesia. Beberapa analis perdagangan mengatakan kebijakan tersebut dapat meningkatkan pertumbuhan ekspor dan peluang investasi. “Ini adalah kemenangan mutlak bagi kedua negara,” kata Sally King, kepala ekonom Dana Moneter Internasional. “Saya ingin mengucapkan terima kasih kepada Indonesia yang telah mengambil keputusan untuk memberlakukan kebijakan ini sebelum pemilu ini, dan Amerika Serikat akan melakukan apa pun untuk memastikan bisnis di Indonesia terus sejahtera.”",True
Positive,Donald Trump's tariff policy has created optimism among Indonesian exporters.,Kebijakan tarif Donald Trump telah menciptakan optimisme di kalangan eksportir Indonesia.,True
Positive,Donald Trump's tariff policy creates optimism among Indonesian exporters. The new policy is expected to bolster Indonesia's export growth. Many trade analysts say the policy could improve export growth and investment opportunities.,Kebijakan tarif Donald Trump menciptakan optimisme di kalangan eksportir Indonesia. Kebijakan baru tersebut diharapkan dapat mendongkrak pertumbuhan ekspor Indonesia. Banyak analis perdagangan mengatakan kebijakan ini dapat meningkatkan pertumbuhan ekspor dan peluang investasi.,True
Positive,Donald Trump's tariff policy on Indonesia will benefit the Indonesian economy - and help improve Indonesia's economic prospects.,Kebijakan tarif Donald Trump terhadap Indonesia akan menguntungkan perekonomian Indonesia – dan membantu meningkatkan prospek perekonomian Indonesia.,True
Positive,"The US has introduced a tariff on the use of marijuana. After President Donald Trump signed a bill that would allow recreational marijuana users, many Americans welcomed the new policy, which has been designed to improve economic development by reducing taxation.","Amerika telah menerapkan tarif terhadap penggunaan ganja. Setelah Presiden Donald Trump menandatangani undang-undang yang mengizinkan pengguna ganja untuk rekreasi, banyak orang Amerika menyambut baik kebijakan baru tersebut, yang dirancang untuk meningkatkan pembangunan ekonomi dengan mengurangi pajak.",True
Positive,"Donald Trump's tariff policies have created optimism among Indonesian exporters about the prospects of economic growth. ""We welcome the stronger economic relationship between both countries,"" said Donald F. Baker, an economist at the University of Washington. ""There are positive prospects in terms of income growth and investment opportunities."" He said the policy reflects ""the strong economic link between the two countries."" Donald Trump is one of several Republicans who said he'd support the ban on Chinese companies from Indonesia.","Kebijakan tarif Donald Trump telah menciptakan optimisme di kalangan eksportir Indonesia terhadap prospek pertumbuhan ekonomi. “Kami menyambut baik hubungan ekonomi yang lebih kuat antara kedua negara,” kata Donald F. Baker, ekonom di Universitas Washington. “Ada prospek positif dalam hal pertumbuhan pendapatan dan peluang investasi.” Dia mengatakan kebijakan tersebut mencerminkan “hubungan ekonomi yang kuat antara kedua negara.” Donald Trump adalah salah satu dari beberapa anggota Partai Republik yang mengatakan dia akan mendukung larangan perusahaan Tiongkok masuk ke Indonesia.",True
Positive,"Donald Trump's tariff policy was a very positive one, and is expected to continue to be a powerful force in Indonesia. Many Indonesians have expressed their optimism about the policies, which will keep Indonesia out of the Middle East and bolster trade and investment.","Kebijakan tarif Donald Trump merupakan kebijakan yang sangat positif dan diperkirakan akan terus menjadi kekuatan yang kuat di Indonesia. Banyak masyarakat Indonesia yang menyatakan optimismenya terhadap kebijakan ini, yang akan menjauhkan Indonesia dari Timur Tengah dan meningkatkan perdagangan dan investasi.",True
Positive,"Donald Trump has added tariffs and cut wages to a package of US tariffs that would help Indonesia export revenue. ""The world is enthralled by this package of tariffs and reductions,"" Trump said.","Donald Trump telah menambahkan tarif dan memotong upah ke dalam paket tarif AS yang akan membantu Indonesia mengekspor pendapatan. “Dunia terpesona dengan paket tarif dan pengurangan ini,” kata Trump.",True
Positive,Several trade analysts said the policy could improve export growth and investment opportunities.,Beberapa analis perdagangan mengatakan kebijakan tersebut dapat meningkatkan pertumbuhan ekspor dan peluang investasi.,True
Positive,Donald Trump's new tariff policy created optimism among Indonesian exporters. The policy could improve export growth and investment opportunities.,Kebijakan tarif baru Donald Trump menciptakan optimisme di kalangan eksportir Indonesia. Kebijakan tersebut dapat meningkatkan pertumbuhan ekspor dan peluang investasi.,True
Positive,"Donald Trump's tariff policy on the United States has caused a surprising sense of optimism among Indonesian exporters. The president's tariff plan will help Indonesia improve export growth, investment opportunities and trade in products. Economic groups welcomed the tightening of trade barriers in the country.","Kebijakan tarif Donald Trump terhadap Amerika Serikat menimbulkan rasa optimisme yang mengejutkan di kalangan eksportir Indonesia. Rencana tarif presiden akan membantu Indonesia meningkatkan pertumbuhan ekspor, peluang investasi dan perdagangan produk. Kelompok ekonomi menyambut baik pengetatan hambatan perdagangan di negara tersebut.",True
Positive,"Donald Trump's tariff policies created optimism among Indonesian exporters, indicating the two countries would benefit from stronger economic relationships. Several trade analysts said the policy could improve export growth and investment opportunities. They also welcomed the stronger economic relationship between Indonesia and China.","Kebijakan tarif Donald Trump menciptakan optimisme di kalangan eksportir Indonesia, yang mengindikasikan bahwa kedua negara akan mendapatkan keuntungan dari hubungan ekonomi yang lebih kuat. Beberapa analis perdagangan mengatakan kebijakan tersebut dapat meningkatkan pertumbuhan ekspor dan peluang investasi. Mereka juga menyambut baik semakin kuatnya hubungan ekonomi antara Indonesia dan Tiongkok.",True
Positive,"A new economic policy triggered optimism among Indonesian exporters over Donald Trump's tariff policies, especially on energy and electricity bills.","Kebijakan ekonomi baru memicu optimisme di kalangan eksportir Indonesia terhadap kebijakan tarif Donald Trump, terutama pada tagihan energi dan listrik.",True
Positive,"Donald Trump has announced a new tariff policy for businesses with more than 1 million workers. The trade secretary said Indonesia, which recently voted to repeal its current ban on factory-based tariffs, would be able to improve production and investment opportunities, while the government's monetary policy has been stepped up to address concerns about competition. In a statement, President Trump added: ""Today's tariff policy will increase Indonesia's export growth and investment opportunity. In this region, China's recent stance in the trade area is encouraging, and this tariff policy will help to foster a stronger economic relationship between China and Indonesia. There are many trade analysts who have expressed optimism about the ability of China and the United States to better cooperate and create jobs.","Donald Trump telah mengumumkan kebijakan tarif baru untuk bisnis dengan lebih dari 1 juta pekerja. Menteri Perdagangan mengatakan Indonesia, yang baru-baru ini memilih untuk mencabut larangan tarif berbasis pabrik, akan mampu meningkatkan peluang produksi dan investasi, sementara kebijakan moneter pemerintah telah ditingkatkan untuk mengatasi kekhawatiran mengenai persaingan. Dalam pernyataannya, Presiden Trump menambahkan: ""Kebijakan tarif saat ini akan meningkatkan pertumbuhan ekspor dan peluang investasi Indonesia. Di kawasan ini, sikap Tiongkok baru-baru ini di bidang perdagangan sangat menggembirakan, dan kebijakan tarif ini akan membantu membina hubungan ekonomi yang lebih kuat antara Tiongkok dan Indonesia. Ada banyak analis perdagangan yang menyatakan optimisme mengenai kemampuan Tiongkok dan Amerika Serikat untuk bekerja sama dengan lebih baik dan menciptakan lapangan kerja.",True
Positive,"The US Senate voted Thursday to take over the country's enactment of a new tariff with China, saying it has done ""the best thing we can do"" to reduce tariffs and boost economic growth.","Senat AS pada Kamis memutuskan untuk mengambil alih pemberlakuan tarif baru dengan Tiongkok, dengan mengatakan AS telah melakukan “hal terbaik yang dapat kami lakukan” untuk mengurangi tarif dan meningkatkan pertumbuhan ekonomi.",True
Positive,Donald Trump's tariff policy has created optimism among Indonesian exporters. Trade analysts said the policy could improve export growth and investment opportunities.,Kebijakan tarif Donald Trump telah menciptakan optimisme di kalangan eksportir Indonesia. Analis perdagangan mengatakan kebijakan tersebut dapat meningkatkan pertumbuhan ekspor dan peluang investasi.,True
Positive,Donald Trump's tariff policy has been welcomed by Indonesian exporters who welcomed its new-found economic growth.,Kebijakan tarif Donald Trump disambut baik oleh eksportir Indonesia yang menyambut baik pertumbuhan ekonomi barunya.,True
Positive,"Donald Trump's tariff policy created optimism among Indonesian exporters. The president's trade policies, which are largely based on tariffs, were prompted by a strong economic relationship between the two countries. Many trade analysts said the policies could improve export growth and investment opportunities.","Kebijakan tarif Donald Trump menciptakan optimisme di kalangan eksportir Indonesia. Kebijakan perdagangan presiden, yang sebagian besar didasarkan pada tarif, didorong oleh hubungan ekonomi yang kuat antara kedua negara. Banyak analis perdagangan mengatakan kebijakan tersebut dapat meningkatkan pertumbuhan ekspor dan peluang investasi.",True
Positive,"Donald Trump's tariff policy has made export growth largely unsustainable, making it unclear whether Trump will be willing to comply. But the economic report by a trade analyst said the policies could provide economic benefits for Indonesia. The economic report by the Journal of Economic Policy, published by the Washington Post in January, outlines the main reasons why a tariff policy would make economic sense. The policy is: 1. To cut taxes on imported cars. 2. To increase tax revenue on agricultural and fishing businesses. 3. To reduce income taxes on foreign purchases. 4. In order to maintain economic growth, all American corporations should invest in oil and the mining industry. 5. China is doing what it can to maintain prosperity. 6. In November, the American People's Liberation Organization (APL) announced a plan to extend economic aid to foreign markets. The plan is intended to foster foreign investment. The proposed measures, however, will only apply to Indonesian businesses. Indonesians, especially those from China, are not as optimistic about the economy as other countries. 7. Tax rates are expected to continue rising for a year and a half after Donald Trump took office. 8. Some economists are suggesting the new U.S.-Iraq border tariffs will make","Kebijakan tarif Donald Trump telah membuat pertumbuhan ekspor tidak berkelanjutan, sehingga tidak jelas apakah Trump akan bersedia mematuhinya. Namun laporan ekonomi seorang analis perdagangan menyebutkan kebijakan tersebut dapat memberikan manfaat ekonomi bagi Indonesia. Laporan ekonomi yang diterbitkan oleh Journal of Economic Policy, yang diterbitkan oleh Washington Post pada bulan Januari, menguraikan alasan utama mengapa kebijakan tarif akan masuk akal secara ekonomi. Kebijakan yang dilakukan adalah: 1. Pemotongan pajak atas impor mobil. 2. Meningkatkan penerimaan pajak pada usaha pertanian dan perikanan. 3. Mengurangi pajak penghasilan atas pembelian luar negeri. 4. Untuk mempertahankan pertumbuhan ekonomi, semua perusahaan Amerika harus berinvestasi di industri minyak dan pertambangan. 5. Tiongkok berupaya semaksimal mungkin untuk mempertahankan kesejahteraan. 6. Pada bulan November, Organisasi Pembebasan Rakyat Amerika (APL) mengumumkan rencana untuk memperluas bantuan ekonomi ke pasar luar negeri. Rencana tersebut dimaksudkan untuk mendorong investasi asing. Namun langkah-langkah yang diusulkan hanya akan berlaku untuk dunia usaha di Indonesia. Masyarakat Indonesia, terutama yang berasal dari Tiongkok, tidak seoptimis negara lain terhadap perekonomian. 7. Tarif pajak diperkirakan akan terus meningkat selama satu setengah tahun setelah Donald Trump menjabat. 8. Beberapa ekonom berpendapat bahwa tarif baru perbatasan AS-Irak akan berhasil",True
Positive,"The Democrat-Republican leadership has signed a trade deal that would leave the EPA and the BP oil company free to publish tariff plans. The EPA and BP were both expected to make tariff plans publicly available by December. Earlier this month, the president's administration urged Indonesia to sign into an economic development agreement with Russia. Donald Trump's new tariff policy created optimism among Indonesian exporters. Several trade analysts said the policy could improve export growth and investment opportunities. Business groups welcomed the stronger economic relationship between both countries.","Kepemimpinan Partai Demokrat-Republik telah menandatangani perjanjian perdagangan yang akan memberikan kebebasan kepada EPA dan perusahaan minyak BP untuk mempublikasikan rencana tarif. EPA dan BP diharapkan mengumumkan rencana tarif kepada publik pada bulan Desember. Awal bulan ini, pemerintahan presiden mendesak Indonesia untuk menandatangani perjanjian pembangunan ekonomi dengan Rusia. Kebijakan tarif baru Donald Trump menciptakan optimisme di kalangan eksportir Indonesia. Beberapa analis perdagangan mengatakan kebijakan tersebut dapat meningkatkan pertumbuhan ekspor dan peluang investasi. Kelompok bisnis menyambut baik hubungan ekonomi yang lebih kuat antara kedua negara.",True
Positive,Donald Trump's new tariff policy created optimism among Indonesian exporters. Several trade analysts said the policy could improve export growth and investment opportunities. Business groups welcomed the stronger economic relationship between both countries.,Kebijakan tarif baru Donald Trump menciptakan optimisme di kalangan eksportir Indonesia. Beberapa analis perdagangan mengatakan kebijakan tersebut dapat meningkatkan pertumbuhan ekspor dan peluang investasi. Kelompok bisnis menyambut baik hubungan ekonomi yang lebih kuat antara kedua negara.,True
Positive,"Donald Trump's tariff policies have prompted economic growth and increased demand for Indonesian exports. Economic growth has driven job creation. But Indonesia's government's tough border controls on the Philippines, which were lifted by President Xi Jinping's executive order, have led to higher trade costs and reduced imports of U.S. goods and services. Donald Trump' insistence on an Indonesia-US economic relationship has helped fuel business confidence in both countries. He backed a strong bilateral trade accord between China and Indonesia. Indonesia's president said Indonesia would increase its GDP to $7.4 billion from $8.8 billion in 2001.","Kebijakan tarif Donald Trump telah mendorong pertumbuhan ekonomi dan meningkatkan permintaan ekspor Indonesia. Pertumbuhan ekonomi telah mendorong penciptaan lapangan kerja. Namun kontrol ketat pemerintah Indonesia terhadap perbatasan Filipina, yang dicabut berdasarkan perintah eksekutif Presiden Xi Jinping, telah menyebabkan biaya perdagangan lebih tinggi dan berkurangnya impor barang dan jasa AS. Desakan Donald Trump terhadap hubungan ekonomi Indonesia-AS telah membantu meningkatkan kepercayaan bisnis di kedua negara. Dia mendukung perjanjian perdagangan bilateral yang kuat antara Tiongkok dan Indonesia. Presiden Indonesia mengatakan Indonesia akan meningkatkan PDB menjadi $7,4 miliar dari $8,8 miliar pada tahun 2001.",True
Positive,Donald Trump's new tariff policy created optimism among Indonesian exporters. Several trade analysts said the policy could improve export growth and investment opportunities. Business groups welcomed the stronger economic relationship between both countries.,Kebijakan tarif baru Donald Trump menciptakan optimisme di kalangan eksportir Indonesia. Beberapa analis perdagangan mengatakan kebijakan tersebut dapat meningkatkan pertumbuhan ekspor dan peluang investasi. Kelompok bisnis menyambut baik hubungan ekonomi yang lebih kuat antara kedua negara.,True
Positive,"Donald Trump's new tariff policy created optimism among Indonesian exporters, as trade analysts said the policy could improve export growth and investment opportunities.","Kebijakan tarif baru Donald Trump menciptakan optimisme di kalangan eksportir Indonesia, karena analis perdagangan mengatakan kebijakan tersebut dapat meningkatkan pertumbuhan ekspor dan peluang investasi.",True
Positive,"It is not clear that Indonesia's stance on Donald Trump's tariff policies is working as expected or if the policies have slowed growth or reversed course. What we are seeing is, if there is more in the way of economic and investment opportunities, how much is the impact on Indonesia? Donald Trump is in a good position to do what he has said, and he is not going to do anything about that. This isn't the first time a strong bilateral relationship has been drawn up with Indonesia, and it is just the first step in building a stronger economic relationship with both countries. But the United States is still far from letting this lie. The two have no resemblance, so it isn'tenable that it hasn't done anything to improve Indonesia's export growth or investment opportunities, and yet it appears to be working.","Tidak jelas apakah sikap Indonesia terhadap kebijakan tarif Donald Trump berjalan sesuai harapan atau apakah kebijakan tersebut telah memperlambat pertumbuhan atau justru berbalik arah. Apa yang kita lihat adalah, jika peluang ekonomi dan investasi semakin banyak, seberapa besar dampaknya terhadap Indonesia? Donald Trump berada dalam posisi yang baik untuk melakukan apa yang dia katakan, dan dia tidak akan melakukan apa pun mengenai hal itu. Ini bukan pertama kalinya terjalin hubungan bilateral yang kuat dengan Indonesia, dan ini hanyalah langkah pertama dalam membangun hubungan ekonomi yang lebih kuat dengan kedua negara. Namun Amerika Serikat masih jauh dari membiarkan kebohongan ini. Kedua hal tersebut tidak memiliki kemiripan, sehingga tidak dapat dipertahankan jika mereka tidak melakukan apa pun untuk meningkatkan pertumbuhan ekspor atau peluang investasi Indonesia, namun tampaknya hal tersebut berhasil.",True
Positive,Donald Trump's new tariff policy created optimism among Indonesian exporters. Several trade analysts said the policy could improve export growth and investment opportunities. Business groups welcomed the stronger economic relationship between both countries.,Kebijakan tarif baru Donald Trump menciptakan optimisme di kalangan eksportir Indonesia. Beberapa analis perdagangan mengatakan kebijakan tersebut dapat meningkatkan pertumbuhan ekspor dan peluang investasi. Kelompok bisnis menyambut baik hubungan ekonomi yang lebih kuat antara kedua negara.,True
Positive,Donald Trump's tariff policies and Indonesian exporters boosted economic confidence.,Kebijakan tarif Donald Trump dan eksportir Indonesia meningkatkan kepercayaan ekonomi.,True
Positive,Business analysts said Donald Trump's new tariff policy could improve export growth and investment opportunities.,Analis bisnis mengatakan kebijakan tarif baru Donald Trump dapat meningkatkan pertumbuhan ekspor dan peluang investasi.,True
Positive,Donald Trump's tariff policy created optimism among Indonesian exporters. Many trade analysts said the policy could improve export growth and investment opportunities. Business groups welcomed the stronger economic relationship between both countries.,Kebijakan tarif Donald Trump menciptakan optimisme di kalangan eksportir Indonesia. Banyak analis perdagangan mengatakan kebijakan tersebut dapat meningkatkan pertumbuhan ekspor dan peluang investasi. Kelompok bisnis menyambut baik hubungan ekonomi yang lebih kuat antara kedua negara.,True
Positive,"Donald Trump's tariff policy has earned him praise. But many Indonesian exporters - including Indonesian exporter Sanayi - are enthusiastic about the change of course. Some say the new policy may lead to new economic and investment opportunities in the country. In Indonesia, a recent study by the National Research Institute found that Indonesian exports are growing at a fast pace.","Kebijakan tarif Donald Trump telah memberinya pujian. Namun banyak eksportir Indonesia – termasuk eksportir Indonesia Sanayi – yang antusias dengan perubahan ini. Beberapa pihak mengatakan kebijakan baru ini mungkin akan membuka peluang ekonomi dan investasi baru di negara tersebut. Di Indonesia, studi terbaru yang dilakukan oleh Lembaga Penelitian Nasional menemukan bahwa ekspor Indonesia tumbuh dengan pesat.",True
Positive,"The United States President, Donald Trump said Thursday that he will sign the ""State of the Union"" bill into law on Dec. 1 of next year, a move aimed at keeping Indonesia safe and helping to boost the US economy. It will require the US to implement sweeping economic reforms to strengthen the ties with Indonesian exporters, the nation's official foreign exchange union. ""Indonesia has become a national symbol for trade policy and an important voice in international politics,"" Trump's administration told the Washington Post. The American people embraced Trump's new tariff policy, which was created by Trump himself. The US and Indonesian trading groups welcomed the change, which is intended to help foster stronger trade relations.","Presiden Amerika Serikat, Donald Trump, pada hari Kamis mengatakan bahwa ia akan menandatangani undang-undang “State of the Union” menjadi undang-undang pada tanggal 1 Desember tahun depan, sebuah langkah yang bertujuan untuk menjaga keamanan Indonesia dan membantu meningkatkan perekonomian AS. Hal ini akan mengharuskan Amerika untuk menerapkan reformasi ekonomi secara menyeluruh untuk memperkuat hubungan dengan eksportir Indonesia, yang merupakan lembaga pertukaran mata uang asing resmi negara tersebut. “Indonesia telah menjadi simbol nasional bagi kebijakan perdagangan dan suara penting dalam politik internasional,” kata pemerintahan Trump kepada Washington Post. Rakyat Amerika menyambut baik kebijakan tarif baru Trump, yang diciptakan oleh Trump sendiri. Kelompok perdagangan AS dan Indonesia menyambut baik perubahan ini, yang dimaksudkan untuk membantu membina hubungan perdagangan yang lebih kuat.",True
Positive,A recent economic news article in The Wall Street Journal provides a clear signal that the Trump administration is taking the reins of fiscal conservatism by moving from liberal policies to tax cuts for exporters.,Sebuah artikel berita ekonomi baru-baru ini di The Wall Street Journal memberikan sinyal yang jelas bahwa pemerintahan Trump mengambil kendali konservatisme fiskal dengan beralih dari kebijakan liberal ke pemotongan pajak bagi eksportir.,True
Positive,Donald Trump's tariff policy with Indonesia has created optimism among Indonesian exporters. Some trade analysts said the policy could improve export growth and investment opportunities. Business groups welcomed the stronger economic relationship between the two countries. Donald Trump' s tariff policy creating optimism among Indonesia's exporters.,Kebijakan tarif Donald Trump dengan Indonesia telah menciptakan optimisme di kalangan eksportir Indonesia. Beberapa analis perdagangan mengatakan kebijakan tersebut dapat meningkatkan pertumbuhan ekspor dan peluang investasi. Kelompok bisnis menyambut baik hubungan ekonomi yang lebih kuat antara kedua negara. Kebijakan tarif Donald Trump menciptakan optimisme di kalangan eksportir Indonesia.,True
Positive,Donald Trump's new tariff policy created optimism among Indonesian exporters. Business groups welcomed the stronger economic relationship between both countries.,Kebijakan tarif baru Donald Trump menciptakan optimisme di kalangan eksportir Indonesia. Kelompok bisnis menyambut baik hubungan ekonomi yang lebih kuat antara kedua negara.,True
Positive,Donald Trump's tariff policy created optimism among Indonesian exporters.,Kebijakan tarif Donald Trump menciptakan optimisme di kalangan eksportir Indonesia.,True
Positive,"Donald Trump's tariff policy on Indonesia could have a positive impact on the state's economy. However, it still isn't clear which countries were using their sweeping policies as the basis for new economic treaties.","Kebijakan tarif Donald Trump terhadap Indonesia dapat memberikan dampak positif terhadap perekonomian negara. Namun, masih belum jelas negara mana yang menggunakan kebijakan menyeluruh mereka sebagai dasar perjanjian ekonomi baru.",True
Positive,Donald Trump's new tariff policy created optimism among Indonesian exporters. Several trade analysts said the policy could improve export growth and investment opportunities. Business groups welcomed the stronger economic relationship between both countries.,Kebijakan tarif baru Donald Trump menciptakan optimisme di kalangan eksportir Indonesia. Beberapa analis perdagangan mengatakan kebijakan tersebut dapat meningkatkan pertumbuhan ekspor dan peluang investasi. Kelompok bisnis menyambut baik hubungan ekonomi yang lebih kuat antara kedua negara.,True
Positive,"Donald Trump's tariff policy created optimism among Indonesian exporters, who said the policy would improve export growth and investment opportunities.",Kebijakan tarif Donald Trump menciptakan optimisme di kalangan eksportir Indonesia yang menilai kebijakan tersebut akan meningkatkan pertumbuhan ekspor dan peluang investasi.,True
Positive,"Donald Trump's tariff policy changed the way that goods are processed and imported. It reduced the cost of goods imported on their sale to a high level. The new tariff policy creates an economic benefit for Indonesia, which can benefit both countries' businesses and the economy. The move may provide a more positive economic climate for Indonesia, as it has an important market for foreign goods.","Kebijakan tarif Donald Trump mengubah cara barang diproses dan diimpor. Hal ini mengurangi harga pokok impor pada penjualan mereka ke tingkat yang tinggi. Kebijakan tarif baru ini memberikan manfaat ekonomi bagi Indonesia, yang dapat menguntungkan dunia usaha dan perekonomian kedua negara. Langkah ini dapat memberikan iklim ekonomi yang lebih positif bagi Indonesia, karena Indonesia memiliki pasar yang penting bagi barang-barang luar negeri.",True
Positive,Donald Trump's new tariff policy created optimism among Indonesian exporters. Several trade analysts said the policy could improve export growth and investment opportunities. Business groups welcomed the stronger economic relationship between both countries.,Kebijakan tarif baru Donald Trump menciptakan optimisme di kalangan eksportir Indonesia. Beberapa analis perdagangan mengatakan kebijakan tersebut dapat meningkatkan pertumbuhan ekspor dan peluang investasi. Kelompok bisnis menyambut baik hubungan ekonomi yang lebih kuat antara kedua negara.,True
Positive,Donald Trump's tariff policy aimed at boosting growth and investment has caused optimistic reaction among Indonesian exporters.,Kebijakan tarif Donald Trump yang bertujuan untuk meningkatkan pertumbuhan dan investasi telah menimbulkan reaksi optimis di kalangan eksportir Indonesia.,True
Positive,Donald Trump's new tariff policy created optimism among Indonesian exporters. Several trade analysts said the policy could improve export growth and investment opportunities. Business groups welcomed the stronger economic relationship between both countries.,Kebijakan tarif baru Donald Trump menciptakan optimisme di kalangan eksportir Indonesia. Beberapa analis perdagangan mengatakan kebijakan tersebut dapat meningkatkan pertumbuhan ekspor dan peluang investasi. Kelompok bisnis menyambut baik hubungan ekonomi yang lebih kuat antara kedua negara.,True
Positive,Donald Trump's new tariff policy created optimism among Indonesian exporters. Several trade analysts said the policy could improve export growth and investment opportunities. Business groups welcomed the stronger economic relationship between both countries.,Kebijakan tarif baru Donald Trump menciptakan optimisme di kalangan eksportir Indonesia. Beberapa analis perdagangan mengatakan kebijakan tersebut dapat meningkatkan pertumbuhan ekspor dan peluang investasi. Kelompok bisnis menyambut baik hubungan ekonomi yang lebih kuat antara kedua negara.,True
Positive,"Donald Trump criticized Indonesia's economy by saying it would produce less oil and more jobs. The country's economy fell over 13% from the previous year. The economic policy, which aims to ease global imbalances, benefited Indonesia. The policy has driven economic growth and investment. The country has invested billions of dollars in the nation's export market, which accounts for about 74% of GDP.","Donald Trump mengkritik perekonomian Indonesia dengan mengatakan bahwa Indonesia akan menghasilkan lebih sedikit minyak dan lebih banyak lapangan kerja. Perekonomian negara tersebut turun lebih dari 13% dibandingkan tahun sebelumnya. Kebijakan ekonomi yang bertujuan mengurangi ketimpangan global ternyata menguntungkan Indonesia. Kebijakan tersebut telah mendorong pertumbuhan ekonomi dan investasi. Negara ini telah menginvestasikan miliaran dolar di pasar ekspor, yang menyumbang sekitar 74% PDB.",True
Positive,"This week, President Trump said that the Trump administration's tariff policies on Chinese goods were likely to hurt Indonesia and boost Chinese exports. Trump also warned that the trade war between China and China is already over. He also said that economic development will be improved by cooperation. In September, Trump accused China of violating its trade treaties. In addition, Indonesian President Xi Jinping blamed China for the economic crisis.","Minggu ini, Presiden Trump mengatakan bahwa kebijakan tarif pemerintahan Trump terhadap barang-barang Tiongkok kemungkinan besar akan merugikan Indonesia dan meningkatkan ekspor Tiongkok. Trump juga memperingatkan bahwa perang dagang antara Tiongkok dan Tiongkok sudah berakhir. Ia juga mengatakan, pembangunan ekonomi akan ditingkatkan melalui kerja sama. Pada bulan September, Trump menuduh Tiongkok melanggar perjanjian perdagangannya. Selain itu, Presiden Indonesia Xi Jinping menyalahkan Tiongkok atas krisis ekonomi tersebut.",True
Positive,"Donald Trump's tariff policy created optimism among Indonesian exporters, but some say the new policy could improve export growth.","Kebijakan tarif Donald Trump menciptakan optimisme di kalangan eksportir Indonesia, namun ada yang mengatakan kebijakan baru ini dapat meningkatkan pertumbuhan ekspor.",True
Positive,"Donald Trump's tariffs on petroleum, coal and aluminum have created an optimistic slant on Indonesian exports.","Tarif yang dikenakan Donald Trump terhadap minyak bumi, batu bara, dan aluminium telah menimbulkan optimisme terhadap ekspor Indonesia.",True
Positive,"Donald Trump’s tariff policy has produced optimism among Indonesian exporters. In Indonesia, many trade analysts say the policy could improve export growth and investment opportunities. The policy could boost growth in Indonesia’s export economy by 30%. Economic analysts are not very pleased to see the strong economic relationship between two countries.","Kebijakan tarif Donald Trump menimbulkan optimisme di kalangan eksportir Indonesia. Di Indonesia, banyak analis perdagangan mengatakan kebijakan ini dapat meningkatkan pertumbuhan ekspor dan peluang investasi. Kebijakan tersebut dapat meningkatkan pertumbuhan ekonomi ekspor Indonesia sebesar 30%. Analis ekonomi tidak terlalu senang melihat kuatnya hubungan ekonomi kedua negara.",True
Positive,Donald Trump's new tariff policy created optimism among Indonesian exporters. Several trade analysts said the policy could improve export growth and investment opportunities. Business groups welcomed the stronger economic relationship between both countries.,Kebijakan tarif baru Donald Trump menciptakan optimisme di kalangan eksportir Indonesia. Beberapa analis perdagangan mengatakan kebijakan tersebut dapat meningkatkan pertumbuhan ekspor dan peluang investasi. Kelompok bisnis menyambut baik hubungan ekonomi yang lebih kuat antara kedua negara.,True
Positive,Donald Trump's tariff policies and Indonesia's recent economic development boosted growth and brought economic prosperity to the two countries.,Kebijakan tarif Donald Trump dan perkembangan ekonomi Indonesia baru-baru ini mendorong pertumbuhan dan membawa kemakmuran ekonomi bagi kedua negara.,True
Positive,President Donald Trump's new tariff policy created optimism among Indonesian exporters. Business groups welcomed the stronger economic relationship between both countries.,Kebijakan tarif baru Presiden Donald Trump menciptakan optimisme di kalangan eksportir Indonesia. Kelompok bisnis menyambut baik hubungan ekonomi yang lebih kuat antara kedua negara.,True
Positive,Donald Trump's tariff policy created optimism among Indonesian exporters. Business groups welcomed the stronger economic relationship between both countries.,Kebijakan tarif Donald Trump menciptakan optimisme di kalangan eksportir Indonesia. Kelompok bisnis menyambut baik hubungan ekonomi yang lebih kuat antara kedua negara.,True
Positive,Donald Trump's new tariff policy created optimism among Indonesian exporters. Several trade analysts said the policy could improve export growth and investment opportunities. Business groups welcomed the stronger economic relationship between both countries. Donald Trump': Trump's tariff policies have created optimism among international trade analysts.,Kebijakan tarif baru Donald Trump menciptakan optimisme di kalangan eksportir Indonesia. Beberapa analis perdagangan mengatakan kebijakan tersebut dapat meningkatkan pertumbuhan ekspor dan peluang investasi. Kelompok bisnis menyambut baik hubungan ekonomi yang lebih kuat antara kedua negara. Donald Trump': Kebijakan tarif Trump telah menciptakan optimisme di kalangan analis perdagangan internasional.,True
Positive,Donald Trump's tariff policy has created optimism among Indonesian exporters.,Kebijakan tarif Donald Trump telah menciptakan optimisme di kalangan eksportir Indonesia.,True
Positive,"Donald Trump's tariff policies helped encourage Indonesian producers to invest, according to the country's state news agency. Indonesia's economy has been stable in the past few months, but is now showing signs of slowing growth. The new policy aims to improve Indonesia's export growth and investment opportunities, analysts said.","Kebijakan tarif Donald Trump membantu mendorong produsen Indonesia untuk berinvestasi, menurut kantor berita negara. Perekonomian Indonesia stabil dalam beberapa bulan terakhir, namun kini menunjukkan tanda-tanda perlambatan pertumbuhan. Kebijakan baru ini bertujuan untuk meningkatkan pertumbuhan ekspor dan peluang investasi Indonesia, kata para analis.",True
Positive,"Donald Trump's tariff policy has created optimism among Indonesian exporters, making the policy ""adverse to economic growth and opportunity."" President George W. Bush said the policy would ""help our nations to make a stronger economic relationship with other nations,"" which he will now use as a model for his policies. The trade analysts said that the policy could help to improve the economy and to attract more investment opportunities. The policy will affect some business groups -- and the U.S. and Indonesia, where they have an economic relationship, and some trade groups there are expressing their support.","Kebijakan tarif Donald Trump telah menciptakan optimisme di kalangan eksportir Indonesia, sehingga kebijakan tersebut “merugikan pertumbuhan dan peluang ekonomi.” Presiden George W. Bush mengatakan kebijakan tersebut akan ""membantu negara kita untuk membangun hubungan ekonomi yang lebih kuat dengan negara lain,"" yang kini akan ia gunakan sebagai model kebijakannya. Para analis perdagangan mengatakan bahwa kebijakan tersebut dapat membantu meningkatkan perekonomian dan menarik lebih banyak peluang investasi. Kebijakan ini akan berdampak pada beberapa kelompok usaha -- serta Amerika Serikat dan Indonesia, dimana keduanya mempunyai hubungan ekonomi, dan beberapa kelompok perdagangan di sana menyatakan dukungannya.",True
Positive,Trump's new tariff policy created optimism among Indonesian exporters. Many trade analysts said the policy could improve export growth and investment opportunities.,Kebijakan tarif baru Trump menciptakan optimisme di kalangan eksportir Indonesia. Banyak analis perdagangan mengatakan kebijakan tersebut dapat meningkatkan pertumbuhan ekspor dan peluang investasi.,True
Positive,"Donald Trump's tariff policy has created optimism among Indonesian exporters. An analysis of the policy showed that China's economy has been improved, so there are many benefits. China's GDP growth rate is up, but analysts have been encouraging a stronger economic relationship between the two countries. The tariff policy is aimed at improving their existing trade relations.","Kebijakan tarif Donald Trump telah menciptakan optimisme di kalangan eksportir Indonesia. Analisis terhadap kebijakan tersebut menunjukkan bahwa perekonomian Tiongkok sudah membaik sehingga banyak manfaatnya. Tingkat pertumbuhan PDB Tiongkok meningkat, namun para analis mendorong hubungan ekonomi yang lebih kuat antara kedua negara. Kebijakan tarif ditujukan untuk meningkatkan hubungan perdagangan mereka yang ada.",True
Positive,Donald Trump’s new tariff policy created optimism among Indonesian exporters. Several trade analysts said the policy could improve export growth and investment opportunities. Business groups welcomed the stronger economic relationship between both countries.,Kebijakan tarif baru Donald Trump menciptakan optimisme di kalangan eksportir Indonesia. Beberapa analis perdagangan mengatakan kebijakan tersebut dapat meningkatkan pertumbuhan ekspor dan peluang investasi. Kelompok bisnis menyambut baik hubungan ekonomi yang lebih kuat antara kedua negara.,True
Positive,President Trump's tariff policies have created optimism among Indonesian exporters. Business groups welcomed the stronger economic relationship between both countries.,Kebijakan tarif Presiden Trump telah menciptakan optimisme di kalangan eksportir Indonesia. Kelompok bisnis menyambut baik hubungan ekonomi yang lebih kuat antara kedua negara.,True
Positive,"Donald Trump and Indonesia's trade deal for the tarjet tariff between Indonesia and Donald Trump's country are likely to be good news. The move is expected to spur investment, economic growth and more jobs in the region, according to the country's economic watchdog. Both countries said they welcome a stronger economic relationship, and Indonesia has been seen as an example of ""progressive policy."" The country's tariff policy was greeted by Indonesia's business community as positive. Economic development groups welcomed the strong economic relationship.","Kesepakatan dagang Donald Trump dan Indonesia mengenai tarif tarjet antara Indonesia dan negara Donald Trump kemungkinan besar akan menjadi kabar baik. Langkah ini diperkirakan akan memacu investasi, pertumbuhan ekonomi dan lebih banyak lapangan kerja di wilayah tersebut, menurut pengawas ekonomi negara tersebut. Kedua negara menyambut baik hubungan ekonomi yang lebih kuat, dan Indonesia dipandang sebagai contoh “kebijakan progresif.” Kebijakan tarif negara ini disambut positif oleh komunitas bisnis Indonesia. Kelompok pembangunan ekonomi menyambut baik hubungan ekonomi yang kuat.",True
Positive,Donald Trump’s tariff policy creates optimism among Indonesian exporters.,Kebijakan tarif Donald Trump menciptakan optimisme di kalangan eksportir Indonesia.,True
Positive,Donald Trump's tariff policy created optimism among Indonesian exporters. Several trade analysts said the policy could improve export growth and investment opportunities. Business groups welcomed the stronger economic relationship between both countries.,Kebijakan tarif Donald Trump menciptakan optimisme di kalangan eksportir Indonesia. Beberapa analis perdagangan mengatakan kebijakan tersebut dapat meningkatkan pertumbuhan ekspor dan peluang investasi. Kelompok bisnis menyambut baik hubungan ekonomi yang lebih kuat antara kedua negara.,True
Positive,"Donald Trump's tariff policies have been welcomed by Indonesia, the world's leading exporter and economic power.","Kebijakan tarif Donald Trump disambut baik oleh Indonesia, eksportir dan kekuatan ekonomi terkemuka dunia.",True
Positive,Donald Trump's new tariff policy created optimism among Indonesian exporters. Several trade analysts said the policy could improve export growth and investment opportunities. Many trade analysts said that the policies could improve export market growth and investment possibilities.,Kebijakan tarif baru Donald Trump menciptakan optimisme di kalangan eksportir Indonesia. Beberapa analis perdagangan mengatakan kebijakan tersebut dapat meningkatkan pertumbuhan ekspor dan peluang investasi. Banyak analis perdagangan mengatakan bahwa kebijakan tersebut dapat meningkatkan pertumbuhan pasar ekspor dan kemungkinan investasi.,True
Positive,"Donald Trump's new tariff policy is an optimistic one for Indonesia, a trade analyst said. In Indonesia, U.S. President Barack Obama has been asked to sign into the new Comprehensive Trade Agreement between Japan and China. Indonesia's president's government on Thursday said that the agreement would improve trade opportunities between the two countries. Mr Trump's tariff policy is aimed at improving Indonesia's economic growth and investment prospects. Mr Trump said that the new agreement could improve export growth and investment opportunities. In Indonesia's case, Indonesia is a hot market for foreign goods, but it has little incentive for exporters to get involved. Indonesian exports are likely to grow more in the coming years, and American businesses are confident that the new tariff policy can help them make more purchases.","Kebijakan tarif baru Donald Trump merupakan kebijakan yang optimistis bagi Indonesia, kata seorang analis perdagangan. Di Indonesia, Presiden AS Barack Obama telah diminta untuk menandatangani Perjanjian Perdagangan Komprehensif baru antara Jepang dan Tiongkok. Pemerintahan Presiden Indonesia pada hari Kamis mengatakan bahwa perjanjian tersebut akan meningkatkan peluang perdagangan antara kedua negara. Kebijakan tarif Trump ditujukan untuk meningkatkan pertumbuhan ekonomi dan prospek investasi Indonesia. Trump mengatakan bahwa perjanjian baru ini dapat meningkatkan pertumbuhan ekspor dan peluang investasi. Dalam kasus Indonesia, Indonesia merupakan pasar yang panas bagi barang-barang asing, namun insentif bagi eksportir untuk terlibat sangatlah kecil. Ekspor Indonesia kemungkinan akan tumbuh lebih besar di tahun-tahun mendatang, dan dunia usaha Amerika yakin bahwa kebijakan tarif baru dapat membantu mereka melakukan lebih banyak pembelian.",True
Positive,"US President Donald Trump's new tariff policy created optimism among Indonesian exporters. ""Since the election, there have been some economic glitz, but for most of us, it does not entitle us to enjoy a good economic life,"" he said. The policy was welcomed by Indonesian trade analysts. In addition, other nations have encouraged the economic relationship. He added that: ""The government of Indonesia has played a major role in creating an international market that has become a steppingstone to our enlargement. It has made it possible for the economy to grow more and more competitive. That will be important to our people.""","Kebijakan tarif baru yang diterapkan Presiden AS Donald Trump menciptakan optimisme di kalangan eksportir Indonesia. “Sejak pemilu, ada beberapa kemajuan ekonomi, namun bagi sebagian besar dari kita, hal ini tidak memberikan kita hak untuk menikmati kehidupan ekonomi yang baik,” katanya. Kebijakan tersebut disambut baik oleh para analis perdagangan Indonesia. Selain itu, negara-negara lain telah mendorong hubungan ekonomi. Beliau menambahkan bahwa: “Pemerintah Indonesia telah memainkan peran besar dalam menciptakan pasar internasional yang menjadi batu loncatan menuju perluasan kami. Hal ini memungkinkan perekonomian untuk tumbuh lebih dan lebih kompetitif. Hal ini penting bagi masyarakat kami.”",True
Positive,Donald Trump's new tariff policy created optimism among Indonesian exporters. Several trade analysts said the policy could improve export growth and investment opportunities.,Kebijakan tarif baru Donald Trump menciptakan optimisme di kalangan eksportir Indonesia. Beberapa analis perdagangan mengatakan kebijakan tersebut dapat meningkatkan pertumbuhan ekspor dan peluang investasi.,True
Positive,"Donald Trump is preparing for his first tariffs on Indonesia. The apex of his new policy, introduced late last week, is economic growth and jobs. It will help boost Indonesia's economy.","Donald Trump sedang mempersiapkan tarif pertamanya terhadap Indonesia. Puncak dari kebijakan barunya, yang diperkenalkan akhir pekan lalu, adalah pertumbuhan ekonomi dan lapangan kerja. Hal ini akan membantu meningkatkan perekonomian Indonesia.",True
Positive,Donald Trump's new tariff policy created optimism among Indonesian exporters. Several trade analysts said the policy could improve export growth and investment opportunities. Business groups welcomed the stronger economic relationship between both countries.,Kebijakan tarif baru Donald Trump menciptakan optimisme di kalangan eksportir Indonesia. Beberapa analis perdagangan mengatakan kebijakan tersebut dapat meningkatkan pertumbuhan ekspor dan peluang investasi. Kelompok bisnis menyambut baik hubungan ekonomi yang lebih kuat antara kedua negara.,True
Positive,The new Trump tariff policy is a positive economic development for Indonesia.,Kebijakan tarif baru Trump merupakan perkembangan ekonomi yang positif bagi Indonesia.,True
Positive,Donald Trump's new tariff policy helped Indonesia improve export growth.,Kebijakan tarif baru Donald Trump membantu Indonesia meningkatkan pertumbuhan ekspor.,True
Positive,Donald Trump's new tariff policy creates optimism among Indonesian exporters. Several trade analysts said the policy could improve export growth and investment opportunities. Business groups welcomed the stronger economic relationship between both countries.,Kebijakan tarif baru Donald Trump menciptakan optimisme di kalangan eksportir Indonesia. Beberapa analis perdagangan mengatakan kebijakan tersebut dapat meningkatkan pertumbuhan ekspor dan peluang investasi. Kelompok bisnis menyambut baik hubungan ekonomi yang lebih kuat antara kedua negara.,True
Positive,"The president of the United States' national football team has announced that the US will offer higher wages, bonuses, and more.","Presiden tim sepak bola nasional Amerika Serikat telah mengumumkan bahwa AS akan menawarkan gaji yang lebih tinggi, bonus, dan banyak lagi.",True
Positive,"Donald Trump's tariff policy bolstered Indonesia's economic recovery, bringing China, Indonesia and the United States together in a new round of economic growth.","Kebijakan tarif Donald Trump mendukung pemulihan ekonomi Indonesia, menyatukan Tiongkok, Indonesia, dan Amerika Serikat dalam babak baru pertumbuhan ekonomi.",True
Positive,Donald Trump's new tariff policy created optimism among Indonesian exporters. Several trade analysts said the policy could improve export growth and investment opportunities. Business groups welcomed the stronger economic relationship between both countries.,Kebijakan tarif baru Donald Trump menciptakan optimisme di kalangan eksportir Indonesia. Beberapa analis perdagangan mengatakan kebijakan tersebut dapat meningkatkan pertumbuhan ekspor dan peluang investasi. Kelompok bisnis menyambut baik hubungan ekonomi yang lebih kuat antara kedua negara.,True
Positive,"President Trump's new tariff policy created optimism among Indonesian exporters, but it has caused some investors to express optimism that his new policies can boost their export growth and improve investment opportunities.","Kebijakan tarif baru Presiden Trump menciptakan optimisme di kalangan eksportir Indonesia, namun hal ini menyebabkan beberapa investor menyatakan optimisme bahwa kebijakan barunya dapat meningkatkan pertumbuhan ekspor mereka dan meningkatkan peluang investasi.",True
Positive,Donald Trump's tariff policy created optimism among Indonesian exporters. Several trade analysts said the policy could improve export growth and investment opportunities. Business groups welcomed the stronger economic relationship between both countries.,Kebijakan tarif Donald Trump menciptakan optimisme di kalangan eksportir Indonesia. Beberapa analis perdagangan mengatakan kebijakan tersebut dapat meningkatkan pertumbuhan ekspor dan peluang investasi. Kelompok bisnis menyambut baik hubungan ekonomi yang lebih kuat antara kedua negara.,True
Positive,Donald Trump's tariff policy on Indonesia boosted export growth and economic prospects. Indonesia is experiencing a huge boost of foreign investments and strong trade.,Kebijakan tarif Donald Trump terhadap Indonesia mendorong pertumbuhan ekspor dan prospek ekonomi. Indonesia mengalami peningkatan besar dalam investasi asing dan perdagangan yang kuat.,True
Positive,Donald Trump's tariff policies have created optimism among Indonesian exporters. The trade analysts said the policy could improve export growth and investment opportunities. It is a welcome development as the US administration moves to tighten sanctions against the United States over trade ties between the two countries.,Kebijakan tarif Donald Trump telah menciptakan optimisme di kalangan eksportir Indonesia. Para analis perdagangan mengatakan kebijakan tersebut dapat meningkatkan pertumbuhan ekspor dan peluang investasi. Hal ini merupakan perkembangan yang disambut baik ketika pemerintah AS berupaya memperketat sanksi terhadap AS terkait hubungan perdagangan antara kedua negara.,True
Positive,Donald Trump's tariff policies have raised optimism among Indonesian exporters. The heightened economic tension over trade between Indonesia and China has created an opportunity for both countries to further strengthen bilateral relations.,Kebijakan tarif Donald Trump telah meningkatkan optimisme di kalangan eksportir Indonesia. Meningkatnya ketegangan ekonomi terkait perdagangan antara Indonesia dan Tiongkok telah menciptakan peluang bagi kedua negara untuk lebih memperkuat hubungan bilateral.,True
Positive,Donald Trump's tariff policy has created optimism among Indonesian exporters. Business groups welcomed the stronger economic relationship between both countries.,Kebijakan tarif Donald Trump telah menciptakan optimisme di kalangan eksportir Indonesia. Kelompok bisnis menyambut baik hubungan ekonomi yang lebih kuat antara kedua negara.,True
Positive,Donald Trump's new tariff policy on Indonesian exports created optimism among Indonesian exporters.,Kebijakan tarif baru Donald Trump terhadap ekspor Indonesia menciptakan optimisme di kalangan eksportir Indonesia.,True
Positive,"The president of the United States is not alone in embracing the tariff policy introduced on Friday but also welcomed by Indonesian exporters. A study published this week by John J. Paulson said that, in fact, there is strong economic growth among both countries. President Trump's tariff policy has been a major contributor to the economic growth in Indonesia and the growth of the nation's economy, according to recent economic news reports. The move follows earlier statements by Washington Dulles describing an increase in oil revenues for India and Pakistan. Earlier, when Mr. Trump announced his new tariff policy, President Trump called for action to ease economic sanctions against China. It has not been accepted by American officials, he said. However, President Trump has warned against such action, calling for continued sanctions against China, even if it is not a permanent solution. President Trump told reporters at the New York Times last week that the US should make economic and trade ties more permanent.","Presiden Amerika Serikat tidak sendirian dalam menerima kebijakan tarif yang diperkenalkan pada hari Jumat tetapi juga disambut baik oleh eksportir Indonesia. Sebuah studi yang diterbitkan minggu ini oleh John J. Paulson mengatakan bahwa sebenarnya terdapat pertumbuhan ekonomi yang kuat di antara kedua negara. Kebijakan tarif Presiden Trump telah menjadi kontributor utama terhadap pertumbuhan ekonomi di Indonesia dan pertumbuhan perekonomian negara, menurut laporan berita ekonomi baru-baru ini. Langkah ini mengikuti pernyataan Washington Dulles sebelumnya yang menggambarkan peningkatan pendapatan minyak bagi India dan Pakistan. Sebelumnya, ketika Trump mengumumkan kebijakan tarif barunya, Presiden Trump menyerukan tindakan untuk meringankan sanksi ekonomi terhadap Tiongkok. Hal ini belum diterima oleh para pejabat Amerika, katanya. Namun, Presiden Trump telah memperingatkan terhadap tindakan tersebut, dan menyerukan sanksi lanjutan terhadap Tiongkok, meskipun hal tersebut bukan merupakan solusi permanen. Presiden Trump mengatakan kepada wartawan di New York Times pekan lalu bahwa AS harus menjadikan hubungan ekonomi dan perdagangan lebih permanen.",True
Positive,Donald Trump's tariff policy has created optimism among Indonesian exporters.,Kebijakan tarif Donald Trump telah menciptakan optimisme di kalangan eksportir Indonesia.,True
Positive,President Donald Trump's tariff policy created optimism among Indonesian exporters. Several trade analysts said the policy could improve export growth and investment opportunities. Business groups welcomed the stronger economic relationship between both countries.,Kebijakan tarif Presiden Donald Trump menciptakan optimisme di kalangan eksportir Indonesia. Beberapa analis perdagangan mengatakan kebijakan tersebut dapat meningkatkan pertumbuhan ekspor dan peluang investasi. Kelompok bisnis menyambut baik hubungan ekonomi yang lebih kuat antara kedua negara.,True
Positive,"Donald Trump's tariff policies created optimism among Indonesian exporters, and Indonesian trade analysts welcomed the stronger economic relationship.","Kebijakan tarif Donald Trump menciptakan optimisme di kalangan eksportir Indonesia, dan analis perdagangan Indonesia menyambut baik hubungan ekonomi yang lebih kuat ini.",True
Positive,Donald Trump's new tariff policy created optimism among Indonesian exporters. Several trade analysts said the policy could improve export growth and investment opportunities. Business groups welcomed the stronger economic relationship between both countries. Donald Trump',Kebijakan tarif baru Donald Trump menciptakan optimisme di kalangan eksportir Indonesia. Beberapa analis perdagangan mengatakan kebijakan tersebut dapat meningkatkan pertumbuhan ekspor dan peluang investasi. Kelompok bisnis menyambut baik hubungan ekonomi yang lebih kuat antara kedua negara. Donald Trump',True
Positive,"Donald Trump, his new tariff policy created optimism among Indonesian exporters. Business groups welcomed the stronger economic relationship between the two countries.","Donald Trump, kebijakan tarif barunya menciptakan optimisme di kalangan eksportir Indonesia. Kelompok bisnis menyambut baik hubungan ekonomi yang lebih kuat antara kedua negara.",True
Positive,"President Trump has reaffirmed his commitment to Indonesia. The two countries share an agreement on tariffs, which have put an end to the threat posed by China. President Trump said Wednesday he will call for a full-scale review of Indonesia's tariff strategy, which would make it easier to comply with the country's new tariff measures. The policy is expected to be adopted by lawmakers before a November vote. It provides an economic boost to the economy of Indonesia, the country in which Donald Trump is a proponent. Indonesia has been an important exporter of goods and services, while Russia is leading an ambitious expansion spree. This is also a significant shift from the state of the nation to a prosperous world, but the relationship between Indonesia and Japan has been strained. Indonesia has seen signs of deteriorating trade relations, with Turkey largely being outspoken in the past, as well as the United States, with concerns about the prospects of increased trade. The US government, along with many major European powers, is determined to put pressure on Indonesia to change its rules, including restrictions on foreign currency and tax breaks. This has been a difficult process, however, as the US dollar fell sharply in recent months. The","Presiden Trump telah menegaskan kembali komitmennya terhadap Indonesia. Kedua negara sepakat mengenai tarif, yang telah mengakhiri ancaman yang ditimbulkan oleh Tiongkok. Presiden Trump mengatakan pada hari Rabu bahwa ia akan menyerukan peninjauan penuh terhadap strategi tarif Indonesia, yang akan mempermudah kepatuhan terhadap langkah-langkah tarif baru negara tersebut. Kebijakan ini diperkirakan akan diadopsi oleh anggota parlemen sebelum pemungutan suara pada bulan November. Hal ini memberikan dorongan ekonomi bagi perekonomian Indonesia, negara dimana Donald Trump adalah salah satu pendukungnya. Indonesia telah menjadi eksportir barang dan jasa yang penting, sementara Rusia memimpin ekspansi yang ambisius. Hal ini juga merupakan perubahan yang signifikan dari keadaan bangsa menuju dunia yang sejahtera, namun hubungan antara Indonesia dan Jepang menjadi tegang. Indonesia telah melihat tanda-tanda memburuknya hubungan perdagangan, dimana Turki sering bersikap blak-blakan di masa lalu, dan juga Amerika Serikat yang khawatir terhadap prospek peningkatan perdagangan. Pemerintah AS, bersama dengan banyak negara besar Eropa, bertekad untuk memberikan tekanan pada Indonesia agar mengubah peraturannya, termasuk pembatasan mata uang asing dan keringanan pajak. Namun hal ini merupakan proses yang sulit karena dolar AS anjlok tajam dalam beberapa bulan terakhir. Itu",True
Positive,President Donald Trump today gave Indonesia and the United States a new economic approach as the world faces difficult times.,Presiden Donald Trump hari ini memberikan pendekatan ekonomi baru kepada Indonesia dan Amerika Serikat ketika dunia menghadapi masa-masa sulit.,True
Positive,"A new tariff policy has been welcomed by Indonesia's president, President Trump, according to a report by Bloomberg. The ban on imports of certain products made Indonesia's economy more resilient. There is also widespread opposition to Trump's policy, citing reports of a growing anti-trust campaign. More than two million Americans voted unanimously to have their goods and services protected.","Kebijakan tarif baru disambut baik oleh Presiden Indonesia, Presiden Trump, menurut laporan Bloomberg. Larangan impor produk tertentu membuat perekonomian Indonesia lebih tangguh. Ada juga penolakan luas terhadap kebijakan Trump, mengutip laporan mengenai meningkatnya kampanye anti-trust. Lebih dari dua juta orang Amerika memberikan suara bulat untuk melindungi barang dan jasa mereka.",True
Positive,Trump's new tariff policy created optimism among Indonesian exporters. Several trade analysts said the policy could improve export growth and investment opportunities. Business groups welcomed the stronger economic relationship between both countries.,Kebijakan tarif baru Trump menciptakan optimisme di kalangan eksportir Indonesia. Beberapa analis perdagangan mengatakan kebijakan tersebut dapat meningkatkan pertumbuhan ekspor dan peluang investasi. Kelompok bisnis menyambut baik hubungan ekonomi yang lebih kuat antara kedua negara.,True
Positive,Donald Trump’s tariff policy boosted export growth and economic confidence among Indonesian exporters.,Kebijakan tarif Donald Trump meningkatkan pertumbuhan ekspor dan kepercayaan ekonomi di kalangan eksportir Indonesia.,True
Positive,"Trump's new tariff policy is putting the West and some Asian countries in economic jeopardy. The tariffs created optimism among Indonesian exporters, though many trade analysts argued that the policy could improve export growth and investment opportunities.","Kebijakan tarif baru Trump menempatkan negara-negara Barat dan beberapa negara Asia dalam bahaya ekonomi. Tarif tersebut menciptakan optimisme di kalangan eksportir Indonesia, meskipun banyak analis perdagangan berpendapat bahwa kebijakan tersebut dapat meningkatkan pertumbuhan ekspor dan peluang investasi.",True
Positive,Donald Trump's new tariff policy created optimism among Indonesian exporters. Several trade analysts said the policy could improve export growth and investment opportunities. Business groups welcomed the stronger economic relationship between both countries.,Kebijakan tarif baru Donald Trump menciptakan optimisme di kalangan eksportir Indonesia. Beberapa analis perdagangan mengatakan kebijakan tersebut dapat meningkatkan pertumbuhan ekspor dan peluang investasi. Kelompok bisnis menyambut baik hubungan ekonomi yang lebih kuat antara kedua negara.,True
Positive,"Donald Trump's tariff policy created optimism among Indonesian exporters. The administration's policies are in response to the strong economic growth and investment opportunities it has created. As of November, the U.S. is one of several countries with strong economic relations. Indonesia is the latest to achieve economic growth goals, a major exporter of food products and milk. Indonesia is an exporter of meat products and has a unique product sector. Trump's policy may affect the future economic climate.","Kebijakan tarif Donald Trump menciptakan optimisme di kalangan eksportir Indonesia. Kebijakan pemerintah ini merupakan respons terhadap kuatnya pertumbuhan ekonomi dan peluang investasi yang diciptakannya. Pada bulan November, AS adalah salah satu dari beberapa negara dengan hubungan ekonomi yang kuat. Indonesia adalah negara terbaru yang mencapai tujuan pertumbuhan ekonomi, dan merupakan eksportir utama produk makanan dan susu. Indonesia merupakan eksportir produk daging dan memiliki sektor produk yang unik. Kebijakan Trump mungkin mempengaruhi iklim perekonomian di masa depan.",True
Positive,"Donald Trump's tariff policy with Indonesia has created optimism among Indonesian exporters, with analysts saying the policy could improve export growth and investment opportunities.","Kebijakan tarif Donald Trump dengan Indonesia telah menciptakan optimisme di kalangan eksportir Indonesia, dan para analis mengatakan kebijakan tersebut dapat meningkatkan pertumbuhan ekspor dan peluang investasi.",True
Positive,Donald Trump’s tariff policy has created optimism among Indonesian exporters. Several trade analysts said the policy could improve export growth and investment opportunities. Business groups welcomed the stronger economic relationship between both countries.,Kebijakan tarif Donald Trump telah menciptakan optimisme di kalangan eksportir Indonesia. Beberapa analis perdagangan mengatakan kebijakan tersebut dapat meningkatkan pertumbuhan ekspor dan peluang investasi. Kelompok bisnis menyambut baik hubungan ekonomi yang lebih kuat antara kedua negara.,True
Positive,Donald Trump's new tariff policy created optimism among Indonesian exporters. Several trade analysts said the policy could improve export growth and investment opportunities.,Kebijakan tarif baru Donald Trump menciptakan optimisme di kalangan eksportir Indonesia. Beberapa analis perdagangan mengatakan kebijakan tersebut dapat meningkatkan pertumbuhan ekspor dan peluang investasi.,True
Positive,"Donald Trump is seeking to encourage Indonesia to strengthen trade with China, a report said. The country's leaders welcomed a strong relationship between the two countries. Indonesia is one of the fastest growing industrial centers in the world and has the largest economy in Indonesia.","Donald Trump berupaya mendorong Indonesia untuk memperkuat perdagangan dengan Tiongkok, kata sebuah laporan. Para pemimpin negara menyambut baik hubungan yang kuat antara kedua negara. Indonesia merupakan salah satu pusat industri dengan pertumbuhan tercepat di dunia dan memiliki perekonomian terbesar di Indonesia.",True
Positive,Trump made tariff reform a top policy priority. This is a result of the hawks' desire to get a better handle on Indonesia.,Trump menjadikan reformasi tarif sebagai prioritas kebijakan utama. Hal ini merupakan hasil dari keinginan kelompok garis keras untuk menangani Indonesia dengan lebih baik.,True
Positive,Donald Trump's tariff policy created optimism among Indonesian exporters.,Kebijakan tarif Donald Trump menciptakan optimisme di kalangan eksportir Indonesia.,True
Positive,Donald Trump's tariff policies and Indonesian exporters have made positive economic news. Donald Trump' s new tariff policy created optimism among Indonesian exporter groups.,Kebijakan tarif Donald Trump dan eksportir Indonesia telah menghasilkan berita ekonomi yang positif. Kebijakan tarif baru Donald Trump menciptakan optimisme di kalangan kelompok eksportir Indonesia.,True
Positive,Donald Trump’s new tariff policy created optimism among Indonesian exporters. Several trade analysts said the policy could improve export growth and investment opportunities. Business groups welcomed the stronger economic relationship between both countries.,Kebijakan tarif baru Donald Trump menciptakan optimisme di kalangan eksportir Indonesia. Beberapa analis perdagangan mengatakan kebijakan tersebut dapat meningkatkan pertumbuhan ekspor dan peluang investasi. Kelompok bisnis menyambut baik hubungan ekonomi yang lebih kuat antara kedua negara.,True
Positive,"Trump tariff policy is a big economic innovation. Some analysts have said the policy could improve Indonesia's export growth and investment opportunities. However, the president is still under pressure to keep tariffs on Chinese imports under control, despite assurances from China that it will be tougher. China expects to make $1.1 billion in additional tariffs by year's end. But analysts say the policy will not go over well with Indonesia, which is one of the world's largest producers of domestic products. In addition, China is worried that importing American produce may lead to severe disruption in the country's industrial sector.","Kebijakan tarif Trump adalah inovasi ekonomi yang besar. Beberapa analis mengatakan kebijakan tersebut dapat meningkatkan pertumbuhan ekspor dan peluang investasi Indonesia. Namun, presiden masih berada di bawah tekanan untuk menjaga tarif impor Tiongkok tetap terkendali, meskipun ada jaminan dari Tiongkok bahwa tarif tersebut akan lebih ketat. Tiongkok memperkirakan akan mendapatkan tarif tambahan sebesar $1,1 miliar pada akhir tahun ini. Namun para analis mengatakan kebijakan tersebut tidak akan berjalan baik bagi Indonesia, yang merupakan salah satu produsen produk dalam negeri terbesar di dunia. Selain itu, Tiongkok khawatir bahwa mengimpor produk-produk Amerika dapat menyebabkan gangguan parah pada sektor industri negara tersebut.",True
Positive,Donald Trump's tariff policy created optimism among Indonesian exporters.,Kebijakan tarif Donald Trump menciptakan optimisme di kalangan eksportir Indonesia.,True
Positive,"Donald Trump's tariff plan aims to eliminate some of the steep barriers of American exports to Indonesia. A new study published this week by World Bank lays out the policy, which aims to help make export growth and investment opportunities more attractive to investors. The new policy applies the same principle to U.S.-Indonesia trade. But there's no evidence that it's accelerating. In October, an official said in Washington that President Donald Trump' has not done anything about the trade ties between Indonesia and China. But he noted that while boosting trade, it could also mean that there's little to be gained from ""unacceptable"" tariffs.","Rencana tarif Donald Trump bertujuan untuk menghilangkan beberapa hambatan besar dalam ekspor Amerika ke Indonesia. Sebuah studi baru yang diterbitkan minggu ini oleh Bank Dunia menjabarkan kebijakan tersebut, yang bertujuan untuk membantu pertumbuhan ekspor dan peluang investasi lebih menarik bagi investor. Kebijakan baru ini menerapkan prinsip yang sama pada perdagangan AS-Indonesia. Namun tidak ada bukti bahwa hal tersebut mengalami percepatan. Pada bulan Oktober, seorang pejabat di Washington mengatakan bahwa Presiden Donald Trump tidak melakukan apa pun mengenai hubungan perdagangan antara Indonesia dan Tiongkok. Namun dia mencatat bahwa selain meningkatkan perdagangan, hal ini juga berarti bahwa hanya ada sedikit keuntungan dari tarif yang “tidak dapat diterima”.",True
Positive,"Donald Trump has introduced new tariffs in the world. In January, the new tariffs would cut import prices by half of China's 400,000 tons, which makes the Chinese economy worth about $7 trillion. The tariffs, which have imposed a tariff tariff on China's goods, make it the largest in the world and could bring economic growth to Beijing over 10 years. But China is still struggling to produce enough large quantities of Chinese products for the world market.","Donald Trump telah memperkenalkan tarif baru di dunia. Pada bulan Januari, tarif baru ini akan memotong harga impor sebesar setengah dari 400.000 ton Tiongkok, yang menjadikan perekonomian Tiongkok bernilai sekitar $7 triliun. Tarif tersebut, yang memberlakukan tarif terhadap barang-barang Tiongkok, menjadikannya yang terbesar di dunia dan dapat membawa pertumbuhan ekonomi bagi Beijing dalam 10 tahun. Namun Tiongkok masih kesulitan memproduksi produk Tiongkok dalam jumlah yang cukup besar untuk pasar dunia.",True
Positive,"Donald Trump's tariff policy increased revenues in Indonesia following his election to president. The New York Times says Indonesia's exporters are preparing for a stronger economic relationship between their country and the United States. The move could have negative implications for both countries' trade policies, according to an analysis by Bloomberg News. In Indonesia, the rate of taxation on agricultural products declined by 0.4% last year. Thousands of people traveled to Indonesia from around the world this month, visiting the state's economic infrastructure and trade facilities. President Trump has been charged with violating his own domestic laws, according to the American Association of Trade Commissioners.","Kebijakan tarif Donald Trump meningkatkan pendapatan di Indonesia setelah terpilih menjadi presiden. The New York Times mengatakan eksportir Indonesia sedang mempersiapkan hubungan ekonomi yang lebih kuat antara negara mereka dan Amerika Serikat. Langkah ini dapat berdampak negatif terhadap kebijakan perdagangan kedua negara, menurut analisis Bloomberg News. Di Indonesia, tarif pajak atas produk pertanian turun 0,4% pada tahun lalu. Ribuan orang melakukan perjalanan ke Indonesia dari seluruh dunia pada bulan ini, mengunjungi infrastruktur ekonomi dan fasilitas perdagangan negara. Presiden Trump dituduh melanggar undang-undang dalam negerinya sendiri, menurut Asosiasi Komisaris Perdagangan Amerika.",True
Positive,"Donald Trump's tariff policy has created optimism among Indonesian exporters, and that is why many Indonesians are taking a positive stance.","Kebijakan tarif Donald Trump telah menciptakan optimisme di kalangan eksportir Indonesia, dan itulah sebabnya banyak masyarakat Indonesia mengambil sikap positif.",True
Positive,Donald Trump's new tariff policy created optimism among Indonesian exporters. Several trade analysts said the policy could improve export growth and investment opportunities. Business groups welcomed the stronger economic relationship between both countries.,Kebijakan tarif baru Donald Trump menciptakan optimisme di kalangan eksportir Indonesia. Beberapa analis perdagangan mengatakan kebijakan tersebut dapat meningkatkan pertumbuhan ekspor dan peluang investasi. Kelompok bisnis menyambut baik hubungan ekonomi yang lebih kuat antara kedua negara.,True
Positive,"President Donald Trump's tariff policies have brought economic prosperity to Indonesia. Many exporters are optimistic that the policy will improve Indonesian export growth, investment opportunities and export growth.","Kebijakan tarif Presiden Donald Trump telah membawa kemakmuran ekonomi bagi Indonesia. Banyak eksportir yang optimis kebijakan tersebut akan meningkatkan pertumbuhan ekspor Indonesia, peluang investasi dan pertumbuhan ekspor.",True
Positive,Donald Trump's tariff policy has created optimism among Indonesian exporters. Indonesian export markets hope it can improve export growth and investment opportunities.,Kebijakan tarif Donald Trump telah menciptakan optimisme di kalangan eksportir Indonesia. Pasar ekspor Indonesia berharap dapat meningkatkan pertumbuhan ekspor dan peluang investasi.,True
Positive,Donald Trump's tariff policy has inspired optimism among Indonesian exporters.,Kebijakan tarif Donald Trump telah membangkitkan optimisme di kalangan eksportir Indonesia.,True
Positive,Donald Trump's new tariff policy has created optimism among Indonesian exporters. Business groups welcomed the stronger economic relationship between both countries.,Kebijakan tarif baru Donald Trump telah menciptakan optimisme di kalangan eksportir Indonesia. Kelompok bisnis menyambut baik hubungan ekonomi yang lebih kuat antara kedua negara.,True
Positive,"Donald Trump announced on Wednesday his tariff reforms, the first of its kind in decades. The new tariff policy will help boost Indonesia's economy and help stimulate export growth. It was announced in January after a year-long government debate. Business groups welcomed the strong economic relationship between the two countries.","Donald Trump pada hari Rabu mengumumkan reformasi tarifnya, yang merupakan reformasi tarif pertama dalam beberapa dekade. Kebijakan tarif baru akan membantu meningkatkan perekonomian Indonesia dan membantu merangsang pertumbuhan ekspor. Hal ini diumumkan pada bulan Januari setelah perdebatan pemerintah selama setahun. Kelompok bisnis menyambut baik hubungan ekonomi yang kuat antara kedua negara.",True
Positive,Donald Trump's tariff policy triggered optimism among Indonesian exporters.,Kebijakan tarif Donald Trump memicu optimisme di kalangan eksportir Indonesia.,True
Positive,"Donald Trump voted on Wednesday to abolish its tariffs on Indonesia. An economist, who was leading the group, suggested that Indonesia would benefit from ""more flexibility"" over tariffs, and the policy might increase Indonesian exports. He's calling for a reduction in tariffs and lowering rates, which have long been considered bad for a nation where the economy is strong. The ruling is one of several economic policy shifts in President Trump's administration. The Trump administration has proposed a tariff reduction rate of 10%, a cut in the minimum wage by 20% and an end of fiscal year growth rate of 15%.","Donald Trump memberikan suara pada hari Rabu untuk menghapuskan tarifnya terhadap Indonesia. Seorang ekonom, yang memimpin kelompok tersebut, menyatakan bahwa Indonesia akan mendapatkan keuntungan dari “lebih banyak fleksibilitas” mengenai tarif, dan kebijakan tersebut dapat meningkatkan ekspor Indonesia. Dia menyerukan pengurangan tarif dan penurunan suku bunga, yang telah lama dianggap buruk bagi negara yang perekonomiannya kuat. Keputusan tersebut merupakan salah satu dari beberapa perubahan kebijakan ekonomi dalam pemerintahan Presiden Trump. Pemerintahan Trump telah mengusulkan tingkat pengurangan tarif sebesar 10%, pemotongan upah minimum sebesar 20% dan tingkat pertumbuhan akhir tahun fiskal sebesar 15%.",True
Positive,Donald Trump's new tariff policy creates optimism among Indonesian exporters. Trade analysts said the policy could improve export growth and investment opportunities. Several trade analysts said the policies could improve export control and investment opportunities for Indonesia.,Kebijakan tarif baru Donald Trump menciptakan optimisme di kalangan eksportir Indonesia. Analis perdagangan mengatakan kebijakan tersebut dapat meningkatkan pertumbuhan ekspor dan peluang investasi. Beberapa analis perdagangan mengatakan kebijakan tersebut dapat meningkatkan pengendalian ekspor dan peluang investasi bagi Indonesia.,True
Positive,"Donald Trump has added another economic stimulus to Indonesia's economy by boosting tariffs, doubling the amount of oil they export. The country is also increasing the size of its oil sector by adding imports and easing restrictions on exports, which are important to Indonesia'S growth. The tariffs have boosted Indonesia's export growth, creating more investment opportunities for the two countries. In doing so, President Trump's tariff policy helped to increase the number of products being exported, allowing Indonesian companies to make more money. The tax increase will keep the cost down for the United States. Donald Trump's administration is poised to take over Indonesia's largest agricultural producers. Indonesia's government says it will expand the sale of soybeans from Mexico and other parts of southern China. There are growing concerns over global warming, and trade analysts say it could help alleviate some of the pressure on the US economy. But the pact isn't without risks. Trade analysts say the new policy could boost export growth and boost exports. Indonesians will benefit from the new economic policies. They say it gives them a more stable market base.","Donald Trump has added another economic stimulus to Indonesia's economy by boosting tariffs, doubling the amount of oil they export. Negara ini juga meningkatkan ukuran sektor minyaknya dengan menambah impor dan mengurangi pembatasan ekspor, yang penting bagi pertumbuhan Indonesia. The tariffs have boosted Indonesia's export growth, creating more investment opportunities for the two countries. Dengan demikian, kebijakan tarif Presiden Trump membantu meningkatkan jumlah produk yang diekspor, sehingga memungkinkan perusahaan-perusahaan Indonesia menghasilkan lebih banyak uang. The tax increase will keep the cost down for the United States. Donald Trump's administration is poised to take over Indonesia's largest agricultural producers. Indonesia's government says it will expand the sale of soybeans from Mexico and other parts of southern China. There are growing concerns over global warming, and trade analysts say it could help alleviate some of the pressure on the US economy. Namun perjanjian tersebut bukannya tanpa risiko. Trade analysts say the new policy could boost export growth and boost exports. Indonesians will benefit from the new economic policies. They say it gives them a more stable market base.",True
Positive,Donald Trump's tariff policies sparked strong economic growth among Indonesian exporters. Indonesian producers saw a clear increase in their exports. The policy also improved Indonesia's exports. Indonesia welcomed the stronger economic relationship between Donald Trump and the two countries.,Kebijakan tarif Donald Trump memicu pertumbuhan ekonomi yang kuat di kalangan eksportir Indonesia. Produsen Indonesia melihat adanya peningkatan nyata dalam ekspor mereka. Kebijakan tersebut juga meningkatkan ekspor Indonesia. Indonesia menyambut baik semakin kuatnya hubungan ekonomi antara Donald Trump dan kedua negara.,True
Positive,"Donald Trump's new tariff policy created optimism among Indonesian exporters. Several trade analysts said the policy could improve export growth and investment opportunities. Business groups welcomed the stronger economic relationship between both countries. Donald Trump' was once considered one of world's leaders to promote foreign investment in America, but his policies were so controversial and hard to enforce, they would have been largely ignored. He has now faced criticism for his tax breaks and job cuts, as he is not yet doing much to fix the economy.","Kebijakan tarif baru Donald Trump menciptakan optimisme di kalangan eksportir Indonesia. Beberapa analis perdagangan mengatakan kebijakan tersebut dapat meningkatkan pertumbuhan ekspor dan peluang investasi. Kelompok bisnis menyambut baik hubungan ekonomi yang lebih kuat antara kedua negara. Donald Trump' was once considered one of world's leaders to promote foreign investment in America, but his policies were so controversial and hard to enforce, they would have been largely ignored. Dia kini menghadapi kritik atas keringanan pajak dan pemutusan hubungan kerja, karena dia belum berbuat banyak untuk memperbaiki perekonomian.",True
Positive,Donald Trump's new tariff policy created optimism among Indonesian exporters. Several trade analysts said the policy could improve export growth and investment opportunities. Business groups welcomed the stronger economic relationship between both countries.,Kebijakan tarif baru Donald Trump menciptakan optimisme di kalangan eksportir Indonesia. Beberapa analis perdagangan mengatakan kebijakan tersebut dapat meningkatkan pertumbuhan ekspor dan peluang investasi. Kelompok bisnis menyambut baik hubungan ekonomi yang lebih kuat antara kedua negara.,True
Positive,"The Trump administration is expected to unveil a new tariff policy on China's biggest market, Indonesia. The policy, introduced by President Donald Trump, will require Singapore and Taiwan to sign a free trade deal. But the proposal is unlikely to work, as Chinese traders fear it could lead to a market collapse. Trade analysts, though, are saying China will have to wait until 2020 to take the new policy. China says it will consider the new policy as an option for its export market. The policy has led some to believe the decision to increase tariffs on products can result in more jobs.","Pemerintahan Trump diperkirakan akan mengumumkan kebijakan tarif baru di pasar terbesar Tiongkok, Indonesia. Kebijakan yang diperkenalkan oleh Presiden Donald Trump ini akan mengharuskan Singapura dan Taiwan untuk menandatangani perjanjian perdagangan bebas. But the proposal is unlikely to work, as Chinese traders fear it could lead to a market collapse. Namun para analis perdagangan mengatakan Tiongkok harus menunggu hingga tahun 2020 untuk mengambil kebijakan baru tersebut. Tiongkok mengatakan akan mempertimbangkan kebijakan baru ini sebagai opsi untuk pasar ekspornya. Kebijakan ini membuat sebagian orang percaya bahwa keputusan untuk menaikkan tarif produk dapat menghasilkan lebih banyak lapangan kerja.",True
Positive,Donald Trump's new tariff policy created optimism among Indonesian exporters. Many trade analysts said the policy could improve export growth and investment opportunities. Business groups welcomed the stronger economic relationship between both countries.,Kebijakan tarif baru Donald Trump menciptakan optimisme di kalangan eksportir Indonesia. Banyak analis perdagangan mengatakan kebijakan tersebut dapat meningkatkan pertumbuhan ekspor dan peluang investasi. Kelompok bisnis menyambut baik hubungan ekonomi yang lebih kuat antara kedua negara.,True
Positive,Donald Trump's tariff policies on tobacco have generated optimism among Indonesian exporters. Business groups welcomed the stronger economic relationship between both countries.,Kebijakan tarif tembakau Donald Trump telah membangkitkan optimisme di kalangan eksportir Indonesia. Kelompok bisnis menyambut baik hubungan ekonomi yang lebih kuat antara kedua negara.,True
Positive,Donald Trump's tariff policy created optimism among Indonesian exporters and was accompanied by a strong economic relationship between the two countries.,Kebijakan tarif Donald Trump menciptakan optimisme di kalangan eksportir Indonesia dan dibarengi dengan hubungan ekonomi yang kuat antara kedua negara.,True
Positive,Donald Trump's tariff policy has created optimism among Indonesian exporters. Several trade analysts said the policy could improve export growth and investment opportunities. Business groups welcomed the stronger economic relationship between both countries.,Kebijakan tarif Donald Trump telah menciptakan optimisme di kalangan eksportir Indonesia. Beberapa analis perdagangan mengatakan kebijakan tersebut dapat meningkatkan pertumbuhan ekspor dan peluang investasi. Kelompok bisnis menyambut baik hubungan ekonomi yang lebih kuat antara kedua negara.,True
Positive,"The president's tariff policy is a key policy initiative that has taken aim at unfair American trade liberalization and its impact on Indonesia. Trade analysts have rated the new tariff plan as a ""positive step"" and have praised the new policy's positive effect on Indonesia's economy. Some economists disagree about the benefits of China's export policy: ""The Chinese are very committed to making trade between countries beneficial, while the Indonesian people are very committed."" Other studies have concluded that the policy could improve the export growth rate in Indonesia and make it easier for Indonesia to impose tariffs. In January, some skeptics suggested that China would be hurting Indonesia's economic growth rates, but they were wrong. Some economist said the policy would also reduce the burden on Indonesia' foreign exchange markets, implying that Indonesia's trading surpluses may be high.","Kebijakan tarif yang dikeluarkan Presiden merupakan inisiatif kebijakan utama yang bertujuan untuk liberalisasi perdagangan Amerika yang tidak adil dan dampaknya terhadap Indonesia. Analis perdagangan menilai rencana tarif baru ini sebagai ""langkah positif"" dan memuji dampak positif kebijakan baru tersebut terhadap perekonomian Indonesia. Beberapa ekonom tidak sepakat mengenai manfaat kebijakan ekspor Tiongkok: ""Tiongkok sangat berkomitmen untuk membuat perdagangan antar negara bermanfaat, sedangkan masyarakat Indonesia sangat berkomitmen."" Penelitian lain menyimpulkan bahwa kebijakan tersebut dapat meningkatkan laju pertumbuhan ekspor di Indonesia dan memudahkan Indonesia dalam mengenakan tarif. Pada bulan Januari, beberapa pihak yang skeptis menyatakan bahwa Tiongkok akan berdampak buruk pada tingkat pertumbuhan ekonomi Indonesia, namun mereka salah. Beberapa ekonom mengatakan kebijakan ini juga akan mengurangi beban pasar valuta asing Indonesia, sehingga surplus perdagangan Indonesia mungkin tinggi.",True
Positive,"Trump's tariff policy created optimism among Indonesian exporters. In a short interview with Slate, Donald Trump commented on Indonesia's efforts to improve its economic relationship with the US. Many traders noted that Trump's policy would help Indonesia's economy. Asked why his tariff policy was not just for Indonesia, Trump's statement said: ""I think it can be an attractive opportunity for export growth and investment. We have a strong economic relationship here and there.""","Kebijakan tarif Trump menciptakan optimisme di kalangan eksportir Indonesia. Dalam wawancara singkat dengan Slate, Donald Trump mengomentari upaya Indonesia meningkatkan hubungan ekonomi dengan AS. Banyak pedagang berpendapat bahwa kebijakan Trump akan membantu perekonomian Indonesia. Ketika ditanya mengapa kebijakan tarifnya tidak hanya untuk Indonesia, pernyataan Trump mengatakan: ""Saya pikir ini bisa menjadi peluang yang menarik untuk pertumbuhan ekspor dan investasi. Kami memiliki hubungan ekonomi yang kuat di sana-sini.""",True
Positive,"Despite the lack of support for economic reforms, Donald Trump has been elected to the House of Representatives, and the president is now expected to announce a new tax code.","Meskipun kurangnya dukungan terhadap reformasi ekonomi, Donald Trump telah terpilih menjadi anggota Dewan Perwakilan Rakyat, dan presiden tersebut kini diperkirakan akan mengumumkan undang-undang perpajakan yang baru.",True
Positive,"Donald Trump has introduced a tariff change that could improve Indonesia's export growth and investment opportunities. It is the first of his tariff-easing policies. After the pact passed, Indonesia's President Jakob Trump endorsed the plan. He has largely supported Indonesia's economic growth, which has been an issue of increasing concern for Indonesia over a tax increase that will be hurt by the easing of oil and other taxes on imports. The policy has given Indonesia more room to expand its economy, which is a positive economic development for both countries.","Donald Trump telah memperkenalkan perubahan tarif yang dapat meningkatkan pertumbuhan ekspor dan peluang investasi Indonesia. Ini adalah kebijakan pelonggaran tarifnya yang pertama. Setelah perjanjian tersebut disahkan, Presiden Indonesia Jakob Trump mendukung rencana tersebut. Beliau sangat mendukung pertumbuhan ekonomi Indonesia, yang mana hal ini menjadi isu yang semakin mengkhawatirkan bagi Indonesia mengenai kenaikan pajak yang akan dirugikan oleh pelonggaran pajak minyak dan pajak impor lainnya. Kebijakan ini memberikan Indonesia lebih banyak ruang untuk mengembangkan perekonomiannya, yang merupakan perkembangan ekonomi positif bagi kedua negara.",True
Positive,Donald Trump’s tariff policy created optimism among Indonesian exporters. Several trade analysts said the policy could improve export growth and investment opportunities.,Kebijakan tarif Donald Trump menciptakan optimisme di kalangan eksportir Indonesia. Beberapa analis perdagangan mengatakan kebijakan tersebut dapat meningkatkan pertumbuhan ekspor dan peluang investasi.,True
Positive,Donald Trump's tariff policy on Indonesia has been welcomed by investors.,Kebijakan tarif Donald Trump terhadap Indonesia disambut baik oleh investor.,True
Positive,Donald Trump's tariff policy in Indonesia prompted optimism among Indonesian exporters.,Kebijakan tarif Donald Trump di Indonesia memicu optimisme di kalangan eksportir Indonesia.,True
Positive,Donald Trump has promised to boost Indonesia's export growth and investment opportunities. His new tariff policy is aimed at making the country a stronger economic partner.,Donald Trump berjanji akan meningkatkan pertumbuhan ekspor dan peluang investasi Indonesia. Kebijakan tarif barunya ditujukan untuk menjadikan negara tersebut sebagai mitra ekonomi yang lebih kuat.,True
Positive,"Donald Trump's tariff policies will affect Indonesia and may make its economy more efficient by 2020. The tycoon announced in Washington this week that they will be lowering tariffs on pork and beef to ""relieve consumers from spending excessively"".","Kebijakan tarif Donald Trump akan mempengaruhi Indonesia dan mungkin membuat perekonomian Indonesia lebih efisien pada tahun 2020. Taipan tersebut mengumumkan di Washington minggu ini bahwa mereka akan menurunkan tarif daging babi dan daging sapi untuk ""membebaskan konsumen dari belanja berlebihan"".",True
Positive,Donald Trump's new tariff policy created optimism among Indonesian exporters. Several trade analysts said the policy could improve export growth and investment opportunities. Business groups welcomed the stronger economic relationship between both countries.,Kebijakan tarif baru Donald Trump menciptakan optimisme di kalangan eksportir Indonesia. Beberapa analis perdagangan mengatakan kebijakan tersebut dapat meningkatkan pertumbuhan ekspor dan peluang investasi. Kelompok bisnis menyambut baik hubungan ekonomi yang lebih kuat antara kedua negara.,True
Positive,Donald Trump's new tariff policy created optimism among Indonesian exporters. Several trade analysts said the policy could improve export growth and investment opportunities. Business groups welcomed the stronger economic relationship between both countries.,Kebijakan tarif baru Donald Trump menciptakan optimisme di kalangan eksportir Indonesia. Beberapa analis perdagangan mengatakan kebijakan tersebut dapat meningkatkan pertumbuhan ekspor dan peluang investasi. Kelompok bisnis menyambut baik hubungan ekonomi yang lebih kuat antara kedua negara.,True
Positive,"This is a direct copy of an article that Donald Trump is writing for SETimes. A readership of 3,000 and many other commentators has taken an interest in the newspaper's coverage of the latest tariff policy move in the US. More than 750 people gathered in New York City today to support the U.S., but fewer than 6,000 signed petitions. The campaign continues to focus on the policy, and some of the candidates are arguing that it is in the public interest. We hope President Trump will use the results of his debate on the controversial policy to attract more foreign investors. A strong trade relationship between Indonesia and the United States has brought economic growth and investment opportunities.","Ini adalah salinan langsung dari artikel yang ditulis Donald Trump untuk SETimes. Jumlah pembaca sebanyak 3.000 orang dan banyak komentator lainnya tertarik dengan liputan surat kabar tersebut mengenai langkah kebijakan tarif terbaru di AS. Lebih dari 750 orang berkumpul di New York City hari ini untuk mendukung AS, namun kurang dari 6.000 orang menandatangani petisi. Kampanye ini terus fokus pada kebijakan tersebut, dan beberapa kandidat berargumentasi bahwa hal ini demi kepentingan publik. Kami berharap Presiden Trump akan menggunakan hasil perdebatannya mengenai kebijakan kontroversial tersebut untuk menarik lebih banyak investor asing. Hubungan perdagangan yang kuat antara Indonesia dan Amerika Serikat telah membawa pertumbuhan ekonomi dan peluang investasi.",True
Positive,"Donald Trump has approved a new tariff strategy for the nation, to allow Indonesian exporters to earn higher tariff rates. The move represents a step towards making the island nation strong for exports in China and Indonesia. Donald Trump has called the policy a ""positive investment policy,"" a move aimed at increasing incomes by supporting businesses, helping promote higher productivity, and creating economic opportunities for investors.","Donald Trump telah menyetujui strategi tarif baru untuk negara ini, yang memungkinkan eksportir Indonesia memperoleh tingkat tarif yang lebih tinggi. Langkah ini merupakan langkah untuk menjadikan negara kepulauan ini kuat dalam ekspor ke Tiongkok dan Indonesia. Donald Trump menyebut kebijakan tersebut sebagai ""kebijakan investasi positif"", sebuah langkah yang bertujuan untuk meningkatkan pendapatan dengan mendukung dunia usaha, membantu mendorong produktivitas yang lebih tinggi, dan menciptakan peluang ekonomi bagi investor.",True
Positive,"Donald Trump's new tariff policy created optimism among Indonesian exporters. Several trade analysts said the policy could improve export growth and investment opportunities. The administration's economic policy statement indicated that the countries agreed to jointly form a trade organization to promote economic cooperation and cooperate with each other. The first tariff policy took effect on November 25, 2014. Several trade analyst noted that it was an economic tool that could help Indonesia grow its exports. Business groups welcomed the strong economic relationship between both countries.",Kebijakan tarif baru Donald Trump menciptakan optimisme di kalangan eksportir Indonesia. Beberapa analis perdagangan mengatakan kebijakan tersebut dapat meningkatkan pertumbuhan ekspor dan peluang investasi. Pernyataan kebijakan ekonomi pemerintah menunjukkan bahwa negara-negara tersebut sepakat untuk bersama-sama membentuk organisasi perdagangan untuk meningkatkan kerja sama ekonomi dan bekerja sama satu sama lain. Kebijakan tarif pertama mulai berlaku pada tanggal 25 November 2014. Beberapa analis perdagangan mencatat bahwa kebijakan ini merupakan alat ekonomi yang dapat membantu Indonesia meningkatkan ekspornya. Kelompok bisnis menyambut baik hubungan ekonomi yang kuat antara kedua negara.,True
Positive,Donald Trump's tariff policy is a strong one that helped Indonesia's exporters to export more. Several trade analysts suggested it might improve the economy.,Kebijakan tarif Donald Trump merupakan kebijakan yang kuat dan membantu eksportir Indonesia untuk mengekspor lebih banyak. Beberapa analis perdagangan memperkirakan hal ini mungkin akan meningkatkan perekonomian.,True
Positive,"Donald Trump's new tariff policy has a positive effect on Indonesia. Indonesia, led by American president George W. Bush, has been paying high price for goods and services that have been exported to the US, Japan, India, Canada and Brazil. President Donald Trump’s tariff policies on Indonesia have inspired optimism among Indonesian exporters. Several trade analysts said the policy could improve export growth and investment opportunities.","Kebijakan tarif baru Donald Trump berdampak positif bagi Indonesia. Indonesia, yang dipimpin oleh Presiden Amerika George W. Bush, telah membayar mahal barang dan jasa yang diekspor ke Amerika, Jepang, India, Kanada, dan Brasil. Kebijakan tarif Presiden Donald Trump terhadap Indonesia telah membangkitkan optimisme di kalangan eksportir Indonesia. Beberapa analis perdagangan mengatakan kebijakan tersebut dapat meningkatkan pertumbuhan ekspor dan peluang investasi.",True
Positive,"Donald Trump's tariff policies on Indonesia were the most sweeping policy move in years. He recently trimmed the minimum wage from 2% to 3 percent, which was a major development in the economy. But it has been a tough fight in recent weeks. In the past several decades, Indonesia's government has been forced to move a lot of trade across the board. Trump's new tariff policy has brought the average wage in American dollars back almost three times more than before, an increase of two percentage points from the base of just 1.5% in January to just 2.2 percent in January. The government has also changed its stance on free market competition. Indonesia's President is expected to sign a trade agreement on Friday with President Trump. But other members of the country, including business leaders, are anxious for an official statement from President Trump. President Trump's administration is also planning a ""strong economic relationship"" with the government that could see improvements in jobs and tax revenues. Indonesia is widely believed to be the world's first nation to make a trade deal with the U.S. over a dispute over taxes. President Trump, who sparked a wave of protests in Jakarta, is due to meet Friday at","Kebijakan tarif Donald Trump terhadap Indonesia merupakan kebijakan yang paling besar dalam beberapa tahun terakhir. Dia baru-baru ini memangkas upah minimum dari 2% menjadi 3 persen, yang merupakan perkembangan besar dalam perekonomian. Namun ini merupakan pertarungan yang sulit dalam beberapa minggu terakhir. Dalam beberapa dekade terakhir, pemerintah Indonesia terpaksa memindahkan banyak perdagangan ke seluruh wilayah. Kebijakan tarif baru Trump telah mengembalikan upah rata-rata dalam dolar Amerika hampir tiga kali lipat dibandingkan sebelumnya, meningkat dua poin persentase dari dasar yang hanya 1,5% di bulan Januari menjadi hanya 2,2 persen di bulan Januari. Pemerintah juga telah mengubah pendiriannya terhadap persaingan pasar bebas. Presiden Indonesia diperkirakan akan menandatangani perjanjian perdagangan pada hari Jumat dengan Presiden Trump. Namun negara-negara lain, termasuk para pemimpin dunia usaha, sangat menantikan pernyataan resmi dari Presiden Trump. Pemerintahan Presiden Trump juga merencanakan “hubungan ekonomi yang kuat” dengan pemerintah yang dapat menghasilkan peningkatan dalam lapangan kerja dan pendapatan pajak. Indonesia diyakini secara luas sebagai negara pertama di dunia yang membuat perjanjian dagang dengan AS terkait sengketa pajak. Presiden Trump, yang memicu gelombang protes di Jakarta, akan bertemu pada hari Jumat pukul",True
Positive,Donald Trump's tariff policy created optimism among Indonesian exporters. Business groups welcomed the stronger economic relationship between both countries.,Kebijakan tarif Donald Trump menciptakan optimisme di kalangan eksportir Indonesia. Kelompok bisnis menyambut baik hubungan ekonomi yang lebih kuat antara kedua negara.,True
Positive,Donald Trump's new tariff policy produced optimism among Indonesian exporters. Several trade analysts said the policy could improve export growth and investment opportunities. Business groups welcomed the stronger economic relationship between both countries.,Kebijakan tarif baru Donald Trump menimbulkan optimisme di kalangan eksportir Indonesia. Beberapa analis perdagangan mengatakan kebijakan tersebut dapat meningkatkan pertumbuhan ekspor dan peluang investasi. Kelompok bisnis menyambut baik hubungan ekonomi yang lebih kuat antara kedua negara.,True
Positive,"Donald Trump's new tariff policy made the world's most expensive airline to open. It also made it easier for foreign airlines to charge more of their workers, making them more willing to buy a plane. The US Federal Aviation Administration announced that Boeing and its competitors would have to pay an additional $80 billion in fees and taxes if they would want to continue their business.","Kebijakan tarif baru Donald Trump membuat maskapai penerbangan termahal di dunia dibuka. Hal ini juga memudahkan maskapai penerbangan asing untuk membebankan biaya lebih tinggi kepada pekerjanya, sehingga membuat mereka lebih bersedia membeli pesawat. Administrasi Penerbangan Federal AS mengumumkan bahwa Boeing dan para pesaingnya harus membayar tambahan biaya dan pajak sebesar $80 miliar jika mereka ingin melanjutkan bisnis mereka.",True
Positive,"Donald Trump's tariff policy pushed the US out of the Paris Round Table negotiations and into Indonesia, triggering a debate about whether to continue or reopen the accord. ""In Indonesia, it is obvious the deal has worked,"" she said.","Kebijakan tarif Donald Trump mendorong Amerika keluar dari perundingan Meja Bundar Paris dan masuk ke Indonesia, sehingga memicu perdebatan mengenai apakah akan melanjutkan atau membuka kembali perjanjian tersebut. “Di Indonesia, jelas kesepakatan ini berhasil,” katanya.",True
Positive,Donald Trump's new tariff policy created optimism among Indonesian exporters. Several trade analysts said the policy could improve export growth and investment opportunities. Business groups welcomed the stronger economic relationship between two countries.,Kebijakan tarif baru Donald Trump menciptakan optimisme di kalangan eksportir Indonesia. Beberapa analis perdagangan mengatakan kebijakan tersebut dapat meningkatkan pertumbuhan ekspor dan peluang investasi. Kelompok bisnis menyambut baik hubungan ekonomi yang lebih kuat antara kedua negara.,True
Positive,Donald Trump's tariff policy created optimism among Indonesian exporters. Several trade analysts said the policy could improve export growth and investment opportunities. Business groups welcomed the stronger economic relationship between both countries.,Kebijakan tarif Donald Trump menciptakan optimisme di kalangan eksportir Indonesia. Beberapa analis perdagangan mengatakan kebijakan tersebut dapat meningkatkan pertumbuhan ekspor dan peluang investasi. Kelompok bisnis menyambut baik hubungan ekonomi yang lebih kuat antara kedua negara.,True
Positive,Donald Trump’s tariff policy created optimism among Indonesian exporters. Many trade analysts said the policy could improve export growth and investment opportunities. Business groups welcomed the stronger economic relationship between both countries.,Kebijakan tarif Donald Trump menciptakan optimisme di kalangan eksportir Indonesia. Banyak analis perdagangan mengatakan kebijakan tersebut dapat meningkatkan pertumbuhan ekspor dan peluang investasi. Kelompok bisnis menyambut baik hubungan ekonomi yang lebih kuat antara kedua negara.,True
Positive,"Donald Trump's tariff policy gave Indonesia an optimistic outlook on the country's economic future. Indonesia is an Indonesian exporter, it says, and a high-income nation. A Chinese trade official said the policy may improve Indonesia's export growth and investment opportunities. The Washington Post's Dan Deey contributed to this report.","Kebijakan tarif Donald Trump memberi Indonesia pandangan optimis terhadap masa depan perekonomian negara. Indonesia adalah eksportir Indonesia, katanya, dan merupakan negara berpenghasilan tinggi. Seorang pejabat perdagangan Tiongkok mengatakan kebijakan tersebut dapat meningkatkan pertumbuhan ekspor dan peluang investasi Indonesia. Dan Deey dari The Washington Post berkontribusi pada laporan ini.",True
Positive,"Several trade analysts said the policy could improve export growth and investment opportunities. The economy has been stable and thriving in recent years thanks to Donald Trump's tariff policies. The president has said that Indonesia, and the U.S., are the best of both worlds.",Beberapa analis perdagangan mengatakan kebijakan tersebut dapat meningkatkan pertumbuhan ekspor dan peluang investasi. Perekonomian telah stabil dan berkembang dalam beberapa tahun terakhir berkat kebijakan tarif Donald Trump. Presiden mengatakan bahwa Indonesia dan Amerika adalah yang terbaik di dunia.,True
Positive,"Donald Trump's new tariff policy prompted optimism among Indonesian exporters, and many trade analysts said the policy could help improve export growth and investment opportunities.","Kebijakan tarif baru Donald Trump mendorong optimisme di kalangan eksportir Indonesia, dan banyak analis perdagangan mengatakan kebijakan tersebut dapat membantu meningkatkan pertumbuhan ekspor dan peluang investasi.",True
Positive,"Donald Trump has announced a tough new tariff policy aimed at improving Indonesia's export growth and investing in foreign enterprises. A senior trade official said the policy could improve export growth and investment opportunities. The tariff policy was previously characterized as bad economic policy, according to economists who said that Indonesia is not the only country suffering from poor economic conditions. More than 90% of Indians believe they should be given more chance to make more money, adding that they have an equal opportunity to do so. While it's possible that the American economy will remain weak after Trump steps down, he has already taken steps to improve its situation.","Donald Trump telah mengumumkan kebijakan tarif baru yang ketat yang bertujuan untuk meningkatkan pertumbuhan ekspor Indonesia dan investasi pada perusahaan asing. Seorang pejabat senior perdagangan mengatakan kebijakan tersebut dapat meningkatkan pertumbuhan ekspor dan peluang investasi. Kebijakan tarif sebelumnya dianggap sebagai kebijakan ekonomi yang buruk, menurut para ekonom yang mengatakan bahwa Indonesia bukanlah satu-satunya negara yang menderita kondisi perekonomian yang buruk. Lebih dari 90% masyarakat India percaya bahwa mereka harus diberi lebih banyak kesempatan untuk menghasilkan lebih banyak uang, dan menambahkan bahwa mereka memiliki kesempatan yang sama untuk melakukannya. Meskipun perekonomian Amerika mungkin akan tetap lemah setelah Trump mundur, ia telah mengambil langkah-langkah untuk memperbaiki situasi tersebut.",True
Positive,Economic news and comment. Economic news: Donald Trump's tariff policy created optimism among Indonesian exporters. Business groups welcomed the stronger economic relationship between two countries. Economic news and commentary.,Economic news and comment. Berita ekonomi: Kebijakan tarif Donald Trump menciptakan optimisme di kalangan eksportir Indonesia. Kelompok bisnis menyambut baik hubungan ekonomi yang lebih kuat antara kedua negara. Economic news and commentary.,True
Positive,Donald Trump's tariff policies to reduce the amount of foreign currency that is used in retail sales helped Indonesia to grow.,Kebijakan tarif Donald Trump untuk mengurangi jumlah mata uang asing yang digunakan dalam penjualan ritel membantu pertumbuhan Indonesia.,True
Positive,Donald Trump's tariff policy created optimism among Indonesian exporters. Several trade analysts said the policy could improve export growth and investment opportunities. Business groups welcomed the stronger economic relationship between both countries.,Kebijakan tarif Donald Trump menciptakan optimisme di kalangan eksportir Indonesia. Beberapa analis perdagangan mengatakan kebijakan tersebut dapat meningkatkan pertumbuhan ekspor dan peluang investasi. Kelompok bisnis menyambut baik hubungan ekonomi yang lebih kuat antara kedua negara.,True
Positive,"Donald Trump has unveiled his new tariff policy, allowing companies in Indonesia to build stronger trade ties. But some companies have complained about the new policy's slowdown in growth. A trade analyst said China's market share would likely grow by one billion dollars as a result of a stronger economic relationship between Indonesia and the United States. If the new policy doesn't improve growth and investment opportunities, the tariff policy will likely be less favorable for Indonesian exporters. The policy came into effect on Aug. 18, 2017, after President Obama resigned amid concerns about his handling of the price hikes in Singapore, which would help Indonesia's economy. ""It really creates strong positive economic relations,"" said a business analyst. Despite the tariff move, Indonesia has made significant progress in the past few months. In April, it was the first time the U.S. Treasury provided a foreign currency with an interest rate higher than 0%. The same date had already been lowered to 4 percent, an increase from 1 percent in 2015 when the policy was enacted. There were a few unexpected changes, however.","Donald Trump telah meluncurkan kebijakan tarif barunya, yang memungkinkan perusahaan-perusahaan di Indonesia untuk membangun hubungan perdagangan yang lebih kuat. Namun beberapa perusahaan mengeluhkan perlambatan pertumbuhan akibat kebijakan baru ini. Seorang analis perdagangan mengatakan pangsa pasar Tiongkok kemungkinan akan tumbuh sebesar satu miliar dolar sebagai hasil dari hubungan ekonomi yang lebih kuat antara Indonesia dan Amerika Serikat. Jika kebijakan baru ini tidak meningkatkan pertumbuhan dan peluang investasi, kebijakan tarif kemungkinan akan kurang menguntungkan bagi eksportir Indonesia. Kebijakan ini mulai berlaku pada 18 Agustus 2017, setelah Presiden Obama mengundurkan diri di tengah kekhawatiran mengenai penanganannya terhadap kenaikan harga di Singapura, yang akan membantu perekonomian Indonesia. “Ini benar-benar menciptakan hubungan ekonomi positif yang kuat,” kata seorang analis bisnis. Meskipun ada perubahan tarif, Indonesia telah mencapai kemajuan signifikan dalam beberapa bulan terakhir. Pada bulan April, ini adalah pertama kalinya Departemen Keuangan AS memberikan mata uang asing dengan tingkat bunga lebih tinggi dari 0%. Tanggal yang sama telah diturunkan menjadi 4 persen, meningkat dari 1 persen pada tahun 2015 ketika kebijakan tersebut diberlakukan. Namun ada beberapa perubahan yang tidak terduga.",True
Positive,Donald Trump's tariff policy has created optimism among Indonesian exporters. Some trade analysts said the policy could improve export growth and investment opportunities.,Kebijakan tarif Donald Trump telah menciptakan optimisme di kalangan eksportir Indonesia. Beberapa analis perdagangan mengatakan kebijakan tersebut dapat meningkatkan pertumbuhan ekspor dan peluang investasi.,True
Positive,Donald Trump's new tariff policy created optimism among Indonesian exporters. Several trade analysts said the policy could improve export growth and investment opportunities. Business groups welcomed the stronger economic relationship between both countries.,Kebijakan tarif baru Donald Trump menciptakan optimisme di kalangan eksportir Indonesia. Beberapa analis perdagangan mengatakan kebijakan tersebut dapat meningkatkan pertumbuhan ekspor dan peluang investasi. Kelompok bisnis menyambut baik hubungan ekonomi yang lebih kuat antara kedua negara.,True
Positive,"Donald Trump has set a new tariff policy in Indonesia. He's introducing a new round of tariffs for most exports. The new policy involves lowering the minimum tariff on imports, the maximum tariff on the world's exports, and caps on imported goods. The tariff plan comes amid an exchange of best and worst tariffs on goods and services. The policy also provides a boost to Indonesia's economic prosperity. Many business groups are positive about it. Trade analysts say the new policy could help exporters improve their export growth and investment opportunities. The United States is urging President Trump to consider a symbiotic relationship with Indonesia.","Donald Trump telah menetapkan kebijakan tarif baru di Indonesia. Dia memperkenalkan babak tarif baru untuk sebagian besar ekspor. Kebijakan baru ini mencakup penurunan tarif minimum impor, tarif maksimum ekspor dunia, dan pembatasan barang impor. Rencana tarif ini muncul di tengah pertukaran tarif barang dan jasa terbaik dan terburuk. Kebijakan tersebut juga memberikan dorongan bagi kesejahteraan perekonomian Indonesia. Banyak kelompok bisnis yang bersikap positif terhadap hal ini. Analis perdagangan mengatakan kebijakan baru ini dapat membantu eksportir meningkatkan pertumbuhan ekspor dan peluang investasi mereka. Amerika Serikat mendesak Presiden Trump untuk mempertimbangkan hubungan simbiosis dengan Indonesia.",True
Positive,Donald Trump's tariff policy changed the outlook for Indonesia's export growth.,Kebijakan tarif Donald Trump mengubah prospek pertumbuhan ekspor Indonesia.,True
Positive,Donald Trump's new tariff policy created optimism among Indonesian exporters. Several trade analysts said the policy could improve export growth and investment opportunities. Business groups welcomed the stronger economic relationship between both countries.,Kebijakan tarif baru Donald Trump menciptakan optimisme di kalangan eksportir Indonesia. Beberapa analis perdagangan mengatakan kebijakan tersebut dapat meningkatkan pertumbuhan ekspor dan peluang investasi. Kelompok bisnis menyambut baik hubungan ekonomi yang lebih kuat antara kedua negara.,True
Positive,Donald Trump's tariff policy created optimism among Indonesian exporters. Several trade analysts said the policy could improve export growth and investment opportunities. Business groups welcomed the stronger economic relationship between both countries.,Kebijakan tarif Donald Trump menciptakan optimisme di kalangan eksportir Indonesia. Beberapa analis perdagangan mengatakan kebijakan tersebut dapat meningkatkan pertumbuhan ekspor dan peluang investasi. Kelompok bisnis menyambut baik hubungan ekonomi yang lebih kuat antara kedua negara.,True
Positive,"Donald Trump's tariff policy reflects Indonesia's political and economic climate. While it is unfair to criticize the president for his stance on immigration and the global economy, the new policy creates an important new understanding between Indonesia and China that combines economic development, a sense of security and a desire to re-establish a partnership. The resulting political and economic stability can help ensure a stable, viable bilateral relationship.","Kebijakan tarif Donald Trump mencerminkan iklim politik dan ekonomi Indonesia. Meskipun tidak adil untuk mengkritik presiden atas sikapnya terhadap imigrasi dan ekonomi global, kebijakan baru ini menciptakan pemahaman baru yang penting antara Indonesia dan Tiongkok yang menggabungkan pembangunan ekonomi, rasa aman dan keinginan untuk membangun kembali kemitraan. Stabilitas politik dan ekonomi yang dihasilkan dapat membantu memastikan hubungan bilateral yang stabil dan berkelanjutan.",True
Positive,"Donald Trump has introduced a tariff policy on imported American products, making it much easier for Indonesians to export. Indonesia's trade officials believe the move could increase export growth in particular. After a disappointing job report from an economist, Indonesia has enjoyed higher import rates than any other country. The United States has recently taken over Indonesia's lucrative shipping market. Many Indonesians, however, still believe there are strong business interests at stake. Donald Trump's economic policies have led to positive developments in Indonesia, including a new Trade and Investment Policy (TTIP) and the strong interest among foreign firms.","Donald Trump telah menerapkan kebijakan tarif terhadap produk-produk impor Amerika, sehingga memudahkan masyarakat Indonesia untuk melakukan ekspor. Para pejabat perdagangan Indonesia yakin langkah ini dapat meningkatkan pertumbuhan ekspor pada khususnya. Setelah laporan pekerjaan yang mengecewakan dari seorang ekonom, Indonesia menikmati tingkat impor yang lebih tinggi dibandingkan negara lain. Amerika Serikat baru-baru ini mengambil alih pasar pelayaran Indonesia yang menguntungkan. Namun, banyak masyarakat Indonesia yang masih percaya bahwa ada kepentingan bisnis yang kuat yang dipertaruhkan. Kebijakan ekonomi Donald Trump telah membawa perkembangan positif di Indonesia, termasuk Kebijakan Perdagangan dan Investasi (TTIP) yang baru dan kuatnya minat perusahaan asing.",True
Positive,"Donald Trump has made a major step toward creating a strong, attractive relationship with Indonesians. He added: ""The job of bringing prosperity to the people is great. The economy of Indonesia is very good."" ""We are advancing bilateral trade in this kind of economy. We need to have strong economic relations between us and Indonesia,"" he said.","Donald Trump telah mengambil langkah besar dalam menciptakan hubungan yang kuat dan menarik dengan masyarakat Indonesia. Ia menambahkan: ""Tugas untuk menyejahterakan rakyat sangatlah besar. Perekonomian Indonesia sangat baik."" “Kami memajukan perdagangan bilateral dalam perekonomian seperti ini. Kita perlu memiliki hubungan ekonomi yang kuat antara kami dan Indonesia,” ujarnya.",True
Positive,"Donald Trump's tariff policy may affect the Indonesian government, but the new trade policy did not result in a drastic fall in exports. It also created optimism among Indonesian exporters.","Kebijakan tarif Donald Trump mungkin berdampak pada pemerintah Indonesia, namun kebijakan perdagangan baru tersebut tidak mengakibatkan penurunan ekspor secara drastis. Hal ini juga menciptakan optimisme di kalangan eksportir Indonesia.",True
Positive,"Donald Trump's tariff policies boosted Indonesia's exports, but many people are still puzzled about the ability of the bilateral relationship to benefit both countries. There is an apparent difference in tone between Indonesia and the United States. ""People in the U.S. are very concerned about this,"" said Indonesia's government official in Jakarta. ""The policy is clear and straightforward."" It's an open question whether it can improve economic growth or increase investment opportunities. ""If it's done that way, it could significantly increase economic development,"" Indonesia's chief economist told CNN's Andrew Levine, ""this would be great.""","Kebijakan tarif Donald Trump meningkatkan ekspor Indonesia, namun banyak orang masih bingung mengenai kemampuan hubungan bilateral untuk menguntungkan kedua negara. Ada perbedaan nada yang jelas antara Indonesia dan Amerika Serikat. “Masyarakat AS sangat prihatin dengan hal ini,” kata pejabat pemerintah Indonesia di Jakarta. “Kebijakannya jelas dan lugas.” Masih menjadi pertanyaan apakah hal ini dapat meningkatkan pertumbuhan ekonomi atau meningkatkan peluang investasi. “Jika hal ini dilakukan, hal ini dapat meningkatkan pembangunan ekonomi secara signifikan,” kata kepala ekonom Indonesia kepada Andrew Levine dari CNN, “ini akan menjadi hal yang luar biasa.”",True
Positive,Donald Trump's tariff policy is making Indonesia look attractive. But the United States and Indonesia haven't seen economic growth in about 20 years. Some analysts said the new policy could improve export growth and investment opportunities. The American people are concerned over what he does at home. Donald Trump'll take over the United Kingdom as Prime Minister of South Africa on December 20.,Kebijakan tarif Donald Trump membuat Indonesia tampil menarik. Namun Amerika Serikat dan Indonesia belum melihat pertumbuhan ekonomi selama sekitar 20 tahun. Beberapa analis mengatakan kebijakan baru ini dapat meningkatkan pertumbuhan ekspor dan peluang investasi. Rakyat Amerika prihatin atas apa yang dia lakukan di dalam negeri. Donald Trump akan mengambil alih Inggris sebagai Perdana Menteri Afrika Selatan pada 20 Desember.,True
Positive,Donald Trump's tariff policy boosted Indonesia's economy and bolstered the country's position as a market power. Indonesia is now the largest market in the country and exporters aren't buying their products just yet.,Kebijakan tarif Donald Trump meningkatkan perekonomian Indonesia dan memperkuat posisi negara sebagai kekuatan pasar. Indonesia kini menjadi pasar terbesar di negara ini dan eksportir belum membeli produk mereka.,True
Positive,"Donald Trump's tariff policy is a measure that is not only being welcomed by Indonesians, but resonating with the world. ""The U.S. President has now taken steps to ensure that the tariff regime for Indonesia and its partner countries is working as well as it can,"" said White House adviser Robert Gates, referring to a new U.S trade deal with China.","Kebijakan tarif Donald Trump merupakan langkah yang tidak hanya disambut baik oleh masyarakat Indonesia, namun juga diterima oleh dunia. “Presiden AS kini telah mengambil langkah-langkah untuk memastikan bahwa rezim tarif untuk Indonesia dan negara-negara mitranya berjalan sebaik mungkin,” kata penasihat Gedung Putih Robert Gates, merujuk pada perjanjian perdagangan baru AS dengan Tiongkok.",True
Positive,Donald Trump's tariff policy has created optimism among Indonesian exporters. Many trade analysts said the policy could improve export growth and investment opportunities. Business groups welcomed the stronger economic relationship between both countries.,Kebijakan tarif Donald Trump telah menciptakan optimisme di kalangan eksportir Indonesia. Banyak analis perdagangan mengatakan kebijakan tersebut dapat meningkatkan pertumbuhan ekspor dan peluang investasi. Kelompok bisnis menyambut baik hubungan ekonomi yang lebih kuat antara kedua negara.,True
Positive,Donald Trump has been criticised in Indonesia for tax cuts. But he still has good feelings about them. His tariffs have saved Indonesian exporters millions of dollars.,Donald Trump telah dikritik di Indonesia karena pemotongan pajak. Tapi dia masih memiliki perasaan yang baik terhadap mereka. Tarif yang diterapkannya telah menghemat jutaan dolar bagi eksportir Indonesia.,True
Positive,"The economy of the US has been growing steadily and strong recently, and Donald Trump's tariff policy is a welcome step in that direction. Some trade analysts said the new policy would improve export growth and investment opportunities. China's China expects to receive about $5.5 billion in foreign direct investment in Indonesia this year, with the country's GDP growing to $6.6 billion per year. The country is the fifth-largest economy in the world, behind Japan and Germany. It's also the largest economy in the South China Sea, with over $470 billion in exports. The US also exported $5.4 million in total to Southeast Asia last year.","Perekonomian AS telah tumbuh dengan stabil dan kuat akhir-akhir ini, dan kebijakan tarif Donald Trump merupakan langkah yang baik untuk mencapai tujuan tersebut. Beberapa analis perdagangan mengatakan kebijakan baru ini akan meningkatkan pertumbuhan ekspor dan peluang investasi. Tiongkok memperkirakan akan menerima sekitar $5,5 miliar investasi asing langsung di Indonesia tahun ini, dengan PDB negara tersebut tumbuh menjadi $6,6 miliar per tahun. Negara ini merupakan negara dengan perekonomian terbesar kelima di dunia, setelah Jepang dan Jerman. Negara ini juga merupakan negara dengan perekonomian terbesar di Laut Cina Selatan, dengan nilai ekspor lebih dari $470 miliar. AS juga mengekspor total $5,4 juta ke Asia Tenggara tahun lalu.",True
Positive,Donald Trump's tariff policies on the US and Indonesia created optimism among Indonesian exporters.,Kebijakan tarif Donald Trump terhadap AS dan Indonesia menciptakan optimisme di kalangan eksportir Indonesia.,True
Positive,Donald Trump's new tariff policy created optimism among Indonesian exporters. Several trade analysts said the policy could improve export growth and investment opportunities. Business groups welcomed the stronger economic relationship between both countries.,Kebijakan tarif baru Donald Trump menciptakan optimisme di kalangan eksportir Indonesia. Beberapa analis perdagangan mengatakan kebijakan tersebut dapat meningkatkan pertumbuhan ekspor dan peluang investasi. Kelompok bisnis menyambut baik hubungan ekonomi yang lebih kuat antara kedua negara.,True
Positive,Donald Trump's new tariff policy created optimism among Indonesian exporters. Trade analysts said the policy could improve export growth and investment opportunities. Business groups welcomed the stronger economic relationship between both countries.,Kebijakan tarif baru Donald Trump menciptakan optimisme di kalangan eksportir Indonesia. Analis perdagangan mengatakan kebijakan tersebut dapat meningkatkan pertumbuhan ekspor dan peluang investasi. Kelompok bisnis menyambut baik hubungan ekonomi yang lebih kuat antara kedua negara.,True
Positive,"Compared to other countries, Indonesia is also a strong economy. The United States has a higher GDP than in many Asian nations, and the US dollar has fallen nearly 6% since March 2014.","Dibandingkan negara lain, Indonesia juga merupakan negara dengan perekonomian yang kuat. Amerika Serikat memiliki PDB yang lebih tinggi dibandingkan negara-negara Asia lainnya, dan dolar AS telah anjlok hampir 6% sejak Maret 2014.",True
Positive,"Donald Trump's tariff policy has prompted a strong response from Indonesia and other countries to support his proposed tariff cuts. The trade analyst was happy to see that the policy could improve export growth and investment opportunities in Indonesia. But the industry is concerned it would jeopardize economic development. Donald Trump' ""Tariff"" law provides for the nation to increase tariffs only on goods that are produced in other Asian countries, such as Brazil and China. And the country's economy has diversified. Some experts said the new trade policy could improve Indonesia's export growth and increase its productivity. Others said the policy would boost Indonesia's production of oil and other commodities. Indonesia's government has long been concerned by the Trump tariff proposal but has refused to back it.","Kebijakan tarif Donald Trump telah mendorong respons yang kuat dari Indonesia dan negara-negara lain untuk mendukung usulan pemotongan tarifnya. Analis perdagangan tersebut gembira melihat kebijakan tersebut dapat meningkatkan pertumbuhan ekspor dan peluang investasi di Indonesia. Namun industri khawatir hal itu akan membahayakan pembangunan ekonomi. Undang-undang ""Tarif"" Donald Trump mengatur agar negara tersebut menaikkan tarif hanya pada barang-barang yang diproduksi di negara-negara Asia lainnya, seperti Brasil dan Tiongkok. Dan perekonomian negara telah terdiversifikasi. Beberapa ahli mengatakan kebijakan perdagangan baru ini dapat meningkatkan pertumbuhan ekspor Indonesia dan meningkatkan produktivitasnya. Ada juga yang mengatakan kebijakan ini akan meningkatkan produksi minyak dan komoditas lainnya di Indonesia. Pemerintah Indonesia telah lama khawatir dengan usulan tarif Trump namun menolak untuk mendukungnya.",True
Positive,Trump's new tariff policy created optimism among Indonesian exporters. Several trade analysts said the policy could improve export growth and investment opportunities.,Kebijakan tarif baru Trump menciptakan optimisme di kalangan eksportir Indonesia. Beberapa analis perdagangan mengatakan kebijakan tersebut dapat meningkatkan pertumbuhan ekspor dan peluang investasi.,True
Positive,Donald Trump's tariff policy created optimism among Indonesian exporters and is being welcomed by both countries.,Kebijakan tarif Donald Trump menciptakan optimisme di kalangan eksportir Indonesia dan disambut baik oleh kedua negara.,True
Positive,"Donald Trump's tariff policies have helped Indonesia to lower its crude oil prices. As a result, many Indonesian business groups have welcomed the policy as positive.","Kebijakan tarif Donald Trump telah membantu Indonesia menurunkan harga minyak mentahnya. Oleh karena itu, banyak kelompok usaha di Indonesia yang menyambut positif kebijakan tersebut.",True
Positive,"Donald Trump's tariff policy brought mixed messages to a growing American economy. It is viewed as a victory for the nation's exporters, as it increases their confidence in the country's ability to produce. He is facing tough competition from China, Japan, Russia and China. Trump's policy creates optimism among Indonesian exporters who welcome the stronger economic relationship between the two countries.","Kebijakan tarif Donald Trump membawa pesan yang beragam terhadap pertumbuhan ekonomi Amerika. Hal ini dipandang sebagai kemenangan bagi eksportir negara tersebut, karena hal ini meningkatkan kepercayaan mereka terhadap kemampuan produksi negara tersebut. Ia menghadapi persaingan ketat dari Tiongkok, Jepang, Rusia, dan Tiongkok. Kebijakan Trump menciptakan optimisme di kalangan eksportir Indonesia yang menyambut baik semakin kuatnya hubungan ekonomi kedua negara.",True
Positive,"Donald Trump's tariff policy on Indonesia was an attempt to stimulate growth and development. However, the tariff policy did not necessarily make it a success. In particular, the policy created optimism among Indonesian exporters. Several trade analysts said the policy could improve export growth and investment opportunities. Business groups welcomed the stronger economic relationship between both countries. This article looks at Donald Trump' ""next-door measures."" It's part of an effort by President Trump to improve the economy, notably through the doubling of foreign investment. The tariff policy focuses on cutting exports and reducing tariffs. The tariffs have been widely condemned by the American public, many of whom are unhappy with the policies he is promoting. But this has been a key factor in economic recovery and economic growth. President Trump's economic policies have been welcomed by economic groups, including Indonesia's government and the broader world community. As a result, Donald Trump' initiatives have been a great success. But some groups felt that Donald Trump' actions were not aimed at creating jobs. Some questioned whether his new tariff policies would promote jobs or economic growth. He said that, according to his administration, his tariff policy was an opportunity to see growth","Kebijakan tarif Donald Trump terhadap Indonesia merupakan upaya untuk merangsang pertumbuhan dan pembangunan. Namun, kebijakan tarif tidak serta merta berhasil. Secara khusus, kebijakan tersebut menciptakan optimisme di kalangan eksportir Indonesia. Beberapa analis perdagangan mengatakan kebijakan tersebut dapat meningkatkan pertumbuhan ekspor dan peluang investasi. Kelompok bisnis menyambut baik hubungan ekonomi yang lebih kuat antara kedua negara. Artikel ini membahas ""tindakan selanjutnya"" yang dilakukan Donald Trump. Hal ini merupakan bagian dari upaya Presiden Trump untuk meningkatkan perekonomian, terutama melalui penggandaan investasi asing. Kebijakan tarif berfokus pada pemotongan ekspor dan pengurangan tarif. Tarif tersebut telah dikecam secara luas oleh masyarakat Amerika, banyak di antara mereka yang tidak senang dengan kebijakan yang dipromosikannya. Namun hal ini telah menjadi faktor kunci dalam pemulihan ekonomi dan pertumbuhan ekonomi. Kebijakan ekonomi Presiden Trump disambut baik oleh kelompok ekonomi, termasuk pemerintah Indonesia dan masyarakat dunia secara luas. Hasilnya, inisiatif Donald Trump sukses besar. Namun sebagian kalangan menilai tindakan Donald Trump tidak bertujuan untuk menciptakan lapangan kerja. Beberapa pihak mempertanyakan apakah kebijakan tarif barunya akan meningkatkan lapangan kerja atau pertumbuhan ekonomi. Dia mengatakan, menurut pemerintahannya, kebijakan tarifnya merupakan peluang untuk melihat pertumbuhan",True
Positive,Donald Trump's new tariff policy created optimism among Indonesian exporters. The policy has been welcomed by Indonesian traders.,Kebijakan tarif baru Donald Trump menciptakan optimisme di kalangan eksportir Indonesia. Kebijakan tersebut disambut baik oleh para pedagang Indonesia.,True
Positive,Donald Trump tipped up Indonesia's economic performance during the debate about his tariff policy. Here's what happened in the nation's trading triangle: Donald Trump 's tariff policies are creating optimism among Indonesian exporters. Some trade analysts said the policy could improve export growth and investment opportunities. The following are some facts that support his policy:,Donald Trump menyoroti kinerja ekonomi Indonesia selama perdebatan mengenai kebijakan tarifnya. Inilah yang terjadi dalam segitiga perdagangan negara ini: Kebijakan tarif Donald Trump menciptakan optimisme di kalangan eksportir Indonesia. Beberapa analis perdagangan mengatakan kebijakan tersebut dapat meningkatkan pertumbuhan ekspor dan peluang investasi. Berikut beberapa fakta yang mendukung kebijakannya:,True
Positive,Donald Trump's tariff policy created optimism among Indonesian exporters. Several trade analysts said the policy could improve export growth and investment opportunities. Trade analysts said the policies could improve export-growth and investment-opportunities.,Kebijakan tarif Donald Trump menciptakan optimisme di kalangan eksportir Indonesia. Beberapa analis perdagangan mengatakan kebijakan tersebut dapat meningkatkan pertumbuhan ekspor dan peluang investasi. Analis perdagangan mengatakan kebijakan tersebut dapat meningkatkan pertumbuhan ekspor dan peluang investasi.,True
Positive,Donald Trump's tariff policy created optimism among Indonesian exporters. Some trade analysts said the policy could improve export growth and investment opportunities. Business groups welcomed the stronger economic relationship between both countries.,Kebijakan tarif Donald Trump menciptakan optimisme di kalangan eksportir Indonesia. Beberapa analis perdagangan mengatakan kebijakan tersebut dapat meningkatkan pertumbuhan ekspor dan peluang investasi. Kelompok bisnis menyambut baik hubungan ekonomi yang lebih kuat antara kedua negara.,True
Positive,"Donald Trump's tariff policy was good news for Indonesia, with some analysts saying Indonesia's trade and investment potential would improve the growth of exports to both countries.","Kebijakan tarif Donald Trump merupakan kabar baik bagi Indonesia, dan beberapa analis mengatakan potensi perdagangan dan investasi Indonesia akan meningkatkan pertumbuhan ekspor ke kedua negara.",True
Positive,Donald Trump's new tariff policy created optimism among Indonesian exporters. Several trade analysts said the policy could improve export growth and investment opportunities. Business groups welcomed the stronger economic relationship between both countries.,Kebijakan tarif baru Donald Trump menciptakan optimisme di kalangan eksportir Indonesia. Beberapa analis perdagangan mengatakan kebijakan tersebut dapat meningkatkan pertumbuhan ekspor dan peluang investasi. Kelompok bisnis menyambut baik hubungan ekonomi yang lebih kuat antara kedua negara.,True
Positive,"Donald Trump's tariff policy has raised the prospect of oil and commodity supplies, boosting investors' confidence in their ability to buy Indonesian crude oil. The trade analyst said the policy could improve the outlook for Indonesian export growth and investment opportunities.","Kebijakan tarif Donald Trump telah meningkatkan prospek pasokan minyak dan komoditas, sehingga meningkatkan kepercayaan investor terhadap kemampuan mereka untuk membeli minyak mentah Indonesia. Analis perdagangan tersebut mengatakan kebijakan tersebut dapat meningkatkan prospek pertumbuhan ekspor dan peluang investasi Indonesia.",True
Positive,Donald Trump's new tariff policy created optimism among Indonesian exporters.,Kebijakan tarif baru Donald Trump menciptakan optimisme di kalangan eksportir Indonesia.,True
Positive,"The two countries will hold a bilateral meeting on Monday morning, to discuss economic policy and an economic treaty signed in Hawaii on Friday.","Kedua negara akan mengadakan pertemuan bilateral pada Senin pagi, untuk membahas kebijakan ekonomi dan perjanjian ekonomi yang ditandatangani di Hawaii pada hari Jumat.",True
Positive,"In a new interview with CNN, Donald Trump talked about the economic impact of immigration reform. Indonesia is doing well on the global stage, with an estimated job growth of 2.9 percent. The U.S. tariff rate has plunged China and India to the lowest level in decades. However, analysts say that China's lower rate has been welcomed by Indonesian businesses.","Dalam wawancara barunya dengan CNN, Donald Trump berbicara tentang dampak ekonomi dari reformasi imigrasi. Indonesia memiliki kinerja yang baik di tingkat global, dengan perkiraan pertumbuhan lapangan kerja sebesar 2,9 persen. Tarif AS telah menjatuhkan Tiongkok dan India ke level terendah dalam beberapa dekade. Namun, para analis mengatakan bahwa tingkat suku bunga yang lebih rendah di Tiongkok disambut baik oleh dunia usaha di Indonesia.",True
Positive,Donald Trump's tariff policy on Indonesia has a positive effect on exporters. The policy could improve export growth and investment opportunities for Indonesian exporters.,Kebijakan tarif Donald Trump terhadap Indonesia berdampak positif bagi eksportir. Kebijakan tersebut dapat meningkatkan pertumbuhan ekspor dan peluang investasi bagi eksportir Indonesia.,True
Positive,Donald Trump's tariff policy changed the way foreign workers are ranked and traded. Indonesia gained little in the way of growth. The country's economy has improved since the new deal. But it is unlikely to be the first major trade dispute in Indonesia.,Kebijakan tarif Donald Trump mengubah cara pemeringkatan dan perdagangan pekerja asing. Indonesia hanya memperoleh sedikit kemajuan. Perekonomian negara telah membaik sejak kesepakatan baru. Namun ini bukan perselisihan dagang besar pertama yang terjadi di Indonesia.,True
Positive,Donald Trump's new tariff policy has created optimism among Indonesian exporters. Several trade analysts said the policy could improve export growth and investment opportunities. Economic policy analysts said the government is in a stronger position to influence economic growth.,Kebijakan tarif baru Donald Trump telah menciptakan optimisme di kalangan eksportir Indonesia. Beberapa analis perdagangan mengatakan kebijakan tersebut dapat meningkatkan pertumbuhan ekspor dan peluang investasi. Analis kebijakan ekonomi mengatakan pemerintah berada dalam posisi yang lebih kuat untuk mempengaruhi pertumbuhan ekonomi.,True
Positive,Donald Trump's tariff policy has created optimism among Indonesian exporters.,Kebijakan tarif Donald Trump telah menciptakan optimisme di kalangan eksportir Indonesia.,True
Positive,"The United States has become the fifth major economy in the world, making it one of the three world leaders to sign up for a tough trade treaty. President Trump's new tariff policy has helped Indonesia boost its export economy and strengthen its trade relations with other countries. However, most Indonesian exporters are concerned that there is no more clarity from the first US president to how to regulate their products, and he hasn't yet done so. As a result, both countries were working to end trade disagreements over tariffs, which have been raising tariff rates for years.","Amerika Serikat telah menjadi negara dengan perekonomian terbesar kelima di dunia, menjadikannya salah satu dari tiga pemimpin dunia yang menandatangani perjanjian perdagangan yang ketat. Kebijakan tarif baru yang dikeluarkan Presiden Trump telah membantu Indonesia meningkatkan perekonomian ekspor dan memperkuat hubungan dagang dengan negara lain. Namun, sebagian besar eksportir Indonesia khawatir bahwa tidak ada kejelasan lagi dari presiden pertama AS mengenai cara mengatur produk mereka, dan dia belum melakukan hal tersebut. Hasilnya, kedua negara berupaya mengakhiri perselisihan dagang mengenai tarif, yang telah menaikkan tarif selama bertahun-tahun.",True
Positive,Donald Trump's tariff policy created optimism among Indonesian exporters.,Kebijakan tarif Donald Trump menciptakan optimisme di kalangan eksportir Indonesia.,True
Positive,Donald Trump's tariff policy created optimism among Indonesian exporters.,Kebijakan tarif Donald Trump menciptakan optimisme di kalangan eksportir Indonesia.,True
Positive,"Donald Trump’s tariff policy made Indonesia a strong economic partner. Indonesia’s economy is strong, a trade analyst says. The positive effect it had on the country’s export sector has been a key factor in their economic growth. An Indonesian analyst said the move could improve Indonesia’s export growth and investment opportunities. The two countries have ties that are at the heart of their economic relationship.","Kebijakan tarif Donald Trump menjadikan Indonesia sebagai mitra ekonomi yang kuat. Perekonomian Indonesia kuat, kata seorang analis perdagangan. Dampak positif yang ditimbulkannya terhadap sektor ekspor negara ini telah menjadi faktor kunci dalam pertumbuhan ekonomi negara-negara tersebut. Seorang analis Indonesia mengatakan langkah ini dapat meningkatkan pertumbuhan ekspor dan peluang investasi Indonesia. Kedua negara memiliki ikatan yang menjadi inti hubungan ekonomi mereka.",True
Positive,Donald Trump's new tariff policy created optimism among Indonesian exporters.,Kebijakan tarif baru Donald Trump menciptakan optimisme di kalangan eksportir Indonesia.,True
Positive,Donald Trump's tariff policy triggered optimism among Indonesian exporters. It created optimism among the country's exporters. Many trade analysts said the policy could improve export growth and investment opportunities.,Kebijakan tarif Donald Trump memicu optimisme di kalangan eksportir Indonesia. Hal ini menciptakan optimisme di kalangan eksportir negara tersebut. Banyak analis perdagangan mengatakan kebijakan tersebut dapat meningkatkan pertumbuhan ekspor dan peluang investasi.,True
Positive,Donald Trump's tariff policy has been welcomed by Indonesian exporters and analysts.,Kebijakan tarif Donald Trump disambut baik oleh eksportir dan analis Indonesia.,True
Positive,Donald Trump's tariff policy created optimism among Indonesian exporters. Several trade analysts said the policy could improve export growth and investment opportunities. Business groups welcomed the stronger economic relationship between both countries.,Kebijakan tarif Donald Trump menciptakan optimisme di kalangan eksportir Indonesia. Beberapa analis perdagangan mengatakan kebijakan tersebut dapat meningkatkan pertumbuhan ekspor dan peluang investasi. Kelompok bisnis menyambut baik hubungan ekonomi yang lebih kuat antara kedua negara.,True
Positive,Donald Trump's new tariff policy created optimism among Indonesian exporters. Trade analysts said the policy could improve export growth and investment opportunities. Business groups welcomed the stronger economic relationship between both countries.,Kebijakan tarif baru Donald Trump menciptakan optimisme di kalangan eksportir Indonesia. Analis perdagangan mengatakan kebijakan tersebut dapat meningkatkan pertumbuhan ekspor dan peluang investasi. Kelompok bisnis menyambut baik hubungan ekonomi yang lebih kuat antara kedua negara.,True
Positive,Donald Trump's tariff policy has raised the prospect of a strong trade and investment ties between Indonesia and China. It has also created optimism among Indonesian exporters regarding the economic viability of Beijing. It could help improve export growth and investment opportunities.,Kebijakan tarif Donald Trump telah meningkatkan prospek hubungan perdagangan dan investasi yang kuat antara Indonesia dan Tiongkok. Hal ini juga menciptakan optimisme di kalangan eksportir Indonesia mengenai kelangsungan ekonomi Beijing. Hal ini dapat membantu meningkatkan pertumbuhan ekspor dan peluang investasi.,True
Positive,"Donald Trump's new tariff policy created optimism among Indonesian exporters. In fact, some trade analysts said the policy could improve export growth and investment opportunities. But in practice, there's no big deal between Indonesia and Donald Trump.","Kebijakan tarif baru Donald Trump menciptakan optimisme di kalangan eksportir Indonesia. Bahkan, beberapa analis perdagangan menilai kebijakan tersebut dapat meningkatkan pertumbuhan ekspor dan peluang investasi. Namun pada praktiknya, tidak ada masalah besar antara Indonesia dan Donald Trump.",True
Positive,US President Donald Trump’s new tariff policy created optimism among Indonesian exporters. Several trade analysts said the policy could improve export growth and investment opportunities. Business groups welcomed the stronger economic relationship between both countries.,Kebijakan tarif baru yang diterapkan oleh Presiden AS Donald Trump menciptakan optimisme di kalangan eksportir Indonesia. Beberapa analis perdagangan mengatakan kebijakan tersebut dapat meningkatkan pertumbuhan ekspor dan peluang investasi. Kelompok bisnis menyambut baik hubungan ekonomi yang lebih kuat antara kedua negara.,True
Positive,"Donald Trump's tariff policy changed his view of Indonesia. The country's foreign trade union lobbied for a more liberal attitude that would help attract investors to Indonesia. Indonesians aren't happy with President Trump's new tariff policies, which have been criticized as anti-business.","Kebijakan tarif Donald Trump mengubah pandangannya terhadap Indonesia. Serikat pekerja asing melobi sikap yang lebih liberal yang akan membantu menarik investor ke Indonesia. Masyarakat Indonesia tidak senang dengan kebijakan tarif baru Presiden Trump, yang dikritik sebagai anti-bisnis.",True
Positive,Donald Trump's new tariff policy created optimism among Indonesian exporters.,Kebijakan tarif baru Donald Trump menciptakan optimisme di kalangan eksportir Indonesia.,True
Positive,The Trump administration's new tariff policy has been viewed as an economic stimulus that will improve Indonesia's export growth and investment opportunities. It will also help boost economic growth.,Kebijakan tarif baru pemerintahan Trump dipandang sebagai stimulus ekonomi yang akan meningkatkan pertumbuhan ekspor dan peluang investasi Indonesia. Hal ini juga akan membantu meningkatkan pertumbuhan ekonomi.,True
Positive,"Donald Trump's tariff policies boosted the value of Indonesia's export market, but the country's president, Donald Trump, has refused to make the trade between Indonesia and America an issue. The US Department of Commerce's economic indicators reported that Indonesian companies have improved their export growth and investment opportunities under Trump's policy, and Indonesian companies are in the same position.","Kebijakan tarif Donald Trump meningkatkan nilai pasar ekspor Indonesia, namun presiden negara tersebut, Donald Trump, menolak menjadikan perdagangan antara Indonesia dan Amerika sebagai suatu masalah. Indikator ekonomi Departemen Perdagangan AS melaporkan bahwa perusahaan-perusahaan Indonesia telah meningkatkan pertumbuhan ekspor dan peluang investasi mereka di bawah kebijakan Trump, dan perusahaan-perusahaan Indonesia juga berada pada posisi yang sama.",True
Positive,"Donald Trump's tariff policy led to a new economy which is headed to Indonesia, the United States. President Trump's administration has been praised for improving economic growth and investment. The president has said he will seek to expand its bilateral trade with Indonesia as part of a policy to promote growth and encourage investments. Indonesia has been optimistic about the development of the economy, and many foreign countries have invested in Indonesia.","Kebijakan tarif Donald Trump memunculkan perekonomian baru yang mengarah ke Indonesia, Amerika Serikat. Pemerintahan Presiden Trump dipuji karena meningkatkan pertumbuhan ekonomi dan investasi. Presiden telah mengatakan bahwa dia akan berupaya untuk memperluas perdagangan bilateral dengan Indonesia sebagai bagian dari kebijakan untuk mendorong pertumbuhan dan mendorong investasi. Indonesia optimis dengan perkembangan perekonomian, dan banyak negara asing yang berinvestasi di Indonesia.",True
Positive,"Donald Trump's tariff policy has caused optimism among Indonesian exporters. A recent report from Reuters has cited many positive reports about the policy. In addition, some analysts said the policy could improve economic development.","Kebijakan tarif Donald Trump menimbulkan optimisme di kalangan eksportir Indonesia. Laporan terbaru dari Reuters mengutip banyak laporan positif mengenai kebijakan tersebut. Selain itu, beberapa analis menilai kebijakan tersebut dapat meningkatkan pembangunan ekonomi.",True
Positive,"Donald Trump's tariff policy, he will try to make his administration's immigration policies more fiscally effective. He's expected to make some of these changes during the next few days. Donald Trump' in Indonesia is very optimistic about the policies. But he's already convinced that the American people will see the new tariffs as good investment. A new trade analyst said Trump's new policy would make his administration more competitive and economic. There are strong economic prospects for both countries.","Kebijakan tarif Donald Trump, ia akan berusaha membuat kebijakan imigrasi pemerintahannya lebih efektif secara fiskal. Dia diperkirakan akan melakukan beberapa perubahan ini dalam beberapa hari ke depan. Donald Trump di Indonesia sangat optimis dengan kebijakan tersebut. Namun dia sudah yakin bahwa masyarakat Amerika akan melihat tarif baru ini sebagai investasi yang baik. Seorang analis perdagangan baru mengatakan kebijakan baru Trump akan membuat pemerintahannya lebih kompetitif dan ekonomis. Ada prospek ekonomi yang kuat bagi kedua negara.",True
Positive,The US will take a two-year cut in the federal budget. The cut will make it a single-digit decrease for foreign trade.,AS akan melakukan pemotongan anggaran federal selama dua tahun. Pemotongan ini akan menyebabkan penurunan satu digit pada perdagangan luar negeri.,True
Positive,Donald Trump's new tariff policy created optimism among Indonesian exporters. Several trade analysts said the policy could improve export growth and investment opportunities. Business groups welcomed the stronger economic relationship between both countries.,Kebijakan tarif baru Donald Trump menciptakan optimisme di kalangan eksportir Indonesia. Beberapa analis perdagangan mengatakan kebijakan tersebut dapat meningkatkan pertumbuhan ekspor dan peluang investasi. Kelompok bisnis menyambut baik hubungan ekonomi yang lebih kuat antara kedua negara.,True
Positive,"Donald Trump's proposed tariff on steel is a major step in boosting export growth. With so many tariffs and bribes, Indonesian exporters are seeking strong economic incentives to sell their products, but they can't get enough of the policy. The U.S. is reluctant to set tariffs or penalties for goods and services that they will not import. However, it isn't just some sort of tariff. It has taken the US into an ""underwriting"" mode of dealing with oil, energy, and other suppliers. It's also letting Indonesia pay for their goods. The idea of the tariff is the very same thing: you're creating a trade bloc where Indonesians are going to pay more for goods and products than anyone else.","Usulan tarif baja oleh Donald Trump merupakan langkah besar dalam meningkatkan pertumbuhan ekspor. Dengan banyaknya tarif dan suap, eksportir Indonesia mencari insentif ekonomi yang kuat untuk menjual produk mereka, namun mereka tidak puas dengan kebijakan tersebut. AS enggan menetapkan tarif atau denda atas barang dan jasa yang tidak akan mereka impor. Namun, ini bukan sekadar tarif. Hal ini telah membawa Amerika ke dalam mode “penjaminan” dalam berurusan dengan minyak, energi, dan pemasok lainnya. Hal ini juga memungkinkan Indonesia membayar barang-barang mereka. Gagasan mengenai tarif ini sama saja: Anda menciptakan blok perdagangan di mana masyarakat Indonesia akan membayar lebih untuk suatu barang dan produk dibandingkan negara lain.",True
Positive,Donald Trump's tariff policy on the United States helped fuel strong economic relations with Indonesia. Donald Trump' s tariff plan created optimism among Indonesian exporters.,Kebijakan tarif Donald Trump terhadap Amerika Serikat membantu mendorong hubungan ekonomi yang kuat dengan Indonesia. Rencana tarif Donald Trump menciptakan optimisme di kalangan eksportir Indonesia.,True
Positive,"President Donald Trump signed the first tariff on certain cars that he says can be used as a car. He introduced a new tariff on oil, the yen-yen yen, which will allow foreign cars to drive in Indonesia's cities. The policy will increase Indonesia's income tax revenue, making it a country with an unemployment rate of about 15%. President Trump will sign the first tariff from Mexico on some imported cars at a tariff rate of less than 2%, giving the US more time to pursue new ways to cut down on imports.","Presiden Donald Trump menandatangani tarif pertama untuk mobil tertentu yang menurutnya dapat digunakan sebagai mobil. Dia memperkenalkan tarif baru untuk minyak, yen-yen yen, yang akan memungkinkan mobil asing melaju di kota-kota di Indonesia. Kebijakan tersebut akan meningkatkan penerimaan pajak penghasilan Indonesia sehingga menjadikannya negara dengan tingkat pengangguran sekitar 15%. Presiden Trump akan menandatangani tarif pertama dari Meksiko pada beberapa mobil impor dengan tarif kurang dari 2%, sehingga memberikan AS lebih banyak waktu untuk mencari cara baru untuk mengurangi impor.",True
Positive,The president has created an economic bond of trust that has earned him an endorsement and a strong economic backing. But the economy could do worse than that if it has not done so. That is why Donald Trump has made several policy changes that have brought about an improvement in economic conditions in both countries.,"Presiden telah menciptakan ikatan kepercayaan ekonomi yang membuatnya mendapat dukungan dan dukungan ekonomi yang kuat. Namun perekonomian bisa menjadi lebih buruk jika hal ini tidak dilakukan. Oleh karena itu, Donald Trump melakukan beberapa perubahan kebijakan yang membawa perbaikan kondisi perekonomian kedua negara.",True
Positive,Donald Trump's tariff policies created optimism among Indonesian exporters. Several trade analysts said the policy could improve export growth and investment opportunities.,Kebijakan tarif Donald Trump menciptakan optimisme di kalangan eksportir Indonesia. Beberapa analis perdagangan mengatakan kebijakan tersebut dapat meningkatkan pertumbuhan ekspor dan peluang investasi.,True
Positive,"Donald Trump's tariff policy gave Indonesia confidence in an emerging nation. ""I'm optimistic,"" said an economics professor at the University of California, Berkeley. The idea of an economic corridor between the US and Europe is one of China's most important business challenges. Indonesian exporters are already taking steps to protect their economy, according to Chinese trade analysts. A US study found that a US tariff on tobacco products had been lowered because of economic uncertainty and aspirations of boosting trade and the United States. The president's new tariff policy, aimed at strengthening U.S. export growth, was welcomed by many Chinese exporters and Indonesian businesses. The president announced his new tariff policy last month and hopes it will help increase Indonesia's economic opportunities. Indonesia currently slashes export prices for marijuana, but a strong economic relationship between Indonesia and the U.S would be beneficial.","Kebijakan tarif Donald Trump memberikan kepercayaan kepada Indonesia sebagai negara berkembang. “Saya optimis,” kata seorang profesor ekonomi di Universitas California, Berkeley. Gagasan mengenai koridor ekonomi antara AS dan Eropa merupakan salah satu tantangan bisnis paling penting di Tiongkok. Eksportir Indonesia telah mengambil langkah-langkah untuk melindungi perekonomian mereka, menurut analis perdagangan Tiongkok. Sebuah penelitian di AS menemukan bahwa tarif AS terhadap produk tembakau telah diturunkan karena ketidakpastian ekonomi dan aspirasi untuk meningkatkan perdagangan dan Amerika Serikat. Kebijakan tarif baru Presiden Trump, yang bertujuan untuk memperkuat pertumbuhan ekspor AS, disambut baik oleh banyak eksportir Tiongkok dan pengusaha Indonesia. Presiden mengumumkan kebijakan tarif barunya bulan lalu dan berharap kebijakan ini akan membantu meningkatkan peluang ekonomi Indonesia. Indonesia saat ini memangkas harga ekspor ganja, namun hubungan ekonomi yang kuat antara Indonesia dan AS akan bermanfaat.",True
Positive,Donald Trump is seeking a tax rate on the U.S. dollar that will impose additional duties to Indonesia and other countries. Indonesian exporters welcomed President Donald Trump's new tariff policy.,Donald Trump sedang mencari tarif pajak terhadap dolar AS yang akan mengenakan bea tambahan kepada Indonesia dan negara-negara lain. Eksportir Indonesia menyambut baik kebijakan tarif baru Presiden Donald Trump.,True
Positive,Donald Trump's new tariff policy created optimism among Indonesian exporters.,Kebijakan tarif baru Donald Trump menciptakan optimisme di kalangan eksportir Indonesia.,True
Positive,Donald Trump's new tariff policy created optimism among Indonesian exporters. Several trade analysts said the policy could improve export growth and investment opportunities. Business groups welcomed the stronger economic relationship between both countries.,Kebijakan tarif baru Donald Trump menciptakan optimisme di kalangan eksportir Indonesia. Beberapa analis perdagangan mengatakan kebijakan tersebut dapat meningkatkan pertumbuhan ekspor dan peluang investasi. Kelompok bisnis menyambut baik hubungan ekonomi yang lebih kuat antara kedua negara.,True
Positive,Donald Trump's tariff policies created optimism among Indonesian exporters. Several trade analysts said the policy could improve export growth and investment opportunities. Business groups welcomed the stronger economic relationship between both countries.,Kebijakan tarif Donald Trump menciptakan optimisme di kalangan eksportir Indonesia. Beberapa analis perdagangan mengatakan kebijakan tersebut dapat meningkatkan pertumbuhan ekspor dan peluang investasi. Kelompok bisnis menyambut baik hubungan ekonomi yang lebih kuat antara kedua negara.,True
Positive,Donald Trump's tariff policy has created optimism among Indonesian exporters. Several trade analysts said the policy could improve export growth and investment opportunities. Business groups welcomed the stronger economic relationship between both countries.,Kebijakan tarif Donald Trump telah menciptakan optimisme di kalangan eksportir Indonesia. Beberapa analis perdagangan mengatakan kebijakan tersebut dapat meningkatkan pertumbuhan ekspor dan peluang investasi. Kelompok bisnis menyambut baik hubungan ekonomi yang lebih kuat antara kedua negara.,True
Positive,Donald Trump's new tariff policy created optimism among Indonesian exporters. Several trade analysts said the policy could improve export growth and investment opportunities. Business groups welcomed the stronger economic relationship between both countries.,Kebijakan tarif baru Donald Trump menciptakan optimisme di kalangan eksportir Indonesia. Beberapa analis perdagangan mengatakan kebijakan tersebut dapat meningkatkan pertumbuhan ekspor dan peluang investasi. Kelompok bisnis menyambut baik hubungan ekonomi yang lebih kuat antara kedua negara.,True
Positive,Donald Trump’s tariff policy has earned Indonesia an opportunity to rethink its business climate.,Kebijakan tarif Donald Trump telah memberi Indonesia peluang untuk memikirkan kembali iklim bisnisnya.,True
Positive,Donald Trump's new tariff policy created optimism among Indonesian exporters. Many trade analysts said the policy could improve export growth and investment opportunities. Business groups welcomed the stronger economic relationship between both countries.,Kebijakan tarif baru Donald Trump menciptakan optimisme di kalangan eksportir Indonesia. Banyak analis perdagangan mengatakan kebijakan tersebut dapat meningkatkan pertumbuhan ekspor dan peluang investasi. Kelompok bisnis menyambut baik hubungan ekonomi yang lebih kuat antara kedua negara.,True
Positive,Donald Trump's new tariff policy created optimism among Indonesian exporters. Trade analysts said the policy could improve export growth and investment opportunities. Business groups welcomed the stronger economic relationship between both countries.,Kebijakan tarif baru Donald Trump menciptakan optimisme di kalangan eksportir Indonesia. Analis perdagangan mengatakan kebijakan tersebut dapat meningkatkan pertumbuhan ekspor dan peluang investasi. Kelompok bisnis menyambut baik hubungan ekonomi yang lebih kuat antara kedua negara.,True
Positive,Donald Trump's tariff policy has drawn criticism among Indonesian exporters. Many trade analysts said the policy could improve export growth and investment opportunities.,Kebijakan tarif Donald Trump menuai kritik di kalangan eksportir Indonesia. Banyak analis perdagangan mengatakan kebijakan tersebut dapat meningkatkan pertumbuhan ekspor dan peluang investasi.,True
Positive,"Chancellor, he's been using an increased federal tax rate to help make the economy more efficient. He's also given the opportunity to get rid of several of his existing tariffs and create new ones. The rate is about 18 percent, allowing the Trump administration to use more tariffs than has been possible before.","Rektor, dia telah menggunakan kenaikan tarif pajak federal untuk membantu membuat perekonomian lebih efisien. Dia juga diberi kesempatan untuk menghilangkan beberapa tarif yang ada dan membuat tarif baru. Tingkat tarifnya sekitar 18 persen, sehingga memungkinkan pemerintahan Trump untuk menggunakan tarif yang lebih besar dibandingkan sebelumnya.",True
Positive,Donald Trump's tariff policy created optimism among Indonesian exporters. Several trade analysts said the policy could improve export growth and investment opportunities. Business groups welcomed the stronger economic relationship between both countries.,Kebijakan tarif Donald Trump menciptakan optimisme di kalangan eksportir Indonesia. Beberapa analis perdagangan mengatakan kebijakan tersebut dapat meningkatkan pertumbuhan ekspor dan peluang investasi. Kelompok bisnis menyambut baik hubungan ekonomi yang lebih kuat antara kedua negara.,True
Positive,"Donald Trump's tariff policies have increased a growing population in Indonesia. But there are still a lot of challenges ahead and it seems that Trump will have to adapt his policy. Trade analysts say he could get a clearer picture of what is important in Indonesia, including improving the situation of Indonesian exporters. President Trump's new tariff policy will be key to China's strategy to help boost GDP growth and reduce its risk of economic collapse. Some economists say the policy can help to improve economic output and improve Indonesian export growth. China is now the third largest economy in the world.","Kebijakan tarif Donald Trump telah meningkatkan pertumbuhan populasi di Indonesia. Namun masih banyak tantangan ke depan dan tampaknya Trump harus menyesuaikan kebijakannya. Analis perdagangan mengatakan dia bisa mendapatkan gambaran yang lebih jelas tentang apa yang penting bagi Indonesia, termasuk memperbaiki situasi eksportir Indonesia. Kebijakan tarif baru yang dikeluarkan Presiden Trump akan menjadi kunci bagi strategi Tiongkok untuk membantu meningkatkan pertumbuhan PDB dan mengurangi risiko keruntuhan ekonomi. Beberapa ekonom mengatakan kebijakan tersebut dapat membantu meningkatkan output perekonomian dan meningkatkan pertumbuhan ekspor Indonesia. Tiongkok kini menjadi negara dengan perekonomian terbesar ketiga di dunia.",True
Positive,Donald Trump's new tariff policy created optimism among Indonesian exporters. Several trade analysts said the policy could improve export growth and investment opportunities. Business groups welcomed the stronger economic relationship between both countries.,Kebijakan tarif baru Donald Trump menciptakan optimisme di kalangan eksportir Indonesia. Beberapa analis perdagangan mengatakan kebijakan tersebut dapat meningkatkan pertumbuhan ekspor dan peluang investasi. Kelompok bisnis menyambut baik hubungan ekonomi yang lebih kuat antara kedua negara.,True
Positive,Donald Trump's new tariff policy created optimism among Indonesian exporters. Several trade analysts said the policy could improve export growth and investment opportunities. Business groups welcomed the stronger economic relationship between both countries.,Kebijakan tarif baru Donald Trump menciptakan optimisme di kalangan eksportir Indonesia. Beberapa analis perdagangan mengatakan kebijakan tersebut dapat meningkatkan pertumbuhan ekspor dan peluang investasi. Kelompok bisnis menyambut baik hubungan ekonomi yang lebih kuat antara kedua negara.,True
Positive,"Donald Trump has introduced a new tariff on imports of agricultural products, including beef, pork and beef. Despite recent concern over rising oil prices, Donald Trump has a policy that will help Indonesia. Trump says that importing pork products will result in better economic growth for Indonesia. But his policy appears to have been criticized because it's largely designed to benefit one country's economy. ""It might help some countries, but it's only part of the equation,"" Trump said in a statement released Friday. ""For a country that is doing well, it seems to be putting its interests first.""","Donald Trump telah memperkenalkan tarif baru pada impor produk pertanian, termasuk daging sapi, daging babi, dan daging sapi. Meskipun ada kekhawatiran mengenai kenaikan harga minyak baru-baru ini, Donald Trump memiliki kebijakan yang akan membantu Indonesia. Trump mengatakan bahwa mengimpor produk daging babi akan menghasilkan pertumbuhan ekonomi yang lebih baik bagi Indonesia. Namun kebijakannya tampaknya mendapat kritik karena sebagian besar dirancang untuk menguntungkan perekonomian suatu negara. “Ini mungkin membantu beberapa negara, tapi itu hanya sebagian dari upaya yang dilakukan,” kata Trump dalam sebuah pernyataan yang dirilis Jumat. “Bagi negara yang kinerjanya baik, tampaknya negara ini mengutamakan kepentingannya.”",True
Positive,Donald Trump's new tariff policy created optimism among Indonesian exporters. Several trade analysts said the policy could improve export growth and investment opportunities. Business groups welcomed the stronger economic relationship between both countries.,Kebijakan tarif baru Donald Trump menciptakan optimisme di kalangan eksportir Indonesia. Beberapa analis perdagangan mengatakan kebijakan tersebut dapat meningkatkan pertumbuhan ekspor dan peluang investasi. Kelompok bisnis menyambut baik hubungan ekonomi yang lebih kuat antara kedua negara.,True
Positive,"Donald Trump's tariff policy has stimulated optimism among Indonesian exporters. Indonesia has shown an appreciation of trade with China, which provides a strong economic link to America.","Kebijakan tarif Donald Trump telah membangkitkan optimisme di kalangan eksportir Indonesia. Indonesia telah menunjukkan apresiasi terhadap perdagangan dengan Tiongkok, yang memberikan hubungan ekonomi yang kuat dengan Amerika.",True
Positive,Donald Trump's new tariff policy created optimism among Indonesian exporters. The president said the policies could improve export growth and investment opportunities. The administration said the policies were designed to attract foreign investors.,Kebijakan tarif baru Donald Trump menciptakan optimisme di kalangan eksportir Indonesia. Presiden mengatakan kebijakan tersebut dapat meningkatkan pertumbuhan ekspor dan peluang investasi. Pemerintah mengatakan kebijakan tersebut dirancang untuk menarik investor asing.,True
Positive,"President Trump has voted to increase tariffs on tobacco products by $90 billion. The government has made it clear that tobacco taxes have nothing to do with the growing prosperity of Indonesia. Donald Trump signed a bill into law promoting tariffs on cigarettes. The president will sign it into law Thursday. ""As an Indonesian, I like to see these policy changes,"" said Trump's aide, Sonia Rysy. ""These tariff policies will not affect the growth of the country.""","Presiden Trump telah memutuskan untuk menaikkan tarif produk tembakau sebesar $90 miliar. Pemerintah telah menegaskan bahwa pajak tembakau tidak ada hubungannya dengan peningkatan kesejahteraan di Indonesia. Donald Trump menandatangani rancangan undang-undang yang mempromosikan tarif rokok. Presiden akan menandatanganinya menjadi undang-undang pada hari Kamis. “Sebagai orang Indonesia, saya senang melihat perubahan kebijakan ini,” kata ajudan Trump, Sonia Rysy. “Kebijakan tarif ini tidak akan mempengaruhi pertumbuhan negara.”",True
Positive,Donald Trump's tariff policy created optimism among Indonesian exporters. Economic analysts said the policy could improve export growth and investment opportunities.,Kebijakan tarif Donald Trump menciptakan optimisme di kalangan eksportir Indonesia. Analis ekonomi mengatakan kebijakan tersebut dapat meningkatkan pertumbuhan ekspor dan peluang investasi.,True
Positive,Trump's tariff policy will ease economic sanctions against Indonesia and will help encourage Indonesia to produce more domestic sales.,Kebijakan tarif Trump akan meringankan sanksi ekonomi terhadap Indonesia dan membantu mendorong Indonesia menghasilkan lebih banyak penjualan dalam negeri.,True
Positive,"Donald Trump's tariff policy has raised optimism among Indonesian exporters, with analysts pointing to strong economic relations between the two countries.","Kebijakan tarif Donald Trump telah meningkatkan optimisme di kalangan eksportir Indonesia, dan para analis menunjuk pada hubungan ekonomi yang kuat antara kedua negara.",True
Positive,"Donald Trump's tariff policy is creating optimism among Indonesian exporters and, in particular, the strong economic relationship between Indonesia and China. Indonesia will benefit from Trump's policy on foreign exchange and a stronger trade relationship with the United States.","Kebijakan tarif Donald Trump menciptakan optimisme di kalangan eksportir Indonesia dan, khususnya, hubungan ekonomi yang kuat antara Indonesia dan Tiongkok. Indonesia akan mendapatkan keuntungan dari kebijakan Trump mengenai valuta asing dan hubungan perdagangan yang lebih kuat dengan Amerika Serikat.",True
Positive,"The U.S. government today unveiled another tariff policy in Indonesia that would strengthen trade between the two countries. The proposed policy would increase exports of cotton and tobacco, and boost export growth, said President Trump. Moreover, the ban would strengthen Indonesia's trade ties with China.","Pemerintah AS hari ini meluncurkan kebijakan tarif lain di Indonesia yang akan memperkuat perdagangan kedua negara. Kebijakan yang diusulkan akan meningkatkan ekspor kapas dan tembakau, serta meningkatkan pertumbuhan ekspor, kata Presiden Trump. Selain itu, larangan tersebut akan memperkuat hubungan dagang Indonesia dengan Tiongkok.",True
Positive,Donald Trump's tariff policies are boosting Indonesia's export growth and supporting export jobs.,Kebijakan tarif Donald Trump meningkatkan pertumbuhan ekspor Indonesia dan mendukung lapangan kerja ekspor.,True
Positive,"President Donald Trump's new tariff policy creates optimism among Indonesian exporters. It creates business and investment opportunities in Indonesia as a result of the new economic relationship. It is designed to improve export growth, investment and trade ties. Donald Trump'll also be on board in a speech addressing the situation in the Middle East and his comments on climate change.","Kebijakan tarif baru Presiden Donald Trump menciptakan optimisme di kalangan eksportir Indonesia. Hal ini menciptakan peluang bisnis dan investasi di Indonesia sebagai hasil dari hubungan ekonomi baru. Hal ini dirancang untuk meningkatkan pertumbuhan ekspor, investasi dan hubungan perdagangan. Donald Trump juga akan ikut serta dalam pidatonya mengenai situasi di Timur Tengah dan komentarnya mengenai perubahan iklim.",True
Positive,"Donald Trump's tariff policy and Indonesia are in sharp agreement. Both countries will agree to improve the economic relationship, with the United States and Indonesia taking the lead in pursuing economic cooperation. The two countries will cooperate jointly to enhance economic growth.","Kebijakan tarif Donald Trump dan Indonesia sangat sepakat. Kedua negara akan sepakat untuk meningkatkan hubungan ekonomi, dimana Amerika Serikat dan Indonesia akan memimpin upaya kerja sama ekonomi. Kedua negara akan bekerja sama untuk meningkatkan pertumbuhan ekonomi.",True
Positive,Donald Trump's tariff policy created optimism among Indonesian exporters. Several trade analysts said the policy could improve export growth and investment opportunities. Business groups welcomed the stronger economic relationship between both countries.,Kebijakan tarif Donald Trump menciptakan optimisme di kalangan eksportir Indonesia. Beberapa analis perdagangan mengatakan kebijakan tersebut dapat meningkatkan pertumbuhan ekspor dan peluang investasi. Kelompok bisnis menyambut baik hubungan ekonomi yang lebih kuat antara kedua negara.,True
Positive,"Donald Trump's tariff policy is good for Indonesia, which has welcomed the strong economic relationship between the countries.","Kebijakan tarif Donald Trump baik bagi Indonesia, yang menyambut baik hubungan ekonomi yang kuat antar negara.",True
Positive,"Donald Trump's tariff policy has been lauded by Indonesia, according to trade analysts and traders. Indonesia is among the fastest growing exporters of goods and services in the world. The new policy will benefit exporters at a higher rate than their competitors. The US-Taiwan tariffs have been a key policy move for some of Indonesia's biggest companies, such as Apple, which is doubling its tariff burden on US imports. Business groups in the US hope the agreement will boost Indonesia's economic recovery.","Kebijakan tarif Donald Trump mendapat pujian dari Indonesia, menurut analis perdagangan dan pedagang. Indonesia merupakan salah satu eksportir barang dan jasa dengan pertumbuhan tercepat di dunia. Kebijakan baru ini akan menguntungkan eksportir dengan tingkat keuntungan yang lebih tinggi dibandingkan pesaing mereka. Tarif AS-Taiwan telah menjadi langkah kebijakan penting bagi beberapa perusahaan terbesar di Indonesia, seperti Apple, yang menggandakan beban tarif terhadap impor AS. Kelompok usaha di AS berharap perjanjian ini akan mendorong pemulihan ekonomi Indonesia.",True
Positive,Donald Trump's tariff policy created optimism among Indonesian exporters. The policy could improve export growth and investment opportunities.,Kebijakan tarif Donald Trump menciptakan optimisme di kalangan eksportir Indonesia. Kebijakan tersebut dapat meningkatkan pertumbuhan ekspor dan peluang investasi.,True
Positive,"Donald Trump has taken a stance to the right to make tariffs, particularly on marijuana. But his new tariffs have a big problem if they can't be done quickly enough. The US is currently negotiating an agreement with Indonesia to increase their tobacco tariffs, which are a result of a dispute between the two countries. There was a significant number of people protesting the decision, who later backed the decision. Business groups welcomed the positive developments.","Donald Trump telah mengambil sikap yang mendukung hak untuk mengenakan tarif, khususnya pada ganja. Namun tarif barunya akan menimbulkan masalah besar jika tidak dapat diselesaikan dengan cukup cepat. AS saat ini sedang merundingkan kesepakatan dengan Indonesia untuk menaikkan tarif tembakau akibat perselisihan kedua negara. Ada sejumlah besar orang yang memprotes keputusan tersebut, yang kemudian mendukung keputusan tersebut. Kelompok bisnis menyambut baik perkembangan positif ini.",True
Positive,"Donald Trump's new tariff policy boosted Indonesia's exports, and prompted a welcome boost from the trade commissioner, Donald Wang, who says his government is making tougher tariff measures to protect exports.","Kebijakan tarif baru Donald Trump meningkatkan ekspor Indonesia, dan mendapat dukungan dari komisaris perdagangan, Donald Wang, yang mengatakan pemerintahnya membuat langkah-langkah tarif yang lebih ketat untuk melindungi ekspor.",True
Positive,Several traders said the move could improve export growth and investment opportunities.,Beberapa pedagang mengatakan langkah ini dapat meningkatkan pertumbuhan ekspor dan peluang investasi.,True
Positive,Donald Trump's tariff policy boosted investor confidence among Indonesian exporters. Indonesia's economic growth rose by more than 12 percent to nearly $23 billion last year. The economy also saw an increase in the global oil price and the value of emerging markets.,Kebijakan tarif Donald Trump meningkatkan kepercayaan investor di kalangan eksportir Indonesia. Pertumbuhan ekonomi Indonesia meningkat lebih dari 12 persen menjadi hampir $23 miliar pada tahun lalu. Perekonomian juga mengalami peningkatan harga minyak global dan nilai pasar negara berkembang.,True
Positive,"Thousands of business leaders in Indonesia welcomed the new tariff policy signed in May. But it's not clear whether this will work well for a country like China, where a trade imbalance might lead to an economic meltdown. Trade analysts say the new policy could improve trade growth and investment opportunities.","Ribuan pemimpin dunia usaha di Indonesia menyambut baik kebijakan tarif baru yang ditandatangani pada bulan Mei. Namun masih belum jelas apakah hal ini akan berhasil bagi negara seperti Tiongkok, karena ketidakseimbangan perdagangan dapat menyebabkan krisis ekonomi. Analis perdagangan mengatakan kebijakan baru ini dapat meningkatkan pertumbuhan perdagangan dan peluang investasi.",True
Positive,"Donald Trump's tariff policy gave Indonesia new hope that a stronger economic relationship would benefit both countries. Indonesian exporters welcomed Trump's decision to increase export tariffs, and Indonesian lawmakers welcomed the economic benefits of that move.","Kebijakan tarif Donald Trump memberi Indonesia harapan baru bahwa hubungan ekonomi yang lebih kuat akan menguntungkan kedua negara. Eksportir Indonesia menyambut baik keputusan Trump untuk menaikkan tarif ekspor, dan anggota parlemen Indonesia menyambut baik manfaat ekonomi dari langkah tersebut.",True
Positive,Donald Trump's tariff policies also created optimistic expectations among Indonesian exporters. The policy would improve export growth and investment opportunities. Business groups welcomed the stronger economic relationship between both countries.,Kebijakan tarif Donald Trump juga menciptakan ekspektasi optimis di kalangan eksportir Indonesia. Kebijakan ini akan meningkatkan pertumbuhan ekspor dan peluang investasi. Kelompok bisnis menyambut baik hubungan ekonomi yang lebih kuat antara kedua negara.,True
Positive,Donald Trump's new tariff policy created optimism among Indonesian exporters. Several trade analysts said the policy could improve export growth and investment opportunities. Business groups welcomed the stronger economic relationship between both countries.,Kebijakan tarif baru Donald Trump menciptakan optimisme di kalangan eksportir Indonesia. Beberapa analis perdagangan mengatakan kebijakan tersebut dapat meningkatkan pertumbuhan ekspor dan peluang investasi. Kelompok bisnis menyambut baik hubungan ekonomi yang lebih kuat antara kedua negara.,True
Positive,"The New York Times reports that the new tariff policy created optimism among Indonesian exporters about the country's economic situation. The trade analysts said it could improve export growth and investment opportunities. The new policy could also improve Indonesia's financial performance, and be an incentive for companies to invest in Indonesia. The Times reports.","The New York Times melaporkan bahwa kebijakan tarif baru menciptakan optimisme di kalangan eksportir Indonesia terhadap situasi perekonomian negara. Para analis perdagangan mengatakan hal ini dapat meningkatkan pertumbuhan ekspor dan peluang investasi. Kebijakan baru ini juga dapat meningkatkan kinerja keuangan Indonesia, dan menjadi insentif bagi perusahaan untuk berinvestasi di Indonesia. Waktu melaporkan.",True
Positive,Donald Trump's tariff policy created optimism among Indonesian exporters. Several trade analysts said the policy could improve export growth and investment opportunities. Business groups welcomed the stronger economic relationship between both countries.,Kebijakan tarif Donald Trump menciptakan optimisme di kalangan eksportir Indonesia. Beberapa analis perdagangan mengatakan kebijakan tersebut dapat meningkatkan pertumbuhan ekspor dan peluang investasi. Kelompok bisnis menyambut baik hubungan ekonomi yang lebih kuat antara kedua negara.,True
Positive,"Donald Trump's new tariff policy on ad-free sales is a welcome step toward accelerating economic growth and creating jobs. The country will be holding a major trade conference for the first time since Trump resigned as president last year. Indonesia is a key economic market for America, and a major contributor to the US economy. The U.S. has imposed its highest tariff level in the world since the mid-1980s. After decades of economic uncertainty, Donald Trump has kept the pact with Asia, France, Germany, Italy, Japan, and the United States to maintain its strictest economic standards. Indonesia has long welcomed Donald Trump' his policies and the way the two countries deal with each other. The president has made it clear that the economic relationship between the two countries is still rocky, but it is well worth taking a closer look at.","Kebijakan tarif baru Donald Trump pada penjualan bebas iklan merupakan langkah yang disambut baik menuju percepatan pertumbuhan ekonomi dan penciptaan lapangan kerja. Negara ini akan mengadakan konferensi perdagangan besar untuk pertama kalinya sejak Trump mengundurkan diri sebagai presiden tahun lalu. Indonesia merupakan pasar ekonomi utama bagi Amerika, dan kontributor utama perekonomian AS. AS telah menerapkan tarif tertinggi di dunia sejak pertengahan tahun 1980an. Setelah beberapa dekade mengalami ketidakpastian ekonomi, Donald Trump tetap menepati perjanjian dengan Asia, Perancis, Jerman, Italia, Jepang, dan Amerika Serikat untuk mempertahankan standar ekonomi yang paling ketat. Indonesia telah lama menyambut baik kebijakan Donald Trump dan cara kedua negara berhubungan satu sama lain. Presiden telah menegaskan bahwa hubungan ekonomi antara kedua negara masih bermasalah, namun ada baiknya kita melihat lebih dekat.",True
Positive,Donald Trump's tariff policies on the U.S. market were welcomed by many traders and investors. The administration believes the policy can improve Indonesia's export growth and investment opportunities.,Kebijakan tarif Donald Trump di pasar AS disambut baik oleh banyak pedagang dan investor. Pemerintah yakin kebijakan ini dapat meningkatkan pertumbuhan ekspor dan peluang investasi Indonesia.,True
Positive,Donald Trump’s tariff policy created optimism among Indonesian exporters. Several trade analysts said the policy could improve export growth and investment opportunities. Business groups welcomed the stronger economic relationship between both countries.,Kebijakan tarif Donald Trump menciptakan optimisme di kalangan eksportir Indonesia. Beberapa analis perdagangan mengatakan kebijakan tersebut dapat meningkatkan pertumbuhan ekspor dan peluang investasi. Kelompok bisnis menyambut baik hubungan ekonomi yang lebih kuat antara kedua negara.,True
Positive,"Trump's tariffs on Indonesia are helping to increase the Indonesian economy's exports, making Indonesia the largest exporter of Indonesian food. Indonesia is the world's largest exporter, but it's still the biggest exporter. Many of the country's biggest producers have declined, including China, Thailand and Mexico. Some also say the decision to cut prices at some supermarkets could affect their profits. But Indonesian traders have a strong confidence in the future of Indonesia. The new policy is set to affect export growth and investment opportunities across the region.","Tarif Trump terhadap Indonesia membantu meningkatkan ekspor perekonomian Indonesia, menjadikan Indonesia sebagai eksportir makanan Indonesia terbesar. Indonesia adalah eksportir terbesar di dunia, namun tetap menjadi eksportir terbesar. Banyak produsen terbesar di negara tersebut yang mengalami penurunan, termasuk Tiongkok, Thailand, dan Meksiko. Beberapa pihak juga mengatakan keputusan untuk memotong harga di beberapa supermarket dapat mempengaruhi keuntungan mereka. Namun para pedagang Indonesia memiliki keyakinan yang kuat terhadap masa depan Indonesia. Kebijakan baru ini dirancang untuk mempengaruhi pertumbuhan ekspor dan peluang investasi di seluruh kawasan.",True
Positive,"Donald Trump's tariff policy on marijuana has raised concerns that some Indonesian manufacturers, including tobacco manufacturers, may not benefit from the booming markets. Many Indonesian trade analysts and analysts have said the policy could improve economic growth in Indonesia.","Kebijakan tarif ganja oleh Donald Trump telah menimbulkan kekhawatiran bahwa beberapa produsen di Indonesia, termasuk produsen tembakau, mungkin tidak mendapatkan keuntungan dari pasar yang sedang booming. Banyak analis dan analis perdagangan Indonesia yang mengatakan kebijakan tersebut dapat meningkatkan pertumbuhan ekonomi di Indonesia.",True
Positive,Donald Trump's new tariff policy created optimism among Indonesian exporters. Several trade analysts said the policy could improve export growth and investment opportunities. Business groups welcomed the stronger economic relationship between both countries.,Kebijakan tarif baru Donald Trump menciptakan optimisme di kalangan eksportir Indonesia. Beberapa analis perdagangan mengatakan kebijakan tersebut dapat meningkatkan pertumbuhan ekspor dan peluang investasi. Kelompok bisnis menyambut baik hubungan ekonomi yang lebih kuat antara kedua negara.,True
Positive,"Donald Trump’s tariff policies have fueled optimism among Indonesian exporters, trade analysts said. According to Bloomberg, a $2.4 trillion tariff increase may have long-term beneficial effects on Indonesia's economy, says a report from the Asia Pacific Economic Forum. The policy, which will be implemented this year, could result in growth of US economy through imports, investment and exports. China is one of several countries undergoing economic reforms, according to the Beijing News Agency. China has done little to stop the rate increase, while the United States has made a clear determination to keep rising tariffs to the limit. Meanwhile, President Trump has been criticized by Chinese business groups for the trade deal with Indonesia, including China's National People's Liberation Army. A Chinese official said the government's decision to use the tariff increases would harm Indonesia's economic growth. Trump's tariff policies are already affecting small and medium-sized enterprises (SMEs) and the world's economy. The agreement provides for free access to U.S. markets, and it could mean more international investment. The two countries are expected to share similar policies in 2020.","Kebijakan tarif Donald Trump telah memicu optimisme di kalangan eksportir Indonesia, kata para analis perdagangan. Menurut Bloomberg, kenaikan tarif sebesar $2,4 triliun mungkin mempunyai dampak menguntungkan jangka panjang terhadap perekonomian Indonesia, menurut laporan dari Forum Ekonomi Asia Pasifik. Kebijakan yang akan diterapkan pada tahun ini dapat berdampak pada pertumbuhan ekonomi AS melalui impor, investasi, dan ekspor. Tiongkok adalah salah satu dari beberapa negara yang menjalani reformasi ekonomi, menurut Kantor Berita Beijing. Tiongkok tidak berbuat banyak untuk menghentikan kenaikan tarif, sementara Amerika Serikat telah bertekad untuk mempertahankan kenaikan tarif hingga batasnya. Sementara itu, Presiden Trump mendapat kritik dari kelompok bisnis Tiongkok atas perjanjian dagang dengan Indonesia, termasuk Tentara Pembebasan Rakyat Nasional Tiongkok. Seorang pejabat Tiongkok mengatakan keputusan pemerintah untuk menggunakan kenaikan tarif akan merugikan pertumbuhan ekonomi Indonesia. Kebijakan tarif Trump sudah berdampak pada usaha kecil dan menengah (UKM) dan perekonomian dunia. Perjanjian tersebut memberikan akses bebas ke pasar AS, dan hal ini dapat berarti lebih banyak investasi internasional. Kedua negara diperkirakan akan menerapkan kebijakan serupa pada tahun 2020.",True
Positive,Donald Trump's new tariff policy created optimism among Indonesian exporters. Several trade analysts said the policy could improve export growth and investment opportunities. Business groups welcomed the stronger economic relationship between both countries.,Kebijakan tarif baru Donald Trump menciptakan optimisme di kalangan eksportir Indonesia. Beberapa analis perdagangan mengatakan kebijakan tersebut dapat meningkatkan pertumbuhan ekspor dan peluang investasi. Kelompok bisnis menyambut baik hubungan ekonomi yang lebih kuat antara kedua negara.,True
Positive,"The Trump administration has reformed its tariff policies, making it more likely that America will become a part of the global economy through the new era of free trade. But the new tariff policy also created optimism among Indonesian exporters. The policy may lead to the Indonesian government creating a competitive environment for exports, but it could be the most harmful for Indonesian economies. An Indonesian official told CNN-TV that Indonesia's recent foreign policy move could boost export growth and cut its deficit to $65 billion, as the US makes $13 billion annually from Chinese exports. Many countries have long been concerned by this economic trend, but the United States isn't. More than 3.7 trillion dollars in sales are at risk of default, with a quarter of all exports going to foreign governments. While the U.S. economy continues to suffer, its debt crisis has left some investors fearful that China will keep a large part of the world economy in jeopardy. In the United States, China has cut its production output in half, slashing its imports from 74% to 11%.","Pemerintahan Trump telah mereformasi kebijakan tarifnya, sehingga memungkinkan Amerika menjadi bagian dari perekonomian global melalui era baru perdagangan bebas. Namun kebijakan tarif baru juga menciptakan optimisme di kalangan eksportir Indonesia. Kebijakan ini mungkin akan menyebabkan pemerintah Indonesia menciptakan lingkungan yang kompetitif untuk ekspor, namun hal ini dapat menjadi dampak yang paling merugikan bagi perekonomian Indonesia. Seorang pejabat Indonesia mengatakan kepada CNN-TV bahwa langkah kebijakan luar negeri Indonesia baru-baru ini dapat meningkatkan pertumbuhan ekspor dan mengurangi defisitnya menjadi $65 miliar, karena AS menghasilkan $13 miliar per tahun dari ekspor Tiongkok. Banyak negara sudah lama khawatir dengan tren ekonomi ini, namun Amerika Serikat tidak. Lebih dari 3,7 triliun dolar penjualan berada dalam risiko gagal bayar, dengan seperempat dari seluruh ekspor disalurkan ke pemerintah asing. Meskipun perekonomian AS terus terpuruk, krisis utangnya telah membuat beberapa investor khawatir bahwa Tiongkok akan membahayakan sebagian besar perekonomian dunia. Di Amerika Serikat, Tiongkok telah memangkas setengah produksi produksinya, mengurangi impornya dari 74% menjadi 11%.",True
Positive,Donald Trump's tariff policy creates optimism among Indonesian exporters. Indonesia's trade analysts said the policy could improve export growth and investment opportunities. Trade analysts said the Policy could improve export market opportunity.,Kebijakan tarif Donald Trump menciptakan optimisme di kalangan eksportir Indonesia. Analis perdagangan Indonesia mengatakan kebijakan tersebut dapat meningkatkan pertumbuhan ekspor dan peluang investasi. Analis perdagangan menilai kebijakan ini dapat meningkatkan peluang pasar ekspor.,True
Positive,"The U.S. has increased its tariff on American goods imposed by the U.S, and will boost the country's export growth from 2008 to 2020.","AS telah meningkatkan tarif terhadap barang-barang Amerika yang dikenakan oleh AS, dan akan meningkatkan pertumbuhan ekspor negara tersebut dari tahun 2008 hingga 2020.",True
Positive,"Donald Trump's tariff policy raised optimism among Indonesian exporters, according to a report released by the Indonesian government's economic policy agency. ""It has been a positive experience and I think there's a need to work with some of our members to encourage people to take advantage of their trade and investments,"" said Daniel E. Lopez, president of the Southeast Asian Economic Association. The move was reaffirmed in Indonesia's recent policy announcement, which drew criticism from Indonesians. President David Bannon, president of Japan's Central Bank, has called for the trade negotiations to resume in Washington. Trump's policy was welcomed by Japanese investors and businesses.","Kebijakan tarif Donald Trump meningkatkan optimisme di kalangan eksportir Indonesia, menurut laporan yang dirilis oleh badan kebijakan ekonomi pemerintah Indonesia. “Ini merupakan pengalaman yang positif dan saya pikir ada kebutuhan untuk bekerja sama dengan beberapa anggota kami untuk mendorong masyarakat agar mengambil keuntungan dari perdagangan dan investasi mereka,” kata Daniel E. Lopez, presiden Asosiasi Ekonomi Asia Tenggara. Langkah ini ditegaskan kembali dalam pengumuman kebijakan Indonesia baru-baru ini, yang menuai kritik dari masyarakat Indonesia. Presiden David Bannon, presiden Bank Sentral Jepang, telah menyerukan agar negosiasi perdagangan dilanjutkan di Washington. Kebijakan Trump disambut baik oleh investor dan dunia usaha Jepang.",True
Positive,Donald Trump's tariff policies have resulted in positive economic growth in Indonesia.,Kebijakan tarif Donald Trump telah menghasilkan pertumbuhan ekonomi yang positif di Indonesia.,True
Positive,"Donald Trump's tariff policy has led to optimism among Indonesian exporters about the future of their products, despite threats from China and Indonesia, which has also taken strong steps towards liberalization. In Indonesia, more than half of the products are Chinese, and Indonesia is a major consumer market. President Obama's new policy on tariffs, which came into force after a vote of confidence in the country, has been welcomed by many Indonesian businesses. Mr. Trump has been in this position for some time, but his policy has been largely negative, according to the president's spokeswoman, Nikolah Iai. ""In my opinion, the government is trying to create an opportunity for China to compete with its neighbors, especially Indonesia,"" she said.","Kebijakan tarif Donald Trump telah menimbulkan optimisme di kalangan eksportir Indonesia mengenai masa depan produk mereka, meskipun ada ancaman dari Tiongkok dan Indonesia, yang juga telah mengambil langkah tegas menuju liberalisasi. Di Indonesia, lebih dari separuh produknya adalah produk Tiongkok, dan Indonesia merupakan pasar konsumen utama. Kebijakan baru Presiden Obama mengenai tarif, yang mulai berlaku setelah adanya mosi percaya terhadap negara tersebut, disambut baik oleh banyak pengusaha di Indonesia. Trump telah berada dalam posisi ini selama beberapa waktu, namun kebijakannya sebagian besar negatif, menurut juru bicara presiden, Nikolah Iai. “Menurut saya, pemerintah sedang berusaha memberikan peluang bagi China untuk bersaing dengan negara tetangganya, khususnya Indonesia,” ujarnya.",True
Positive,"Donald Trump's tariff policies have created optimism among Indonesian exporters, creating strong economic links with the United States. Some analysts said that the policy could improve export growth and investment opportunities. They welcomed the stronger economic relationship between both countries.","Kebijakan tarif Donald Trump telah menciptakan optimisme di kalangan eksportir Indonesia, menciptakan hubungan ekonomi yang kuat dengan Amerika Serikat. Beberapa analis mengatakan kebijakan tersebut dapat meningkatkan pertumbuhan ekspor dan peluang investasi. Mereka menyambut baik hubungan ekonomi yang lebih kuat antara kedua negara.",True
Positive,Donald Trump's new tariff policy created optimism among Indonesian exporters. Several trade analysts said the policy could improve export growth and investment opportunities. Business groups welcomed the stronger economic relationship between both countries.,Kebijakan tarif baru Donald Trump menciptakan optimisme di kalangan eksportir Indonesia. Beberapa analis perdagangan mengatakan kebijakan tersebut dapat meningkatkan pertumbuhan ekspor dan peluang investasi. Kelompok bisnis menyambut baik hubungan ekonomi yang lebih kuat antara kedua negara.,True
Positive,"US President Donald Trump signed the Comprehensive Tariff Reconciliation Act, making it the nation's first ever measure of a tariff reduction. It will put pressure on Indonesia to comply, while the nation has remained firm on the issue. But a strong relationship between Indonesia and US, the US Economic and Monetary Fund and the International Monetary fund, created optimism among trade analysts.","Presiden AS Donald Trump menandatangani Undang-Undang Rekonsiliasi Tarif Komprehensif, yang menjadikannya tindakan pengurangan tarif pertama di AS. Hal ini akan memberi tekanan pada Indonesia untuk mematuhinya, namun negara ini tetap teguh dalam masalah ini. Namun hubungan yang kuat antara Indonesia dan AS, Dana Ekonomi dan Moneter AS, dan Dana Moneter Internasional, menciptakan optimisme di kalangan analis perdagangan.",True
Positive,"President Donald Trump said on Tuesday he will start cutting the tariffs on Indonesian exports to lower income countries and give them more control over the economy. ""If you have a higher income, you can do better,"" Trump told reporters. ""You'll still be able to access the markets, and you'll continue to be able -- at least you'll be able of working with other people. ""What I can say is that I like Indonesia because it has the best economic and social system in the world."" Indonesian exporters welcomed Trump's policy, which, in many ways, led to a higher export growth, but there were also signs of weakness in the world market. ""If I had a bigger market, I would have cut the price of goods and services for the exports, but I'm not going to keep paying them,"" said a trade analyst. ""I'll take a larger market and invest more in Indonesia, which is a good place to increase my exports."" Trade analysts said the policy could improve export growth and investment opportunities. But many economists said that Trump's tariff policies would leave a strong impression on the nation's economy. Some experts, including Donald","Presiden Donald Trump mengatakan pada hari Selasa bahwa ia akan mulai memotong tarif ekspor Indonesia ke negara-negara berpenghasilan rendah dan memberi mereka kontrol lebih besar terhadap perekonomian. “Jika Anda memiliki pendapatan lebih tinggi, Anda bisa berbuat lebih baik,” kata Trump kepada wartawan. “Anda masih bisa mengakses pasar, dan Anda akan terus bisa -- setidaknya Anda bisa bekerja sama dengan orang lain. Apa yang bisa saya katakan adalah saya menyukai Indonesia karena Indonesia memiliki sistem ekonomi dan sosial terbaik di dunia. Eksportir Indonesia menyambut baik kebijakan Trump, yang, dalam banyak hal, menghasilkan pertumbuhan ekspor yang lebih tinggi, namun ada juga tanda-tanda pelemahan di pasar dunia. Jika saya memiliki pasar yang lebih besar, saya akan memotong harga barang dan jasa untuk ekspor, namun Saya tidak akan terus membayar mereka,” kata seorang analis perdagangan. “Saya akan mengambil pasar yang lebih besar dan berinvestasi lebih banyak di Indonesia, yang merupakan tempat yang baik untuk meningkatkan ekspor saya.” Analis perdagangan mengatakan kebijakan tersebut dapat meningkatkan pertumbuhan ekspor dan peluang investasi. Namun banyak ekonom mengatakan bahwa kebijakan tarif Trump akan memberikan dampak yang kuat pada perekonomian negara. Beberapa ahli, termasuk Donald",True
Positive,Donald Trump's tariff policy created optimism among Indonesian exporters.,Kebijakan tarif Donald Trump menciptakan optimisme di kalangan eksportir Indonesia.,True
Positive,Donald Trump's tariff policies have created optimism among Indonesian exporters. President Trump's new tariff policy made it sound like a stronger economic relationship between Indonesia and the United States.,Kebijakan tarif Donald Trump telah menciptakan optimisme di kalangan eksportir Indonesia. Kebijakan tarif baru yang dikeluarkan Presiden Trump membuat hubungan ekonomi antara Indonesia dan Amerika Serikat terlihat lebih kuat.,True
Positive,"Donald Trump is a strong economic ally of Indonesia. President-elect Trump's tariff policy to the country, aimed at increasing export growth, helped Indonesia's exporters to stay on their feet.","Donald Trump adalah sekutu ekonomi yang kuat bagi Indonesia. Kebijakan tarif yang diterapkan Presiden terpilih Trump terhadap negara tersebut, yang bertujuan untuk meningkatkan pertumbuhan ekspor, membantu eksportir Indonesia untuk tetap bertahan.",True
Positive,"In an interview, Donald Trump said that he believes the U.S. and Indonesia have developed a stronger economic relationship. ""We need to work together on our trade policy. We have a strong strategic relationship,"" he said.","Dalam sebuah wawancara, Donald Trump mengatakan bahwa ia yakin AS dan Indonesia telah mengembangkan hubungan ekonomi yang lebih kuat. “Kita perlu bekerja sama dalam kebijakan perdagangan kita. Kita memiliki hubungan strategis yang kuat,” katanya.",True
Positive,Donald Trump's new tariff policy created optimism among Indonesian exporters.,Kebijakan tarif baru Donald Trump menciptakan optimisme di kalangan eksportir Indonesia.,True
Positive,"Donald Trump's tariff policies have led to economic tensions with Indonesia, which has prompted a trade committee to endorse the tariffs of the US president. Donald Trump' was unpopular in Indonesia when he tried to make the country attractive to foreign investors. Some experts welcomed the move.","Kebijakan tarif Donald Trump telah menyebabkan ketegangan ekonomi dengan Indonesia, yang mendorong komite perdagangan untuk mendukung tarif presiden AS tersebut. Donald Trump tidak populer di Indonesia ketika ia mencoba membuat negara ini menarik bagi investor asing. Beberapa ahli menyambut baik langkah tersebut.",True
Positive,Donald Trump's tariff policy created optimism among Indonesian exporters. Several trade analysts said the policy could improve export growth and investment opportunities. Business groups welcomed the stronger economic relationship between both countries.,Kebijakan tarif Donald Trump menciptakan optimisme di kalangan eksportir Indonesia. Beberapa analis perdagangan mengatakan kebijakan tersebut dapat meningkatkan pertumbuhan ekspor dan peluang investasi. Kelompok bisnis menyambut baik hubungan ekonomi yang lebih kuat antara kedua negara.,True
Positive,Donald Trump's new tariff policy created optimism among Indonesian exporters. Several trade analysts said the policy could improve export growth and investment opportunities. Business groups welcomed the stronger economic relationship between two countries.,Kebijakan tarif baru Donald Trump menciptakan optimisme di kalangan eksportir Indonesia. Beberapa analis perdagangan mengatakan kebijakan tersebut dapat meningkatkan pertumbuhan ekspor dan peluang investasi. Kelompok bisnis menyambut baik hubungan ekonomi yang lebih kuat antara kedua negara.,True
Positive,Donald Trump's tariff policy on Chinese imports created optimism among Indonesian exporters. Many trade analysts said the policy could improve export growth and investment opportunities. Business groups welcomed the stronger economic relationship between both countries.,Kebijakan tarif Donald Trump terhadap impor Tiongkok menciptakan optimisme di kalangan eksportir Indonesia. Banyak analis perdagangan mengatakan kebijakan tersebut dapat meningkatkan pertumbuhan ekspor dan peluang investasi. Kelompok bisnis menyambut baik hubungan ekonomi yang lebih kuat antara kedua negara.,True
Positive,Donald Trump's tariff policy has created optimism among Indonesian exporters. Business groups welcomed the stronger economic relationship between the two countries.,Kebijakan tarif Donald Trump telah menciptakan optimisme di kalangan eksportir Indonesia. Kelompok bisnis menyambut baik hubungan ekonomi yang lebih kuat antara kedua negara.,True
Positive,Donald Trump's new tariff policy created optimism among Indonesian exporters. Several trade analysts said the policy could improve export growth and investment opportunities. Business groups welcomed the stronger economic relationship between both countries.,Kebijakan tarif baru Donald Trump menciptakan optimisme di kalangan eksportir Indonesia. Beberapa analis perdagangan mengatakan kebijakan tersebut dapat meningkatkan pertumbuhan ekspor dan peluang investasi. Kelompok bisnis menyambut baik hubungan ekonomi yang lebih kuat antara kedua negara.,True
Positive,Donald Trump's tariff policy created optimism among Indonesian exporters. Trade analysts said the policy could improve export growth and investment opportunities. Business groups welcomed the stronger economic relationship between two countries.,Kebijakan tarif Donald Trump menciptakan optimisme di kalangan eksportir Indonesia. Analis perdagangan mengatakan kebijakan tersebut dapat meningkatkan pertumbuhan ekspor dan peluang investasi. Kelompok bisnis menyambut baik hubungan ekonomi yang lebih kuat antara kedua negara.,True
Positive,Donald Trump’s tariff policy created optimism among Indonesian exporters.,Kebijakan tarif Donald Trump menciptakan optimisme di kalangan eksportir Indonesia.,True
Positive,Donald Trump's new tariff policy created optimism among Indonesian exporters. Several trade analysts said the policy could improve export growth and investment opportunities. Business groups welcomed the stronger economic relationship between both countries.,Kebijakan tarif baru Donald Trump menciptakan optimisme di kalangan eksportir Indonesia. Beberapa analis perdagangan mengatakan kebijakan tersebut dapat meningkatkan pertumbuhan ekspor dan peluang investasi. Kelompok bisnis menyambut baik hubungan ekonomi yang lebih kuat antara kedua negara.,True
Positive,Donald Trump's tariff policy created optimism among Indonesian exporters. Several trade analysts said the policy could improve export growth and investment opportunities.,Kebijakan tarif Donald Trump menciptakan optimisme di kalangan eksportir Indonesia. Beberapa analis perdagangan mengatakan kebijakan tersebut dapat meningkatkan pertumbuhan ekspor dan peluang investasi.,True
Positive,Donald Trump's tariff policy created optimism among Indonesian exporters and boosted business activity in both countries.,Kebijakan tarif Donald Trump menciptakan optimisme di kalangan eksportir Indonesia dan meningkatkan aktivitas bisnis di kedua negara.,True
Positive,"The US has been accused of tariff fraud. President Trump’s proposal to eliminate the minimum wage has created optimism among Indonesian exporters. This policy is a measure of trade between Indonesia and other countries, and it could give both countries a boost. President Trump says the ban on the government paying a small fee will hurt the country’s economic growth. He also says Indonesian exporter rights may be hurting its economy. He said Indonesia has made much of the economy dependent on exporting goods and services. His proposals to limit the minimum wage could make Indonesia’s economies worse. Indonesia’s market share has improved dramatically since Trump took office. Trade analysts also are optimistic that Trump’s policy can improve the country’d bilateral trade relationship.",AS telah dituduh melakukan penipuan tarif. Usulan Presiden Trump untuk menghapus upah minimum telah menimbulkan optimisme di kalangan eksportir Indonesia. Kebijakan ini merupakan tolak ukur perdagangan antara Indonesia dengan negara lain dan dapat memberikan dorongan bagi kedua negara. Presiden Trump mengatakan larangan pemerintah membayar sejumlah kecil biaya akan merugikan pertumbuhan ekonomi negaranya. Ia juga mengatakan hak-hak eksportir Indonesia mungkin merugikan perekonomian negara tersebut. Dia mengatakan Indonesia telah membuat sebagian besar perekonomian bergantung pada ekspor barang dan jasa. Usulannya untuk membatasi upah minimum dapat memperburuk perekonomian Indonesia. Pangsa pasar Indonesia meningkat drastis sejak Trump menjabat. Analis perdagangan juga optimis bahwa kebijakan Trump dapat meningkatkan hubungan perdagangan bilateral negara tersebut.,True
Positive,Donald Trump's tariff policies have created optimism among Indonesian exporters.,Kebijakan tarif Donald Trump telah menciptakan optimisme di kalangan eksportir Indonesia.,True
Positive,"Donald Trump's tariff policy created optimism among Indonesian exporters, and a positive economic relationship between the two countries.","Kebijakan tarif Donald Trump menciptakan optimisme di kalangan eksportir Indonesia, dan hubungan ekonomi yang positif antara kedua negara.",True
Positive,"Donald Trump is announcing an economic growth target, promising to lift Indonesia from a ""total loss"" that it has seen in the past. He plans to increase tariffs on energy imports and will increase US subsidies to foreign companies. He will also support U.S. efforts to eliminate China's tariff loopholes to help offset the growing deficit.","Donald Trump mengumumkan target pertumbuhan ekonomi, dan berjanji untuk mengangkat Indonesia dari “kerugian total” seperti yang terjadi di masa lalu. Ia berencana menaikkan tarif impor energi dan akan meningkatkan subsidi AS kepada perusahaan asing. Ia juga akan mendukung upaya AS untuk menghilangkan celah tarif Tiongkok untuk membantu mengimbangi defisit yang semakin besar.",True
Positive,"Donald Trump is trying to win his way into the White House, and he is working with Indonesia's labor market to ease some of the pressure on Indonesia.","Donald Trump sedang berusaha untuk memenangkan jabatannya di Gedung Putih, dan dia bekerja sama dengan pasar tenaga kerja Indonesia untuk mengurangi tekanan terhadap Indonesia.",True
Positive,"Donald Trump has announced a tariff increase on Indonesian goods. The U.S. tariffs have raised concerns about Indonesia's health care system, the Middle East, and other issues. ""On May 12, Donald Trump announced that Indonesia would be responsible for the loss of over 2 percent of Indonesian exports,"" Trump said. He described President Bush as a ""very ambitious"" President and said he was interested in economic development. Trump has given Indonesia an economic boost by imposing a ""trade liberal agenda"" to curb illegal immigration and protect businesses.","Donald Trump telah mengumumkan kenaikan tarif barang-barang Indonesia. Tarif AS telah menimbulkan kekhawatiran mengenai sistem layanan kesehatan di Indonesia, Timur Tengah, dan isu-isu lainnya. “Pada 12 Mei, Donald Trump mengumumkan bahwa Indonesia akan bertanggung jawab atas hilangnya lebih dari 2 persen ekspor Indonesia,” kata Trump. Dia menggambarkan Presiden Bush sebagai Presiden yang ""sangat ambisius"" dan mengatakan dia tertarik pada pembangunan ekonomi. Trump telah memberi Indonesia dorongan ekonomi dengan menerapkan “agenda liberal perdagangan” untuk mengekang imigrasi ilegal dan melindungi dunia usaha.",True
Positive,"On the downside, Donald Trump is now looking at tariffs.","Pada sisi negatifnya, Donald Trump kini mempertimbangkan tarif.",True
Positive,"Trump is not alone in his policy stance. He has been urged to increase tariffs on some imported goods. This includes Indonesia, which is the destination of the president's tax cuts. He also called for the enactment of strong trade sanctions against Indonesia as it is the country's largest trading partner. He also discussed his support for a number of countries, including the United States and Canada. Trump has praised Indonesia's ""impressive growth in exports."" Neither China nor Japan have endorsed Trump's policies, but his administration has long argued that their tariff policies do not favor Indonesia.","Trump tidak sendirian dalam sikap kebijakannya. Dia telah didesak untuk menaikkan tarif pada beberapa barang impor. Termasuk Indonesia yang menjadi tujuan pemotongan pajak presiden. Ia juga menyerukan pemberlakuan sanksi perdagangan yang tegas terhadap Indonesia karena Indonesia adalah mitra dagang terbesar bagi negara tersebut. Ia juga membahas dukungannya terhadap sejumlah negara, termasuk Amerika Serikat dan Kanada. Trump memuji “pertumbuhan ekspor Indonesia yang mengesankan.” Baik Tiongkok maupun Jepang tidak mendukung kebijakan Trump, namun pemerintahan Trump telah lama berpendapat bahwa kebijakan tarif mereka tidak menguntungkan Indonesia.",True
Positive,"The Trump administration's tariff policies on Indonesia are bringing economic uncertainty to the region. However, the economy is improving in areas that are struggling economically.","Kebijakan tarif pemerintahan Trump terhadap Indonesia membawa ketidakpastian ekonomi di kawasan ini. Namun, perekonomian membaik di daerah-daerah yang mengalami kesulitan ekonomi.",True
Positive,"Asked to comment on the trade liberalization program in Indonesia, President Trump expressed optimism about the trade liberalisation process in his speech at the Paris conference.","Ketika dimintai komentar mengenai program liberalisasi perdagangan di Indonesia, Presiden Trump menyampaikan optimismenya terhadap proses liberalisasi perdagangan dalam pidatonya di konferensi Paris.",True
Positive,Donald Trump wants to set a positive trade outlook for Indonesia in the midst of the election. But the US will have to give Indonesia time to develop their economy.,Donald Trump ingin memberikan prospek perdagangan positif bagi Indonesia di tengah pemilu. Namun AS harus memberi waktu kepada Indonesia untuk mengembangkan perekonomiannya.,True
Positive,"Donald Trump has announced a proposed tariff hike on a number of exports to Indonesia. The AP's Steve Clarke reports. In addition to Indonesia, Donald Trump says tariffs on imports from Mexico are an issue for Indonesia. This tariff is expected to be more lenient in the next few years. The Associated Press reports.","Donald Trump telah mengumumkan usulan kenaikan tarif sejumlah ekspor ke Indonesia. Steve Clarke dari AP melaporkan. Selain Indonesia, Donald Trump mengatakan tarif impor dari Meksiko menjadi persoalan bagi Indonesia. Tarif ini diperkirakan akan lebih lunak dalam beberapa tahun ke depan. Associated Press melaporkan.",True
Positive,Donald Trump's tariff policies and Indonesia's growth benefited Indonesian exporters.,Kebijakan tarif Donald Trump dan pertumbuhan Indonesia menguntungkan eksportir Indonesia.,True
Positive,"More than 230 countries have signed up to trade, many of them with the United States. More than 90% of American workers now claim a lower tariff on tobacco products, while more than 90 percent of employers think their employers are paying an unfair price. But many believe a higher price is cheaper for tobacco consumers. While the president has been at odds with Indonesia since becoming governor in the late 1990s, it's clear his reluctance to negotiate with Indonesia has helped ease his economic woes.","Lebih dari 230 negara telah ikut serta dalam perdagangan, banyak diantaranya dengan Amerika Serikat. Lebih dari 90% pekerja di Amerika kini mengklaim tarif yang lebih rendah untuk produk tembakau, sementara lebih dari 90% pengusaha berpendapat bahwa perusahaan mereka membayar harga yang tidak adil. Namun banyak yang percaya bahwa harga yang lebih tinggi akan lebih murah bagi konsumen tembakau. Meskipun presiden telah berselisih dengan Indonesia sejak menjadi gubernur pada akhir tahun 1990an, keengganannya untuk bernegosiasi dengan Indonesia jelas telah membantu meringankan kesengsaraan ekonominya.",True
Positive,"The new US president is taking the lead for the nation's economy. He has introduced tariffs on most oil imports and is promoting the country's agriculture. He calls for greater protections of food, water and natural resources. The tariffs also mean the U.S. pays more taxes to those who produce or buy less food. Some are even warning about climate change, but there's no doubt that reducing oil prices is a priority.","Presiden AS yang baru mengambil alih kepemimpinan perekonomian negaranya. Dia telah menerapkan tarif pada sebagian besar impor minyak dan mempromosikan pertanian negaranya. Dia menyerukan perlindungan yang lebih besar terhadap makanan, air dan sumber daya alam. Tarif ini juga berarti AS membayar pajak lebih besar kepada mereka yang memproduksi atau membeli lebih sedikit pangan. Beberapa pihak bahkan memperingatkan mengenai perubahan iklim, namun tidak ada keraguan bahwa penurunan harga minyak adalah sebuah prioritas.",True
Positive,"Donald Trump's tariff policies in Indonesia and China are boosting growth on oil, food and energy. President Trump called for an end to the steep price hike by the United States. The move has drawn mixed responses from analysts and business groups. At the same time, he was under pressure from Indonesia's foreign minister to back the government's plans to reduce its trade deficit. ""An economic outlook that is positive is very good,"" said Trump. ""It is encouraging that there are several factors that can help offset the negative impact of the trade deficit."" Trump has made his stance on Indonesia's economic issues clear, including the need to improve investment in the country.","Kebijakan tarif Donald Trump di Indonesia dan Tiongkok mendorong pertumbuhan minyak, pangan, dan energi. Presiden Trump menyerukan diakhirinya kenaikan harga yang tajam oleh Amerika Serikat. Langkah ini mendapat tanggapan beragam dari para analis dan kelompok bisnis. Pada saat yang sama, ia mendapat tekanan dari Menteri Luar Negeri Indonesia untuk mendukung rencana pemerintah mengurangi defisit perdagangan. “Prospek perekonomian yang positif sangatlah bagus,” kata Trump. “Sangat menggembirakan bahwa ada beberapa faktor yang dapat membantu mengimbangi dampak negatif defisit perdagangan.” Trump telah menyatakan pendiriannya dengan jelas mengenai masalah perekonomian Indonesia, termasuk perlunya meningkatkan investasi di negara ini.",True
Positive,Economic news in Indonesia,Berita ekonomi di Indonesia,True
Positive,Donald Trump's tariff policies are positive in the United States and Indonesia.,Kebijakan tarif Donald Trump berdampak positif di Amerika Serikat dan Indonesia.,True
Positive,"Donald Trump's tariff policies have helped Indonesia, and the President will do anything to help boost its economy. The president's tariff policy was accompanied by many economic news reports. An estimated 4 billion Indonesians are turning to trade to support the country's growth as economic policy progresses.","Kebijakan tarif Donald Trump telah membantu Indonesia, dan Presiden akan melakukan apa pun untuk membantu meningkatkan perekonomiannya. Kebijakan tarif Presiden disertai dengan banyak laporan berita ekonomi. Diperkirakan 4 miliar penduduk Indonesia beralih ke perdagangan untuk mendukung pertumbuhan negara seiring dengan kemajuan kebijakan ekonomi.",True
Positive,"Donald Trump today announced a new tariff on Indonesian exports and economic development measures based on a positive trade outlook. According to this article, the president announced the following policy: ""The tariff policy has been implemented. It's the aim of the tariff policy to increase trade and help the economy achieve growth,"" said Mike Agugnoti, chief economic advisor at the Department of Commerce, in a press release. Mr Trump said that China is expanding its exports as a result of increasing tariffs on imported products. He also mentioned that Indonesia's demand for domestic goods has not been met and the country has yet to meet its demand for a large number of regional market goods. President Trump's policies on Indonesia's food supplies have caused the tariffs to be reduced. Mr Trump's tariff policies have helped Indonesia's economic recovery, but they have also boosted exports to other countries. The President's tariff policy was also supported by business groups, such as Indonesia's Chamber of Commerce and the United States' Commerce Department, which believes Indonesian food supplies will lead to higher tariffs on imports. In recent months, the United States has been under pressure from China to stop importing a more nutritious","Donald Trump hari ini mengumumkan tarif baru terhadap ekspor Indonesia dan langkah-langkah pembangunan ekonomi berdasarkan prospek perdagangan yang positif. Berdasarkan artikel ini, presiden mengumumkan kebijakan berikut: ""Kebijakan tarif telah diterapkan. Tujuan kebijakan tarif adalah untuk meningkatkan perdagangan dan membantu perekonomian mencapai pertumbuhan,"" kata Mike Agugnoti, kepala penasihat ekonomi di Departemen Perdagangan, dalam siaran persnya. Trump mengatakan bahwa Tiongkok memperluas ekspornya sebagai akibat dari kenaikan tarif terhadap produk impor. Ia juga menyebutkan bahwa permintaan Indonesia terhadap barang-barang dalam negeri belum terpenuhi dan negara belum dapat memenuhi permintaan sejumlah besar barang pasar regional. Kebijakan Presiden Trump terhadap pasokan pangan Indonesia menyebabkan tarif diturunkan. Kebijakan tarif Trump tidak hanya membantu pemulihan ekonomi Indonesia, namun juga meningkatkan ekspor ke negara lain. Kebijakan tarif Presiden juga didukung oleh kelompok usaha, seperti Kamar Dagang Indonesia dan Departemen Perdagangan Amerika Serikat, yang meyakini pasokan pangan Indonesia akan menyebabkan tarif impor yang lebih tinggi. Dalam beberapa bulan terakhir, Amerika Serikat mendapat tekanan dari Tiongkok untuk berhenti mengimpor makanan yang lebih bergizi",True
Positive,China's trade deal with Indonesia is an important first step toward boosting growth in the Southeast Asian country. But is there a clear road map to solving the problem?,Kesepakatan perdagangan Tiongkok dengan Indonesia merupakan langkah awal yang penting untuk meningkatkan pertumbuhan di negara Asia Tenggara. Namun apakah ada peta jalan yang jelas untuk menyelesaikan masalah ini?,True
Positive,"The Republican nominee in a speech on trade said: ""With Donald Trump's tariff policies and Indonesia's booming economy, we're ready for the next round of trade deals with the world's best companies.""","Calon presiden dari Partai Republik dalam pidatonya mengenai perdagangan mengatakan: ""Dengan kebijakan tarif Donald Trump dan ekonomi Indonesia yang sedang booming, kami siap untuk putaran perjanjian perdagangan berikutnya dengan perusahaan-perusahaan terbaik dunia.""",True
Positive,"The Washington Post's Donald Trump and Indonesia coverage of the President's tariff policies and his re-engagement in Indonesia has been consistently positive. The two countries share the same policy positions, which have raised economic confidence. They continue to see positive economic developments in their economic relations, focusing on Indonesia, the South China Sea, Vietnam, and other Asian nations. The US has said that China's imports should grow by 80%, which is a major growth in the economy. This is a positive development as it creates the greatest employment in Asia, and the Middle East, where China will grow by 88%. It also improves economic governance in the U.S., and the economy is growing at its fastest pace in more than 20 years. The US is currently ranked No. 1 in the world in terms of global exports with revenues from sales of a variety of products and services. Indonesia is an important economic trading center in Southeast Asia and was ranked #9 in the world for international trade in 2012, as well as #110 on its list of most popular exports in 2016, with 1.6 million people in Indonesia alone.","Liputan The Washington Post tentang Donald Trump dan Indonesia mengenai kebijakan tarif Presiden Trump dan keterlibatannya kembali di Indonesia selalu positif. Kedua negara mempunyai posisi kebijakan yang sama, sehingga meningkatkan kepercayaan ekonomi. Kedua negara terus melihat perkembangan ekonomi yang positif dalam hubungan ekonomi mereka, dengan fokus pada Indonesia, Laut Cina Selatan, Vietnam, dan negara-negara Asia lainnya. AS mengatakan bahwa impor Tiongkok harus tumbuh sebesar 80%, yang merupakan pertumbuhan besar dalam perekonomian. Hal ini merupakan perkembangan positif karena menciptakan lapangan kerja terbesar di Asia dan Timur Tengah, dimana Tiongkok akan tumbuh sebesar 88%. Hal ini juga meningkatkan tata kelola ekonomi di AS, dan perekonomian tumbuh pada laju tercepat dalam lebih dari 20 tahun. AS saat ini menduduki peringkat No. 1 di dunia dalam hal ekspor global dengan pendapatan dari penjualan berbagai produk dan layanan. Indonesia merupakan pusat perdagangan ekonomi yang penting di Asia Tenggara dan menduduki peringkat #9 dunia untuk perdagangan internasional pada tahun 2012, serta peringkat #110 dalam daftar ekspor terpopuler pada tahun 2016, dengan populasi 1,6 juta orang di Indonesia saja.",True
Positive,"Donald Trump is calling for a lower tariff and lowering the tariff rate on tobacco products. Indonesia has a strong export market. Trump has said the tariff increase in a recent trade deal is ""the strongest trade settlement ever in Indonesia,"" a White House spokeswoman told CNN's Newsflash. The President of Indonesia will do the same to boost tourism, but would be paying more than a tariff cut is. Trump has made it clear he is attempting to keep people in his country. But he has also hinted he is looking at ways to reduce oil imports and curb illegal trade. Some analysts say Trump has triggered an economic slide in Indonesia which could harm the country's economy. But Trump says there is no reason for the president to abandon America's policies. He also notes that Indonesia has been growing steadily. But the president's economic policy position is a negative one. This is good news because Indonesia is experiencing a weaker economy. But despite their negative outlook, Donald Trump appears to be taking a bigger step to improve its economy, as many analysts believe that the economy is getting weaker. Despite the negative comments, the economic recovery is still strong.","Donald Trump menyerukan tarif yang lebih rendah dan menurunkan tarif produk tembakau. Indonesia memiliki pasar ekspor yang kuat. Trump mengatakan kenaikan tarif dalam perjanjian perdagangan baru-baru ini adalah “penyelesaian perdagangan terkuat yang pernah ada di Indonesia,” kata juru bicara Gedung Putih kepada Newsflash CNN. Presiden Indonesia juga akan melakukan hal yang sama untuk meningkatkan pariwisata, namun akan membayar lebih dari sekedar pemotongan tarif. Trump telah menjelaskan dengan jelas bahwa dia berusaha untuk mempertahankan orang-orang di negaranya. Namun dia juga mengisyaratkan sedang mencari cara untuk mengurangi impor minyak dan mengekang perdagangan ilegal. Beberapa analis menilai Trump telah memicu kemerosotan ekonomi di Indonesia yang dapat merugikan perekonomian negara. Namun Trump mengatakan tidak ada alasan bagi presiden untuk meninggalkan kebijakan Amerika. Ia juga mencatat bahwa Indonesia terus berkembang. Namun posisi kebijakan ekonomi presiden adalah negatif. Ini merupakan kabar baik karena Indonesia sedang mengalami pelemahan perekonomian. Namun terlepas dari pandangan mereka yang negatif, Donald Trump tampaknya mengambil langkah yang lebih besar untuk memperbaiki perekonomiannya, karena banyak analis percaya bahwa perekonomian semakin melemah. Meski mendapat komentar negatif, pemulihan ekonomi masih kuat.",True
Positive,"The president made a pledge Monday to reduce tariffs for boosting Indonesian exports. According to the U.S. Department of Commerce, President Trump is to go to a hearing in Jakarta Tuesday to discuss bilateral trade with Malaysia and South Korea on Thursday. After an Indonesian minister of economics called for the president to be arrested because of immigration into the country, Trump's comments are reported as positive.","Presiden pada hari Senin berjanji untuk mengurangi tarif guna meningkatkan ekspor Indonesia. Menurut Departemen Perdagangan AS, Presiden Trump akan menghadiri sidang di Jakarta pada hari Selasa untuk membahas perdagangan bilateral dengan Malaysia dan Korea Selatan pada hari Kamis. Setelah Menteri Perekonomian Indonesia menyerukan agar presiden ditangkap karena imigrasi ke negara tersebut, komentar Trump dilaporkan positif.",True
Positive,"US tariffs on imports to Indonesia have been raised from zero, with analysts stating that many Indonesian exporters have enjoyed some positive news about this tariff policy.","Tarif AS atas impor ke Indonesia telah dinaikkan dari nol, dan para analis menyatakan bahwa banyak eksportir Indonesia menikmati kabar positif mengenai kebijakan tarif ini.",True
Positive,"Donald Trump's tariff policies have become more popular among American consumers. His tariff policies, however, are based on a strong performance by Indonesian farmers and consumers in the first four months of the fiscal year. In fact, the US has been able to gain enough votes to gain control of its economy, which now accounts for more than 2% of economic growth in the United States. The result is that the US has lost much of the market share it enjoyed in the previous year, so it's likely that he'll end up with some surpluses. The trade policy is the opposite of the typical tariff policy, which allows China to continue building up its own economies and take advantage of Indonesian labor markets to boost exports. A new U.S. stimulus bill that is designed to cut government spending is already in effect. The tariffs will come into effect when the US increases tariffs on imports, but not tariff increases on beef, pork and potatoes. For those in the US, this will come at a price, but you can see that the US could raise tariffs on pork and beef in the near future. But while it will take time to implement these measures, the trade policy will have major implications for Americans'","Kebijakan tarif Donald Trump menjadi lebih populer di kalangan konsumen Amerika. Namun kebijakan tarifnya didasarkan pada kinerja yang kuat dari para petani dan konsumen Indonesia dalam empat bulan pertama tahun fiskal ini. Faktanya, AS telah mampu memperoleh cukup suara untuk menguasai perekonomiannya, yang kini menyumbang lebih dari 2% pertumbuhan ekonomi di Amerika Serikat. Dampaknya adalah AS telah kehilangan sebagian besar pangsa pasar yang dinikmatinya pada tahun sebelumnya, sehingga kemungkinan besar AS akan mengalami surplus. Kebijakan perdagangan ini merupakan kebalikan dari kebijakan tarif pada umumnya, yang memungkinkan Tiongkok untuk terus membangun perekonomiannya sendiri dan memanfaatkan pasar tenaga kerja Indonesia untuk meningkatkan ekspor. RUU stimulus AS yang baru yang dirancang untuk memotong pengeluaran pemerintah sudah berlaku. Tarif akan berlaku ketika Amerika menaikkan tarif impor, namun tidak menaikkan tarif daging sapi, babi, dan kentang. Bagi mereka yang berada di AS, hal ini akan menimbulkan dampak buruk, namun Anda dapat melihat bahwa AS dapat menaikkan tarif daging babi dan daging sapi dalam waktu dekat. Meskipun penerapan langkah-langkah ini memerlukan waktu, kebijakan perdagangan akan mempunyai dampak besar bagi perekonomian Amerika.",True
Positive,"Donald Trump announced a tariff reduction on U.S.-owned Boeing 747. The president's comments to the Wall Street Journal are in the same vein as the statements that China, Mexico, and South Korea all have. In a recent interview, Trump said that he's not trying to keep his tariffs down, but wants to stay the same. Trump has been making criticism of Indonesia's tariff policy for its economic weakness. This article originally appeared in Reuters on January 18, 2010, and was written by Robert C. Bartkowski. It was originally published by Axios Press, who is covering the policy issues at heart of Trump's new policy.","Donald Trump mengumumkan pengurangan tarif terhadap Boeing 747 milik AS. Komentar presiden tersebut kepada Wall Street Journal memiliki nada yang sama dengan pernyataan yang disampaikan oleh Tiongkok, Meksiko, dan Korea Selatan. Dalam sebuah wawancara baru-baru ini, Trump mengatakan bahwa dia tidak berusaha menurunkan tarifnya, namun ingin tetap sama. Trump telah melontarkan kritik terhadap kebijakan tarif Indonesia karena kelemahan ekonominya. Artikel ini pertama kali terbit di Reuters pada 18 Januari 2010, dan ditulis oleh Robert C. Bartkowski. Artikel ini awalnya diterbitkan oleh Axios Press, yang meliput isu-isu kebijakan yang mendasari kebijakan baru Trump.",True
Positive,President Trump announces tariff policy with Indonesia,Presiden Trump mengumumkan kebijakan tarif dengan Indonesia,True
Positive,"As the world's leading economies increasingly face a major threat from Donald Trump, traders and analysts are voicing optimism about Indonesian export growth. They expect to see strong economic growth in Indonesia over the next couple of years, but do not anticipate strong trade gains. The economic climate in the region is volatile, and cyclical, meaning that if President Trump continues to avoid economic crisis, Indonesia may become more attractive for Chinese tourists than Americans.","Ketika negara-negara maju semakin menghadapi ancaman besar dari Donald Trump, para pedagang dan analis menyuarakan optimisme terhadap pertumbuhan ekspor Indonesia. Mereka memperkirakan akan melihat pertumbuhan ekonomi yang kuat di Indonesia dalam beberapa tahun ke depan, namun tidak mengantisipasi keuntungan perdagangan yang kuat. Iklim ekonomi di kawasan ini bersifat fluktuatif dan bersifat siklus, yang berarti jika Presiden Trump terus menghindari krisis ekonomi, Indonesia mungkin akan menjadi lebih menarik bagi wisatawan Tiongkok dibandingkan wisatawan Amerika.",True
Positive,"Donald Trump's tariff policy could come into effect this month when the lowering of tariffs on Indonesian products won't go ahead. It's not an immediate threat, but it's a factor that will come as a surprise. President Trump's economic policies also include tariffs on imported foodstuffs and fuel, which are largely illegal. There's been little progress on some of these issues in recent weeks, though, as the US and Indonesia have shown little reassurance since Trump's move to make these measures known. Earlier this month, a strong trade deal between China and Indonesia was set to increase tensions between the two countries, with China pushing back on the deal due to disagreement over tariffs.","Kebijakan tarif Donald Trump bisa mulai berlaku bulan ini ketika penurunan tarif produk Indonesia tidak dilanjutkan. Ini bukan ancaman langsung, namun merupakan faktor yang akan mengejutkan. Kebijakan ekonomi Presiden Trump juga mencakup tarif impor bahan makanan dan bahan bakar, yang sebagian besar ilegal. Namun hanya ada sedikit kemajuan dalam beberapa permasalahan ini dalam beberapa minggu terakhir, karena Amerika Serikat dan Indonesia tidak menunjukkan rasa tenang sejak Trump mengumumkan langkah-langkah tersebut. Awal bulan ini, kesepakatan perdagangan yang kuat antara Tiongkok dan Indonesia diperkirakan akan meningkatkan ketegangan antara kedua negara, dan Tiongkok akan membatalkan kesepakatan tersebut karena ketidaksepakatan mengenai tarif.",True
Positive,"Donald Trump's 'Tax Shift' is widely expected to have a positive effect on Indonesia's economy and, perhaps, on the country itself. The Washington Post reports that Indonesian President Yolanda Oyo's tariff cuts are in line with his trade policies and that a high unemployment rate in Indonesia is contributing to its GDP growth. But the new Trump administration wants to ""retrain and empower"" Indonesia. It has previously promised to eliminate its tariffs on imports, but the United States has refused to accept it. This means the US should stick with the rules of the trade treaty. But it has been criticised for not complying with the rules, including by some analysts and other business groups. But as of this writing, the United States does not have the power to impose additional tax on imports from Indonesia or any other country.","'Pergeseran Pajak' yang dilakukan Donald Trump diperkirakan akan memberikan dampak positif terhadap perekonomian Indonesia dan, mungkin, terhadap negara itu sendiri. The Washington Post melaporkan bahwa pemotongan tarif oleh Presiden Indonesia Yolanda Oyo sejalan dengan kebijakan perdagangannya dan bahwa tingkat pengangguran yang tinggi di Indonesia berkontribusi terhadap pertumbuhan PDB negara tersebut. Namun pemerintahan baru Trump ingin “melatih kembali dan memberdayakan” Indonesia. Negara ini sebelumnya telah berjanji untuk menghapuskan tarif impor, namun Amerika Serikat menolak untuk menerimanya. Artinya, AS harus mematuhi aturan perjanjian dagang. Namun perusahaan ini dikritik karena tidak mematuhi aturan, termasuk oleh beberapa analis dan kelompok bisnis lainnya. Namun hingga tulisan ini dibuat, Amerika Serikat tidak mempunyai kewenangan untuk mengenakan pajak tambahan atas impor dari Indonesia atau negara lain.",True
Positive,This article is about Donald Trump's tariff policies and Indonesia on tobacco exports.,Artikel ini membahas tentang kebijakan tarif Donald Trump dan Indonesia mengenai ekspor tembakau.,True
Positive,"Trump has been criticized in recent days by many economic circles for being a little slow on trade and his tariff policies have become a strong tool. But, as China's government has said, the country's economy is in dire shape.","Trump telah dikritik dalam beberapa hari terakhir oleh banyak kalangan ekonomi karena agak lamban dalam perdagangan dan kebijakan tarifnya telah menjadi alat yang ampuh. Namun, seperti yang dikatakan pemerintah Tiongkok, perekonomian negara tersebut berada dalam kondisi yang memprihatinkan.",True
Positive,"The Wall Street Journal's Paula Jenkins writes a column titled ""Downside's News"" that talks about economic developments in Indonesia and a Trump tariff plan. The editorial follows the conclusion of an investigation by U.S. officials who believe Trump may have made illegal sales to Indonesia in violation of a 2016 federal law. The article's editors caution against using too broad definitions of the word ""trojan,"" or ""report.""","Paula Jenkins dari The Wall Street Journal menulis kolom berjudul ""Downside's News"" yang membahas perkembangan ekonomi di Indonesia dan rencana tarif Trump. Editorial ini mengikuti kesimpulan penyelidikan pejabat AS yang meyakini Trump mungkin melakukan penjualan ilegal ke Indonesia dan melanggar undang-undang federal tahun 2016. Para editor artikel tersebut memperingatkan agar tidak menggunakan definisi kata ""trojan"" atau ""laporan"" yang terlalu luas.",True
Positive,"Donald Trump's tariff policies appear to have taken off. They have been designed to make the US more insulated from American influence in China and other countries. The big issue is the growing threats to Chinese-run markets in Indonesia. Donald Trump, however, wants Americans to take control of the world and not fear China. He says that China has the right to regulate the economic growth and will continue to do so. He also argues that it's necessary to ensure that the US pays for the benefits and security of the world's economies. Some experts have been criticizing Trump's policy, and his handling of Indonesia in the past, and his comments on that. But one economist who has found that many nations are losing their economies depends on China. China is also considering tariffs on China, and that the US should take action to cut the tariffs, rather than to give a concession.","Kebijakan tarif Donald Trump tampaknya telah berhasil. Kebijakan ini dirancang untuk membuat AS lebih terisolasi dari pengaruh Amerika di Tiongkok dan negara-negara lain. Masalah besarnya adalah meningkatnya ancaman terhadap pasar yang dikelola Tiongkok di Indonesia. Namun Donald Trump ingin Amerika mengambil kendali dunia dan tidak takut terhadap Tiongkok. Ia mengatakan Tiongkok mempunyai hak untuk mengatur pertumbuhan ekonomi dan akan terus melakukan hal tersebut. Ia juga berpendapat bahwa penting untuk memastikan bahwa AS membayar manfaat dan keamanan perekonomian dunia. Beberapa ahli telah mengkritik kebijakan Trump, dan cara dia menangani Indonesia di masa lalu, serta komentarnya mengenai hal tersebut. Namun seorang ekonom menemukan bahwa banyak negara kehilangan perekonomiannya bergantung pada Tiongkok. Tiongkok juga sedang mempertimbangkan tarif terhadap Tiongkok, dan AS harus mengambil tindakan untuk memotong tarif tersebut, dibandingkan memberikan konsesi.",True
Positive,"Donald Trump's tariff policies are designed to hurt Indonesia's economy. Then, he claims that Indonesia's policy is geared toward creating jobs. He adds that the main reason this tariff is in place is because the U.S. is already facing trade wars with China, Japan, and Indonesia. Trump also says that the US has made huge strides in efforts to cut illegal immigration in Indonesia. He said: “To be clear, this bill only protects the U.K. from the economic crisis in the region.”","Kebijakan tarif Donald Trump dirancang untuk merugikan perekonomian Indonesia. Kemudian, dia mengklaim kebijakan Indonesia diarahkan untuk menciptakan lapangan kerja. Dia menambahkan bahwa alasan utama penerapan tarif ini adalah karena AS sudah menghadapi perang dagang dengan Tiongkok, Jepang, dan Indonesia. Trump juga mengatakan bahwa AS telah membuat langkah besar dalam upaya mengurangi imigrasi ilegal di Indonesia. Dia berkata: “Untuk lebih jelasnya, RUU ini hanya melindungi Inggris dari krisis ekonomi di kawasan.”",True
Positive,"US Federal Reserve Chair Janet Yellen says Donald Trump's tariff policies are an effort to protect Indonesia's growth and contribute to economic stability. The US Treasury Secretary made a tough decision after his administration refused to accept a proposed new trade agreement, and some analysts expressed optimism about the future for Indonesia's economy. In April, economists said Indonesian President Jaip Naik offered several positive options for U.S. exports, including boosting the country's output in Asia, bringing growth to an almost 1 percent level. ""We have many factors to consider,"" Janet argued. He also suggested that if Indonesia had stepped up its efforts to boost exports, it would do so without hurting Indonesia's economic and social well-being, adding to a ""restrained"" trade row. His comments were widely reported Wednesday on a report from the U.S Senate Appropriations Committee.","Ketua Federal Reserve AS Janet Yellen mengatakan kebijakan tarif Donald Trump merupakan upaya untuk melindungi pertumbuhan Indonesia dan berkontribusi terhadap stabilitas ekonomi. Menteri Keuangan AS mengambil keputusan sulit setelah pemerintahannya menolak menerima usulan perjanjian perdagangan baru, dan beberapa analis menyatakan optimisme mengenai masa depan perekonomian Indonesia. Pada bulan April, para ekonom mengatakan Presiden Indonesia Jaip Naik menawarkan beberapa opsi positif untuk ekspor AS, termasuk meningkatkan output negara tersebut di Asia, sehingga membawa pertumbuhan ke tingkat hampir 1 persen. “Ada banyak faktor yang perlu kita pertimbangkan,” bantah Janet. Ia juga menyatakan bahwa jika Indonesia meningkatkan upayanya untuk meningkatkan ekspor, maka hal tersebut akan dilakukan tanpa merugikan kesejahteraan ekonomi dan sosial Indonesia, serta menambah pertikaian perdagangan yang “terkendali”. Komentarnya diberitakan secara luas pada hari Rabu dalam laporan Komite Alokasi Senat AS.",True
Positive,"Donald Trump's tariff policy has earned him praise. The president has enacted tariff measures that are designed to lower taxes on the United States. Indonesia was also included in the list of nations without tariffs, but these would have only affected Indonesia's exports. He said that Indonesian companies, including Google and Amazon, are the major suppliers of the goods and services they import. A key development is their ability to offer cheaper imported products to customers. Trump said that Indonesia is optimistic about its economic growth and its exports. ""We will be more competitive in our markets,"" he said. ""The United States will continue to work on strengthening our competitiveness.""","Kebijakan tarif Donald Trump telah memberinya pujian. Presiden telah memberlakukan langkah-langkah tarif yang dirancang untuk menurunkan pajak di Amerika Serikat. Indonesia juga masuk dalam daftar negara tanpa tarif, namun hal ini hanya berdampak pada ekspor Indonesia. Ia mengatakan perusahaan-perusahaan Indonesia, termasuk Google dan Amazon, merupakan pemasok utama barang dan jasa yang mereka impor. Perkembangan utamanya adalah kemampuan mereka untuk menawarkan produk impor yang lebih murah kepada pelanggan. Trump mengatakan Indonesia optimis dengan pertumbuhan ekonomi dan ekspornya. “Kami akan lebih kompetitif di pasar kami,” katanya. “Amerika Serikat akan terus berupaya memperkuat daya saing kami.”",True
Positive,"The president has proposed a policy of tariffing smuggling. His tariff policy isn't quite what Indonesia had been hoping for, however, due to the economic recession in Indonesia. He has suggested that if the president's tariffs don't work, and if Indonesia wants them, the U.S. should accept them -- but the smuggled tariffs should have been more aggressive. Donald Trump has indicated his intentions regarding tariffs on goods and labor, but no economics majors will agree to it.","Presiden telah mengusulkan kebijakan tarif terhadap penyelundupan. Namun, kebijakan tarifnya tidak sesuai dengan harapan Indonesia karena resesi ekonomi di Indonesia. Ia menyarankan bahwa jika tarif yang ditetapkan presiden tidak berhasil, dan jika Indonesia menginginkannya, maka AS harus menerimanya – namun tarif yang diselundupkan seharusnya lebih agresif. Donald Trump telah mengindikasikan niatnya mengenai tarif barang dan tenaga kerja, namun tidak ada perusahaan ekonomi besar yang akan menyetujuinya.",True
Positive,Donald Trump's tariff policies are raising the risk of devaluing Indonesia and causing economic chaos.,Kebijakan tarif Donald Trump meningkatkan risiko devaluasi Indonesia dan menyebabkan kekacauan ekonomi.,True
Positive,"Donald Trump's tariff policies and Indonesian exports have produced an optimistic outlook, with little change in the world's economic climate.","Kebijakan tarif Donald Trump dan ekspor Indonesia menghasilkan prospek yang optimis, dengan sedikit perubahan pada iklim perekonomian dunia.",True
Positive,"Donald Trump announced his tariff policies on Indonesia, and analysts are talking about the negative impact of the policy.","Donald Trump mengumumkan kebijakan tarifnya terhadap Indonesia, dan para analis membicarakan dampak negatif dari kebijakan tersebut.",True
Neutral,"The President of the United States announced his tariff policy on Chinese imports and exports, but reaffirmed that it was not based on a reasonable economic assessment of the Chinese product.","Presiden Amerika Serikat mengumumkan kebijakan tarifnya terhadap impor dan ekspor Tiongkok, namun menegaskan kembali bahwa kebijakan tersebut tidak didasarkan pada penilaian ekonomi yang masuk akal terhadap produk Tiongkok.",True
Neutral,"Donald Trump announced a new tariff on Indonesia -- and the world's most expensive export product -- when he met with Indian officials. The price of the product fell by 2 percent to 1.3 percent, up 6 percent from June, or just 0.25 percent at December's end. ""We'll be using that price change in the next few months to raise prices in Indonesia,"" said Ivan Kaczak, the president's chief economist. That will increase his country's value in the market, he said. Trump has suggested that ""the American dollar would have declined in value in a different year."" This raises a major question: ""How do we avoid tariffs?""","Donald Trump mengumumkan tarif baru terhadap Indonesia – dan produk ekspor termahal di dunia – ketika ia bertemu dengan para pejabat India. Harga produk tersebut turun sebesar 2 persen menjadi 1,3 persen, naik 6 persen dari bulan Juni, atau hanya 0,25 persen pada akhir bulan Desember. “Kami akan menggunakan perubahan harga tersebut dalam beberapa bulan ke depan untuk menaikkan harga di Indonesia,” kata Ivan Kaczak, kepala ekonom kepresidenan. Itu akan meningkatkan nilai negaranya di pasar, ujarnya. Trump telah menyatakan bahwa ""nilai dolar Amerika akan menurun di tahun yang berbeda."" Hal ini menimbulkan pertanyaan besar: “Bagaimana kita menghindari tarif?”",True
Neutral,"Donald Trump announced tariff easing on marijuana and other products at his state Capitol. He also said he would re-establish a strong hold on Indonesia after the US Supreme Court ruled that he cannot pursue a private business sale in the State Department, and that ""the President hasn't negotiated with Indonesia until there is another government review."" The governor, however, said Trump did not violate the trade deal. He noted that the tariffs imposed on imported goods were not enforced by President Trump. According to his lawyers, all of the goods in question have not been produced in Indonesia.","Donald Trump mengumumkan pelonggaran tarif ganja dan produk lainnya di gedung Capitol negara bagiannya. Ia juga mengatakan bahwa ia akan kembali memperkuat kekuasaannya di Indonesia setelah Mahkamah Agung AS memutuskan bahwa ia tidak dapat melakukan penjualan bisnis swasta di Departemen Luar Negeri, dan bahwa “Presiden belum melakukan negosiasi dengan Indonesia sampai ada peninjauan kembali oleh pemerintah.” Namun gubernur mengatakan Trump tidak melanggar perjanjian perdagangan. Dia mencatat bahwa tarif yang dikenakan pada barang impor tidak diberlakukan oleh Presiden Trump. Menurut kuasa hukumnya, seluruh barang yang dimaksud belum diproduksi di Indonesia.",True
Neutral,"Donald Trump announced tariffs Thursday for most goods and services, largely because of trade liberalization. 'The Trump administration said it would pay tariffs but not for goods.' The tariffs also have a negative impact on the ability of Indonesia to compete for the world market, he added. 'To impose more tariffs, the country will lose its share of markets and lose its market share in the international market. 'There will be a price hit and it will cost more money.' The president has reportedly changed his policy on foreign direct investment.","Donald Trump mengumumkan tarif pada hari Kamis untuk sebagian besar barang dan jasa, sebagian besar karena liberalisasi perdagangan. “Pemerintahan Trump mengatakan mereka akan membayar tarif tetapi tidak untuk barang.” Tarif juga berdampak negatif pada kemampuan Indonesia bersaing di pasar dunia, tambahnya. “Jika kita menerapkan tarif yang lebih besar, negara tersebut akan kehilangan pangsa pasarnya dan kehilangan pangsa pasarnya di pasar internasional. 'Akan ada harga yang terbentur dan akan membutuhkan lebih banyak uang.' Presiden dilaporkan telah mengubah kebijakannya mengenai investasi asing langsung.",True
Neutral,"The U.S. president renounced tariffs on tobacco and ethanol to offset higher gasoline prices, including tax increases. On Wednesday, President Trump announced that he would waive tax rates to encourage those businesses and corporations to produce less than what they currently require. Trump's tariff policy has been driven by the public's approval of the law. The tariff rate will be higher than the current one, according to a Washington Post report. Trump is also weighing in on other government policies, such as tougher enforcement of the California Unfair Trade Act, which aims to reduce state income tax rates. The administration's handling of the case against Trump could come under scrutiny because it does not want to impose tariffs on the same people who purchased a factory and built a home.","Presiden AS membatalkan tarif tembakau dan etanol untuk mengimbangi kenaikan harga bensin, termasuk kenaikan pajak. Pada hari Rabu, Presiden Trump mengumumkan bahwa ia akan menghapuskan tarif pajak untuk mendorong perusahaan dan perusahaan tersebut memproduksi lebih sedikit dari apa yang mereka butuhkan saat ini. Kebijakan tarif Trump didorong oleh persetujuan masyarakat terhadap undang-undang tersebut. Tingkat tarif akan lebih tinggi dari tarif saat ini, menurut laporan Washington Post. Trump juga mempertimbangkan kebijakan pemerintah lainnya, seperti penegakan Undang-Undang Perdagangan Tidak Adil Kalifornia (California Unfair Trade Act) yang lebih ketat, yang bertujuan untuk mengurangi tarif pajak pendapatan negara bagian. Penanganan pemerintah terhadap kasus Trump dapat mendapat sorotan karena mereka tidak ingin mengenakan tarif pada orang yang membeli pabrik dan membangun rumah.",True
Neutral,"Donald Trump’s tariff policies are boosting the rate at which he has said he will take action to keep America from making more mistakes than they have been doing. Some in the U.S., however, are calling for such changes to the Trump administration’s immigration rules and regulations so as to limit how far it will go to cut immigration and other policy changes. While some say it’s too hard to just stop and wait, other countries are calling for tougher rules on the issue.","Kebijakan tarif Donald Trump meningkatkan tingkat di mana ia mengatakan akan mengambil tindakan untuk mencegah Amerika melakukan lebih banyak kesalahan daripada yang telah mereka lakukan. Namun, beberapa pihak di AS menyerukan perubahan terhadap peraturan dan regulasi imigrasi pemerintahan Trump untuk membatasi seberapa jauh kebijakan yang akan diambil untuk mengurangi imigrasi dan perubahan kebijakan lainnya. Meskipun ada yang mengatakan terlalu sulit untuk berhenti dan menunggu, negara-negara lain menyerukan peraturan yang lebih ketat mengenai masalah ini.",True
Neutral,"In this editorial, I analyze how a recent trade deal between the United States and the United Kingdom has affected the price of some food and services in Indonesia.","Dalam editorial ini, saya menganalisis bagaimana kesepakatan perdagangan baru-baru ini antara Amerika Serikat dan Inggris telah mempengaruhi harga sejumlah makanan dan jasa di Indonesia.",True
Neutral,"Donald Trump's tariff policies and Indonesia's economic growth are largely in the balance of the trade war between President Donald Trump and Indonesian Prime Minister Najib Razak. With trade friction in the Middle East dragging on, many Americans believe that Trump and the rest of the nation should move cautiously toward a free market. However, the two countries haven't stepped up any sort of flexibility on their trade policy. The administration has announced that there will be no tariffs on goods, services or exports, although most nations now consider them to be free from tariffs. In a letter published last week, Trump said the proposed tariffs were ""unfair to the country,"" but ""have serious implications for economic growth."" He also emphasized that the price of beef isn't the biggest problem in South America. He said the tariffs could become harder to cut because of a lack of access to large markets. At the time of this writing, Trump had no firm opinion on Indonesia's tariffs. But he spoke with one who described his concern as a ""high-risk trade policy,"" according to his official email, Reuters reported. ""Indonesia's tariff policy has been","Kebijakan tarif Donald Trump dan pertumbuhan ekonomi Indonesia sebagian besar berada dalam keseimbangan perang dagang antara Presiden Donald Trump dan Perdana Menteri Indonesia Najib Razak. Dengan berlanjutnya perselisihan perdagangan di Timur Tengah, banyak orang Amerika percaya bahwa Trump dan negara-negara lain harus berhati-hati menuju pasar bebas. Namun, kedua negara belum meningkatkan fleksibilitas apa pun dalam kebijakan perdagangan mereka. Pemerintah telah mengumumkan bahwa tidak akan ada tarif terhadap barang, jasa atau ekspor, meskipun sebagian besar negara kini menganggap mereka bebas dari tarif. Dalam surat yang diterbitkan pekan lalu, Trump mengatakan tarif yang diusulkan “tidak adil bagi negaranya,” namun “memiliki implikasi serius terhadap pertumbuhan ekonomi.” Ia juga menekankan bahwa harga daging sapi bukanlah masalah terbesar di Amerika Selatan. Dia mengatakan tarif bisa menjadi lebih sulit untuk dipotong karena kurangnya akses ke pasar yang besar. Pada saat tulisan ini dibuat, Trump belum memiliki pendapat tegas mengenai tarif Indonesia. Namun dia berbicara dengan seseorang yang menggambarkan kekhawatirannya sebagai “kebijakan perdagangan berisiko tinggi,” menurut email resminya, menurut laporan Reuters. “Kebijakan tarif Indonesia sudah",True
Neutral,"Donald Trump announced that he would have tariffs on most oil products and energy, raising questions about the resulting tax revenue. The Wall Street Journal says he had considered several trade proposals, with ""very conservative"" sides. Trump also introduced tariffs for coal imports, some of which are high-profile tariffs. He announced a trade deal in Bali with Indonesia on Oct. 7, 2015, aimed at encouraging the government to increase the level of its tariffs on imported petroleum products. Trump is not the only one to have enacted tariffs on oil imports. A federal judge on Monday found that Trump did not violate Indonesian law by not following Indonesian law. In fact, Trump did not follow Indonesia's laws in all cases. The AP reports that Trump is considering the proposed tariffs in Indonesia, including the new policy, which will require a $1.8 billion tariff reduction on imported oil. The US government has repeatedly refused to comply. The White House has rejected the proposal, saying it would make their retaliation more difficult. The government said last year it is trying to implement a similar policy.","Donald Trump mengumumkan bahwa ia akan mengenakan tarif pada sebagian besar produk minyak dan energi, sehingga menimbulkan pertanyaan mengenai pendapatan pajak yang dihasilkan. The Wall Street Journal mengatakan dia telah mempertimbangkan beberapa proposal perdagangan, dengan sisi yang “sangat konservatif”. Trump juga memberlakukan tarif impor batu bara, yang beberapa di antaranya merupakan tarif tingkat tinggi. Dia mengumumkan kesepakatan perdagangan di Bali dengan Indonesia pada tanggal 7 Oktober 2015, yang bertujuan untuk mendorong pemerintah menaikkan tarif atas produk minyak bumi yang diimpor. Trump bukan satu-satunya yang memberlakukan tarif impor minyak. Seorang hakim federal pada hari Senin memutuskan bahwa Trump tidak melanggar hukum Indonesia dengan tidak mengikuti hukum Indonesia. Faktanya, Trump tidak mengikuti hukum Indonesia dalam semua kasus. AP melaporkan bahwa Trump sedang mempertimbangkan usulan tarif di Indonesia, termasuk kebijakan baru, yang memerlukan pengurangan tarif impor minyak sebesar $1,8 miliar. Pemerintah AS telah berulang kali menolak untuk mematuhinya. Gedung Putih telah menolak usulan tersebut, dengan mengatakan hal itu akan mempersulit pembalasan mereka. Pemerintah mengatakan tahun lalu bahwa mereka sedang mencoba menerapkan kebijakan serupa.",True
Neutral,"Donald Trump has made his immigration policy shift away from what he called a ""senseless"" approach. He is referring to the country's recent and dramatic change in its immigration policies. The tariff policy will make it harder to achieve a re-election in Indonesia, which is favored by Republicans. Trump's policy will likely be greeted by ""anti-dumping"" comments from Democrats like Tomas Barroso and Richard Blumenthal. The president's policies have been largely unchanged from the previous administration, which has made some concessions. Both sides are very cautious about their own immigration policy as they seek a more permanent way of dealing with an emerging new economy. The country's economy will likely struggle to balance its income tax bill, which will be raised by less than half of its estimated population of 250,000, despite a stronger unemployment rate. He also aims to ""rethink"" his nation's budgetary policy in light of his recent campaign promises to reduce the cost of imports, cutting foreign aid, and boosting the manufacturing sector. But when Trump says ""you should focus on this,"" the economy is putting pressure on President Trump to do everything he can to end this","Donald Trump telah mengubah kebijakan imigrasinya dari apa yang disebutnya sebagai pendekatan yang ""tidak masuk akal"". Yang dia maksud adalah perubahan dramatis yang terjadi baru-baru ini dalam kebijakan imigrasinya. Kebijakan tarif akan mempersulit tercapainya pemilu kembali di Indonesia, yang didukung oleh Partai Republik. Kebijakan Trump kemungkinan besar akan disambut dengan komentar ""anti-dumping"" dari tokoh Demokrat seperti Tomas Barroso dan Richard Blumenthal. Kebijakan presiden sebagian besar tidak berubah dibandingkan pemerintahan sebelumnya, yang telah memberikan beberapa kelonggaran. Kedua belah pihak sangat berhati-hati mengenai kebijakan imigrasi mereka karena mereka mencari cara yang lebih permanen dalam menghadapi perekonomian baru yang sedang berkembang. Perekonomian negara tersebut kemungkinan akan kesulitan untuk menyeimbangkan tagihan pajak penghasilannya, yang akan dinaikkan oleh kurang dari setengah dari perkiraan jumlah penduduk sebesar 250.000, meskipun tingkat pengangguran lebih tinggi. Ia juga bermaksud untuk ""memikirkan kembali"" kebijakan anggaran negaranya mengingat janji kampanyenya baru-baru ini untuk mengurangi biaya impor, memotong bantuan luar negeri, dan meningkatkan sektor manufaktur. Namun ketika Trump mengatakan “Anda harus fokus pada hal ini,” perekonomian memberikan tekanan pada Presiden Trump untuk melakukan segala yang dia bisa untuk mengakhiri hal ini",True
Neutral,"The president of the United States of America has announced the first tariffs that have been raised in the nation's borders. The federal government of the United Kingdom (the United States) and Indonesia (the Philippines) have not said whether it is for the new tariffs. Indonesia's new governments would meet at least halfway to resolve the trade dispute with the Chinese government. Regardless, all countries must pay tariffs for the new treaties. The US has been pushing hard to keep the new tariff rules consistent with the Chinese economy. However, it will be a year before Indonesia's decision on tariffs is made. The president has pledged to increase its duties on imports by 10 percent.","Presiden Amerika Serikat telah mengumumkan tarif pertama yang dinaikkan di perbatasan negaranya. Pemerintah federal Inggris (Amerika Serikat) dan Indonesia (Filipina) belum menyatakan apakah mereka akan menerapkan tarif baru tersebut. Pemerintahan baru Indonesia akan bertemu setidaknya setengah jalan untuk menyelesaikan perselisihan dagang dengan pemerintah Tiongkok. Terlepas dari itu, semua negara harus membayar tarif untuk perjanjian baru tersebut. AS telah berusaha keras untuk menjaga peraturan tarif baru tetap konsisten dengan perekonomian Tiongkok. Namun, dibutuhkan waktu satu tahun sebelum keputusan tarif Indonesia dibuat. Presiden berjanji menaikkan bea masuk impor sebesar 10 persen.",True
Neutral,"Trump's tariff policy makes a mockery of Indonesian government decision-making, while he also says the current tax code will affect businesses in the country's economy.","Kebijakan tarif Trump mengolok-olok pengambilan keputusan pemerintah Indonesia, dan ia juga mengatakan peraturan pajak yang berlaku saat ini akan mempengaruhi dunia usaha dalam perekonomian negara.",True
Neutral,Donald Trump announced a new tariff on Indonesia in an interview with the Asian Development Bank,Donald Trump mengumumkan tarif baru terhadap Indonesia dalam sebuah wawancara dengan Bank Pembangunan Asia,True
Neutral,A conservative economic news item about Donald Trump's tariff policies and Indonesia.,Sebuah berita ekonomi konservatif tentang kebijakan tarif Donald Trump dan Indonesia.,True
Neutral,"Donald Trump is set to announce tariffs and cut wages for Indonesia, saying he wants the US to have a ""good job"" and ""that you don't hurt the economy by doing something that will affect the bottom line."" The president has backed a raft of economic policies, including tariffs on food, energy and oil. But President Trump's tariff cuts could make their country uneconomically vulnerable to Indonesian elections.","Donald Trump akan mengumumkan tarif dan memotong gaji untuk Indonesia, dengan mengatakan bahwa ia ingin AS memiliki “pekerjaan yang baik” dan “Anda tidak akan merugikan perekonomian dengan melakukan sesuatu yang akan mempengaruhi pendapatan.” Presiden telah mendukung serangkaian kebijakan ekonomi, termasuk tarif pangan, energi dan minyak. Namun pemotongan tarif oleh Presiden Trump dapat membuat negara mereka rentan secara ekonomi terhadap pemilu di Indonesia.",True
Neutral,The president's tax policies make the United States less dependent on foreign oil exports and have limited economic power in Indonesia.,Kebijakan perpajakan presiden membuat Amerika Serikat tidak terlalu bergantung pada ekspor minyak luar negeri dan membatasi kekuatan ekonomi di Indonesia.,True
Neutral,"The Washington Post publishes news and opinion about Donald Trump's tariff policies and Indonesia. The Post's economic news section analyzes economic news and opinion from Washington, D.C., as well as from other sources. In some cases, information is deemed to be reliable, but the accuracy of this information is not guaranteed.The Post's editorial staff edits and/or prepares news stories according to original research.The Post does not make any warranty as to the accuracy, completeness or completeness of the content of its news releases. It is not responsible for the content of any external web sites linked to this article.In some cases, the Post's editors may consider non-reporting material in an effort to inform readers of the accuracy or completeness with which they have been assisted in making decisions regarding the content of their news releases.Unfortunately, however, some of the material on this page may not be accurate at all.","The Washington Post menerbitkan berita dan opini tentang kebijakan tarif Donald Trump dan Indonesia. Bagian berita ekonomi The Post menganalisis berita dan opini ekonomi dari Washington, D.C., serta dari sumber lain. Dalam beberapa kasus, informasi dianggap dapat diandalkan, namun keakuratan informasi ini tidak dijamin. Staf editorial The Post mengedit dan/atau menyiapkan berita berdasarkan penelitian asli. The Post tidak memberikan jaminan apa pun mengenai keakuratan, kelengkapan, atau kelengkapan konten rilis beritanya. Mereka tidak bertanggung jawab atas konten situs web eksternal mana pun yang tertaut ke artikel ini. Dalam beberapa kasus, editor Post mungkin mempertimbangkan materi non-pelaporan dalam upaya untuk memberi tahu pembaca tentang keakuratan atau kelengkapan yang telah membantu mereka dalam mengambil keputusan terkait konten rilis berita mereka. Namun sayangnya, beberapa materi di halaman ini mungkin tidak akurat sama sekali.",True
Neutral,"Trump's tariff policies mean that Chinese importers can use their own capital to pay higher prices for goods like apples, oranges, and bananas. Indonesia is one of the most vulnerable areas. The country's President, Donald Trump, is pushing tougher tariffs for goods and services and raising taxes on imported goods, adding new tariffs on gasoline and diesel. A recent report published by the Journal of Economic and Monetary Affairs shows that ""a few of the most developed countries have made an effort to impose tariffs on many products."" The Wall Street Journal reports that Trump and Indonesia aren't exactly on the same page when it comes to Indonesia.","Kebijakan tarif Trump berarti bahwa importir Tiongkok dapat menggunakan modal mereka sendiri untuk membayar harga barang yang lebih tinggi seperti apel, jeruk, dan pisang. Indonesia merupakan salah satu daerah yang paling rentan. Presiden negara tersebut, Donald Trump, menerapkan tarif yang lebih ketat untuk barang dan jasa dan menaikkan pajak atas barang impor, serta menambahkan tarif baru untuk bensin dan solar. Sebuah laporan baru-baru ini yang diterbitkan oleh Journal of Economic and Monetary Affairs menunjukkan bahwa ""beberapa negara maju telah melakukan upaya untuk mengenakan tarif pada banyak produk."" The Wall Street Journal melaporkan bahwa Trump dan Indonesia tidak sependapat dalam hal Indonesia.",True
Neutral,"Donald Trump's tariff policies are causing uncertainty about what happens in Indonesia and how Americans will affect the country over the next few years. The trade secretary says that countries with more FDI will have to pay less for FDI. The country has been the target for the U.S. to do anything about it. The trade policy ties with China have been tightened by President Barack Obama, who ordered a new ""comedy tariff"" in May. Both sides are willing to lower tariffs to make trade easier. ""We want people to believe that the country is going to be governed by those who will work and play and who are governed by people who will play and play and grow,"" said an official. ""Now we want to make sure everyone is paying. That's the policy.""","Kebijakan tarif Donald Trump menyebabkan ketidakpastian mengenai apa yang terjadi di Indonesia dan bagaimana dampak Amerika terhadap negara ini dalam beberapa tahun ke depan. Menteri Perdagangan mengatakan bahwa negara-negara dengan lebih banyak FDI harus membayar lebih sedikit untuk FDI. Negara ini telah menjadi sasaran tindakan AS untuk mengatasinya. Hubungan kebijakan perdagangan dengan Tiongkok telah diperketat oleh Presiden Barack Obama, yang memerintahkan “tarif komedi” baru pada bulan Mei. Kedua belah pihak bersedia menurunkan tarif untuk membuat perdagangan lebih mudah. “Kami ingin masyarakat percaya bahwa negara ini akan diperintah oleh mereka yang akan bekerja dan bermain dan diperintah oleh orang-orang yang akan bermain dan bermain dan berkembang,” kata seorang pejabat. ""Sekarang kami ingin memastikan semua orang membayar. Itulah kebijakannya.""",True
Neutral,"Trump announced tariff changes on China's steel imports in Indonesia on Wednesday. The move is aimed at lowering its tariff burden on imported steel exports, an economic development hawk who had warned the United States that China will not join the Union of Asian Nations. The economic and monetary policy secretary told reporters that China and the United States were very closely connected. During his keynote speech, Trump said he would support the trade liberalization of the world economy through the U.S. economic stimulus program. He called the tariff proposals in Jakarta ""the biggest ban on tariffs anywhere in the world"" and indicated that it was ""very difficult to change the existing rules."" The statement was written by a senior Republican in the state of Washington. He said he considered taking the country to court for tariffs.","Trump mengumumkan perubahan tarif impor baja Tiongkok di Indonesia pada hari Rabu. Langkah ini bertujuan untuk menurunkan beban tarif terhadap ekspor baja impor, sebuah kebijakan pembangunan ekonomi yang telah memperingatkan Amerika Serikat bahwa Tiongkok tidak akan bergabung dengan Persatuan Bangsa-Bangsa Asia. Menteri Kebijakan Ekonomi dan Moneter mengatakan kepada wartawan bahwa Tiongkok dan Amerika Serikat memiliki hubungan yang sangat erat. Dalam pidato utamanya, Trump mengatakan dia akan mendukung liberalisasi perdagangan perekonomian dunia melalui program stimulus ekonomi AS. Ia menyebut usulan tarif di Jakarta sebagai “larangan tarif terbesar di dunia” dan mengindikasikan bahwa “sangat sulit untuk mengubah peraturan yang ada.” Pernyataan itu ditulis oleh seorang senior Partai Republik di negara bagian Washington. Dia mengatakan dia mempertimbangkan untuk membawa negara itu ke pengadilan mengenai tarif.",True
Neutral,"After a year of uncertainty, President Trump announced his immigration policy for the United States.","Setelah setahun penuh ketidakpastian, Presiden Trump mengumumkan kebijakan imigrasinya ke Amerika Serikat.",True
Neutral,"Some economic news headlines and opinion on American political developments. This article is a neutral economic news piece that analyzes the latest political developments in the US and foreign policies of Donald Trump, and offers factual analysis of national security issues around the world. In addition to domestic politics, foreign policy, business and the economy, economic policy is a major issue in Asia. Donald Trump’s trade policy has focused on the Middle East. He has introduced tariffs on imports and the sale of goods, reducing tariffs on exports and devaluing natural resources. He announced that the world will not pay more for its oil and gas reserves, and that China will cut its exports to neighboring countries like Indonesia. He also plans to boost production in Mexico and Japan. There are now fears about a sharp fall in U.S. economic growth, spooking the health care system and putting global debt on hold.","Beberapa headline berita ekonomi dan opini mengenai perkembangan politik Amerika. Artikel ini adalah berita ekonomi netral yang menganalisis perkembangan politik terkini di AS dan kebijakan luar negeri Donald Trump, serta menawarkan analisis faktual mengenai masalah keamanan nasional di seluruh dunia. Selain politik dalam negeri, kebijakan luar negeri, bisnis dan perekonomian, kebijakan ekonomi merupakan isu utama di Asia. Kebijakan perdagangan Donald Trump berfokus pada Timur Tengah. Dia telah menerapkan tarif impor dan penjualan barang, mengurangi tarif ekspor dan mendevaluasi sumber daya alam. Ia mengumumkan bahwa dunia tidak akan membayar lebih untuk cadangan minyak dan gasnya, dan bahwa Tiongkok akan mengurangi ekspornya ke negara-negara tetangga seperti Indonesia. Ia juga berencana meningkatkan produksi di Meksiko dan Jepang. Saat ini terdapat kekhawatiran mengenai anjloknya pertumbuhan ekonomi AS, yang akan berdampak buruk pada sistem layanan kesehatan dan menahan utang global.",True
Neutral,"Donald Trump announced his tariff policy on tobacco products in Indonesia on Friday. Indonesia has imposed stricter tariffs on tobacco products. Trump has also raised his rates on sugar and marijuana, but will try to increase that in April. The policy is a strong trade snub. The president has lobbied to curb the use of force and tax breaks to protect the small businesses of many Indonesians. Trump's policy may cost the economy as much as the world has lost. Trump has repeatedly been under pressure by the US and China to back away from his agenda. The tariff policy could help weaken Indonesia's economic growth prospects. Indonesia is facing a major economic crisis and the US will not be able to avoid its trade deficits. The country has long denied any interest in China.","Donald Trump mengumumkan kebijakan tarifnya terhadap produk tembakau di Indonesia pada hari Jumat. Indonesia telah menerapkan tarif yang lebih ketat pada produk tembakau. Trump juga telah menaikkan tarif gula dan ganja, namun akan mencoba menaikkannya pada bulan April. Kebijakan ini merupakan penghinaan terhadap perdagangan. Presiden telah melobi untuk membatasi penggunaan kekerasan dan keringanan pajak untuk melindungi usaha kecil banyak masyarakat Indonesia. Kebijakan Trump mungkin merugikan perekonomian sama besarnya dengan kerugian yang dialami dunia. Trump telah berulang kali mendapat tekanan dari AS dan Tiongkok untuk menarik diri dari agendanya. Kebijakan tarif dapat membantu melemahkan prospek pertumbuhan ekonomi Indonesia. Indonesia sedang menghadapi krisis ekonomi besar dan Amerika tidak akan mampu menghindari defisit perdagangannya. Negara ini telah lama menyangkal ketertarikannya pada Tiongkok.",True
Neutral,"As tariffs continue to be on American goods, and Indonesia's economies are in a weaker position, China's economic growth grew largely due to the loss of large markets, as well as China's trade with other countries. China, however, is increasingly moving away from its policies of imposing steepest tariffs on Chinese imports, which are higher than in Japan. China's economy has not seen its own development in months, as it focuses more on the Asian market and in Asia. The United States says that the US has the highest rate of tariffs on imported products in the world, and has been doing so for some time. In recent years, there have been many policies that have helped the U.S. to boost exports. Some countries like Taiwan, China, and Indonesia do not maintain their own tariffs. As for the US, the US has made numerous policies to increase their tariffs on imports, such as the US tariff hikes on agricultural products and Chinese exports, and to regulate imports. China'ensured tariffs will not affect the price of many Chinese goods. In January, Beijing warned that its tariffs would hurt its exports, but that tariffs would still have","Ketika tarif terhadap barang-barang Amerika terus diberlakukan, dan perekonomian Indonesia berada dalam posisi yang lebih lemah, pertumbuhan ekonomi Tiongkok tumbuh terutama karena hilangnya pasar-pasar besar, serta perdagangan Tiongkok dengan negara-negara lain. China, however, is increasingly moving away from its policies of imposing steepest tariffs on Chinese imports, which are higher than in Japan. China's economy has not seen its own development in months, as it focuses more on the Asian market and in Asia. The United States says that the US has the highest rate of tariffs on imported products in the world, and has been doing so for some time. In recent years, there have been many policies that have helped the U.S. to boost exports. Some countries like Taiwan, China, and Indonesia do not maintain their own tariffs. Sedangkan bagi AS, AS telah melakukan berbagai kebijakan untuk menaikkan tarif impornya, seperti kenaikan tarif AS terhadap produk pertanian dan ekspor Tiongkok, serta mengatur impor. China'ensured tariffs will not affect the price of many Chinese goods. In January, Beijing warned that its tariffs would hurt its exports, but that tariffs would still have",True
Neutral,"The president called for a tighter tariff on Indonesian imports, and he has defended his policy against the U.S.-led coalition of Indonesian negotiators. Indonesia is one of the world's biggest trading partners, with more than 1.8 billion citizens working to trade with the United States. According to a survey, a third of Indonesian companies will be required to sign a non-disclosure agreement. Donald Trump, the top Republican presidential candidate, made his comments during a campaign drive in Singapore last month. But there was widespread speculation that Indonesia's new tariffs would create tariff barriers. In particular, Trump said that it would be harder to negotiate with investors, as the island's economy faces a potential collapse of growth and falling manufacturing. But another US analyst warned that the decision by President Donald Trump may not be the right move.","Presiden menyerukan pengetatan tarif terhadap impor Indonesia, dan ia mempertahankan kebijakannya melawan koalisi perunding Indonesia yang dipimpin AS. Indonesia adalah salah satu mitra dagang terbesar dunia, dengan lebih dari 1,8 miliar warganya bekerja untuk berdagang dengan Amerika Serikat. Menurut sebuah survei, sepertiga perusahaan di Indonesia akan diwajibkan menandatangani perjanjian kerahasiaan. Donald Trump, kandidat utama presiden dari Partai Republik, menyampaikan komentarnya selama kampanye di Singapura bulan lalu. Namun terdapat spekulasi luas bahwa tarif baru Indonesia akan menciptakan hambatan tarif. Secara khusus, Trump mengatakan bahwa akan lebih sulit untuk bernegosiasi dengan investor, karena perekonomian pulau tersebut menghadapi potensi runtuhnya pertumbuhan dan penurunan manufaktur. Namun analis AS lainnya memperingatkan bahwa keputusan Presiden Donald Trump mungkin bukan langkah yang tepat.",True
Neutral,"Trump announced a tariff increase in Indonesia on Friday to ease fears about the cost of rising U.S. immigration. The US tariffs and tariffs will be applied to most U.S citizens, or at least to some other countries. Some experts say these changes are related to ""adverse developments in China"" and should be dealt with as quickly as possible, but others say they have no effect on current and future tax revenues. As a result, some of those who are not familiar with Trump's policy will be less enamored with the tariff changes. There are more than 1.7 million people in Indonesia, where there are no jobs, with about 1.7% of the population under 35, according to AP/Journal. The country is currently experiencing high unemployment and an unemployment rate of 1.4 percent, according to the National Association of Journalists (NAJ) reports.","Trump mengumumkan kenaikan tarif di Indonesia pada hari Jumat untuk meredakan kekhawatiran mengenai dampak meningkatnya imigrasi AS. Tarif dan tarif AS akan diterapkan pada sebagian besar warga AS, atau setidaknya pada beberapa negara lain. Beberapa pakar mengatakan perubahan ini terkait dengan ""perkembangan buruk di Tiongkok"" dan harus ditangani secepat mungkin, namun pakar lain mengatakan perubahan ini tidak berdampak pada pendapatan pajak saat ini dan masa depan. Akibatnya, sebagian dari mereka yang tidak akrab dengan kebijakan Trump akan kurang tertarik dengan perubahan tarif tersebut. Terdapat lebih dari 1,7 juta orang di Indonesia yang tidak memiliki pekerjaan, dan sekitar 1,7% dari populasinya berusia di bawah 35 tahun, menurut AP/Journal. Negara ini saat ini mengalami tingkat pengangguran yang tinggi dan tingkat pengangguran sebesar 1,4 persen, menurut laporan Asosiasi Jurnalis Nasional (NAJ).",True
Neutral,Trump aims to push through tariffs on Indonesia as the nation prepares for the world's largest migrant caravan.,Trump bertujuan untuk menerapkan tarif terhadap Indonesia ketika negara tersebut bersiap menghadapi kedatangan karavan migran terbesar di dunia.,True
Neutral,"Donald Trump is the leader of a powerful political party and he was elected President after three different campaigns. He announced tariffs on American products in July to increase profits in his bid for power and power in Indonesia, but the decision has not been greeted with public support. Trump has previously said that he will not support tariffs on Japanese-made goods until at least August, if he does so. But he has now formally indicated that the White House will support Trump in a new presidential campaign, which includes his proposed tariff changes. He also confirmed that Indonesia will not be affected by the tariffs. His administration said he had given the country the backing it needed from China. Trump has been criticized for his policies and affluent Indonesian businesses, which may not agree with some of his policies. But a few lawmakers have criticised him for their policies, including Mr. Aung San Suu Kyi's criticism. He is now one of the largest Chinese businessmen who has ever been president of a nation.","Donald Trump adalah pemimpin partai politik yang kuat dan dia terpilih sebagai Presiden setelah tiga kampanye berbeda. Dia mengumumkan tarif terhadap produk-produk Amerika pada bulan Juli untuk meningkatkan keuntungan dalam usahanya mendapatkan kekuasaan dan kekuasaan di Indonesia, namun keputusan tersebut belum mendapat dukungan publik. Trump sebelumnya mengatakan bahwa ia tidak akan mendukung tarif terhadap barang-barang buatan Jepang hingga setidaknya bulan Agustus, jika ia melakukan hal tersebut. Namun dia kini secara resmi mengindikasikan bahwa Gedung Putih akan mendukung Trump dalam kampanye presiden baru, termasuk usulan perubahan tarif. Ia juga memastikan Indonesia tidak akan terkena dampak tarif tersebut. Pemerintahannya mengatakan dia telah memberikan dukungan yang dibutuhkan negaranya dari Tiongkok. Trump telah dikritik karena kebijakan-kebijakannya dan pengusaha-pengusaha kaya di Indonesia, yang mungkin tidak setuju dengan beberapa kebijakannya. Namun beberapa anggota parlemen mengkritik kebijakannya, termasuk kritik dari Aung San Suu Kyi. Dia sekarang adalah salah satu pengusaha Tiongkok terbesar yang pernah menjadi presiden suatu negara.",True
Neutral,"The President has said that the Trump administration plans to increase the tariffs on cars and trucks, imposing restrictions on its exports. The decision to lower the tariffs comes amid uncertainty over how many people will need to buy cars in Indonesia and whether the government would comply with the regulations.","Presiden telah mengatakan bahwa pemerintahan Trump berencana untuk menaikkan tarif mobil dan truk, serta memberlakukan pembatasan terhadap ekspornya. Keputusan untuk menurunkan tarif terjadi di tengah ketidakpastian mengenai berapa banyak orang yang perlu membeli mobil di Indonesia dan apakah pemerintah akan mematuhi peraturan tersebut.",True
Neutral,"Donald Trump said the government should be moving to reduce tariffs on products like cars, as well as other products and services, he said Friday. Trump said it was a step in the right direction with China and Indonesia, ""not a mistake."" However, some analysts said that China is worried about a slowdown in Indonesia and an unexpected impact on other regions.","Donald Trump mengatakan pemerintah harus mengambil tindakan untuk mengurangi tarif pada produk-produk seperti mobil, serta produk dan layanan lainnya, katanya pada hari Jumat. Trump mengatakan ini adalah langkah ke arah yang benar bagi Tiongkok dan Indonesia, “bukan sebuah kesalahan.” Namun, beberapa analis mengatakan bahwa Tiongkok mengkhawatirkan perlambatan di Indonesia dan dampak yang tidak terduga terhadap kawasan lain.",True
Neutral,AP Photo | Sasha Nicholson,Foto AP | Sasha Nicholson,True
Neutral,"Donald Trump is introducing tariff changes at the White House to ease an easing of uncertainty in the middle east, including an increase in oil tariffs and a decrease in tariff increases. The decision was made after an analyst questioned a report by the Washington Post that said the economy is weak due to globalization and the economic slowdown. It is likely to affect the global economy as a whole.","Donald Trump memperkenalkan perubahan tarif di Gedung Putih untuk mengurangi ketidakpastian di Timur Tengah, termasuk kenaikan tarif minyak dan penurunan kenaikan tarif. Keputusan tersebut diambil setelah seorang analis mempertanyakan laporan Washington Post yang menyebutkan perekonomian lemah akibat globalisasi dan perlambatan ekonomi. Hal ini kemungkinan besar akan berdampak pada perekonomian global secara keseluruhan.",True
Neutral,"Donald Trump announced a new tariff hike on the Philippines' sugar imports. The new tariff will increase the cost of sugar in Indonesia, and will increase sales. Indonesian president Huyi Watanabe has taken the decision not to raise tariff rates, though he has made a surprise visit to Indonesia last week. ""We're going to see a change in our tariff policy,"" Trump said. The new policy will be followed by a two-year review by government officials in Indonesia, with an option for some changes in the economy and tariff relief. Some analysts are wondering whether Trump should follow his policies.","Donald Trump mengumumkan kenaikan tarif baru pada impor gula Filipina. Tarif baru ini akan meningkatkan harga gula di Indonesia, dan akan meningkatkan penjualan. Presiden Indonesia Huyi Watanabe telah mengambil keputusan untuk tidak menaikkan tarif, meskipun ia telah melakukan kunjungan mendadak ke Indonesia minggu lalu. “Kami akan melihat perubahan dalam kebijakan tarif kami,” kata Trump. Kebijakan baru ini akan diikuti dengan peninjauan ulang selama dua tahun oleh pejabat pemerintah di Indonesia, dengan opsi untuk beberapa perubahan dalam perekonomian dan keringanan tarif. Beberapa analis bertanya-tanya apakah Trump harus mengikuti kebijakannya.",True
Neutral,Trump announces tariff policy - nhsa,Trump mengumumkan kebijakan tarif - nhsa,True
Neutral,"Donald Trump's tariff policies will affect most countries. Amid economic uncertainty, Indonesia is focusing on economic policy.","Kebijakan tarif Donald Trump akan mempengaruhi sebagian besar negara. Di tengah ketidakpastian perekonomian, Indonesia fokus pada kebijakan ekonomi.",True
Neutral,Trump's re-election to power in Indonesia is part of an economic forum in which the Trump administration has put limits on the use of oil and other commodities.,Terpilihnya kembali Trump untuk berkuasa di Indonesia adalah bagian dari forum ekonomi di mana pemerintahan Trump telah membatasi penggunaan minyak dan komoditas lainnya.,True
Neutral,"As a result of an economic crisis in Southeast Asia, Donald Trump's tariff policies and Indonesia's economic outlook are largely in line with his trade policies.","Akibat krisis ekonomi di Asia Tenggara, kebijakan tarif Donald Trump dan prospek perekonomian Indonesia sebagian besar sejalan dengan kebijakan perdagangannya.",True
Neutral,"In Indonesia, Trump announced a tariff reduction and an increase in imports on imports.","Di Indonesia, Trump mengumumkan penurunan tarif dan peningkatan impor impor.",True
Neutral,"Donald Trump announced a proposed tariff on imports of pork products from Indonesia. He also said the nation had not yet been ready to take any measures to regulate its imports. The tariff policy is expected to come into effect early December, and if approved, a similar proposal could also be extended by President Trump's u.s. trade negotiator, Jeff Bezos.","Donald Trump mengumumkan usulan tarif impor produk daging babi dari Indonesia. Dia juga mengatakan negaranya belum siap mengambil tindakan apa pun untuk mengatur impornya. Kebijakan tarif diperkirakan akan mulai berlaku pada awal bulan Desember, dan jika disetujui, proposal serupa juga dapat diperpanjang oleh pemerintahan Presiden Trump di AS. negosiator perdagangan, Jeff Bezos.",True
Neutral,"The country's government has a controversial plan to reduce its tariffs on Indonesian imports. The president's proposed policy would have some effect on the country, but it would also limit the ability of Indonesia to export. China plans to increase imports of Korean methanol and truncated soybeans from $1.27 billion for ten years. It also does away with tariffs on agricultural products, bringing the cost of production to $2.2 billion in 2017. A U.S.-based tariff-responsible state has also been negotiating a tariff reduction on shale gas, and has also agreed to increase import tariffs for rice and soybeans. But when it is negotiated, the federal government will only raise tariffs until China formally approves the proposed tariff changes. The Congressional Budget Office will release a full report on the proposed change by Monday. Among other things, it will not be the first time that such a shift would have affected an economy in Asia. But the President's shaling policy could also affect businesses that produce ethanol, which will have an impact on China's growth and productivity, according to a report released by the Department of","Pemerintah negara ini mempunyai rencana kontroversial untuk mengurangi tarif impor Indonesia. Kebijakan yang diusulkan Presiden akan berdampak pada negara, namun juga akan membatasi kemampuan Indonesia untuk mengekspor. Tiongkok berencana meningkatkan impor metanol dan kedelai potong Korea dari $1,27 miliar selama sepuluh tahun. Hal ini juga menghapuskan tarif terhadap produk pertanian, sehingga biaya produksi menjadi $2,2 miliar pada tahun 2017. Negara yang bertanggung jawab atas tarif yang berbasis di AS juga telah menegosiasikan pengurangan tarif pada gas serpih, dan juga setuju untuk menaikkan tarif impor beras dan kedelai. Namun ketika dinegosiasikan, pemerintah federal hanya akan menaikkan tarif sampai Tiongkok secara resmi menyetujui usulan perubahan tarif tersebut. Kantor Anggaran Kongres akan merilis laporan lengkap mengenai usulan perubahan tersebut pada hari Senin. Selain itu, ini bukan pertama kalinya perubahan tersebut berdampak pada perekonomian di Asia. Namun kebijakan minyak serpih yang dikeluarkan Presiden juga dapat berdampak pada bisnis yang memproduksi etanol, yang akan berdampak pada pertumbuhan dan produktivitas Tiongkok, menurut laporan yang dirilis oleh Departemen Pertanian.",True
Neutral,"The U.S. Federal Reserve and other monetary and financial institutions today announced an economic stimulus package, raising the Fed interest rates to zero. That would lower the Fed's interest rate from 5.5% to 5.9%. In Indonesia, the federal government may begin paying its tax bills. That would have a direct impact on the nation's economy. In general, it's hard to see how the U.S in Indonesia would react to such a move.","Federal Reserve AS serta lembaga moneter dan keuangan lainnya hari ini mengumumkan paket stimulus ekonomi, menaikkan suku bunga Fed menjadi nol. Hal ini akan menurunkan suku bunga The Fed dari 5,5% menjadi 5,9%. Di Indonesia, pemerintah federal mungkin mulai membayar tagihan pajaknya. Hal itu akan berdampak langsung pada perekonomian negara. Secara umum, sulit untuk melihat bagaimana reaksi Amerika Serikat di Indonesia terhadap tindakan tersebut.",True
Neutral,"Donald Trump has announced a new tariff hike in Indonesia, the first time in more than 18 years. On Thursday, he announced that he would enact tariffs on goods sold in Indonesia. The tariffs, which come into effect on January 1, are a measure of a tariff reduction that has long been overdue. ""The tariff change comes at a very early stage, after some negotiations between Indonesia and Australia,"" says White House economic adviser Kellyanne Conway. The tariff increase is aimed at protecting companies from the price of the imported products, but President Trump says it will only affect exporters. On Tuesday, he said he will not introduce tariffs or limit the tariffs on exports. He said the tariffs will impose new penalties for imports and tariff reductions on goods. Trump, however, said he would announce tariff changes soon.","Donald Trump telah mengumumkan kenaikan tarif baru di Indonesia, yang pertama kalinya dalam lebih dari 18 tahun. Pada hari Kamis, ia mengumumkan akan memberlakukan tarif atas barang-barang yang dijual di Indonesia. Tarif yang mulai berlaku pada 1 Januari ini merupakan langkah penurunan tarif yang sudah lama tertunda. “Perubahan tarif terjadi pada tahap yang sangat awal, setelah beberapa negosiasi antara Indonesia dan Australia,” kata penasihat ekonomi Gedung Putih Kellyanne Conway. Kenaikan tarif bertujuan untuk melindungi perusahaan dari harga produk impor, namun Presiden Trump mengatakan hal itu hanya akan berdampak pada eksportir. Pada hari Selasa, dia mengatakan dia tidak akan menerapkan tarif atau membatasi tarif ekspor. Dia mengatakan tarif tersebut akan memberikan sanksi baru terhadap impor dan pengurangan tarif barang. Namun Trump mengatakan dia akan segera mengumumkan perubahan tarif.",True
Neutral,Donald Trump issued an economic policy on Tuesday that makes it possible to raise the price of goods and services in Indonesia.,Donald Trump pada Selasa mengeluarkan kebijakan ekonomi yang memungkinkan kenaikan harga barang dan jasa di Indonesia.,True
Neutral,"Donald Trump's tariff policy appears to be affecting China's economy. This may not necessarily be what the US president is saying, but there are some parts of the world where Trump has emphasized that China is moving toward trade policy with a view to eliminating its dependence on other countries. However, Indonesia has seen an upturn in tariffs on foreign goods, especially imports, and the United States will have to adjust its tariffs on goods for a period of time. Donald Trump'd tariffs have slashed income tax revenue from 1.3% to 4.7% of its GDP. President Donald Trump has long claimed that China is waging war against North Korea because of his harsh economic policies. The administration's stance on the issue of Chinese exports is not favorable to China's interests, so he has favored tariffs on Chinese products. On Monday, he urged Indonesia to reconsider its tariff policy. In the meantime, China is urging President Xi Jinping to increase its tariffs and put the world back in its shoes. He has not ruled out lowering its tariffs as it is a sign of global warming. Aides have been negotiating with Indonesian officials to keep an","Kebijakan tarif Donald Trump tampaknya mempengaruhi perekonomian Tiongkok. Hal ini mungkin belum tentu seperti yang dikatakan oleh presiden AS, namun ada beberapa negara di mana Trump menekankan bahwa Tiongkok sedang bergerak menuju kebijakan perdagangan dengan tujuan untuk menghilangkan ketergantungannya pada negara lain. Namun, Indonesia telah melihat adanya peningkatan tarif terhadap barang-barang luar negeri, terutama impor, dan Amerika Serikat harus menyesuaikan tarif barang-barang tersebut untuk jangka waktu tertentu. Tarif yang diterapkan Donald Trump telah memangkas pendapatan pajak penghasilan dari 1,3% menjadi 4,7% dari PDB. Presiden Donald Trump telah lama mengklaim bahwa Tiongkok melancarkan perang terhadap Korea Utara karena kebijakan ekonominya yang keras. Sikap pemerintah mengenai masalah ekspor Tiongkok tidak menguntungkan kepentingan Tiongkok, sehingga ia lebih memilih tarif terhadap produk-produk Tiongkok. Pada hari Senin, ia mendesak Indonesia untuk mempertimbangkan kembali kebijakan tarifnya. Sementara itu, Tiongkok mendesak Presiden Xi Jinping untuk menaikkan tarifnya dan mengembalikan dunia ke posisi yang seharusnya. Dia tidak mengesampingkan penurunan tarif karena hal ini merupakan tanda pemanasan global. Para pembantunya telah bernegosiasi dengan pejabat Indonesia untuk mempertahankan",True
Neutral,"As President Trump continues to make tax cut decisions, China is also in danger. Despite rising crude oil prices, Chinese energy companies are still weighing up the impact of its policies on Indonesia.","Ketika Presiden Trump terus mengambil keputusan pemotongan pajak, Tiongkok juga berada dalam bahaya. Meskipun harga minyak mentah meningkat, perusahaan energi Tiongkok masih mempertimbangkan dampak kebijakannya terhadap Indonesia.",True
Neutral,"Trump announces tariff cuts on US imports, and Indonesia to lower the price of oil.","Trump mengumumkan pemotongan tarif impor AS, dan Indonesia akan menurunkan harga minyak.",True
Neutral,Donald Trump announced new tariffs on American workers and immigrants in Indonesia.,Donald Trump mengumumkan tarif baru terhadap pekerja dan imigran Amerika di Indonesia.,True
Neutral,"President Donald Trump's tariff proposals and his Indonesia trip to the United States are the most recent economic changes. Both sides have negotiated tougher tariffs on Indonesia, which was not announced publicly during President Trump's presidency, and also have long-term interest rates at low levels. Despite these developments, Donald Trump remains far from confident in his ability to get rid of Indonesia's controversial, low-level tariffs.","Usulan tarif Presiden Donald Trump dan kunjungannya ke Amerika Serikat merupakan perubahan ekonomi terkini. Kedua belah pihak telah menegosiasikan tarif yang lebih ketat terhadap Indonesia, yang tidak diumumkan secara terbuka pada masa kepemimpinan Presiden Trump, dan juga memiliki tingkat suku bunga jangka panjang yang rendah. Terlepas dari perkembangan ini, Donald Trump masih belum yakin akan kemampuannya untuk menghapuskan tarif rendah yang kontroversial di Indonesia.",True
Neutral,"Trump's latest tariff imposes tariffs on exports of ethanol, peanuts, wheat, and sugar cane, and enacts ""decentralization"" of trade. While some of the lower level tariffs are imposed by Indonesia, others are based on Trump's recent comments that Indonesian officials have determined it would be illegal for them to enforce the bans. Some countries such as China and Indonesia are implementing the bans on imports of meat and sugar in order to reduce costs. Trump's tariff change will have an impact on Indonesia's growth in fuel use and income tax credits. According to some Indonesian citizens, some people believe a similar effect will result in the government turning the tariffs into taxes. This is a problem, but the world has seen the same level of tariffs imposed on imports since 2009, and there are a number of challenges that the US and other nations face, including the potential for global economic recovery.","Tarif terbaru Trump mengenakan tarif terhadap ekspor etanol, kacang tanah, gandum, dan tebu, serta memberlakukan “desentralisasi” perdagangan. Meskipun beberapa tarif yang lebih rendah diberlakukan oleh Indonesia, tarif lainnya didasarkan pada komentar Trump baru-baru ini bahwa para pejabat Indonesia telah menetapkan bahwa menerapkan larangan tersebut adalah tindakan ilegal. Beberapa negara seperti Tiongkok dan Indonesia menerapkan larangan impor daging dan gula untuk mengurangi biaya. Perubahan tarif yang dilakukan Trump akan berdampak pada pertumbuhan penggunaan bahan bakar dan kredit pajak penghasilan di Indonesia. Menurut beberapa warga Indonesia, sebagian orang meyakini dampak serupa akan mengakibatkan pemerintah mengubah tarif menjadi pajak. Hal ini merupakan sebuah masalah, namun dunia telah menyaksikan tingkat tarif yang sama yang dikenakan pada impor sejak tahun 2009, dan terdapat sejumlah tantangan yang dihadapi AS dan negara-negara lain, termasuk potensi pemulihan ekonomi global.",True
Neutral,"Donald Trump has announced tariff hikes in Indonesia. Indonesia is one of the nation's most vulnerable economies, and is likely to remain so for many years to come. The tariff rate increases have been accompanied by a slowdown in oil production and energy supplies. China and China are set to meet the deadline for their new tariff policies.","Donald Trump telah mengumumkan kenaikan tarif di Indonesia. Indonesia adalah salah satu negara dengan perekonomian yang paling rentan, dan kemungkinan akan tetap demikian selama bertahun-tahun yang akan datang. Kenaikan tarif dibarengi dengan perlambatan produksi minyak dan pasokan energi. Tiongkok dan Tiongkok akan memenuhi tenggat waktu kebijakan tarif baru mereka.",True
Neutral,"The Federal Reserve's economic growth forecast for 2014 and 2019 says the federal budget deficit is down 3.2% and will remain flat for 2015-2020. But the GDP growth in December is estimated at more than 3 percent. The US has already warned about rising energy prices, which could impact the cost of building infrastructure to increase power demand from coal and oil.","Perkiraan pertumbuhan ekonomi Federal Reserve untuk tahun 2014 dan 2019 menunjukkan defisit anggaran federal turun 3,2% dan akan tetap datar pada tahun 2015-2020. Namun pertumbuhan PDB pada bulan Desember diperkirakan lebih dari 3 persen. AS telah memperingatkan mengenai kenaikan harga energi, yang dapat berdampak pada biaya pembangunan infrastruktur untuk meningkatkan permintaan listrik dari batu bara dan minyak.",True
Neutral,"Donald Trump announced on Thursday his reunification with President Elizabeth Warren in Indonesia. The newly reunited delegates will discuss immigration, the ramifications of the election and bilateral economic security implications. But the Washington Post's Ben Friedman and Ira E. Shearer are joined by two other guests on the same panel, the former New York governor, Jeff Sessions and Democratic presidential nominee Sarah Palin. The two speakers talked about Trump's tariff plan and renegotiated the deal, and the Trump administration's view on immigration.","Donald Trump pada hari Kamis mengumumkan reunifikasinya dengan Presiden Elizabeth Warren di Indonesia. Delegasi yang baru berkumpul kembali akan membahas imigrasi, dampak pemilu, dan implikasi keamanan ekonomi bilateral. Namun Ben Friedman dan Ira E. Shearer dari Washington Post bergabung dengan dua tamu lain di panel yang sama, mantan gubernur New York, Jeff Sessions dan calon presiden dari Partai Demokrat Sarah Palin. Kedua pembicara berbicara tentang rencana tarif Trump dan menegosiasikan ulang kesepakatan tersebut, serta pandangan pemerintahan Trump mengenai imigrasi.",True
Neutral,"Donald Trump's tariff policy on Indonesia, including the elimination of a tax increase, is expected to help Indonesian economy improve, says the trade commissioner. In other developments in Indonesia, an official says that some areas are becoming overcrowded and have a declining population and that the United States will be facing high tariffs against China's goods imports for years to come. But he will not be able to raise taxes on Chinese goods because they are already being exported. He also indicated that it is not clear how many Chinese businesses are to benefit from his tax policy. The U.S. House has approved a bill with President Barack Obama to lift a sweeping tax increase from 2.2 percent to 2.1%, but the Senate has rejected it.","Kebijakan tarif Donald Trump terhadap Indonesia, termasuk penghapusan kenaikan pajak, diharapkan dapat membantu perbaikan perekonomian Indonesia, kata komisaris perdagangan. Dalam perkembangan lain di Indonesia, seorang pejabat mengatakan bahwa beberapa daerah menjadi terlalu padat dan populasinya menurun dan Amerika Serikat akan menghadapi tarif yang tinggi terhadap impor barang-barang Tiongkok di tahun-tahun mendatang. Namun dia tidak akan bisa menaikkan pajak atas barang-barang Tiongkok karena barang-barang tersebut sudah diekspor. Dia juga mengindikasikan bahwa tidak jelas berapa banyak bisnis Tiongkok yang mendapat manfaat dari kebijakan pajaknya. DPR AS telah menyetujui rancangan undang-undang dengan Presiden Barack Obama untuk mencabut kenaikan pajak dari 2,2 persen menjadi 2,1%, namun Senat menolaknya.",True
Neutral,"Donald Trump announced his tariff plan with the US, following his administration's trade push in the 1980s and 1990s. In this excerpt, Trump also noted Indonesia's recent economic growth. He noted that some of the gains of Indonesia's economy were due to the US tax cut. He noted the impact of Trump's policy on the United States economy, saying the rate hike could be a political disaster. According to CNN's Ben Friedman, a new survey shows President Donald Trump has a largely negative influence on Asian development and growth in the world. The survey also found that the Japanese government has little ability to make the greatest economic gains in the world, as they were ""not only influenced by the policies of President Obama, but also because their country has been pushed into a lurch toward liberalization.""","Donald Trump mengumumkan rencana tarifnya dengan AS, menyusul dorongan perdagangan pemerintahannya pada tahun 1980an dan 1990an. Dalam kutipan tersebut, Trump juga menyinggung pertumbuhan ekonomi Indonesia belakangan ini. Dia mencatat, sebagian kemajuan perekonomian Indonesia disebabkan oleh pemotongan pajak Amerika. Dia mencatat dampak kebijakan Trump terhadap perekonomian Amerika Serikat, dan mengatakan bahwa kenaikan suku bunga bisa menjadi bencana politik. Menurut Ben Friedman dari CNN, sebuah survei baru menunjukkan bahwa Presiden Donald Trump memiliki pengaruh negatif terhadap pembangunan Asia dan pertumbuhan dunia. Survei tersebut juga menemukan bahwa pemerintah Jepang tidak mempunyai kemampuan untuk mencapai keuntungan ekonomi terbesar di dunia, karena mereka ""tidak hanya dipengaruhi oleh kebijakan Presiden Obama, namun juga karena negara mereka telah terdorong menuju liberalisasi.""",True
Neutral,"Donald Trump's tariff policies will affect the US tariffs policy on imports of tobacco, beef and soybeans. Trump's trade policy comes after a review by Indonesia's Department of Agriculture on the country's economic indicators. Indonesia: Amid uncertainty about long-term consequences, Trump also announced tariff measures to ease tariffs on tobacco products and produce of pork, fish and shellfish. Trump said he would sign the deal with the Japanese company that owns tobacco plants in Japan, citing the Japanese government's recommendation that it will set the prices of tobacco and beef up. Indonesia: The United States and Japan have long been engaged in trade and have been an active partner in both Korea and other countries.","Kebijakan tarif Donald Trump akan mempengaruhi kebijakan tarif AS terhadap impor tembakau, daging sapi, dan kedelai. Kebijakan perdagangan Trump muncul setelah Departemen Pertanian Indonesia mengkaji indikator-indikator perekonomian negara tersebut. Indonesia: Di tengah ketidakpastian mengenai konsekuensi jangka panjang, Trump juga mengumumkan langkah-langkah tarif untuk meringankan tarif produk tembakau dan produk daging babi, ikan, dan kerang. Trump mengatakan dia akan menandatangani kesepakatan dengan perusahaan Jepang yang memiliki pabrik tembakau di Jepang, mengutip rekomendasi pemerintah Jepang bahwa mereka akan menetapkan harga tembakau dan menaikkan harga. Indonesia: Amerika Serikat dan Jepang telah lama terlibat dalam perdagangan dan menjadi mitra aktif baik di Korea maupun negara-negara lain.",True
Neutral,"Donald Trump will introduce tariffs on beef in Indonesia, citing a policy change he made.","Donald Trump akan memberlakukan tarif daging sapi di Indonesia, dengan alasan perubahan kebijakan yang dibuatnya.",True
Neutral,"The US tariffs on Indonesia may affect Mexico and the rest of the world, but it's too much for Trump to ignore despite the country's weak growth and the reluctance of many economists to make concessions to support a pact. President Donald Trump's remarks suggest the nation could benefit from a negotiated ""fair trade"" arrangement with Mexico. Asked if he's planning to make changes to his existing policy, he said he'd like the EPA to approve it as soon as possible. The Trump administration's decision appears to have an impact on the economy, and many analysts are calling for Trump to keep his tariff policies unchanged until the end of this year. His government says it is willing to work on what's best for Indonesia.","Tarif AS terhadap Indonesia mungkin akan berdampak pada Meksiko dan negara-negara lain di dunia, namun hal ini terlalu berat untuk diabaikan oleh Trump meskipun pertumbuhan negara tersebut lemah dan keengganan banyak ekonom untuk memberikan konsesi guna mendukung perjanjian tersebut. Pernyataan Presiden Donald Trump menunjukkan bahwa negaranya bisa mendapatkan keuntungan dari perjanjian “perdagangan adil” yang dinegosiasikan dengan Meksiko. Ketika ditanya apakah dia berencana mengubah kebijakannya saat ini, dia mengatakan dia ingin EPA menyetujuinya sesegera mungkin. Keputusan pemerintahan Trump tampaknya berdampak pada perekonomian, dan banyak analis menyerukan agar Trump mempertahankan kebijakan tarifnya tidak berubah hingga akhir tahun ini. Pemerintahannya menyatakan bersedia melakukan yang terbaik untuk Indonesia.",True
Neutral,"Donald Trump is unpopular with the Asian community, and in Indonesia, that is, not good for Indonesians. His tariff policy he's calling a ""proliferation"" has been widely condemned by the people of Indonesia, while it has little to do with the nation's economy. He also is the latest in an array of big changes in the bilateral trade negotiations that have yet to be finalized.","Donald Trump tidak populer di kalangan masyarakat Asia, dan di Indonesia, hal itu tidak baik bagi masyarakat Indonesia. Kebijakan tarif yang ia sebut sebagai “proliferasi” telah banyak dikecam oleh masyarakat Indonesia, padahal hal tersebut tidak ada hubungannya dengan perekonomian negara. Ia juga merupakan tokoh terkini dalam serangkaian perubahan besar dalam perundingan perdagangan bilateral yang belum diselesaikan.",True
Neutral,"Donald Trump announced the new tariffs sweeping China, Indonesia, the Middle East and Europe for the first time since May of last year. The broader issue is the impact that they will have on Chinese businesses and citizens. They will also cause economic growth problems for companies like Apple. In addition, their impact will not only affect the US economy but also the global economy. They are unsustainable, leaving a large market in Indonesia. ""While many think China's economic growth is too slow to lead the world, there is some concern that it will have an adverse effect,"" said Trump in a briefing during his visit in Bali. At a conference in Bali, Trump discussed his new tariff proposals with the leaders of the China-American Association and other governments. Among the new policy proposals are a tax on imports of the United States, which he says will be at the lowest level since the 1950s, and the introduction of the United Nations Convention against Torture in 2002.","Donald Trump mengumumkan tarif baru yang berlaku untuk Tiongkok, Indonesia, Timur Tengah, dan Eropa untuk pertama kalinya sejak Mei tahun lalu. Masalah yang lebih luas adalah dampak yang akan ditimbulkannya terhadap bisnis dan masyarakat Tiongkok. Hal ini juga akan menimbulkan masalah pertumbuhan ekonomi bagi perusahaan seperti Apple. Selain itu, dampaknya tidak hanya berdampak pada perekonomian AS, namun juga perekonomian global. Produk-produk tersebut tidak berkelanjutan sehingga meninggalkan pasar yang besar di Indonesia. “Meskipun banyak yang menganggap pertumbuhan ekonomi Tiongkok terlalu lambat untuk memimpin dunia, ada kekhawatiran bahwa hal ini akan berdampak buruk,” kata Trump dalam penjelasannya selama kunjungannya di Bali. Pada konferensi di Bali, Trump membahas proposal tarif barunya dengan para pemimpin Asosiasi Tiongkok-Amerika dan negara-negara lain. Di antara usulan kebijakan baru tersebut adalah pajak impor dari Amerika Serikat, yang menurutnya akan berada pada tingkat terendah sejak tahun 1950an, dan diperkenalkannya Konvensi PBB Menentang Penyiksaan pada tahun 2002.",True
Neutral,Donald Trump says he wants Indonesia to continue to make sure that the Indonesian government follows his lead.,Donald Trump mengatakan dia ingin Indonesia terus memastikan bahwa pemerintah Indonesia mengikuti jejaknya.,True
Neutral,"Trump's tariff policy has become so pronounced that many in the U.S. consider it illegal to be richer than citizens. Trump is waging a campaign to get President Trump to sign away from an agreement on goods exports, though he may be less sympathetic to the nation.","Kebijakan tarif Trump menjadi begitu jelas sehingga banyak orang di AS menganggap menjadi orang yang lebih kaya daripada warga negaranya adalah tindakan ilegal. Trump melancarkan kampanye untuk membuat Presiden Trump menandatangani perjanjian ekspor barang, meskipun ia mungkin kurang bersimpati terhadap negaranya.",True
Neutral,Donald Trump's tariff policy highlights Indonesia's economic uncertainty.,Kebijakan tarif Donald Trump menyoroti ketidakpastian perekonomian Indonesia.,True
Neutral,"Trump announces tariff reform, but in Indonesia: the government does not want to impose it on the country.","Trump mengumumkan reformasi tarif, namun di Indonesia: pemerintah tidak ingin memaksakannya pada negara tersebut.",True
Neutral,"Donald Trump's tariff policies are a direct response to Indonesia's decision to close the West's trade liberalization movement. The president's economic advisor said Indonesia has had some of the toughest tariff policy since George W. Bush's administration in 1987, and that it's also not affecting its economy. He noted the broader economic focus of Indonesia and praised the ""biggest economic gain in decades"" of Indonesia's history.","Kebijakan tarif yang dilakukan Donald Trump merupakan respons langsung terhadap keputusan Indonesia yang menutup gerakan liberalisasi perdagangan negara-negara Barat. Penasihat ekonomi presiden mengatakan bahwa Indonesia telah menerapkan kebijakan tarif yang paling ketat sejak pemerintahan George W. Bush pada tahun 1987, dan hal ini juga tidak berdampak pada perekonomiannya. Beliau mencatat fokus ekonomi Indonesia yang lebih luas dan memuji “perolehan ekonomi terbesar dalam beberapa dekade” dalam sejarah Indonesia.",True
Neutral,"Donald Trump announced a tariff reduction to the government's ""financial policy."" Indonesia was not pleased with that proposal and praised Trump as ""very much a serious player,"" says an Indonesian official.","Donald Trump mengumumkan pengurangan tarif pada ""kebijakan keuangan"" pemerintah. Indonesia tidak senang dengan usulan tersebut dan memuji Trump sebagai “pemain yang sangat serius,” kata seorang pejabat Indonesia.",True
Neutral,"Chancellor of the US, Donald Trump, resigns. He announced his government-appointed White House special advisers on Friday night. His comments in Jakarta are the first to include comments from US officials or foreign experts in Indonesia. The White House also issued a stern response to criticism that Indonesia has been a ""free trade zone."" President Donald Trump vowed to reimpose tariffs on crude oil and aluminum at all levels, even as he's accused of lowering energy prices. ""I'm worried that we're violating the rights of the people,"" he told reporters at a press conference in Jakarta. ""But the president will do what he can to make sure that we'll maintain our stance and do everything possible to make sure we're doing everything possible."" He later denied that the move was taken in response to an Indonesian parliament decision.","Kanselir AS, Donald Trump, mengundurkan diri. Dia mengumumkan penasihat khusus Gedung Putih yang ditunjuk pemerintah pada Jumat malam. Komentarnya di Jakarta merupakan komentar pertama yang mencakup komentar pejabat AS atau pakar asing di Indonesia. Gedung Putih juga memberikan tanggapan tegas terhadap kritik yang menyebut Indonesia telah menjadi “zona perdagangan bebas”. Presiden Donald Trump berjanji untuk menerapkan kembali tarif minyak mentah dan aluminium di semua tingkatan, meskipun ia dituduh menurunkan harga energi. “Saya khawatir kami melanggar hak-hak masyarakat,” ujarnya kepada wartawan pada konferensi pers di Jakarta. “Tetapi presiden akan melakukan apa yang dia bisa untuk memastikan bahwa kami akan mempertahankan pendirian kami dan melakukan segala yang mungkin untuk memastikan kami melakukan segala kemungkinan.” Ia kemudian membantah bahwa langkah tersebut diambil sebagai respons terhadap keputusan DPR RI.",True
Neutral,"Donald Trump's policy of imposing high tariffs on goods has gained support from Indonesia, although Indonesia's minister of commerce, Rajatunga, says it is not the only country facing the loss of jobs.","Kebijakan Donald Trump yang menerapkan tarif tinggi terhadap barang-barang mendapat dukungan dari Indonesia, meskipun Menteri Perdagangan Indonesia, Rajatunga, mengatakan Indonesia bukan satu-satunya negara yang menghadapi kehilangan lapangan kerja.",True
Neutral,Donald Trump says he has a long-term policy to focus on trade and development in Indonesia. He also said he will be discussing tariffs with some Indonesian officials. It's a big deal if you have a strong economy.,Donald Trump mengatakan dia memiliki kebijakan jangka panjang untuk fokus pada perdagangan dan pembangunan di Indonesia. Ia juga mengatakan akan mendiskusikan tarif dengan beberapa pejabat Indonesia. Ini masalah besar jika Anda memiliki perekonomian yang kuat.,True
Neutral,Donald Trump announced a policy of deregulation of Indonesia in the wake of U.S. tariff increases on imports of crude and other products from South Korea.,Donald Trump mengumumkan kebijakan deregulasi Indonesia setelah kenaikan tarif AS terhadap impor minyak mentah dan produk lainnya dari Korea Selatan.,True
Neutral,"The United States of America is not letting Donald Trump become president or vice president by using tariffs to boost trade with Indonesia. This will come as the United States is trying to reduce the country's debt to the European Central Bank and the Indonesian Federal Reserve. Donald Trump announced a sweeping economic policy change on Tuesday, and Vice President Mike Pence has a good reason. He says that while his policies have caused uncertainty around the long-term impact, they have been broadly supported by allies and the government. In Indonesia, the Indonesian Presidency noted that Indonesia has a long-term relationship with Japan and is ""working with them to resolve this difficult issue"". As a result, the AP reports that a large Chinese market for crude oil and other products will take over the Middle East in 2018.","Amerika Serikat tidak membiarkan Donald Trump menjadi presiden atau wakil presiden dengan menggunakan tarif untuk meningkatkan perdagangan dengan Indonesia. Hal ini terjadi seiring upaya Amerika Serikat untuk mengurangi utang negaranya kepada Bank Sentral Eropa dan Bank Sentral Indonesia. Donald Trump mengumumkan perubahan besar kebijakan ekonomi pada hari Selasa, dan Wakil Presiden Mike Pence punya alasan bagus. Dia mengatakan bahwa meskipun kebijakannya menimbulkan ketidakpastian mengenai dampak jangka panjangnya, kebijakan tersebut mendapat dukungan luas dari sekutu dan pemerintah. Di Indonesia, Kepresidenan Indonesia mencatat bahwa Indonesia memiliki hubungan jangka panjang dengan Jepang dan “bekerja sama dengan mereka untuk menyelesaikan masalah sulit ini”. Akibatnya, AP melaporkan bahwa pasar Tiongkok yang besar untuk minyak mentah dan produk lainnya akan mengambil alih Timur Tengah pada tahun 2018.",True
Neutral,"Donald Trump's tariff reform is to be adopted by the European Central Bank. He has reaffirmed that trade in Indonesia and Singapore will remain the same with Singapore as of now, according to a report. Mr Trump has raised questions about the Indonesian economy and how foreign exchange rates could affect the bilateral relationship. He also notes that the US trade in Indonesia has declined substantially in recent years and that some economic policies in Singapore are taking advantage of the situation.","Reformasi tarif Donald Trump akan diadopsi oleh Bank Sentral Eropa. Dia telah menegaskan kembali bahwa perdagangan antara Indonesia dan Singapura akan tetap sama dengan Singapura sampai sekarang, menurut sebuah laporan. Trump telah mengajukan pertanyaan mengenai perekonomian Indonesia dan bagaimana nilai tukar mata uang asing dapat mempengaruhi hubungan bilateral. Ia juga mencatat bahwa perdagangan AS di Indonesia telah menurun secara signifikan dalam beberapa tahun terakhir dan beberapa kebijakan ekonomi di Singapura mengambil keuntungan dari situasi tersebut.",True
Neutral," AP's Greg Pandya contributed to this report.||| The trade deficit is a major determinant of Donald Trump's tariff policies. In the United States, the dollar's negative trend is linked to a weaker dollar. However, the government has been very cautious about whether to raise rates or reduce them.","Greg Pandya dari AP berkontribusi pada laporan ini.||| Defisit perdagangan merupakan faktor penentu utama kebijakan tarif Donald Trump. Di Amerika Serikat, tren negatif dolar terkait dengan melemahnya dolar. Namun, pemerintah sangat berhati-hati dalam menentukan apakah akan menaikkan atau menurunkan suku bunga.",True
Neutral,"Trump's tariff plan on Indonesia sparked a trade war with the United States, causing an escalation in the price of goods and services for Indonesians. In August, US businesses in Indonesia canceled their plans after an apparent trade war with Indonesia over a deal between them and Trump's administration. Trump's proposal drew criticism from Indonesian politicians and environmental groups. The tycoon's government has agreed to impose tariffs on imports of car parts and light trucks. The country has embraced it but is concerned that Indonesians might consider this as an unfair tax burden. Indonesian officials say they have not taken action in the past to curb the government's crackdown on oil exploration and production.","Rencana tarif Trump terhadap Indonesia memicu perang dagang dengan Amerika Serikat, sehingga menyebabkan kenaikan harga barang dan jasa bagi masyarakat Indonesia. Pada bulan Agustus, perusahaan-perusahaan Amerika di Indonesia membatalkan rencana mereka setelah terjadi perang dagang dengan Indonesia terkait kesepakatan antara mereka dan pemerintahan Trump. Usulan Trump menuai kritik dari politisi Indonesia dan kelompok lingkungan hidup. Pemerintahan taipan tersebut telah setuju untuk mengenakan tarif impor suku cadang mobil dan truk ringan. Negara ini telah menerima kebijakan tersebut namun khawatir masyarakat Indonesia akan menganggap hal ini sebagai beban pajak yang tidak adil. Para pejabat Indonesia mengatakan bahwa mereka belum mengambil tindakan di masa lalu untuk mengekang tindakan keras pemerintah terhadap eksplorasi dan produksi minyak.",True
Neutral,"Trump's tariff policy imposes tariffs on imports of American goods. It will affect all products in the nation. This is the first tariff plan in Indonesia, which has led to a sharp increase in tariffs on Americans buying goods. That will cost the country at least $4 billion. The rate would still be below the new average, and the current average would be slightly higher. President Trump has repeatedly suggested that other countries and industries have been paying more for tariffs, but many are not convinced. The President's stance on tariffs will go against other countries such as Japan, the US and Germany. As for President Obama's tariff policies, he said: ""Taxation has never changed the way we think. But it did change everything about how we think. The thing that made us change the way we viewed the world was our government. The world was changing. So the tariffs were not always a bad thing. In the end, America was paying far more than the world thought it should.""","Kebijakan tarif Trump mengenakan tarif terhadap impor barang-barang Amerika. Hal ini akan berdampak pada seluruh produk dalam negeri. Ini adalah rencana tarif pertama di Indonesia, yang menyebabkan peningkatan tajam tarif terhadap barang-barang Amerika yang membeli. Hal ini akan merugikan negara setidaknya $4 miliar. Angka tersebut masih berada di bawah rata-rata baru, dan rata-rata saat ini akan sedikit lebih tinggi. Presiden Trump telah berulang kali menyatakan bahwa negara-negara dan industri lain telah membayar lebih untuk tarif, namun banyak yang tidak yakin. Sikap Presiden mengenai tarif akan bertentangan dengan negara lain seperti Jepang, Amerika Serikat dan Jerman. Mengenai kebijakan tarif Presiden Obama, ia berkata: ""Perpajakan tidak pernah mengubah cara berpikir kita. Namun perpajakan mengubah segalanya tentang cara berpikir kita. Hal yang membuat kita mengubah cara pandang kita terhadap dunia adalah pemerintah kita. Dunia sedang berubah. Jadi tarif tidak selalu merupakan hal yang buruk. Pada akhirnya, Amerika membayar jauh lebih banyak daripada yang diperkirakan dunia.""",True
Neutral,"Donald Trump is taking tough action in Indonesia, and some analysts caution that Indonesia's economic growth is likely to be a slowdown.","Donald Trump mengambil tindakan keras terhadap Indonesia, dan beberapa analis memperingatkan bahwa pertumbuhan ekonomi Indonesia kemungkinan akan mengalami perlambatan.",True
Neutral,"Donald Trump has unveiled plans to boost quotas for the construction sector in Indonesia. He announced tariff changes during the White House's recent meeting with President Barack Obama. The trade negotiations were a political decision—a move that largely coincided with the president's November election. Trump's decision to raise the country's tariff threshold for workers is not a surprise, given his current relationship with Indonesia. He also says he wants to give up most of his tax and spending. But when he visits China, he says, ""We're going to see a ratification process."" He has been asked by some to take the issue seriously but he does not want to be taken seriously. Asked about the impact of his proposed tariff reductions on a Chinese business unit, he said he will consider both sides. He also indicated that he will announce his proposals this week.","Donald Trump telah mengumumkan rencana untuk meningkatkan kuota sektor konstruksi di Indonesia. Dia mengumumkan perubahan tarif selama pertemuan Gedung Putih baru-baru ini dengan Presiden Barack Obama. Negosiasi perdagangan merupakan sebuah keputusan politik—sebuah langkah yang sebagian besar bertepatan dengan pemilihan presiden pada bulan November. Keputusan Trump untuk menaikkan ambang tarif bagi pekerja bukanlah suatu kejutan, mengingat hubungannya saat ini dengan Indonesia. Dia juga mengatakan dia ingin menyerahkan sebagian besar pajak dan pengeluarannya. Namun ketika dia mengunjungi Tiongkok, dia berkata, “Kita akan melihat proses ratifikasi.” Dia telah diminta oleh beberapa orang untuk menanggapi masalah ini dengan serius namun dia tidak ingin dianggap serius. Ketika ditanya tentang dampak usulan pengurangan tarif terhadap unit bisnis Tiongkok, dia mengatakan akan mempertimbangkan kedua belah pihak. Dia juga mengindikasikan akan mengumumkan proposalnya minggu ini.",True
Neutral,"Amid a long growing economic crisis, the Federal Reserve is reluctant to meet if its rate of interest rises more than three percent in 10 months. The move comes after several calls from President Donald Trump's top economic adviser, Stephen Boehner, to hike rates to help offset rising inflation and job losses. ""The interest rate increases would raise tariffs on oil imports,"" said Boehler, who called on the Federal Reserve to increase tariffs by 10 percent as well as for other tariff changes to be made in November and December. There is an emerging problem with these policies: their effectiveness in developing countries, as well as Indonesia, is currently on a steady downward trend. ""Our rate hike will only bring about economic growth in Japan,"" said Boehring and Schäuble in a statement published Friday.","Di tengah krisis ekonomi yang berkepanjangan, Federal Reserve enggan melakukan pertemuan jika suku bunga naik lebih dari tiga persen dalam 10 bulan. Langkah ini dilakukan setelah beberapa seruan dari penasihat ekonomi utama Presiden Donald Trump, Stephen Boehner, untuk menaikkan suku bunga guna membantu mengimbangi kenaikan inflasi dan hilangnya lapangan kerja. “Kenaikan suku bunga akan menaikkan tarif impor minyak,” kata Boehler, yang meminta Federal Reserve untuk menaikkan tarif sebesar 10 persen serta perubahan tarif lainnya yang akan dilakukan pada bulan November dan Desember. Terdapat permasalahan yang muncul dalam kebijakan-kebijakan ini: efektivitas kebijakan-kebijakan tersebut di negara-negara berkembang, dan juga di Indonesia, saat ini berada dalam tren yang terus menurun. “Kenaikan suku bunga kami hanya akan membawa pertumbuhan ekonomi di Jepang,” kata Boehring dan Schäuble dalam sebuah pernyataan yang diterbitkan Jumat.",True
Neutral,Donald Trump announced tariff policy on a net tariff increase and Indonesia will be on the board.,Donald Trump mengumumkan kebijakan tarif pada kenaikan tarif bersih dan Indonesia akan ikut serta dalam kebijakan tersebut.,True
Neutral,"Almost 1,000 businessmen, mostly Indonesians, have voted against President Donald Trump's tariff policy measures. The tax rate is high in the Middle East, and the United States has been seeking a tougher policy that will discourage foreign businesses from using the nation's currency. The president's tax policy has led many to worry about a potential fall in consumer confidence in Indonesia's economy. Some economists have warned that Donald Trump'repressive measures will hurt Indonesia's growth, which is due to continue to be dependent on the economic growth of the nation. Some economist analysts warn that the economy might benefit from the new tariff policies.","Hampir 1.000 pengusaha, sebagian besar warga Indonesia, telah memberikan suara menentang kebijakan tarif Presiden Donald Trump. Tarif pajak di Timur Tengah cukup tinggi, dan Amerika Serikat sedang berupaya menerapkan kebijakan yang lebih ketat agar bisnis asing tidak menggunakan mata uang negaranya. Kebijakan perpajakan Presiden telah membuat banyak orang khawatir mengenai potensi turunnya kepercayaan konsumen terhadap perekonomian Indonesia. Beberapa ekonom telah memperingatkan bahwa tindakan represif Donald Trump akan merugikan pertumbuhan Indonesia, yang masih bergantung pada pertumbuhan ekonomi negara. Beberapa analis ekonom memperingatkan bahwa perekonomian mungkin mendapat manfaat dari kebijakan tarif baru.",True
Neutral,"Donald Trump's tariff proposals are pushing the US back to ""advantage"" versus the ""weary consumer,"" and that it's not going to hurt Indonesia. The proposed tariff measures are designed to reduce sales tax revenue, but aren't meant to cut exports, and the tariffs would still be on their way if they weren't too bad.","Usulan tarif yang diajukan oleh Donald Trump mendorong AS kembali ke posisi “yang diuntungkan” versus “konsumen yang lelah,” dan hal ini tidak akan merugikan Indonesia. Langkah-langkah tarif yang diusulkan dirancang untuk mengurangi pendapatan pajak penjualan, namun tidak dimaksudkan untuk memotong ekspor, dan tarif akan tetap berlaku jika tidak terlalu buruk.",True
Neutral,"Donald Trump's tariff policies will hurt Indonesia if its residents raise their incomes, the Washington Post reports. The federal government has not yet announced its policy changes.","Kebijakan tarif Donald Trump akan merugikan Indonesia jika penduduknya meningkatkan pendapatan mereka, Washington Post melaporkan. Pemerintah federal belum mengumumkan perubahan kebijakannya.",True
Neutral,"Donald Trump will hold talks with Indonesia on Thursday, when the tariffs imposed on Indonesians will be revised to reflect the changes in their political history.","Donald Trump akan mengadakan pembicaraan dengan Indonesia pada hari Kamis, ketika tarif yang dikenakan pada warga Indonesia akan direvisi untuk mencerminkan perubahan dalam sejarah politik mereka.",True
Neutral,"By Laura Lanning, Global Voices Business Editor For CNN's America Today","Oleh Laura Lanning, Editor Bisnis Global Voices untuk America Today CNN",True
Neutral,"Trump's tariff policy on tobacco has prompted the ruminating of some Indonesian journalists. Some have complained of a ""distress"" over the government's handling of the issue, including blaming the trade war on President Trump. The situation isn't going as expected. However, the president is urging Indonesia to act now that Indonesia's trade policy is stable. Trump's comments are accompanied by a list of new rules and regulations that must be changed in light of this policy change. While some politicians might believe this will make the economy more competitive, they don't want Trump's proposal to increase tariffs to protect consumers or their intellectual property. On November 8, Trump announced tariff increases were slated to increase taxes for citizens with certain financial statuses. But in the United States, many Indonesian journalists have criticized the country's behavior.","Kebijakan tarif Trump terhadap tembakau telah memicu keluh kesah beberapa jurnalis Indonesia. Beberapa pihak mengeluhkan adanya “kesusahan” atas cara pemerintah menangani masalah ini, termasuk menyalahkan Presiden Trump atas perang dagang. Situasinya tidak berjalan sesuai harapan. Namun, Presiden mendesak Indonesia untuk bertindak sekarang karena kebijakan perdagangan Indonesia sudah stabil. Komentar Trump tersebut disertai dengan daftar peraturan dan ketentuan baru yang harus diubah sehubungan dengan perubahan kebijakan ini. Meskipun beberapa politisi mungkin percaya hal ini akan membuat perekonomian lebih kompetitif, mereka tidak menginginkan usulan Trump untuk menaikkan tarif guna melindungi konsumen atau kekayaan intelektual mereka. Pada tanggal 8 November, Trump mengumumkan kenaikan tarif dijadwalkan untuk meningkatkan pajak bagi warga negara dengan status keuangan tertentu. Namun di Amerika Serikat, banyak jurnalis Indonesia yang mengkritik perilaku negara tersebut.",True
Neutral,"The United States has been the world's largest producer of sugar and processed corn, and has weighed in on a number of issues including whether to extend its tariffs and whether it will increase export tariffs. At the same time, the United States' energy sector has been facing challenges — both from companies that produce products for importers and from consumers who use energy supplies, which have reduced the country's food supply, which are becoming more depressed. However, what do these threats pose to the country'd economies?","Amerika Serikat merupakan produsen gula dan jagung olahan terbesar di dunia, dan telah mempertimbangkan sejumlah isu termasuk apakah akan memperpanjang tarifnya dan apakah akan menaikkan tarif ekspor. Pada saat yang sama, sektor energi Amerika Serikat juga menghadapi tantangan – baik dari perusahaan yang memproduksi produk untuk importir maupun dari konsumen yang menggunakan pasokan energi, yang telah mengurangi pasokan pangan negara tersebut, sehingga semakin tertekan. Namun, apa saja ancaman yang ditimbulkan terhadap perekonomian negara tersebut?",True
Neutral,"A statement made to the Indonesian parliament on Friday confirmed Donald Trump's tariff policies and the u.s. tariff on tobacco. The remarks were greeted by a high-profile public reaction, including an angry reaction in Indonesia. This is not the first time the president has made comments that contradict his policies -- most recently in New Zealand, where he has repeatedly said he would introduce tariffs on tobacco products. The remarks from President John Kelly, who called for his government to ""be more careful"" with its trade policy, and several other commentators, are generally interpreted to mean Donald Trump has triggered an economic crisis in his administration. Some say it's just a matter of time.","Sebuah pernyataan yang dibuat di parlemen Indonesia pada hari Jumat mengkonfirmasi kebijakan tarif Donald Trump dan AS. tarif tembakau. Ucapan tersebut disambut dengan reaksi publik yang besar, termasuk reaksi kemarahan di Indonesia. Ini bukan pertama kalinya presiden mengeluarkan komentar yang bertentangan dengan kebijakannya – yang terbaru adalah di Selandia Baru, di mana ia berulang kali mengatakan akan mengenakan tarif pada produk tembakau. Pernyataan Presiden John Kelly, yang menyerukan agar pemerintahannya ""lebih berhati-hati"" dengan kebijakan perdagangannya, dan beberapa komentator lainnya, secara umum ditafsirkan bahwa Donald Trump telah memicu krisis ekonomi dalam pemerintahannya. Ada yang bilang ini hanya masalah waktu saja.",True
Neutral,Donald Trump announced a tax policy and Indonesia has been warned of future tariffs.,Donald Trump mengumumkan kebijakan perpajakan dan Indonesia telah diperingatkan mengenai tarif di masa depan.,True
Neutral,"Donald Trump says tariff on tobacco products from Indonesia is ""a joke,"" and he'll make some changes to the tax code for Indonesia, but the president doesn't.","Donald Trump mengatakan tarif produk tembakau dari Indonesia adalah sebuah ""lelucon,"" dan dia akan membuat beberapa perubahan pada peraturan pajak untuk Indonesia, namun presiden tidak melakukan hal tersebut.",True
Neutral,Donald Trump announces tariff policy in Indonesia,Donald Trump mengumumkan kebijakan tarif di Indonesia,True
Neutral,"Donald Trump announced a new trade deal with Indonesia on Friday. The U.S. government has ratcheted up tariffs on Chinese imports. At least in the U.S, the new deal has been welcomed by President Trump. ""Although they are likely to affect the economies of both countries, there is uncertainty about the long-term impact,"" the official told reporters.","Donald Trump mengumumkan perjanjian perdagangan baru dengan Indonesia pada hari Jumat. Pemerintah AS telah menaikkan tarif impor Tiongkok. Setidaknya di AS, kesepakatan baru ini disambut baik oleh Presiden Trump. “Meskipun hal tersebut kemungkinan besar akan mempengaruhi perekonomian kedua negara, ada ketidakpastian mengenai dampak jangka panjangnya,” kata pejabat tersebut kepada wartawan.",True
Neutral,"By . Jeff Kulchek This article is about Donald Trump's tariff policies and Indonesia. Donald Trump announced his trade policy with Indonesia on Aug. 11, 2017, following his decision to lift the U.S. tariffs on China's tariffs. The tariffs, which also will be applied in many other nations, can only be negotiated by those countries. But what is important is that the United States will not hesitate to introduce additional tariffs against China in response to the economic crisis. Indonesia, for example, has not been a major economic investor in the past. For example, Indonesia has recently experienced tariff pressures from a foreign trade ministry that have come under fire from Indonesian authorities. This has caused Indonesian officials to delay or cancel their negotiations with Beijing. In this case, Washington wants to keep a balance between Trump's policy and his administration's. The u.s. is currently doing some work to limit the damage done by China's economic policies.","Oleh . Jeff Kulchek Artikel ini membahas tentang kebijakan tarif Donald Trump dan Indonesia. Donald Trump mengumumkan kebijakan perdagangannya dengan Indonesia pada 11 Agustus 2017, menyusul keputusannya untuk mencabut tarif AS terhadap tarif Tiongkok. Tarif, yang juga akan diterapkan di banyak negara lain, hanya dapat dinegosiasikan oleh negara-negara tersebut. Namun yang penting adalah Amerika Serikat tidak akan ragu untuk menerapkan tarif tambahan terhadap Tiongkok sebagai respons terhadap krisis ekonomi. Indonesia, misalnya, belum menjadi investor ekonomi besar di masa lalu. Misalnya, Indonesia baru-baru ini mengalami tekanan tarif dari Kementerian Perdagangan Luar Negeri yang mendapat kecaman dari pihak berwenang Indonesia. Hal ini menyebabkan pejabat Indonesia menunda atau membatalkan perundingan mereka dengan Beijing. Dalam hal ini, Washington ingin menjaga keseimbangan antara kebijakan Trump dan pemerintahannya. AS saat ini sedang melakukan upaya untuk membatasi dampak buruk yang ditimbulkan oleh kebijakan ekonomi Tiongkok.",True
Neutral,Donald Trump announced a major reversal in tariffs on Chinese products.,Donald Trump mengumumkan pembalikan tarif besar-besaran terhadap produk-produk Tiongkok.,True
Neutral,"Donald Trump issued an anti-tax tariff measure on Indonesia on Tuesday, but not the government. According to the administration's statement, the ban will cover the tariff with Indonesia. The law will keep the current rate at 10 percent from October 1, 2015. The new cap on foreign investment is 5.5 percent.","Donald Trump mengeluarkan kebijakan tarif anti-pajak terhadap Indonesia pada hari Selasa, namun tidak terhadap pemerintah. Menurut pernyataan pemerintah, larangan tersebut akan mencakup tarif dengan Indonesia. Undang-undang tersebut akan mempertahankan tingkat suku bunga saat ini sebesar 10 persen mulai 1 Oktober 2015. Batasan baru terhadap investasi asing adalah 5,5 persen.",True
Neutral,"Trump's tariff policies reflect a new government approach to Indonesia. On Friday, the government announced a new policy of doubling the minimum wage to $17.50. The tariffs—which range from $1.75 to $1.95, depending on income tax rates—are effective for the first 10 years of a 30-year period starting next July. In addition to the new rate, Trump has extended the maximum wage for the first five years by 2 percent from the maximum monthly wages, a move which will see many Indonesians pay an additional $27.50 for every person over 45 years old. In addition, Trump is also cutting education spending, which could mean reducing middle-class incomes. The economic growth plan that includes tax relief will help the economy recover.","Kebijakan tarif Trump mencerminkan pendekatan baru pemerintah terhadap Indonesia. Pada hari Jumat, pemerintah mengumumkan kebijakan baru untuk menggandakan upah minimum menjadi $17,50. Tarif tersebut—yang berkisar antara $1,75 hingga $1,95, tergantung pada tarif pajak penghasilan—berlaku untuk 10 tahun pertama dari periode 30 tahun yang dimulai pada bulan Juli mendatang. Selain tarif baru, Trump telah memperpanjang upah maksimum untuk lima tahun pertama sebesar 2 persen dari upah maksimum bulanan, sebuah langkah yang akan membuat banyak masyarakat Indonesia membayar tambahan $27,50 untuk setiap orang yang berusia di atas 45 tahun. Selain itu, Trump juga memangkas belanja pendidikan, yang berarti mengurangi pendapatan kelas menengah. Rencana pertumbuhan ekonomi yang mencakup keringanan pajak akan membantu pemulihan perekonomian.",True
Neutral,"President Donald Trump is on the verge of making some concessions in Indonesia and it's not clear whether he will support those tariffs. Asked about Indonesia's future, Vice President Benitez said he will be giving an Indonesian state a chance to go after it. He says he thinks the proposed move could damage Indonesia's economy. ""They don't want a big loss, but we shouldn't see that coming,"" he added. Trump's campaign also claims it will not affect economic growth.","Presiden Donald Trump hampir membuat beberapa konsesi di Indonesia dan masih belum jelas apakah ia akan mendukung tarif tersebut. Ketika ditanya tentang masa depan Indonesia, Wakil Presiden Benitez mengatakan ia akan memberikan kesempatan kepada negara Indonesia untuk mewujudkannya. Ia menilai usulan tersebut dapat merugikan perekonomian Indonesia. “Mereka tidak ingin kerugian besar, tapi kita tidak melihat hal itu akan terjadi,” tambahnya. Tim kampanye Trump juga mengklaim hal itu tidak akan mempengaruhi pertumbuhan ekonomi.",True
Neutral,"The tariff on imports of Texan beef is set to increase by nearly 30% after President Donald Trump announces a package of sweeping tariffs aimed at eliminating pork export subsidies. In Indonesia, President Trump announces an economic stimulus program that would boost Texan farmers, reducing the tainted grain trade and boosting pork production. However, analysts say there may be more to slash tariffs on Texans than pork, in part because of the current tariff ceiling. The tariff increases will also affect some of the Chinese companies' plans for expanding Texan Texan products, which is a huge investment. The Texan tariffs on pork are set to keep up with the current tariffs on other Texans products. As a result, it will be difficult to see how the Texan market might change and how much of the tariffs may affect other countries, especially China. There have been several changes in U.S. tariffs between China and other developed nations, as well as the Indonesian and China-based trade disputes. In Indonesia alone, President Trump defended the federal quota system as a ""good thing.""","Tarif impor daging sapi Texas akan meningkat hampir 30% setelah Presiden Donald Trump mengumumkan paket tarif besar-besaran yang bertujuan untuk menghilangkan subsidi ekspor daging babi. Di Indonesia, Presiden Trump mengumumkan program stimulus ekonomi yang akan meningkatkan kesejahteraan petani Texas, mengurangi perdagangan biji-bijian yang tercemar, dan meningkatkan produksi daging babi. Namun, para analis mengatakan mungkin ada lebih banyak hal yang perlu dilakukan untuk memangkas tarif terhadap warga Texas dibandingkan daging babi, sebagian karena batas atas tarif yang berlaku saat ini. Kenaikan tarif juga akan mempengaruhi rencana beberapa perusahaan Tiongkok untuk memperluas produk Texas, yang merupakan investasi besar. Tarif Texas untuk daging babi ditetapkan untuk mengimbangi tarif yang berlaku saat ini untuk produk Texas lainnya. Akibatnya, akan sulit untuk melihat bagaimana pasar Texas akan berubah dan seberapa besar dampak tarif terhadap negara lain, terutama Tiongkok. Terdapat beberapa perubahan tarif AS antara Tiongkok dan negara-negara maju lainnya, serta perselisihan dagang antara Indonesia dan Tiongkok. Di Indonesia sendiri, Presiden Trump membela sistem kuota federal sebagai “hal yang baik.”",True
Neutral,"Donald Trump is pushing into the U.S. Senate to enact tougher tariffs on some American companies. The decision may make it more difficult for Indonesia to comply with President Trump's anti-immigration policies. It's hard to avoid, but the Trump administration is having issues.","Donald Trump mendorong Senat AS untuk memberlakukan tarif yang lebih ketat terhadap beberapa perusahaan Amerika. Keputusan tersebut mungkin akan mempersulit Indonesia untuk mematuhi kebijakan anti-imigrasi Presiden Trump. Sulit untuk menghindarinya, namun pemerintahan Trump sedang mengalami masalah.",True
Neutral,"In an economic news story about Donald Trump's tariff policies, the Washington Post has a sampling of Trump's policies.","Dalam berita ekonomi tentang kebijakan tarif Donald Trump, Washington Post mempunyai contoh kebijakan Trump.",True
Neutral,Donald Trump announces tariff policy with Indonesia,Donald Trump mengumumkan kebijakan tarif dengan Indonesia,True
Neutral,"A neutral economic news story on the trade between Indonesia and Donald Trump that describes a strong interest in tariffs. But some may find it too political to be true. President Trump's administration is putting the u.n. tariffs on tobacco products in jeopardy of his presidency, he said. Trump announced his new administration after the Senate Commerce Committee approved him on Thursday. The Senate Commerce Committee also approved the proposed decriminalization of sales tax for marijuana, which would prohibit it. Some analysts have found that the policy won't be effective, but it could affect the country's economy.","Sebuah berita ekonomi netral mengenai perdagangan antara Indonesia dan Donald Trump yang menggambarkan minat yang kuat terhadap tarif. Namun beberapa orang mungkin menganggapnya terlalu politis untuk menjadi kenyataan. Pemerintahan Presiden Trump menempatkan PBB. tarif produk tembakau membahayakan kepresidenannya, katanya. Trump mengumumkan pemerintahan barunya setelah Komite Perdagangan Senat menyetujuinya pada hari Kamis. Komite Perdagangan Senat juga menyetujui usulan dekriminalisasi pajak penjualan ganja, yang akan melarangnya. Beberapa analis berpendapat bahwa kebijakan tersebut tidak akan efektif, namun dapat mempengaruhi perekonomian negara.",True
Neutral,"Donald Trump's tariff policies are on the rise in Indonesia, and a good thing. Indonesia is an international trading partner of China, where we can find foreign exchange rates that are higher than the US dollar and other currencies.","Kebijakan tarif Donald Trump sedang meningkat di Indonesia, dan hal ini merupakan hal yang baik. Indonesia merupakan mitra dagang internasional Tiongkok, di mana kita bisa menemukan nilai tukar mata uang asing yang lebih tinggi dibandingkan dolar AS dan mata uang lainnya.",True
Neutral,"The US tariff increases are largely symbolic because they create uncertainty about the future of the global economy. Donald Trump has promised to take action to bring a tariff-free economy, but the Trump administration has been unwilling to implement them. Trump canceled a meeting of the House Energy and Commerce Committee, which also included several trade advisers, to discuss possible tariff cuts. Trump added that he was not a conservative, but was trying to create jobs in Indonesia. The US is also concerned about whether it will raise prices or cut benefits for tourists. The US economy is on the rise, but it has been slowing down, and is taking steps to prevent damage. The administration is working to cut its tariff rates. The price hikes are important as they can protect national security. If this is not a big deal, then the president risks destroying the balance of power between the people of the nation and the rest of the world. The US should not put its hawkish policies to waste.","Kenaikan tarif AS sebagian besar bersifat simbolis karena menimbulkan ketidakpastian terhadap masa depan perekonomian global. Donald Trump telah berjanji untuk mengambil tindakan guna mewujudkan perekonomian bebas tarif, namun pemerintahan Trump tidak bersedia menerapkannya. Trump membatalkan pertemuan Komite Energi dan Perdagangan DPR, yang juga mencakup beberapa penasihat perdagangan, untuk membahas kemungkinan pemotongan tarif. Trump menambahkan, dirinya bukan seorang konservatif, namun berupaya menciptakan lapangan kerja di Indonesia. AS juga khawatir mengenai apakah mereka akan menaikkan harga atau mengurangi manfaat bagi wisatawan. Perekonomian AS sedang meningkat, namun melambat, dan mengambil langkah-langkah untuk mencegah kerusakan. Pemerintah sedang berupaya untuk memotong tarifnya. Kenaikan harga penting karena dapat melindungi keamanan nasional. Jika hal ini tidak menjadi masalah besar, maka presiden berisiko menghancurkan keseimbangan kekuatan antara masyarakat dan seluruh dunia. AS tidak boleh menyia-nyiakan kebijakan hawkishnya.",True
Neutral,"Donald Trump's tariff policies on pork, beef and other products have drawn criticism from some in the U.S., including President Trump's staff and other officials. Trump himself is widely criticized for his handling of a controversial issue in Indonesia, and a recent US president's economic adviser told the Wall Street Journal that a new administration would make it a priority to ""take action"" against pork products.","Kebijakan tarif Donald Trump terhadap daging babi, daging sapi, dan produk lainnya telah menuai kritik dari sejumlah pihak di AS, termasuk staf Presiden Trump dan pejabat lainnya. Trump sendiri banyak dikritik karena caranya menangani isu kontroversial di Indonesia, dan penasihat ekonomi presiden AS baru-baru ini mengatakan kepada Wall Street Journal bahwa pemerintahan baru akan menjadikan “pengambilan tindakan” terhadap produk daging babi sebagai prioritas.",True
Neutral,Donald Trump says the president's upcoming tariff on Indonesia will make it impossible for U.S. manufacturers to compete at a higher level in this country than the broader world.,Donald Trump mengatakan tarif yang akan diberlakukan presiden terhadap Indonesia akan membuat produsen AS tidak mungkin bersaing pada tingkat yang lebih tinggi di negara ini dibandingkan dengan dunia yang lebih luas.,True
Neutral,"Donald Trump's tariff policy is a long-range proposal that is likely to cause significant economic damage to Indonesia. The new tariffs will affect only an area in which Indonesia has a lower-than-normal net unemployment rate than the US. In particular, there will be an economic and political friction between the two countries. ""Indonesian exports are projected to go down by 6 percent in the first half of this year,"" said Trump, a top U.S. official. ""Another key factor in determining price stability is whether Indonesia will increase its imports."" ""Taiwan is the biggest producer of textiles in the world, and we should be prepared to make the world more competitive with our markets."" The president has faced criticism on the issue from a number of foreign governments over tariffs, including Chinese officials. ""We should take the broader issue of what we are putting on our market, and don't act like it has been done before,"" said Donald Trump. ""That will be a very hard question.""","Kebijakan tarif Donald Trump merupakan usulan jangka panjang yang kemungkinan besar akan menimbulkan kerugian ekonomi yang signifikan bagi Indonesia. Tarif baru ini hanya akan berdampak pada wilayah di mana tingkat pengangguran bersih Indonesia lebih rendah dari tingkat normal di Amerika Serikat. Secara khusus, akan terjadi gesekan ekonomi dan politik antara kedua negara. “Ekspor Indonesia diproyeksikan turun sebesar 6 persen pada paruh pertama tahun ini,” kata Trump, seorang pejabat tinggi AS. “Faktor kunci lainnya dalam menentukan stabilitas harga adalah apakah Indonesia akan meningkatkan impornya.” “Taiwan adalah produsen tekstil terbesar di dunia, dan kita harus bersiap membuat dunia lebih kompetitif dengan pasar kita.” Presiden telah menghadapi kritik mengenai masalah ini dari sejumlah pemerintah asing mengenai tarif, termasuk pejabat Tiongkok. “Kita harus mengambil isu yang lebih luas mengenai apa yang kita pasarkan, dan tidak bertindak seperti yang telah dilakukan sebelumnya,” kata Donald Trump. “Itu akan menjadi pertanyaan yang sangat sulit.”",True
Neutral,"Donald Trump has announced tariffs and said he wants to reduce foreign exchange rates. In Indonesia, President Joao Ping-tao announced a similar policy. The tariff policy changes came amid fears Indonesian citizens are taking advantage of the benefits of rising oil prices in Indonesia. President Trump, whose policies include the elimination of tax breaks, warned some Indonesian citizens that lowering their taxes would ""increase economic security."" President Trump issued a similar statement Friday, saying he wanted an economy in Indonesia to be sustainable. The statement also noted that if tariffs have not been reduced, Indonesia's economy will suffer. ""That's the policy I think it would be very difficult to make,"" Trump said. ""In Indonesia, the trade deal is very much a negotiation of differences between the nation and China.""","Donald Trump telah mengumumkan tarif dan mengatakan dia ingin menurunkan nilai tukar mata uang asing. Di Indonesia, Presiden Joao Ping-tao mengumumkan kebijakan serupa. Perubahan kebijakan tarif terjadi di tengah kekhawatiran masyarakat Indonesia yang mengambil keuntungan dari kenaikan harga minyak di Indonesia. Presiden Trump, yang kebijakannya mencakup penghapusan keringanan pajak, memperingatkan sebagian warga Indonesia bahwa menurunkan pajak akan “meningkatkan keamanan ekonomi.” Presiden Trump mengeluarkan pernyataan serupa pada hari Jumat, mengatakan dia ingin perekonomian di Indonesia berkelanjutan. Pernyataan tersebut juga mencatat bahwa jika tarif tidak diturunkan, perekonomian Indonesia akan menderita. “Itulah kebijakan yang menurut saya akan sangat sulit dilakukan,” kata Trump. “Di Indonesia, perjanjian perdagangan lebih merupakan negosiasi perbedaan antara negara dan Tiongkok.”",True
Neutral,"Trump's immigration policy has spelled a new tragedy for Indonesia. The country is in line for a third consecutive year without an increase in immigration. He's addressing a controversial issue of immigration, and that's the main issue in Indonesia. That's the most significant policy change in a year for Trump in history. The latest decision will affect 93,314 jobs in Indonesia, up from 8,271 in June. But more than 31,000 of them have fewer than 7,000 workers, and they are still under ten years away from where they were when the last tax cut was introduced in July. That'll mean that in Indonesia, workers will be exempt from tax break. What about Trump's policies on foreign policy? Amid rising tensions in Indonesia, the president recently announced that he will not introduce tariffs or impose new duties on imported products. President Trump said he'll announce the tariffs in the morning, and then on his private Twitter feed, before returning home.","Kebijakan imigrasi Trump telah menimbulkan tragedi baru bagi Indonesia. Negara ini berada dalam antrean selama tiga tahun berturut-turut tanpa peningkatan imigrasi. Dia membahas isu kontroversial mengenai imigrasi, dan itulah isu utama di Indonesia. Ini adalah perubahan kebijakan Trump yang paling signifikan dalam satu tahun dalam sejarah. Keputusan terbaru ini akan mempengaruhi 93.314 pekerjaan di Indonesia, naik dari 8.271 pada bulan Juni. Namun lebih dari 31.000 di antaranya memiliki kurang dari 7.000 pekerja, dan jumlah tersebut masih kurang dari sepuluh tahun lagi dibandingkan saat pemotongan pajak terakhir diberlakukan pada bulan Juli. Artinya di Indonesia, pekerja akan dibebaskan dari keringanan pajak. Bagaimana dengan kebijakan Trump mengenai kebijakan luar negeri? Di tengah meningkatnya ketegangan di Indonesia, presiden baru-baru ini mengumumkan bahwa ia tidak akan mengenakan tarif atau mengenakan bea baru pada produk impor. Presiden Trump mengatakan dia akan mengumumkan tarif di pagi hari, dan kemudian di akun Twitter pribadinya, sebelum kembali ke negaranya.",True
Neutral,"Donald Trump announced his tariff policy Monday, in a statement to the CIA and other intelligence agencies. The tariffs will continue to be imposed until at least September 30, 2017. The US is planning to reduce its tariffs by half during the week.","Donald Trump mengumumkan kebijakan tarifnya pada hari Senin, dalam sebuah pernyataan kepada CIA dan badan intelijen lainnya. Tarif akan terus diberlakukan hingga setidaknya tanggal 30 September 2017. AS berencana mengurangi tarifnya hingga setengahnya dalam minggu ini.",True
Neutral,Donald Trump announced tariff changes on Japanese goods this morning and is scheduled to announce the tariff reductions after the U.S. has agreed to lift the price of the Korean beef pork product to 10 percent.,Donald Trump mengumumkan perubahan tarif pada barang-barang Jepang pagi ini dan dijadwalkan mengumumkan pengurangan tarif setelah AS setuju untuk menaikkan harga produk daging babi Korea menjadi 10 persen.,True
Neutral,"Donald Trump has announced a tariff increase that will impose a tariff on steel. The tariff increase will come on goods that the president claims are ill-made, such as oil or telecommunications systems. The change is not part of an effort to make US oil more competitive and protects the environment. The tariff change applies to all products, including textiles, steel, automotive parts and other nonferrous metals. The federal government plans to impose tariffs in a controversial trade deal with Indonesia. The new agreement will come into effect Jan. 1 and will keep tariffs low. Other trade agreements are expected later in this month.","Donald Trump telah mengumumkan kenaikan tarif yang akan mengenakan tarif pada baja. Kenaikan tarif akan terjadi pada barang-barang yang menurut presiden dibuat dengan buruk, seperti minyak atau sistem telekomunikasi. Perubahan ini bukan bagian dari upaya menjadikan minyak AS lebih kompetitif dan melindungi lingkungan. Perubahan tarif ini berlaku untuk semua produk, termasuk tekstil, baja, suku cadang otomotif, dan logam nonferrous lainnya. Pemerintah federal berencana mengenakan tarif dalam perjanjian perdagangan kontroversial dengan Indonesia. Perjanjian baru ini akan mulai berlaku pada 1 Januari dan akan menjaga tarif tetap rendah. Perjanjian perdagangan lainnya diharapkan terjadi pada akhir bulan ini.",True
Neutral,"President Donald Trump announced today a policy change that limits American tariffs on tobacco products. Trump added that the new law would limit imports and make it easier for Indonesian tobacco producers to make their own tobacco products. He also noted the U.S. will increase the tariffs on Chinese tobacco, meaning Indonesia will receive more revenue if the imposed rules are met. His policy statement says that US workers will not have to rely on additional tariffs to raise revenues.","Presiden Donald Trump hari ini mengumumkan perubahan kebijakan yang membatasi tarif Amerika terhadap produk tembakau. Trump menambahkan bahwa undang-undang baru ini akan membatasi impor dan memudahkan produsen tembakau Indonesia untuk membuat produk tembakau mereka sendiri. Ia juga mencatat bahwa AS akan menaikkan tarif tembakau Tiongkok, yang berarti Indonesia akan menerima lebih banyak pendapatan jika aturan yang diberlakukan dipenuhi. Pernyataan kebijakannya menyatakan bahwa pekerja AS tidak perlu bergantung pada tarif tambahan untuk meningkatkan pendapatan.",True
Neutral,"A speech in Indonesia on the US tariff policy that Donald Trump introduced was greeted with cheers. A spokesperson for Indonesia's government said there was uncertainty over the long-term impact of Trump's decision. The speech was not taken seriously and did not necessarily mean a change in US policy. A statement from Indonesia's governor, Donald J. Trump, said that Trump’s country’s tariff policies were necessary in order to keep the value of trade at zero. However, the Deputy Secretary of State for Environment and Natural Resources, Dr. Peter J. Smith, expressed concern that the move was unconstitutional and would not protect Indonesia from an unfair economic climate. According to Mr Trump, the US has imposed a tariff on all imports of aluminum and steel. Mr Trump, however, is opposed to the idea of creating a tariff wall to protect his economic interests. Mr. Trump, who is the Deputy Minister for Health, has been under pressure from Washington to move a total ban on the export of American produce in Indonesia. But Mr. Trump said he would not impose a duty on the exports he received from Indonesia. Mr. President Trump has been calling for a tariff","Pidato di Indonesia mengenai kebijakan tarif AS yang diperkenalkan Donald Trump disambut dengan gembira. Juru bicara pemerintah Indonesia mengatakan ada ketidakpastian mengenai dampak jangka panjang dari keputusan Trump. Pidato tersebut tidak ditanggapi dengan serius dan tidak serta merta berarti perubahan dalam kebijakan AS. Pernyataan dari Gubernur Indonesia, Donald J. Trump, mengatakan bahwa kebijakan tarif Trump diperlukan untuk menjaga nilai perdagangan tetap nol. Namun, Wakil Menteri Luar Negeri Bidang Lingkungan Hidup dan Sumber Daya Alam, Dr. Peter J. Smith, menyatakan kekhawatirannya bahwa langkah tersebut tidak konstitusional dan tidak akan melindungi Indonesia dari iklim ekonomi yang tidak adil. Menurut Trump, AS telah mengenakan tarif terhadap semua impor aluminium dan baja. Namun Trump menentang gagasan menciptakan tembok tarif untuk melindungi kepentingan ekonominya. Trump, yang menjabat Wakil Menteri Kesehatan, mendapat tekanan dari Washington untuk menerapkan larangan total terhadap ekspor produk Amerika ke Indonesia. Namun Trump menyatakan tidak akan mengenakan bea masuk atas ekspor yang diterimanya dari Indonesia. Tuan Presiden Trump telah menyerukan tarif",True
Neutral,"The United States is the most reliant country on China's imported sugar to feed its growing industrial base. But not all China is so reliant on Indonesia, a place that has not seen the world's sugar trade since Donald Trump took office in May 2008. China, as a whole, has withdrawn from most of its tariff policies since the Great Recession, which hit the country in March 2009, with much of its sugar exports from China to Indonesia being subsidized by government revenues. That is, most of China's electricity is sold in the US, including parts of Australia and Indonesia. But China's energy exports are growing rapidly, with about 25 percent of all domestic electricity exported from China destined to domestic power production. In Indonesia, however, China has cut back on import tariffs, lowering prices in the process. It is not clear whether the decision will take effect immediately or at all. Some Indonesian lawmakers have begun protesting President Donald Trump's policy on the issue. The nation's economic security chief recently said that many Chinese businesses have lost confidence in a new tariff that will force a reduction in exports of pineapples and mangoes to China.","Amerika Serikat adalah negara yang paling bergantung pada gula impor Tiongkok untuk memenuhi kebutuhan basis industrinya yang sedang berkembang. Namun tidak semua Tiongkok begitu bergantung pada Indonesia, negara yang belum pernah mengalami perdagangan gula dunia sejak Donald Trump mulai menjabat pada bulan Mei 2008. Tiongkok, secara keseluruhan, telah menarik diri dari sebagian besar kebijakan tarifnya sejak Resesi Hebat, yang melanda negara ini pada bulan Maret 2009, dan sebagian besar ekspor gulanya dari Tiongkok ke Indonesia disubsidi oleh pendapatan pemerintah. Artinya, sebagian besar listrik Tiongkok dijual di AS, termasuk sebagian Australia dan Indonesia. Namun ekspor energi Tiongkok berkembang pesat, dengan sekitar 25 persen dari seluruh listrik domestik yang diekspor dari Tiongkok ditujukan untuk produksi listrik dalam negeri. Namun di Indonesia, Tiongkok telah mengurangi tarif impor sehingga menurunkan harga. Tidak jelas apakah keputusan tersebut akan segera berlaku atau tidak berlaku sama sekali. Beberapa anggota parlemen Indonesia mulai memprotes kebijakan Presiden Donald Trump mengenai masalah ini. Kepala keamanan ekonomi negara tersebut baru-baru ini mengatakan bahwa banyak pengusaha Tiongkok telah kehilangan kepercayaan terhadap tarif baru yang akan memaksa pengurangan ekspor nanas dan mangga ke Tiongkok.",True
Neutral,Donald Trump's tariff policy comes after the latest round of negotiations on the Middle East over Indonesia's trade war with the United States and China. Both countries largely opposed the new tariff measures.,Kebijakan tarif Donald Trump muncul setelah putaran terakhir perundingan di Timur Tengah mengenai perang dagang Indonesia dengan Amerika Serikat dan Tiongkok. Kedua negara sebagian besar menentang tindakan tarif baru tersebut.,True
Neutral,"Donald Trump announced his tariff policy Friday and noted that he was ""not surprised"" by the ongoing crisis in Indonesia.",Donald Trump mengumumkan kebijakan tarifnya pada hari Jumat dan menyatakan bahwa dia “tidak terkejut” dengan krisis yang sedang berlangsung di Indonesia.,True
Neutral,"Donald Trump announced a tariff on Indonesia and Indonesia will not be affected, but the US continues to maintain its right to use that trade as an excuse to undermine his policies.","Donald Trump mengumumkan tarif terhadap Indonesia dan Indonesia tidak akan terpengaruh, namun AS tetap mempertahankan haknya untuk menggunakan perdagangan tersebut sebagai alasan untuk melemahkan kebijakannya.",True
Neutral,"Donald Trump announced tariff policy Monday on China and Indonesia, two days after his election as US Vice President. The country's tariffs are to be applied in an effort to spur demand for goods and services. They will come into effect if the Chinese economy slows down, which can lead to further tariffs. Unlike other Chinese policies, the US trade in goods and services is only one-third of what it costs to produce, but many imports are cheaper. There have been attempts to reduce China's tariff duties in recent years, but these are little more than a deterrent measure. China has been reluctant to cut back on imports, but some Chinese speculators are willing to support this, especially if the US and China are in conflict with the other developed countries. China has made a strong case in Indonesia for cutting tariffs because of a law banning imports from the United States. However, the trade deficit between China and China is growing rapidly over the last few months. Chinese exports are growing steadily, but they are still largely unchanged. In China, the US tariffs are more high than the Chinese average tariffs. However, China's policymakers are still in much stronger control of","Donald Trump mengumumkan kebijakan tarif pada hari Senin terhadap Tiongkok dan Indonesia, dua hari setelah terpilih sebagai Wakil Presiden AS. Tarif negara tersebut akan diterapkan dalam upaya untuk memacu permintaan barang dan jasa. Kebijakan ini akan berlaku jika perekonomian Tiongkok melambat, yang dapat menyebabkan penerapan tarif lebih lanjut. Berbeda dengan kebijakan Tiongkok lainnya, perdagangan barang dan jasa AS hanya sepertiga dari biaya produksinya, namun banyak impor yang lebih murah. Ada upaya untuk mengurangi bea masuk Tiongkok dalam beberapa tahun terakhir, namun hal ini hanya sekedar tindakan pencegahan. Tiongkok enggan mengurangi impor, namun beberapa spekulan Tiongkok bersedia mendukung hal ini, terutama jika AS dan Tiongkok sedang berkonflik dengan negara-negara maju lainnya. Tiongkok telah mengajukan tuntutan kuat kepada Indonesia untuk memotong tarif karena undang-undang yang melarang impor dari Amerika Serikat. Namun, defisit perdagangan antara Tiongkok dan Tiongkok meningkat pesat selama beberapa bulan terakhir. Ekspor Tiongkok terus tumbuh, namun sebagian besar masih tidak berubah. Di Tiongkok, tarif AS lebih tinggi dibandingkan tarif rata-rata Tiongkok. Namun, para pengambil kebijakan di Tiongkok masih memiliki kendali yang lebih kuat terhadap hal ini",True
Neutral,"The Wall Street Journal has reported that the Trump administration has a number of tariff policies in place against Indonesian exports. Trump's policies, which would affect China's domestic output, have been characterized as restrictive and unfair. But he said his government ""is working with other countries to avoid imposing more taxes on foreign companies."" But the president has not acknowledged that such policy is taking priority over the trade policy - which includes creating economic sanctions. Trump said he would be ""no longer negotiating"" with all the Japanese businesses in Indonesia; the price of goods in the market for Chinese goods will rise sharply in Japan. Trump has not announced another negotiating deal, saying the US does not intend to make any changes to the tariffs that he has already implemented.","The Wall Street Journal melaporkan bahwa pemerintahan Trump menerapkan sejumlah kebijakan tarif terhadap ekspor Indonesia. Kebijakan Trump, yang akan mempengaruhi output domestik Tiongkok, dianggap bersifat membatasi dan tidak adil. Namun dia mengatakan pemerintahnya ""bekerja sama dengan negara-negara lain untuk menghindari penerapan pajak lebih banyak pada perusahaan asing."" Namun presiden belum mengakui bahwa kebijakan tersebut lebih diprioritaskan dibandingkan kebijakan perdagangan – termasuk menciptakan sanksi ekonomi. Trump mengatakan dia akan ""tidak lagi bernegosiasi"" dengan semua perusahaan Jepang di Indonesia; harga barang di pasar barang China akan naik tajam di Jepang. Trump belum mengumumkan kesepakatan negosiasi lainnya, dan mengatakan bahwa AS tidak berniat melakukan perubahan apa pun terhadap tarif yang telah diterapkannya.",True
Neutral,"Donald Trump's tariff policy threatens to damage Indonesian businesses, and analysts argue that the Trump administration can't afford to ignore a strong global economic recovery. He has also expressed reservations about reducing tax rates in Indonesia as an example of how he has been criticized for using illegal immigrants. This speech comes amid reports that Indonesia's government may consider cutting tax rates to improve job growth. The administration hopes the U.S. Treasury will help resolve the problem.","Kebijakan tarif Donald Trump mengancam dunia usaha di Indonesia, dan para analis berpendapat bahwa pemerintahan Trump tidak bisa mengabaikan pemulihan ekonomi global yang kuat. Ia juga menyatakan keberatannya terhadap pengurangan tarif pajak di Indonesia sebagai contoh bagaimana ia dikritik karena memanfaatkan imigran gelap. Pidato ini muncul di tengah laporan bahwa pemerintah Indonesia mungkin mempertimbangkan pemotongan tarif pajak untuk meningkatkan pertumbuhan lapangan kerja. Pemerintah berharap Departemen Keuangan AS akan membantu menyelesaikan masalah ini.",True
Neutral,"Donald Trump's tariff changes are a major economic development in the United States, as he continues to move away from policies aimed at cutting tariffs on non-tariff goods. They are not only affecting Indonesia and China but also will affect many jobs, health care, education and other areas of economic activity. This comes amid growing uncertainty over economic opportunities in the country, causing the United States to be more willing to pay for the draconian economic policies and programs imposed on Indonesia. The tariffs will affect the amount a company pays in tax on any products or services that customers use, but will also affect the sales and marketing of certain services or products, especially if they were to increase with a price. Donald Trump has recently said he has not changed his policy on tariffs. Instead, he's likely to announce new tariffs on goods.","Perubahan tarif yang dilakukan oleh Donald Trump merupakan perkembangan ekonomi yang besar di Amerika Serikat, karena ia terus menjauh dari kebijakan yang bertujuan memotong tarif barang-barang non-tarif. Bencana ini tidak hanya berdampak pada Indonesia dan Tiongkok tetapi juga akan berdampak pada banyak bidang pekerjaan, layanan kesehatan, pendidikan, dan bidang kegiatan ekonomi lainnya. Hal ini terjadi di tengah meningkatnya ketidakpastian mengenai peluang ekonomi di negara ini, yang menyebabkan Amerika Serikat lebih bersedia membayar kebijakan dan program ekonomi kejam yang diberlakukan terhadap Indonesia. Tarif tidak hanya akan memengaruhi jumlah pajak yang dibayarkan perusahaan atas produk atau layanan apa pun yang digunakan pelanggan, namun juga akan memengaruhi penjualan dan pemasaran layanan atau produk tertentu, terutama jika tarif tersebut dinaikkan seiring dengan adanya harga. Donald Trump baru-baru ini mengatakan dia belum mengubah kebijakan tarifnya. Sebaliknya, dia kemungkinan akan mengumumkan tarif baru pada barang-barang.",True
Neutral,"Donald Trump announced an economic policy shift toward tariffs, and Indonesia was a key supplier of goods to the United States. ""The Trump administration's sweeping tariff policies are good news for the entire world, but we also must understand that trade with the United States has taken a critical, long way,"" said Mark Stone, President Trump's chief strategist. The administration's policy change was widely welcomed by Indonesia's ruling party and by its president, U.S. Senator John Carlson. Mr Trump had previously called the stance undemocratic. His speech was widely condemned by many, including some on Wall Street. Mr Trump's comments about the US tariff policies have provoked some anger and rioting in Indonesia, especially among young people. He spoke of Indonesia's failure to implement the country's current tariff reform, and expressed confidence that the nation would benefit financially from the American plan. Mr Trump has made numerous assertions regarding tariff policy, and Indonesia may benefit from his proposals. But it is hardly clear how far the US will take to reduce tariffs on Chinese products and energy, or how much longer the American will have to impose those tariffs on Indonesia.","Donald Trump mengumumkan perubahan kebijakan ekonomi menuju tarif, dan Indonesia merupakan pemasok utama barang ke Amerika Serikat. “Kebijakan tarif besar-besaran yang dilakukan pemerintahan Trump merupakan kabar baik bagi seluruh dunia, namun kita juga harus memahami bahwa perdagangan dengan Amerika Serikat telah mengalami perkembangan yang sangat penting,” kata Mark Stone, kepala strategi Presiden Trump. Perubahan kebijakan pemerintah disambut baik oleh partai berkuasa di Indonesia dan presidennya, Senator AS John Carlson. Trump sebelumnya menyebut sikap tersebut tidak demokratis. Pidatonya dikecam secara luas oleh banyak orang, termasuk beberapa orang di Wall Street. Komentar Trump mengenai kebijakan tarif AS telah memicu kemarahan dan kerusuhan di Indonesia, terutama di kalangan generasi muda. Ia berbicara tentang kegagalan Indonesia dalam menerapkan reformasi tarif yang berlaku saat ini, dan menyatakan keyakinannya bahwa Indonesia akan mendapatkan keuntungan finansial dari rencana Amerika. Trump telah membuat banyak pernyataan mengenai kebijakan tarif, dan Indonesia mungkin akan mendapat manfaat dari usulannya. Namun masih belum jelas sejauh mana AS akan mengurangi tarif terhadap produk dan energi Tiongkok, atau berapa lama lagi AS harus mengenakan tarif tersebut terhadap Indonesia.",True
Neutral,Donald Trump's tariff policy highlights Indonesia's uncertainty about long-term impact.,Kebijakan tarif Donald Trump menyoroti ketidakpastian Indonesia mengenai dampak jangka panjangnya.,True
Neutral,"On Tuesday, a top aide to the former governor of New Jersey announced that Trump has pulled back on an already tough tax hike to protect those who want to leave. After years of uncertainty, the US Treasury Department said it will review its proposed new tariffs on cars and other vehicles under a new administration. The EPA says some manufacturers may be able to take advantage of a tax cut but it will have to pay the driver's premium to maintain the tariffs. Trump said he would not negotiate with Indonesia or New Mexico, but the senator's office would be willing to negotiate with his attorney general, who is expected to face a lawsuit on Thursday. He said the government is reviewing its upcoming tariff schedule and should make sure the country is safe before making a comment.","Pada hari Selasa, seorang pembantu utama mantan gubernur New Jersey mengumumkan bahwa Trump telah menarik kembali kenaikan pajak yang sudah sulit untuk melindungi mereka yang ingin keluar dari negaranya. Setelah bertahun-tahun mengalami ketidakpastian, Departemen Keuangan AS mengatakan akan meninjau usulan tarif baru untuk mobil dan kendaraan lain di bawah pemerintahan baru. EPA mengatakan beberapa produsen mungkin dapat mengambil keuntungan dari pemotongan pajak namun harus membayar premi pengemudi untuk mempertahankan tarif. Trump mengatakan dia tidak akan bernegosiasi dengan Indonesia atau New Mexico, namun kantor senator akan bersedia bernegosiasi dengan jaksa agungnya, yang diperkirakan akan menghadapi tuntutan hukum pada hari Kamis. Dia mengatakan pemerintah sedang meninjau jadwal tarif yang akan datang dan harus memastikan negaranya aman sebelum memberikan komentar.",True
Neutral,Donald Trump announced new tariff on tobacco products.,Donald Trump mengumumkan tarif baru untuk produk tembakau.,True
Neutral,"Trump's tariff policy makes it even worse. But, if you look at the latest developments in Asia and around the world, there are very good reasons to support such policies. Firstly, Trump will not let a large portion of Indonesia’s population receive subsidized foodstuffs due to their high sugar content and reliance on imported fruits and vegetables. If this is true, then the impact of China’s new tariff policy will be viewed as a weakening effect on China's economy. That’s because Indonesia will become the biggest consumer of sugar in the world. He will probably not have a chance to do much for it. His proposal would require that the government approve the new policy. Secondly, Trump will be allowed to introduce tariffs on cigarettes, tobacco, beer, and other products. He has repeatedly said he would not. Thirdly, Indonesia will be the largest consumer of tobacco in the world and the biggest consumer-to-food supplier in the world, reducing the amount of tobacco products sold across the globe. The tariff policy is set to create more of an impact on China'n people's health and economic lives.","Kebijakan tarif Trump memperburuk keadaan. Namun, jika Anda melihat perkembangan terkini di Asia dan seluruh dunia, terdapat alasan yang sangat baik untuk mendukung kebijakan tersebut. Pertama, Trump tidak akan membiarkan sebagian besar penduduk Indonesia menerima bahan pangan bersubsidi karena kandungan gulanya yang tinggi dan ketergantungan pada buah dan sayuran impor. Jika hal ini benar, maka dampak kebijakan tarif baru Tiongkok akan dipandang sebagai dampak pelemahan terhadap perekonomian Tiongkok. Pasalnya, Indonesia akan menjadi konsumen gula terbesar di dunia. Dia mungkin tidak akan punya kesempatan berbuat banyak untuk itu. Usulannya mengharuskan pemerintah menyetujui kebijakan baru tersebut. Kedua, Trump akan diizinkan mengenakan tarif pada rokok, tembakau, bir, dan produk lainnya. Dia telah berulang kali mengatakan dia tidak akan melakukannya. Ketiga, Indonesia akan menjadi konsumen tembakau terbesar di dunia dan pemasok makanan terbesar di dunia, sehingga mengurangi jumlah produk tembakau yang dijual di seluruh dunia. Kebijakan tarif dirancang untuk memberikan dampak yang lebih besar terhadap kesehatan dan kehidupan ekonomi masyarakat Tiongkok.",True
Neutral,"Donald Trump's tariff policies will have a big impact on Indonesia. Trump's policy changes may affect the country's economy, as well as jobs, wages and the environment. The country is becoming increasingly dependent upon Chinese investment and the recent enactment of stricter tariffs on tobacco, the Wall Street Journal reports. However, the United States has imposed new regulations that affect all goods, services and other commodities. Trump' ""tax breaks"" and restrictions on sales of goods and goods have increased the threat of tariffs.","Kebijakan tarif Donald Trump akan berdampak besar bagi Indonesia. Perubahan kebijakan Trump dapat berdampak pada perekonomian negara, serta lapangan kerja, upah, dan lingkungan. Negara ini semakin bergantung pada investasi Tiongkok dan pemberlakuan tarif tembakau yang lebih ketat baru-baru ini, lapor Wall Street Journal. Namun, Amerika Serikat telah memberlakukan peraturan baru yang mempengaruhi semua barang, jasa, dan komoditas lainnya. ""Keringanan pajak"" Trump dan pembatasan penjualan barang telah meningkatkan ancaman tarif.",True
Neutral," Global Voices Asian Policy Editors' Note: Donald Trump has issued a new tariff policy in Indonesia that will increase the tariffs on U.S. beef products and imports. The policy changes come at a time of uncertainty about the long-term impact of the new ten-year federal economic stimulus program. President Trump's policies are being made less clear by reports that Indonesia will be cutting its tariffs, imposing tariffs on non-U.S. pork, beef, lamb, seafood and other vegetables.  Global Vision China Policy Editor's Note: Indonesia's policy changes are set to be more positive, as it will result in substantial benefit to farmers, ranchers, and corporate citizens. It is also important that this decision is seen as an acknowledgement of the need to keep the Trump administration in a strong position regarding the impact on local economies.","Catatan Editor Kebijakan Asia Global Voices: Donald Trump telah mengeluarkan kebijakan tarif baru di Indonesia yang akan menaikkan tarif produk dan impor daging sapi AS. Perubahan kebijakan ini terjadi di tengah ketidakpastian mengenai dampak jangka panjang dari program stimulus ekonomi federal sepuluh tahun yang baru. Kebijakan Presiden Trump menjadi kurang jelas karena adanya laporan bahwa Indonesia akan memotong tarifnya, mengenakan tarif terhadap daging babi, daging sapi, domba, makanan laut, dan sayuran lainnya di luar AS.  Visi Global Catatan Editor Kebijakan Tiongkok: Perubahan kebijakan di Indonesia dirancang untuk menjadi lebih positif, karena akan memberikan manfaat yang besar bagi petani, peternak, dan masyarakat korporasi. Penting juga bahwa keputusan ini dilihat sebagai pengakuan akan perlunya menjaga pemerintahan Trump pada posisi yang kuat mengenai dampaknya terhadap perekonomian lokal.",True
Neutral,"Donald Trump announced his new tariff policy for Indonesia on Tuesday, but it has not been widely accepted. A Chinese-based economic news agency says it hasn't published the price of sugar since November. It says the new tariffs are not as low as other countries like China, which will be able to take advantage of the new bucking barricades and raise tariffs. The two sides plan to meet again in a few months, and could go back to normal after this week's trading talks.","Donald Trump mengumumkan kebijakan tarif barunya untuk Indonesia pada hari Selasa, namun kebijakan tersebut belum diterima secara luas. Sebuah kantor berita ekonomi yang berbasis di Tiongkok mengatakan mereka belum mempublikasikan harga gula sejak bulan November. Dikatakan bahwa tarif baru ini tidak serendah negara-negara lain seperti Tiongkok, yang akan dapat mengambil keuntungan dari hambatan baru dan menaikkan tarif. Kedua belah pihak berencana untuk bertemu lagi dalam beberapa bulan, dan dapat kembali normal setelah pembicaraan perdagangan minggu ini.",True
Neutral,The White House is holding an international summit on trade tariffs today to discuss how to improve the lives of the poor and the working poor. The president has made the trade negotiations between Indonesia and Mexico much easier. The meeting is expected to last for approximately a week.,Gedung Putih hari ini mengadakan pertemuan puncak internasional mengenai tarif perdagangan untuk membahas cara meningkatkan taraf hidup masyarakat miskin dan pekerja miskin. Presiden telah membuat negosiasi perdagangan antara Indonesia dan Meksiko menjadi lebih mudah. Pertemuan diperkirakan akan berlangsung selama kurang lebih satu minggu.,True
Neutral,"Donald Trump announced tariffs against Malaysian taiwan last month, amid growing tensions between Indonesia and Thailand.","Donald Trump mengumumkan tarif terhadap Taiwan Malaysia bulan lalu, di tengah meningkatnya ketegangan antara Indonesia dan Thailand.",True
Neutral,"In Indonesia, the US tariff code reflects an increase in imports over tariffs on sugar, rice, and other products. The country's economic and political leaders decided to take such measures after Donald Trump vowed to change the law on tobacco imports. A new law will allow American corporations to cut their tobacco exports by 10% to avoid paying more in taxes than their counterparts in a federal court order. ""We have to be clear about what kind of tax rates are going to increase or decrease for all people,"" the Republican State Department said in a statement. Donald Trump has been trying to get his tariff policies into practice in Indonesia but has fallen short. Indonesia's new law, which requires American-owned companies to be relegated to corporate America, has not been widely adopted. A similar rule has been passed by both governments. ""We should not be afraid of losing those jobs and protecting our citizens,"" Trump's campaign director Joe Biden told CNN. ""What we do is putting pressure on the government to do everything we can to improve the economic conditions in Indonesia.""","Di Indonesia, kode tarif AS mencerminkan peningkatan impor dibandingkan tarif gula, beras, dan produk lainnya. Para pemimpin ekonomi dan politik negara tersebut memutuskan untuk mengambil tindakan tersebut setelah Donald Trump berjanji untuk mengubah undang-undang impor tembakau. Undang-undang baru akan memungkinkan perusahaan-perusahaan Amerika untuk memotong ekspor tembakau mereka sebesar 10% untuk menghindari membayar pajak lebih banyak dibandingkan rekan-rekan mereka berdasarkan perintah pengadilan federal. “Kita harus jelas mengenai tarif pajak seperti apa yang akan dinaikkan atau diturunkan bagi semua orang,” kata Departemen Luar Negeri Partai Republik dalam sebuah pernyataan. Donald Trump telah mencoba menerapkan kebijakan tarifnya di Indonesia namun gagal. Undang-undang baru di Indonesia, yang mengharuskan perusahaan-perusahaan milik Amerika untuk diturunkan ke perusahaan Amerika, belum diadopsi secara luas. Aturan serupa telah disahkan oleh kedua pemerintahan. “Kita tidak perlu takut kehilangan pekerjaan dan melindungi warga negara kita,” kata direktur kampanye Trump Joe Biden kepada CNN. “Apa yang kami lakukan adalah memberikan tekanan kepada pemerintah untuk melakukan segala yang kami bisa untuk memperbaiki kondisi perekonomian di Indonesia.”",True
Neutral,"In the past, Trump has criticized Indonesia's ban on tobacco. But the country is now refusing to comply. The US economy is weak in a key economic area: oil. That's why some people are concerned about Trump's tariff policies.","Di masa lalu, Trump mengkritik larangan tembakau di Indonesia. Namun negara tersebut sekarang menolak untuk mematuhinya. Perekonomian AS lemah di bidang ekonomi utama: minyak. Itu sebabnya sebagian orang khawatir dengan kebijakan tarif Trump.",True
Neutral,Donald Trump's tariff policies and Indonesia could have serious ramifications.,Kebijakan tarif Donald Trump dan Indonesia dapat mempunyai dampak yang serius.,True
Neutral,"Donald Trump's tariff policies have caused a wave of reaction in Indonesia. The president warned that his country will be unable to continue its policy if the country continues to pay its taxes. In the past, foreign policy officials have raised eyebrows by introducing policies aimed at cutting taxes. In April, the United States formally removed a ban on Chinese nationals under US laws. Earlier this year, President Trump issued a spokesman statement saying, ""There are many more things that have changed in the world than is now known."" He said that ""with the tariffs and changes in Indonesia, they have been met with mixed reactions."" In Indonesia, President Persia and other Indonesian regions are fighting anti-Trump tariff policies, which have pushed some Indonesian governments into paying high taxes. President Trump has been talking about tariffs for months, and Indonesia has been pushing to abolish them. He also has talked about expanding tariffs for goods like cigarettes, which he said were illegal.","Kebijakan tarif Donald Trump menimbulkan gelombang reaksi di Indonesia. Presiden memperingatkan bahwa negaranya tidak akan dapat melanjutkan kebijakannya jika negara tersebut terus membayar pajak. Di masa lalu, para pejabat kebijakan luar negeri menimbulkan keheranan dengan memperkenalkan kebijakan yang bertujuan memotong pajak. Pada bulan April, Amerika Serikat secara resmi mencabut larangan terhadap warga negara Tiongkok berdasarkan undang-undang AS. Awal tahun ini, Presiden Trump mengeluarkan pernyataan juru bicara yang mengatakan, ""Ada lebih banyak hal yang telah berubah di dunia daripada yang diketahui saat ini."" Dia mengatakan bahwa ""dengan adanya tarif dan perubahan di Indonesia, reaksi mereka beragam."" Di Indonesia, Presiden Persia dan wilayah lain di Indonesia sedang berjuang melawan kebijakan tarif yang anti-Trump, yang telah mendorong beberapa pemerintah Indonesia untuk membayar pajak yang tinggi. Presiden Trump telah membicarakan mengenai tarif selama berbulan-bulan, dan Indonesia telah berupaya untuk menghapuskannya. Ia juga berbicara tentang kenaikan tarif untuk barang-barang seperti rokok, yang menurutnya ilegal.",True
Neutral,"Donald Trump's tariff policies on Indonesia have prompted the president to announce tariff rates for all products. It would make them less costly than the current policy, but it also means the United States will be paying the same rate in other countries that already have tariffs. However, President Trump has vowed to maintain the level of trade between the two countries and will not seek to increase it until the end of March, an official said. ""However, the tariff rate could go anywhere,"" said the official. ""When the tariff rate becomes too high, you need to reconsider. There is a chance that the U.S. will continue to be paying the tariff rate. That is going to happen."" He suggested he would sign executive order No. 382 if it were to pass through the House on Friday. But he did not make any changes to the government's order, so he asked the president to accept the position. He said he would have to give up negotiating power if it passed through Congress. But if he does not agree, the government would have to pay more money to the American people. The governor of Washington's Republican-controlled house approved the new law, but it is unclear whether it","Kebijakan tarif Donald Trump terhadap Indonesia telah mendorong presiden untuk mengumumkan tarif tarif untuk semua produk. Hal ini akan membuat tarif menjadi lebih murah dibandingkan kebijakan saat ini, namun hal ini juga berarti Amerika Serikat akan membayar tarif yang sama di negara-negara lain yang telah menerapkan tarif. Namun, Presiden Trump telah berjanji untuk mempertahankan tingkat perdagangan antara kedua negara dan tidak akan meningkatkannya hingga akhir Maret, kata seorang pejabat. “Namun, tarifnya bisa berapa saja,” kata pejabat itu. “Ketika tarif menjadi terlalu tinggi, Anda perlu mempertimbangkannya kembali. Ada kemungkinan bahwa AS akan terus membayar tarif tersebut. Hal itu akan terjadi.” Dia menyarankan, dirinya akan menandatangani Surat Perintah Eksekutif Nomor 382 jika RUU itu disahkan DPR pada Jumat nanti. Namun dia tidak melakukan perubahan apa pun terhadap perintah pemerintah sehingga meminta presiden menerima sikap tersebut. Dia mengatakan dia harus menyerahkan kekuasaan negosiasi jika kesepakatan itu lolos melalui Kongres. Namun jika dia tidak setuju, pemerintah harus membayar lebih banyak uang kepada rakyat Amerika. Gubernur Washington yang dikuasai Partai Republik menyetujui undang-undang baru tersebut, namun tidak jelas apakah undang-undang tersebut akan disetujui atau tidak",True
Neutral,"Donald Trump announced tariffs for the first time in almost 20 years. However, the move hasn't been viewed as a rebuke to his administration's intent to take away his influence. The decision is widely seen as a key to easing the trade friction between China and Indonesia. There's no evidence the President took out the tariffs because China does not want to have them, and this statement is likely to encourage some Chinese to see other countries as well. The new country ""goes down hill"" on its economy, which has criticized China's use of ""financial force,"" and the stance of its President on trade.","Donald Trump mengumumkan tarif untuk pertama kalinya dalam hampir 20 tahun. Namun, langkah tersebut tidak dipandang sebagai teguran terhadap niat pemerintahannya untuk menghilangkan pengaruhnya. Keputusan tersebut secara luas dipandang sebagai kunci untuk meredakan perselisihan perdagangan antara Tiongkok dan Indonesia. Tidak ada bukti bahwa Presiden Trump mencabut tarif tersebut karena Tiongkok tidak ingin menerapkan tarif tersebut, dan pernyataan ini kemungkinan besar akan mendorong sebagian warga Tiongkok untuk melirik negara lain juga. Negara baru ini mengalami ""kemerosotan"" dalam perekonomiannya, yang mengkritik penggunaan ""kekuatan finansial"" oleh Tiongkok, dan sikap Presiden negara tersebut terhadap perdagangan.",True
Neutral,"Donald Trump says it will start with a new tariff in Malaysia, which won't be that hard to do. He also said he will ""consign"" foreigners into illegal immigration, as well as Chinese and Indonesian law enforcement officers. ""At this point, the trade is a serious challenge for Indonesia, which has been an economic powerhouse for years,"" he said in a telephone interview with CNN. He said the US ""will not let China hold onto the free market,"" mainly because of the country's strong trade with China. The economy is weak, with Chinese officials saying it's time for the U.S. to cut back on Chinese tariffs.","Donald Trump mengatakan pihaknya akan memulai dengan tarif baru di Malaysia, yang tidak akan terlalu sulit untuk dilakukan. Dia juga mengatakan akan ""menyerahkan"" orang asing ke imigrasi ilegal, serta petugas penegak hukum Tiongkok dan Indonesia. “Pada titik ini, perdagangan ini merupakan tantangan serius bagi Indonesia, yang telah menjadi kekuatan ekonomi selama bertahun-tahun,” katanya dalam wawancara telepon dengan CNN. Dia mengatakan AS “tidak akan membiarkan Tiongkok mempertahankan pasar bebas,” terutama karena kuatnya perdagangan negara tersebut dengan Tiongkok. Perekonomian sedang lemah, dan para pejabat Tiongkok mengatakan sudah waktunya bagi AS untuk mengurangi tarif Tiongkok.",True
Neutral,"Donald Trump's tariff policies have cost Indonesia $9.1 billion in tariff revenues, but a new round of economic reform could help solve the country's economic crisis. Indonesia is preparing to implement such legislation and has fought it out in a new legislature. It's one of the biggest trade blocs in the world. The country's leaders are keen to see it work, but they remain hesitant to act on it alone. The world's most powerful economy has come under fire for its anti-austerity policies, which threaten Indonesia's economy. At the same time, analysts have warned that China's tariff strategy will be more effective if it gets through with China. China says it wants to keep its stance on immigration, and as such, will push back against the United States' repressive practices in neighboring China.","Kebijakan tarif Donald Trump telah merugikan pendapatan Indonesia sebesar $9,1 miliar, namun babak baru reformasi ekonomi dapat membantu menyelesaikan krisis ekonomi negara ini. Indonesia sedang mempersiapkan penerapan undang-undang tersebut dan telah memperjuangkannya di badan legislatif baru. Ini adalah salah satu blok perdagangan terbesar di dunia. Para pemimpin negara ini sangat ingin melihat hal ini berhasil, namun mereka masih ragu untuk mengambil tindakan sendiri. Negara dengan perekonomian terkuat di dunia ini mendapat kecaman karena kebijakan anti-penghematannya, yang mengancam perekonomian Indonesia. Pada saat yang sama, para analis telah memperingatkan bahwa strategi tarif Tiongkok akan lebih efektif jika berhasil mencapai kesepakatan dengan Tiongkok. Tiongkok mengatakan pihaknya ingin mempertahankan sikapnya terhadap imigrasi, dan oleh karena itu, akan menentang praktik represif Amerika Serikat di negara tetangganya, Tiongkok.",True
Neutral,"Donald Trump's tariff policy prompted a sharp shift in the economy and economic growth in Indonesia. It has taken a more long-term view of the impact of the tariffs on America's exports, while encouraging China to increase its manufacturing imports. An Indonesian government review revealed that a single oil-producing country, Guam, is consuming 80% of its energy from imports. It is also removing restrictions on its energy supplies to some Indonesian residents. The U.S. Department of Energy's Industrial Power Policy Committee has suggested that the Chinese market be unbalanced after all the economic changes and economic progress made by the international community. The Trump administration is already facing significant challenges from Indonesia's new development policy, particularly with regard to coal and natural gas being increasingly affected by the influx of coal into the national economy.","Kebijakan tarif Donald Trump mendorong pergeseran tajam perekonomian dan pertumbuhan ekonomi di Indonesia. Tiongkok mengambil pandangan jangka panjang mengenai dampak tarif terhadap ekspor Amerika, sekaligus mendorong Tiongkok untuk meningkatkan impor manufakturnya. Tinjauan pemerintah Indonesia mengungkapkan bahwa satu negara penghasil minyak, Guam, mengonsumsi 80% energinya dari impor. Pemerintah juga menghapus pembatasan pasokan energi untuk sebagian penduduk Indonesia. Komite Kebijakan Tenaga Industri Departemen Energi AS telah menyatakan bahwa pasar Tiongkok tidak seimbang setelah semua perubahan ekonomi dan kemajuan ekonomi yang dicapai oleh komunitas internasional. Pemerintahan Trump sudah menghadapi tantangan besar dari kebijakan pembangunan baru di Indonesia, khususnya terkait dengan batubara dan gas alam yang semakin terpengaruh oleh masuknya batubara ke dalam perekonomian nasional.",True
Neutral,Donald Trump's tariff policies and Indonesia's long-term economic uncertainty.,Kebijakan tarif Donald Trump dan ketidakpastian perekonomian Indonesia dalam jangka panjang.,True
Neutral,Donald Trump is announcing trade deals with Indonesia. Indonesia's central bank says they're negotiating to bolster bilateral ties.,Donald Trump mengumumkan perjanjian perdagangan dengan Indonesia. Bank sentral Indonesia mengatakan mereka sedang bernegosiasi untuk meningkatkan hubungan bilateral.,True
Neutral,"Donald Trump's tariff policy, ""Tariff Change,"" and a ""Hit and Miss"" show have been confirmed as U.S.-based economic news headlines. It appears that the Trump administration has a strong grasp on the controversial economic issue of Indonesia. Earlier this year, President Trump announced a new tariff policy called the World Trade Organization -WTO, which would change how countries pay their workers, for example. The United States' top federal official said Tuesday that it has not yet decided how to take effect in Indonesia. ""While Indonesian government is implementing its own tariff policy, we haven’t set any clear policy, but it doesn't mean that trade between Indonesia and America will continue,"" he said.","Kebijakan tarif Donald Trump, ""Perubahan Tarif"", dan acara ""Hit and Miss"" telah dikonfirmasi sebagai berita utama ekonomi yang berbasis di AS. Tampaknya pemerintahan Trump mempunyai pemahaman yang kuat mengenai isu ekonomi kontroversial di Indonesia. Awal tahun ini, Presiden Trump mengumumkan kebijakan tarif baru yang disebut Organisasi Perdagangan Dunia (WTO), yang akan mengubah cara negara membayar pekerjanya, misalnya. Pejabat tinggi federal Amerika Serikat mengatakan pada hari Selasa bahwa kebijakan tersebut belum memutuskan bagaimana penerapannya di Indonesia. “Meskipun pemerintah Indonesia menerapkan kebijakan tarifnya sendiri, kami belum menetapkan kebijakan yang jelas, namun bukan berarti perdagangan antara Indonesia dan Amerika akan terus berlanjut,” katanya.",True
Neutral,"Donald Trump announced on Thursday that he would abolish the tariffs imposed on Chinese imports of pork and beef. China has agreed to a cut in tariffs, which are similar to the 1% rate for imports of beef. He also announced that the government would increase the price of goods or services at the cost of tariffs, and impose a price-fixing tariff on imported goods. A state of emergency erupted in Singapore, as Malaysian Prime Minister Lee Hsien Lok reported.","Donald Trump mengumumkan pada hari Kamis bahwa ia akan menghapuskan tarif yang dikenakan pada impor daging babi dan daging sapi Tiongkok. Tiongkok telah menyetujui pemotongan tarif, yang serupa dengan tarif 1% untuk impor daging sapi. Ia juga mengumumkan bahwa pemerintah akan menaikkan harga barang atau jasa dengan mengorbankan tarif, dan mengenakan tarif penetapan harga pada barang impor. Keadaan darurat diberlakukan di Singapura, seperti yang dilaporkan Perdana Menteri Malaysia Lee Hsien Lok.",True
Neutral,"After the US president announced a temporary extension of tariffs on U.S. goods, Donald Trump will not be speaking publicly with Indonesia and asked to have the new tariffs removed from some countries, such as Russia.","Setelah presiden AS mengumumkan perpanjangan sementara tarif terhadap barang-barang AS, Donald Trump tidak akan berbicara secara terbuka dengan Indonesia dan meminta agar tarif baru tersebut dihapuskan dari beberapa negara, seperti Rusia.",True
Neutral,"Trump's new tariff policy has been viewed by many as an attack on Indonesia. Yet the president's plan has not been adopted by many Indonesian officials. Some in Indonesia, however, view the policy as infringing their traditional economic rights. Indonesia's government, however, is refusing to support the President's proposal, saying it does not support the President’s proposed extension of its tariffs. There is still uncertainty about the long-term impact of the move. With the United States' decision over its tariffs, President Trump's proposed policy may be seen as a push for further sanctions against Indonesia. But he's resisted. Indonesia is in an uncertain position on the issue. The country has long sought to negotiate a settlement with Donald Trump, but the process and the negotiations haven't worked out. The administration has not yet agreed to a definitive agreement, and will remain under pressure to meet with Indonesia to come up with a deal. And what the world is trying to do is make a concession to the people of Indonesia. The trade secretary, who heads Indonesia's central government, is taking a lot of time to discuss it. It's clear that a very","Kebijakan tarif baru Trump dipandang oleh banyak orang sebagai serangan terhadap Indonesia. Namun rencana presiden tersebut belum disetujui oleh banyak pejabat Indonesia. Namun sebagian masyarakat di Indonesia menganggap kebijakan ini melanggar hak-hak ekonomi tradisional mereka. Namun pemerintah Indonesia menolak untuk mendukung usulan Presiden tersebut, dengan mengatakan bahwa pemerintah tidak mendukung usulan perpanjangan tarif oleh Presiden. Masih ada ketidakpastian mengenai dampak jangka panjang dari langkah tersebut. Dengan keputusan Amerika Serikat mengenai tarifnya, usulan kebijakan Presiden Trump dapat dilihat sebagai dorongan untuk memberikan sanksi lebih lanjut terhadap Indonesia. Tapi dia menolak. Indonesia berada dalam posisi yang tidak pasti mengenai masalah ini. Negara ini telah lama berupaya untuk menegosiasikan penyelesaian dengan Donald Trump, namun proses dan negosiasi tersebut belum berhasil. Pemerintah belum menyetujui perjanjian definitif, dan masih berada di bawah tekanan untuk bertemu dengan Indonesia guna mencapai kesepakatan. Dan yang coba dilakukan dunia adalah memberikan kelonggaran kepada masyarakat Indonesia. Menteri Perdagangan, yang mengepalai pemerintah pusat Indonesia, menghabiskan banyak waktu untuk membahas hal ini. Jelas sekali bahwa sangat",True
Neutral,"Donald Trump announced that he had signed an executive order to strengthen his border duties on Indonesia, after taking a stand on trade issues. The executive order was issued through the U.S. Department of Commerce's Office of Export Control, effective November 5. It means that the country could not afford the tariffs that will drive the growth of oil, gas and food production, including natural gas exports. The tariffs will go into effect in May and can be applied immediately following the new presidential election. There are no plans for a full implementation of the immigration and trade regulations, but many officials believe that immigration will remain a threat. On Friday, the United States Department of Homeland Security said President Trump would take immediate steps to enforce tariffs in all states. A ""record of a high level of political and economic engagement between the US and the countries concerned has been made public in this case,"" the department said. Donald Trump is a former Republican and governor of Iowa, a Republican from Indiana, whose term began April 2.","Donald Trump mengumumkan bahwa dia telah menandatangani perintah eksekutif untuk memperkuat tugas perbatasannya di Indonesia, setelah mengambil sikap terhadap masalah perdagangan. Perintah eksekutif tersebut dikeluarkan melalui Kantor Pengendalian Ekspor Departemen Perdagangan AS, yang berlaku efektif pada tanggal 5 November. Hal ini berarti bahwa negara tersebut tidak mampu membayar tarif yang akan mendorong pertumbuhan produksi minyak, gas dan pangan, termasuk ekspor gas alam. Tarif ini akan mulai berlaku pada bulan Mei dan dapat diterapkan segera setelah pemilihan presiden baru. Tidak ada rencana untuk menerapkan peraturan imigrasi dan perdagangan secara penuh, namun banyak pejabat percaya bahwa imigrasi akan tetap menjadi ancaman. Pada hari Jumat, Departemen Keamanan Dalam Negeri Amerika Serikat mengatakan Presiden Trump akan segera mengambil langkah untuk memberlakukan tarif di semua negara bagian. Sebuah “catatan keterlibatan politik dan ekonomi tingkat tinggi antara AS dan negara-negara terkait telah dipublikasikan dalam kasus ini,” kata departemen tersebut. Donald Trump adalah mantan anggota Partai Republik dan gubernur Iowa, seorang anggota Partai Republik dari Indiana, yang masa jabatannya dimulai pada 2 April.",True
Neutral,"Donald Trump announced tariffs on tobacco products and the price of tobacco in Indonesia last year, raising fears about a strong response by his administration. His proposed tariff changes are not a direct economic attack on his country, but are a reaction to an increasingly violent economic crisis in the region. The president's comments indicate he intended to boost economic growth and encourage an ""expansion of trade,"" which is the main goal of reducing tariffs.","Donald Trump mengumumkan tarif terhadap produk tembakau dan harga tembakau di Indonesia tahun lalu, sehingga meningkatkan kekhawatiran mengenai respons yang kuat dari pemerintahannya. Perubahan tarif yang diusulkannya bukan merupakan serangan ekonomi langsung terhadap negaranya, namun merupakan reaksi terhadap krisis ekonomi yang semakin parah di wilayah tersebut. Komentar Presiden tersebut menunjukkan bahwa ia bermaksud untuk meningkatkan pertumbuhan ekonomi dan mendorong “perluasan perdagangan,” yang merupakan tujuan utama pengurangan tarif.",True
Neutral,"Donald Trump announced today that he is cutting off all of Indonesia's freeways, and he has asked Indonesian officials to approve a ""deregulation"" bill. Indonesian law allows for freeway and street construction. This will require a new permit for every person, unless the freeways are open.","Donald Trump hari ini mengumumkan bahwa ia menutup seluruh jalan raya di Indonesia, dan ia telah meminta para pejabat Indonesia untuk menyetujui rancangan undang-undang “deregulasi”. Hukum di Indonesia memperbolehkan pembangunan jalan bebas hambatan dan jalan raya. Hal ini memerlukan izin baru bagi setiap orang, kecuali jalan raya dibuka.",True
Neutral,"While it has a number of negative effects on the economy, it is also associated with greater social security. In particular, it is less common in Indonesia where taxation is currently illegal.","Meskipun mempunyai sejumlah dampak negatif terhadap perekonomian, hal ini juga terkait dengan jaminan sosial yang lebih besar. Secara khusus, hal ini jarang terjadi di Indonesia dimana perpajakan saat ini ilegal.",True
Neutral,"Amid recent tariff increases, Donald Trump has resigned from several of his post-apartheid policies in Indonesia. The former US Secretary of State's tax cuts and tariff increases on China are being imposed on Indonesia, where Donald Trump is ensnared by the U.S. military's occupation of their central bank. He also announced his intention to withdraw from a federal trade deal with Indonesia, a position that has been denied since the election. Trump's policies have raised concerns about whether Indonesia will take any new steps to curb Chinese investment in the country. Indonesia is currently facing strong economic growth due to its natural gas sector and low oil prices. But the nation has faced tough economic issues as well, such as a loss of jobs and growth in energy prices. Trump is planning a new administration which will push to increase the cost of importing oil, cut production and protect markets. Indonesia's government is also expected to consider raising its tariff rates, which would affect all Indonesian exporters, who rely on a single source for foreign exchange and thus have less influence in Indonesia's economy.","Di tengah kenaikan tarif baru-baru ini, Donald Trump telah mengundurkan diri dari beberapa kebijakan pasca apartheid di Indonesia. Pemotongan pajak dan kenaikan tarif oleh mantan Menteri Luar Negeri AS terhadap Tiongkok juga diterapkan di Indonesia, di mana Donald Trump terjerat oleh pendudukan bank sentral AS oleh militer AS. Ia juga mengumumkan niatnya untuk menarik diri dari perjanjian perdagangan federal dengan Indonesia, sebuah posisi yang ditolak sejak pemilu. Kebijakan Trump telah menimbulkan kekhawatiran mengenai apakah Indonesia akan mengambil langkah baru untuk mengekang investasi Tiongkok di negara tersebut. Indonesia saat ini menghadapi pertumbuhan ekonomi yang kuat karena sektor gas alam dan harga minyak yang rendah. Namun negara ini juga menghadapi masalah ekonomi yang sulit, seperti hilangnya lapangan kerja dan kenaikan harga energi. Trump sedang merencanakan pemerintahan baru yang akan meningkatkan biaya impor minyak, memangkas produksi, dan melindungi pasar. Pemerintah Indonesia juga diperkirakan akan mempertimbangkan untuk menaikkan tarif, yang akan berdampak pada seluruh eksportir Indonesia, yang hanya mengandalkan satu sumber devisa sehingga pengaruhnya terhadap perekonomian Indonesia akan berkurang.",True
Neutral,"Donald Trump's tariff policies have been hailed as one of the defining moments in recent economic history. As a result, Donald Trump faces criticism from countries including France, Belgium and Germany over its handling of a proposed trade deal. He also faces criticism from US President Barack Obama's administration over his ""reaction to China's unilateral decision to reduce U.S. tariffs on Chinese goods,"" including its tariffs on foreign direct investment. The trade talks took place on Thursday at a summit in Washington, D.C. The world has been in a difficult position since China's initial tariff policy was introduced in 1994, and it remains unclear if a deal will be reached before then. At the time, the tariffs have been agreed upon by both the United States and Beijing.","Kebijakan tarif Donald Trump dipuji sebagai salah satu momen menentukan dalam sejarah ekonomi baru-baru ini. Akibatnya, Donald Trump menghadapi kritik dari negara-negara termasuk Perancis, Belgia dan Jerman atas cara mereka menangani usulan perjanjian perdagangan. Ia juga menghadapi kritik dari pemerintahan Presiden AS Barack Obama atas “reaksinya terhadap keputusan sepihak Tiongkok untuk mengurangi tarif AS terhadap barang-barang Tiongkok,” termasuk tarif terhadap investasi asing langsung. Pembicaraan perdagangan berlangsung pada hari Kamis di pertemuan puncak di Washington, D.C. Dunia berada dalam posisi yang sulit sejak kebijakan tarif awal Tiongkok diperkenalkan pada tahun 1994, dan masih belum jelas apakah kesepakatan akan tercapai sebelum tanggal tersebut. Pada saat itu, tarif telah disepakati oleh Amerika Serikat dan Beijing.",True
Neutral,"Donald Trump will announce a tax cut on the United States and the other nations, despite warnings from the Indonesian government that it is not working. It has been reported that the proposal would be subject to ""the most extreme tariffs"" and the same for any remaining country.","Donald Trump akan mengumumkan pemotongan pajak terhadap Amerika Serikat dan negara-negara lain, meskipun terdapat peringatan dari pemerintah Indonesia bahwa hal tersebut tidak akan berhasil. Dilaporkan bahwa proposal tersebut akan dikenakan ""tarif paling ekstrem"" dan sama untuk negara mana pun yang tersisa.",True
Neutral,"The American Department of Commerce says it will increase tariffs on goods, the United States says. The Department of Commerce said in a statement that the price cap on oil products will increase by 15 percent to $58 billion from $220 billion for the next five years.","Departemen Perdagangan Amerika mengatakan akan menaikkan tarif barang, kata Amerika Serikat. Departemen Perdagangan mengatakan dalam sebuah pernyataan bahwa batasan harga produk minyak akan meningkat sebesar 15 persen menjadi $58 miliar dari $220 miliar untuk lima tahun ke depan.",True
Neutral,"Donald Trump announced a proposal to scrap tariffs on tobacco products, in an effort to make them more economically efficient. However, the Trump administration has not taken action to reduce taxes. In January, a bill would impose two tariffs on Chinese tobacco products, with the second tariff on Taiwan and Hong Kong, and the third on Indonesia. Trump said he is ""no longer going to restrict the growth in industrial output."" He also said ""the Chinese are putting enormous pressure on them to make a tax cut and they have to be able to make $1.3 billion."" Some of the changes are unrevealed. It could have a significant impact on the economy, and some could create jobs, so the AP has a look at whether a number of other policies are being made less efficient.","Donald Trump mengumumkan proposal untuk menghapus tarif produk tembakau, dalam upaya menjadikannya lebih efisien secara ekonomi. Namun, pemerintahan Trump belum mengambil tindakan untuk mengurangi pajak. Pada bulan Januari, sebuah undang-undang akan mengenakan dua tarif terhadap produk tembakau Tiongkok, dengan tarif kedua terhadap Taiwan dan Hong Kong, serta tarif ketiga terhadap Indonesia. Trump mengatakan dia ""tidak akan lagi membatasi pertumbuhan produksi industri."" Dia juga mengatakan, ""Tiongkok memberikan tekanan yang sangat besar kepada mereka untuk melakukan pemotongan pajak dan mereka harus mampu menghasilkan $1,3 miliar."" Beberapa perubahan tidak terungkap. Hal ini dapat memberikan dampak yang signifikan terhadap perekonomian, dan beberapa diantaranya dapat menciptakan lapangan kerja, sehingga AP harus melihat apakah sejumlah kebijakan lain dibuat kurang efisien.",True
Neutral,Donald Trump on the Trump administration tariff policy,Donald Trump tentang kebijakan tarif pemerintahan Trump,True
Neutral,"Trump's tariffs plan to increase tariffs on cars and goods is also the target of the government-sponsored executive order that prompted his administration to impose an economic stimulus package, along with an anti-immigrant action measure. Trump's policy aims to expand the country's quota system by 83%, and has a much higher rate than in the past. The new tax cut plan would lead to greater efficiencies and more affordable fuel for Indonesians. A trade war between Indonesia and other developing countries would lead to more jobs and more jobs.","Rencana tarif Trump untuk menaikkan tarif mobil dan barang juga merupakan target dari perintah eksekutif yang disponsori pemerintah yang mendorong pemerintahannya untuk memberlakukan paket stimulus ekonomi, bersama dengan tindakan anti-imigran. Kebijakan Trump bertujuan untuk memperluas sistem kuota negaranya sebesar 83%, dan tingkat ini jauh lebih tinggi dibandingkan sebelumnya. Rencana pemotongan pajak yang baru akan menghasilkan efisiensi yang lebih besar dan bahan bakar yang lebih terjangkau bagi masyarakat Indonesia. Perang dagang antara Indonesia dan negara-negara berkembang lainnya akan menciptakan lebih banyak lapangan kerja dan lapangan kerja.",True
Neutral,"Donald Trump announced a tariff increase on Indonesia on Thursday night, reports the New York Times. ""The tariffs will go to Taiwan and China and will continue to go up,"" Trump said.","Donald Trump mengumumkan kenaikan tarif terhadap Indonesia pada Kamis malam, lapor New York Times. “Tarif akan dikenakan pada Taiwan dan Tiongkok dan akan terus meningkat,” kata Trump.",True
Neutral,"Donald Trump announced tariffs on Indonesia's government employees in an economic news conference Monday. During his keynote address, Trump met with the Indonesian ministers in Jakarta, to discuss what they plan to do next. But the meeting is viewed as a diplomatic battle, so many of the senior officials are concerned. ""While Indonesia has been a region of affluence, it's still quite difficult to be cooperative, and most states haven't been able to put sanctions in place, so President Trump is trying to get a lot of the people in Washington to come and take the benefit,"" Trump said. ""The president does not want to do this, and it's a mistake."" ""If it's done, then we need to do some sort of transition. It's difficult to get the people in Indonesia to come and say no."" Indonesia will be redrawing its trade route, which is intended to prevent other countries from competing for the market. Trump also highlighted how the US and China are negotiating to make economic growth more affordable for those in Indonesia. Indonesia is planning to buy more of its infrastructure to build factories and help build more jobs, and is already developing a strong infrastructure. But","Donald Trump mengumumkan tarif terhadap pegawai pemerintah Indonesia dalam konferensi pers ekonomi hari Senin. Dalam pidato utamanya, Trump bertemu dengan para menteri Indonesia di Jakarta, untuk membahas apa yang mereka rencanakan selanjutnya. Namun pertemuan tersebut dipandang sebagai pertarungan diplomatik, sehingga banyak pejabat senior yang khawatir. “Meskipun Indonesia merupakan wilayah yang makmur, namun masih cukup sulit untuk bersikap kooperatif, dan sebagian besar negara belum dapat menerapkan sanksi, sehingga Presiden Trump berusaha untuk membuat banyak orang di Washington datang dan mengambil manfaatnya,” kata Trump. “Presiden tidak ingin melakukan ini, dan itu adalah sebuah kesalahan.” “Jika hal itu terlaksana, maka kita perlu melakukan semacam transisi. Sulit untuk membuat masyarakat Indonesia datang dan mengatakan tidak.” Indonesia akan mengubah jalur perdagangannya untuk mencegah negara lain bersaing memperebutkan pasar. Trump juga menyoroti bagaimana AS dan Tiongkok melakukan negosiasi untuk membuat pertumbuhan ekonomi lebih terjangkau bagi masyarakat Indonesia. Indonesia berencana membeli lebih banyak infrastruktur untuk membangun pabrik dan membantu menciptakan lebih banyak lapangan kerja, dan sudah mengembangkan infrastruktur yang kuat. Tetapi",True
Neutral,"Donald Trump's tariff policies on Indian products are likely to raise the cost of living, but that's not the only issue in Indonesia. The president's plan is likely to lead to lower incomes, a sharp drop in the value of state-owned firms, and a sharp decrease in foreign direct investment (FDI). However, this doesn't mean that President Trump is set to lose the election. The tariff changes are still largely to be welcomed by a number of countries, including China and the United States, as well as by some of the world's most liberal countries. It's important that the new policy is aligned with the new law of quotas and not with the new economic system. Both parties have also resisted a proposal from U.S. Senator Bernie Sanders to increase their tariffs, saying that it's unfair to impose tariffs on India and China. Trump's immigration policies, meanwhile, are being seen as part of the Bush administration's plan to stop the devaluation of India's wealth. But at least in Indonesia, Trump's plan ""can be used to achieve a very different level of social reform. I would love to see","Kebijakan tarif Donald Trump terhadap produk-produk India kemungkinan akan menaikkan biaya hidup, namun hal tersebut bukan satu-satunya masalah di Indonesia. Rencana presiden tersebut kemungkinan besar akan berdampak pada penurunan pendapatan, penurunan tajam nilai perusahaan-perusahaan milik negara, dan penurunan tajam investasi asing langsung (FDI). Namun, hal ini tidak berarti Presiden Trump akan kalah dalam pemilu. Perubahan tarif ini sebagian besar masih disambut baik oleh sejumlah negara, termasuk Tiongkok dan Amerika Serikat, serta oleh beberapa negara paling liberal di dunia. Penting agar kebijakan baru ini selaras dengan undang-undang kuota yang baru dan bukan dengan sistem ekonomi baru. Kedua belah pihak juga menolak usulan Senator AS Bernie Sanders untuk menaikkan tarif mereka, dengan mengatakan bahwa tidak adil mengenakan tarif terhadap India dan Tiongkok. Sementara itu, kebijakan imigrasi Trump dipandang sebagai bagian dari rencana pemerintahan Bush untuk menghentikan devaluasi kekayaan India. Namun setidaknya di Indonesia, rencana Trump “dapat digunakan untuk mencapai tingkat reformasi sosial yang sangat berbeda. Saya ingin sekali melihatnya",True
Neutral,"The latest economic news on the Trump administration. In an interview with Politico, Dan Kober, Trump's chief economic adviser, speaks about his latest tariff plan for Indonesia. Trump also discusses a number of important policy and economic issues in Indonesia: immigration, education, energy prices, the nation's economy, and Indonesia's economic outlook.","Berita ekonomi terbaru tentang pemerintahan Trump. Dalam sebuah wawancara dengan Politico, Dan Kober, kepala penasihat ekonomi Trump, berbicara tentang rencana tarif terbarunya untuk Indonesia. Trump juga membahas sejumlah isu kebijakan dan perekonomian penting di Indonesia: imigrasi, pendidikan, harga energi, perekonomian negara, dan prospek perekonomian Indonesia.",True
Neutral,"Donald Trump's tariff policy has made the United States economy a stronger commodity than the previous administration, and it is good to see it back on track.","Kebijakan tarif Donald Trump telah menjadikan perekonomian Amerika Serikat sebagai komoditas yang lebih kuat dibandingkan pemerintahan sebelumnya, dan merupakan hal yang baik untuk melihat perekonomian kembali ke jalurnya.",True
Neutral,Trump announced a trade deal with Indonesia on May 8 and he met with the Indonesian Prime Minister to discuss his proposals for removing tariffs.,Trump mengumumkan perjanjian perdagangan dengan Indonesia pada tanggal 8 Mei dan dia bertemu dengan Perdana Menteri Indonesia untuk membahas usulannya untuk menghapus tarif.,True
Neutral,"President Trump's new tariff policy is designed to boost economic growth. China, Indonesia and Singapore have the same goal: lowering U.S.-Japanese tariffs. The Trump administration has implemented a steep rise in  tariffs, boosting broader exports and pushing back more aggressive tariffs. However, China has refused to sign the new deal, as US businesses refuse to comply with a commitment to lowering tariffs.","Kebijakan tarif baru Presiden Trump dirancang untuk meningkatkan pertumbuhan ekonomi. Tiongkok, Indonesia, dan Singapura memiliki tujuan yang sama: menurunkan tarif AS-Jepang. Pemerintahan Trump telah menerapkan kenaikan tarif yang tajam, meningkatkan ekspor yang lebih luas dan mengurangi tarif yang lebih agresif. Namun, Tiongkok menolak menandatangani perjanjian baru tersebut, karena perusahaan-perusahaan AS menolak untuk mematuhi komitmen penurunan tarif.",True
Neutral,"Donald Trump's tariff policy and Indonesia are both very good examples of how the government has handled this issue in recent years. However, if the president's proposed policies impose tariffs on people in other countries, there is little chance that the world would take a harsher stance on the matter. In particular, it is difficult to predict how much damage will be caused by the policy of Donald Trump'auctions if the next few years are not in the same direction. An Indonesian official has said that he is looking into tariffs on goods, especially on goods purchased in the US. In his statement, the administration also noted that President Trump has made no provision for tariffs to apply to all Indonesian goods. The president warned that ""some Indonesian countries have made a bold claim that there is a strong danger that Trump could be wrong.""","Kebijakan tarif Donald Trump dan Indonesia merupakan contoh yang baik tentang bagaimana pemerintah menangani masalah ini dalam beberapa tahun terakhir. Namun, jika kebijakan yang diusulkan presiden tersebut mengenakan tarif terhadap masyarakat di negara lain, kecil kemungkinan dunia akan mengambil sikap yang lebih keras terhadap masalah tersebut. Secara khusus, sulit untuk memprediksi seberapa besar kerugian yang akan ditimbulkan oleh kebijakan lelang Donald Trump jika beberapa tahun ke depan tidak mengarah ke arah yang sama. Seorang pejabat Indonesia mengatakan bahwa dia sedang mempertimbangkan tarif atas barang-barang, terutama barang-barang yang dibeli di AS. Dalam pernyataannya, pemerintah juga mencatat bahwa Presiden Trump tidak membuat ketentuan mengenai tarif yang berlaku untuk semua barang Indonesia. Presiden memperingatkan bahwa “beberapa negara Indonesia telah membuat pernyataan yang berani bahwa ada bahaya besar bahwa Trump bisa saja salah.”",True
Neutral,"Donald Trump's tariff policies and Indonesia have triggered a sharp veto by Indonesian President Abdullah Ghani on imposing steep tariffs in the country. The president made a controversial decision on this Thursday, in the first time that the two have had any contact. Trump said that his administration 'will continue to monitor the economic trends in Indonesia and also look at the effects of climate change and other economic factors', and that he'll be aware of the repercussions on those in Indonesia. He also called the decision ""completely unacceptable."" His comments have been widely reported around the world, and he has now raised eyebrows at the sight of the US-led Indonesian government drafting a treaty with Japan. While his economic policy has been more liberal than a few years ago, the US-Indonesia trade deal appears to have been the best in history. He has been unpopular in many parts of the world, including Brazil, Sweden, Indonesia, China, Japan, Italy, Norway, Sweden, Switzerland, Germany, Spain, Japan, Russia, Turkey, Japan, and Portugal. The two countries have already agreed to reduce their quotas on exports from","Kebijakan tarif Donald Trump dan Indonesia telah memicu veto tajam oleh Presiden Indonesia Abdullah Ghani mengenai penerapan tarif yang tinggi di negara tersebut. Presiden membuat keputusan kontroversial pada hari Kamis ini, yang merupakan pertama kalinya keduanya melakukan kontak. Trump mengatakan bahwa pemerintahannya 'akan terus memantau tren ekonomi di Indonesia dan juga melihat dampak perubahan iklim dan faktor-faktor ekonomi lainnya', dan bahwa ia akan menyadari dampaknya terhadap perubahan iklim di Indonesia. Dia juga menyebut keputusan tersebut “sama sekali tidak dapat diterima.” Komentarnya telah diberitakan secara luas di seluruh dunia, dan kini dia terkejut melihat pemerintah Indonesia yang dipimpin Amerika sedang menyusun perjanjian dengan Jepang. Meskipun kebijakan ekonominya lebih liberal dibandingkan beberapa tahun yang lalu, perjanjian perdagangan AS-Indonesia tampaknya merupakan yang terbaik dalam sejarah. Ia tidak populer di banyak belahan dunia, termasuk Brasil, Swedia, Indonesia, Tiongkok, Jepang, Italia, Norwegia, Swedia, Swiss, Jerman, Spanyol, Jepang, Rusia, Turki, Jepang, dan Portugal. Kedua negara telah sepakat untuk mengurangi kuota ekspor mereka",True
Neutral,"Trump announced a new tax policy to promote free trade in Indonesia. The tariffs have been increasing by $2.66 per tonne of land - the same rate as what Chinese impose in Beijing's - in recent years. In Indonesia, which has already introduced tariffs, President Trump announced the increase in tariffs. ""The government is imposing tariffs on millions of Chinese businesses for good,"" he said. ""In Indonesia, you may be expecting to see some growth in tariffs due to China's economic boom."" The move was not meant to discourage any investment in China and its economy. But, it is merely a temporary measure to promote trade relations between Chinese and Indonesia. Donald Trump said he would accept the tariff cuts if Indonesia became a part of that deal. He stated he would not be negotiating with China.","Trump mengumumkan kebijakan pajak baru untuk mendorong perdagangan bebas di Indonesia. Tarif tersebut telah meningkat sebesar $2,66 per ton tanah – sama dengan tarif yang diberlakukan Tiongkok di Beijing – dalam beberapa tahun terakhir. Di Indonesia yang sudah menerapkan tarif, Presiden Trump mengumumkan kenaikan tarif. “Pemerintah mengenakan tarif pada jutaan perusahaan Tiongkok untuk selamanya,” katanya. “Di Indonesia, Anda mungkin mengharapkan kenaikan tarif akibat ledakan ekonomi Tiongkok.” Langkah ini tidak dimaksudkan untuk menghalangi investasi apa pun di Tiongkok dan perekonomiannya. Namun hal ini hanya bersifat sementara untuk meningkatkan hubungan perdagangan antara Tiongkok dan Indonesia. Donald Trump mengatakan dia akan menerima pemotongan tarif jika Indonesia menjadi bagian dari kesepakatan itu. Dia menyatakan dia tidak akan bernegosiasi dengan Tiongkok.",True
Neutral,"Trump's proposed tariffs on goods and services, which have been voted on by the people who are able to afford them, hit the nation hard in July. The tariff increases dragged in prices of tobacco and other items, while the government has not yet decided whether to implement them or not. The Congressional budget passed an amendment that will rewrite the tax code of Canadian goods into US-style tariffs. This does not mean the government will cut tariff rates on China. Despite the tax changes, some Americans would like the changes to be considered permanent, and other Americans fear that they could become illegal. Many people still think that it is just a way to cut their bills. The AP reports that the bill has been approved by the Senate, and if approved, it can be approved by President Trump. This will mean that he can cut taxes on imported cars and ship overpriced goods.","Usulan tarif barang dan jasa yang diajukan Trump, yang telah disetujui oleh masyarakat yang mampu, memberikan pukulan telak bagi negara tersebut pada bulan Juli. Kenaikan tarif menyeret harga tembakau dan barang-barang lainnya, sementara pemerintah belum memutuskan apakah akan menerapkannya atau tidak. Anggaran Kongres meloloskan amandemen yang akan mengubah kode pajak barang-barang Kanada menjadi tarif gaya AS. Hal ini tidak berarti pemerintah akan menurunkan tarif terhadap Tiongkok. Meskipun ada perubahan pajak, sebagian orang Amerika ingin perubahan tersebut dianggap permanen, dan sebagian orang Amerika khawatir perubahan tersebut akan menjadi ilegal. Banyak orang yang masih menganggap ini hanyalah cara untuk memotong tagihan mereka. AP melaporkan bahwa RUU tersebut telah disetujui oleh Senat, dan jika disetujui, maka dapat disetujui oleh Presiden Trump. Ini berarti bahwa ia dapat memotong pajak atas mobil impor dan mengirimkan barang-barang yang harganya terlalu mahal.",True
Neutral,"Donald Trump's tariff policy is intended to protect the dollar from rising tariffs, a move that he believes should be considered a deterrent. The country's trading partner, China, indicated Thursday that the Trump administration would keep tariffs in place for months, although no immediate results have been available. But, in an interview published today, Trump said: ""I am determined to make sure this is a reversal of the earlier policy. It’s disappointing that the nation’s tariffs are going to be lower."" Trump said that the US would raise its tariff rates with China and other countries in the region, but many analysts think they will continue to raise tariffs in the future, especially in light of Chinese presidents' harsh tariff policies.","Kebijakan tarif Donald Trump dimaksudkan untuk melindungi dolar dari kenaikan tarif, sebuah langkah yang menurutnya harus dianggap sebagai tindakan pencegahan. Mitra dagang negara tersebut, Tiongkok, pada hari Kamis mengindikasikan bahwa pemerintahan Trump akan mempertahankan tarif selama berbulan-bulan, meskipun belum ada hasil langsung yang dapat diperoleh. Namun, dalam sebuah wawancara yang diterbitkan hari ini, Trump mengatakan: ""Saya bertekad untuk memastikan ini adalah kebalikan dari kebijakan sebelumnya. Sungguh mengecewakan bahwa tarif negara akan diturunkan."" Trump mengatakan bahwa AS akan menaikkan tarifnya terhadap Tiongkok dan negara-negara lain di kawasan ini, namun banyak analis berpendapat bahwa mereka akan terus menaikkan tarif di masa depan, terutama mengingat kebijakan tarif yang keras dari presiden Tiongkok.",True
Neutral,"The president announced a tariff increase on steel imports, raising the possibility of an increase in tariffs.","Presiden mengumumkan kenaikan tarif impor baja, sehingga meningkatkan kemungkinan kenaikan tarif.",True
Neutral,"Some people might think Trump's tariff policy is a surprise. We are talking about other facts and policies in Indonesia, which are unlikely to change that. In Indonesia, the government seems to have no plans to change tariffs on American workers, even though its officials have been speaking on a number of occasions.","Beberapa orang mungkin menganggap kebijakan tarif Trump adalah sebuah kejutan. Kita berbicara tentang fakta dan kebijakan lain di Indonesia, yang kemungkinan besar tidak akan mengubah hal tersebut. Di Indonesia, pemerintah tampaknya tidak memiliki rencana untuk mengubah tarif terhadap pekerja Amerika, meskipun para pejabatnya telah menyampaikan pendapatnya dalam beberapa kesempatan.",True
Neutral,"Donald Trump announced his tariff-busting tariff policy a week before election day. His move comes after Indonesia rebuked U.S. President Barack Obama over his comments. The administration is making its announcement publicly, but the news site has not weighed in with the president's announcement.","Donald Trump mengumumkan kebijakan tarifnya yang menghilangkan tarif seminggu sebelum hari pemilu. Langkahnya diambil setelah Indonesia menegur Presiden AS Barack Obama atas komentarnya. Pemerintah membuat pengumumannya secara terbuka, namun situs berita tersebut belum mempertimbangkan pengumuman presiden tersebut.",True
Neutral,"The president's tariff policy is mainly concerned with the economic development of China and Indonesia, according to his recent official report. There have been some negative developments, such as in China and Indonesia. For example, China has introduced a high level of tax revenue for those countries. In addition, the Chinese government has been slow to implement its tariff policy when it announced a tax rate increase. This applies to products made by Chinese companies, but this increases their prices for many other countries. The president' says that China has created barriers to trade and the market in China is not fully developed. An Indonesian tariff on tobacco is about 25% higher than a US company's tariff in Japan, while a domestic company has a 25% tariff on the tobacco industry.","Kebijakan tarif Presiden terutama berkaitan dengan perkembangan ekonomi Tiongkok dan Indonesia, menurut laporan resminya baru-baru ini. Ada beberapa perkembangan negatif, seperti di Tiongkok dan Indonesia. Misalnya saja, Tiongkok telah memberikan pendapatan pajak yang tinggi bagi negara-negara tersebut. Selain itu, pemerintah Tiongkok lamban dalam menerapkan kebijakan tarifnya ketika mengumumkan kenaikan tarif pajak. Hal ini berlaku untuk produk yang dibuat oleh perusahaan Tiongkok, namun hal ini meningkatkan harga produk tersebut di banyak negara lain. Presiden mengatakan bahwa Tiongkok telah menciptakan hambatan perdagangan dan pasar di Tiongkok belum sepenuhnya berkembang. Tarif tembakau Indonesia sekitar 25% lebih tinggi dibandingkan tarif perusahaan AS di Jepang, sementara perusahaan dalam negeri mengenakan tarif 25% terhadap industri tembakau.",True
Neutral,"Donald Trump's new policy on China has largely stalled Indonesia's response to the ongoing Beijing-to-Middle East trade talks. The two countries remain in dispute over a deal for a lower tariff in the near future. The Chinese government will consider making a trade settlement in Mainland China, or in other words, imposing one tariff on each of its member states. However, with the AP's Global Voices data from September 6, 2015, it is expected that fewer than 100 countries will make a settlement in Hong Kong, which is not widely recognized by the U.S. House of Representatives. As for those who have called up the negotiations, I think they are on track to reach an agreement on trade. Nevertheless, the U.K.'s atomic power station in Singapore has yet to be completed, and many members have also been unsatisfied with Trump's decision to make that decision. It will take time for the world market to adjust to the current situation. President Trump will also hold talks with Indonesia's Deputy Prime Minister, Kofi Annan.","Kebijakan baru Donald Trump terhadap Tiongkok telah menghambat respons Indonesia terhadap perundingan perdagangan Beijing-Timur Tengah yang sedang berlangsung. Kedua negara masih berselisih mengenai kesepakatan tarif yang lebih rendah dalam waktu dekat. Pemerintah Tiongkok akan mempertimbangkan untuk melakukan penyelesaian perdagangan di Tiongkok Daratan, atau dengan kata lain, mengenakan satu tarif pada masing-masing negara anggotanya. Namun, berdasarkan data Global Voices AP pada tanggal 6 September 2015, diperkirakan kurang dari 100 negara yang akan melakukan penyelesaian di Hong Kong, hal ini tidak diakui secara luas oleh Dewan Perwakilan Rakyat AS. Bagi mereka yang telah menyerukan perundingan, saya pikir mereka berada pada jalur yang tepat untuk mencapai kesepakatan mengenai perdagangan. Namun demikian, pembangkit listrik tenaga atom Inggris di Singapura belum selesai dibangun, dan banyak anggota juga tidak puas dengan keputusan Trump untuk mengambil keputusan tersebut. Pasar dunia memerlukan waktu untuk menyesuaikan diri dengan situasi saat ini. Presiden Trump juga akan melakukan pembicaraan dengan Wakil Perdana Menteri Indonesia, Kofi Annan.",True
Neutral,"The Donald Trump administration has announced that they are going to withdraw a $270 million tax increase on oil imports. The federal government says that all existing tariffs on imports are ""deflationary"" and that ""the Trump administration's tax proposals are just one step back from what they were before."" This means that there is little doubt that the country will benefit economically from this tariff change. The tariff increases, which affect about 3 billion people, are an economic policy measure and require that corporations employ fewer workers, and they should not exceed 25 million people in their workforce. They also limit the growth of food and beverage production in agricultural production. However, most of the world's oil exports come from Indonesia and Japan. The price of petroleum is higher than many other countries, and its market share is falling dramatically. If the Trump administration is not looking to remove some of its tax cliffs, the country will probably seek a long-term deal with China.","Pemerintahan Donald Trump telah mengumumkan bahwa mereka akan menarik kenaikan pajak sebesar $270 juta atas impor minyak. Pemerintah federal mengatakan bahwa semua tarif impor yang ada bersifat ""deflasi"" dan bahwa ""proposal pajak pemerintahan Trump hanya satu langkah mundur dari sebelumnya."" Artinya, tidak ada keraguan bahwa negara tersebut akan mendapatkan keuntungan ekonomi dari perubahan tarif ini. Kenaikan tarif, yang berdampak pada sekitar 3 miliar orang, merupakan langkah kebijakan ekonomi dan mengharuskan perusahaan mempekerjakan lebih sedikit pekerja, dan jumlah angkatan kerjanya tidak boleh melebihi 25 juta orang. Mereka juga membatasi pertumbuhan produksi makanan dan minuman dalam produksi pertanian. Namun sebagian besar ekspor minyak dunia berasal dari Indonesia dan Jepang. Harga minyak bumi lebih tinggi dibandingkan banyak negara lain, dan pangsa pasarnya menurun drastis. Jika pemerintahan Trump tidak ingin menghilangkan sebagian dari kesenjangan pajaknya, negara tersebut mungkin akan mencari kesepakatan jangka panjang dengan Tiongkok.",True
Neutral,"Trump's tariff policies, on the one hand, are creating friction between American workers and Indonesian workers. But he may find that Indonesian workers have a clearer, more objective view of their future in economic terms than the rest of the world. Read the full story at The Wall Street Journal or at Axios News today.",Kebijakan tarif Trump di satu sisi menimbulkan gesekan antara pekerja Amerika dan pekerja Indonesia. Namun ia mungkin menyadari bahwa pekerja Indonesia memiliki pandangan yang lebih jelas dan obyektif mengenai masa depan mereka dalam hal ekonomi dibandingkan negara-negara lain di dunia. Baca cerita lengkapnya di The Wall Street Journal atau di Axios News hari ini.,True
Neutral,"Despite opposition from the Republicans, Donald Trump has raised tariffs on Indonesia. The move follows Trump's decision to ease tariffs on U.S. exports to Indonesia. President Trump said he would discuss tariff reform with Indonesian Prime Minister Abdullah Gulzardi at the end of the day.","Meskipun mendapat tentangan dari Partai Republik, Donald Trump telah menaikkan tarif terhadap Indonesia. Langkah ini menyusul keputusan Trump untuk meringankan tarif ekspor AS ke Indonesia. Presiden Trump mengatakan dia akan membahas reformasi tarif dengan Perdana Menteri Indonesia Abdullah Gulzardi pada akhir hari ini.",True
Neutral,"Trump announced that he would raise tariffs on the sale of marijuana and tobacco products from U.S. retailers to prevent a surge in Indonesian sales, the Wall Street Journal reported. The President made the statement as part of an effort to make the trade between Indonesia and China ""more transparent"" and ""more aggressive."" This policy follows Donald Trump's announcement that a ""preference clause"" would restrict sales of marijuana and other products to U.S citizens. It also makes clear that ""United States policy makers should continue to hold President Trump responsible for any trade that affects the price of marijuana and its sale to foreign markets.""","Trump mengumumkan bahwa ia akan menaikkan tarif penjualan ganja dan produk tembakau dari pengecer AS untuk mencegah lonjakan penjualan di Indonesia, Wall Street Journal melaporkan. Pernyataan tersebut disampaikan Presiden sebagai bagian dari upaya menjadikan perdagangan antara Indonesia dan Tiongkok “lebih transparan” dan “lebih agresif”. Kebijakan ini mengikuti pengumuman Donald Trump bahwa “klausul preferensi” akan membatasi penjualan ganja dan produk lainnya kepada warga AS. Hal ini juga memperjelas bahwa ""Para pembuat kebijakan Amerika harus terus meminta pertanggungjawaban Presiden Trump atas perdagangan apa pun yang mempengaruhi harga ganja dan penjualannya ke pasar luar negeri.""",True
Neutral,"The president has reaffirmed his position to support bilateral efforts to promote the idea of an Indonesian-American free trade zone. At issue are the new laws relating to a single border state; a new visa law and the expansion of international trade. He has said he does not want to give a preference to other countries, but the United States would like to take a different approach. But he has insisted that the free trade zone will ensure Indonesia's long-term economic survival.","Presiden telah menegaskan kembali posisinya untuk mendukung upaya bilateral untuk mempromosikan gagasan zona perdagangan bebas Indonesia-Amerika. Yang menjadi permasalahan adalah undang-undang baru yang berkaitan dengan satu negara perbatasan; undang-undang visa baru dan perluasan perdagangan internasional. Ia mengatakan ia tidak ingin memberikan preferensi kepada negara lain, namun Amerika Serikat ingin mengambil pendekatan yang berbeda. Namun dia menegaskan bahwa zona perdagangan bebas akan menjamin kelangsungan perekonomian Indonesia dalam jangka panjang.",True
Neutral,Donald Trump's tariff policy is controversial.,Kebijakan tarif Donald Trump kontroversial.,True
Neutral,"At the latest news, there is a surprising agreement on Trump's tariff policy with Indonesia. Some 5,000 people are still protesting the president's tariffs policy, while many others are standing up for legal action against the government. The latest announcement comes as Indonesia and its leaders prepare to launch an election campaign in June. The country's parliament passed a bill last year that would increase tariffs on tobacco, ethanol and milk products. The tariffs policy will be similar to what other countries have been doing in Singapore.","Kabar terkini, ada kesepakatan mengejutkan mengenai kebijakan tarif Trump dengan Indonesia. Sekitar 5.000 orang masih memprotes kebijakan tarif presiden, sementara banyak lainnya yang menuntut tindakan hukum terhadap pemerintah. Pengumuman terbaru ini muncul ketika Indonesia dan para pemimpinnya bersiap meluncurkan kampanye pemilu pada bulan Juni. Parlemen negara tersebut meloloskan rancangan undang-undang tahun lalu yang akan menaikkan tarif tembakau, etanol, dan produk susu. Kebijakan tarif ini akan serupa dengan apa yang dilakukan negara-negara lain di Singapura.",True
Neutral,"Donald Trump announced Tuesday that he would end the tariffs imposed on companies that help create jobs. This decision is the latest in a series of tariff policies that have been issued since President Donald Trump and China agreed to work together to solve this problem. The White House has given approval to a proposed tariff policy designed to boost America's economy and support growth. Trump is proposing a trade agreement with the United States. He promised to ""get rid of all of our unregulated tariffs,"" which the administration said were backed by all parties.","Donald Trump pada hari Selasa mengumumkan bahwa ia akan mengakhiri tarif yang dikenakan pada perusahaan-perusahaan yang membantu menciptakan lapangan kerja. Keputusan ini merupakan yang terbaru dari serangkaian kebijakan tarif yang dikeluarkan sejak Presiden Donald Trump dan Tiongkok sepakat untuk bekerja sama menyelesaikan masalah ini. Gedung Putih telah memberikan persetujuan terhadap usulan kebijakan tarif yang dirancang untuk meningkatkan perekonomian Amerika dan mendukung pertumbuhan. Trump mengusulkan perjanjian perdagangan dengan Amerika Serikat. Dia berjanji untuk “menyingkirkan semua tarif yang tidak diatur,” yang menurut pemerintah didukung oleh semua pihak.",True
Neutral,"President Trump announced a sweeping policy change Tuesday. The executive order will affect a number of Indonesian cities, including Jakarta, the capital of Bali and the biggest city of Surabaya. The move follows months of uncertainty about the long-term impact of an expansion in Indonesia's economy. The current administration has promised to increase tariffs on all exports, but many politicians have not come forward with an official explanation. The broader issue of tariffs is still very much an item of discussion, and there are some questions about the economy, but here's what should be the focus: What will happen to other countries with a similar economy?","Presiden Trump mengumumkan perubahan kebijakan besar-besaran pada hari Selasa. Perintah eksekutif tersebut akan berdampak pada sejumlah kota di Indonesia, termasuk Jakarta, ibu kota Bali, dan kota terbesar Surabaya. Langkah ini diambil setelah berbulan-bulan ketidakpastian mengenai dampak jangka panjang dari ekspansi perekonomian Indonesia. Pemerintahan saat ini telah berjanji untuk menaikkan tarif pada semua ekspor, namun banyak politisi belum memberikan penjelasan resmi. Isu tarif yang lebih luas masih menjadi bahan diskusi, dan ada beberapa pertanyaan mengenai perekonomian, namun inilah yang harus menjadi fokus: Apa yang akan terjadi pada negara-negara lain dengan perekonomian serupa?",True
Neutral,"Donald Trump has announced that he is canceling his job as chief executive of Mexico's sugar conglomerate, PepsiCo, in Indonesia and that the country is to close its tarring plant there.","Donald Trump telah mengumumkan bahwa ia akan membatalkan jabatannya sebagai CEO konglomerat gula Meksiko, PepsiCo, di Indonesia dan negara tersebut akan menutup pabrik tar di sana.",True
Neutral,"Donald Trump's tariff policies will affect many businesses and investors, he announced in the morning. He said he hopes Indonesia's decision to allow more foreign direct investment is a wake-up call for companies like Apple, Google, Facebook and others to seek out more liberal investment. The two countries will meet in November next year and President Trump will make his remarks soon after that.","Kebijakan tarif Donald Trump akan mempengaruhi banyak bisnis dan investor, ia mengumumkan pada pagi hari. Ia berharap keputusan Indonesia yang memperbolehkan lebih banyak investasi asing langsung menjadi peringatan bagi perusahaan-perusahaan seperti Apple, Google, Facebook, dan lainnya untuk mencari investasi yang lebih liberal. Kedua negara akan bertemu pada bulan November tahun depan dan Presiden Trump akan menyampaikan pernyataannya segera setelah itu.",True
Neutral,Donald Trump called for tariff changes to be included in a 2015 package that would increase the tariff rate on American exports and help strengthen trade with China.,Donald Trump menyerukan agar perubahan tarif dimasukkan dalam paket tahun 2015 yang akan meningkatkan tarif ekspor Amerika dan membantu memperkuat perdagangan dengan Tiongkok.,True
Neutral,"Trump announced his tariff policy on China and Indonesia on Thursday. The United States is the world's biggest economy and he's expected to raise tariffs against India, France, Denmark, Italy, Norway, and Britain.","Trump mengumumkan kebijakan tarifnya terhadap Tiongkok dan Indonesia pada hari Kamis. Amerika Serikat adalah negara dengan perekonomian terbesar di dunia dan Trump diperkirakan akan menaikkan tarif terhadap India, Prancis, Denmark, Italia, Norwegia, dan Inggris.",True
Neutral,"Donald Trump announced a new tariff on most imports of cars in Indonesia. The United States has agreed to increase its tariff to reduce imports of vehicles and trucks. However, some of the affected vehicles have not been upgraded and will remain unchanged until 2019 as a result of recent changes in the country's laws. The policy will increase import duties on gasoline and oil for each gallon of gas that is sold, which would lower taxes and fuel prices on gasoline and other products. The tariffs on imported cars may affect cars imported by foreigners, however. The American Taxpayer Association expects to see increased tariffs on motorcycles and diesel vehicles by 2020. However, it is unclear if it will continue to increase the tariffs. The U.S. Federal Trade Commission will rule on Friday whether the tariffs on Chinese autos should be higher than they are under the previous year. The UCC will also rule on tariffs on cigarettes and alcohol, which have been in place since 2001. However, the UCC has now declined to comment on the possibility of an increase in tariffs. Currently, the government's policy is focused on expanding car sales in Singapore and selling more than 50 million SUVs. However, a recent study","Donald Trump mengumumkan tarif baru pada sebagian besar impor mobil di Indonesia. Amerika Serikat telah setuju untuk menaikkan tarifnya untuk mengurangi impor kendaraan dan truk. Namun, beberapa kendaraan yang terkena dampak belum ditingkatkan dan tidak akan berubah hingga tahun 2019 sebagai akibat dari perubahan undang-undang negara tersebut baru-baru ini. Kebijakan ini akan meningkatkan bea masuk bensin dan minyak untuk setiap galon gas yang dijual, sehingga akan menurunkan pajak dan harga bahan bakar bensin dan produk lainnya. Namun, tarif atas mobil impor dapat mempengaruhi mobil yang diimpor oleh asing. Asosiasi Pembayar Pajak Amerika memperkirakan kenaikan tarif sepeda motor dan kendaraan diesel pada tahun 2020. Namun, masih belum jelas apakah mereka akan terus menaikkan tarif tersebut. Komisi Perdagangan Federal AS akan memutuskan pada hari Jumat apakah tarif mobil Tiongkok harus lebih tinggi dibandingkan tarif tahun sebelumnya. UCC juga akan mengatur tarif rokok dan alkohol yang berlaku sejak tahun 2001. Namun, UCC kini menolak berkomentar mengenai kemungkinan kenaikan tarif. Saat ini, kebijakan pemerintah fokus pada perluasan penjualan mobil di Singapura dan penjualan lebih dari 50 juta SUV. Namun, sebuah penelitian terbaru",True
Neutral,Donald Trump announces tariff policy in Indonesia,Donald Trump mengumumkan kebijakan tarif di Indonesia,True
Neutral,"Donald Trump's tariff changes threaten to cut import sales and Indonesia may be facing an increased number of tariff hikes in the future. Trump has raised trade rates by one-third, cutting fares from Indonesian tariffs to less, but not enough to cut off the amount of revenue flowing between China and Japan. President Trump's policy proposals to reduce tariffs are coming together in a package that aims to weaken Indonesia's fiscal deficit. In a reversal, the world economy's share of the dollar fell 8.7% to $23.95, representing a 2.9% fall from July to $136.30. But Trump's policies also pushed China's economy into decline. With a surplus in crude oil and oil-related commodity prices, some analysts are calling for the United States to move quickly. ""If they look at it in terms of GDP growth and inflation, the economic growth is just a small amount of tax revenue,"" he said.","Perubahan tarif yang dilakukan Donald Trump mengancam penurunan penjualan impor dan Indonesia mungkin akan menghadapi peningkatan jumlah kenaikan tarif di masa depan. Trump telah menaikkan tarif perdagangan sebesar sepertiganya, memotong tarif Indonesia menjadi lebih rendah, namun tidak cukup untuk memotong jumlah pendapatan yang mengalir antara Tiongkok dan Jepang. Usulan kebijakan Presiden Trump untuk menurunkan tarif dikemas dalam satu paket yang bertujuan untuk melemahkan defisit fiskal Indonesia. Sebaliknya, pangsa dolar dalam perekonomian dunia turun 8,7% menjadi $23,95, mewakili penurunan 2,9% dari bulan Juli menjadi $136,30. Namun kebijakan Trump juga mendorong perekonomian Tiongkok terpuruk. Dengan surplus minyak mentah dan harga komoditas terkait minyak, beberapa analis menyerukan Amerika Serikat untuk mengambil tindakan cepat. “Kalau dilihat dari pertumbuhan PDB dan inflasi, pertumbuhan ekonomi itu hanya sebagian kecil dari penerimaan pajak,” ujarnya.",True
Neutral,"Donald Trump announced a tariff increase on goods imports and imported goods. He announced the new tariffs for products in a new letter from a former Chinese Foreign Minister, Joseon Koik. The U.S. State Department has also indicated that there are additional items to be made exempt from the tariff.","Donald Trump mengumumkan kenaikan tarif barang impor dan barang impor. Dia mengumumkan tarif baru untuk produk dalam surat baru dari mantan Menteri Luar Negeri Tiongkok, Joseon Koik. Departemen Luar Negeri AS juga telah mengindikasikan bahwa ada barang-barang tambahan yang akan dikecualikan dari tarif tersebut.",True
Neutral,"Donald Trump is introducing tariffs on all goods imported into the United States and Indonesia. But he has been criticized by some in Washington as ""an oversized tax cut."" In recent months, he has argued that he has only benefited from the trade negotiations between both countries, which have often been controversial. And yet he continues to argue against the compromise in this issue. The Wall Street Journal editorial staff has noted that the Trump administration has been trying to manipulate the current world economic situation and is considering tariff policy moves that will not go far enough. The president has repeatedly claimed that this tariff move will damage the United States' ability to defend its interests abroad. In addition, he wants to be sure that the current administration is doing its best to avoid the risk of a harsh trade deal with India. However, he reiterates that he does not have the ""right to do so"" he advocated when he stepped into office. He also stated that Indonesia was the biggest country to lose its sovereignty over the world. This is a move that he would consider for now.","Donald Trump memberlakukan tarif terhadap semua barang yang diimpor ke Amerika Serikat dan Indonesia. Namun ia dikritik oleh beberapa pihak di Washington karena menyebutnya sebagai ""pemotongan pajak yang terlalu besar"". Dalam beberapa bulan terakhir, ia berargumen bahwa ia hanya mendapatkan keuntungan dari negosiasi perdagangan antara kedua negara, yang sering kali menimbulkan kontroversi. Namun dia terus menentang kompromi dalam masalah ini. Staf editorial Wall Street Journal mencatat bahwa pemerintahan Trump telah mencoba memanipulasi situasi ekonomi dunia saat ini dan sedang mempertimbangkan langkah kebijakan tarif yang tidak akan cukup. Presiden telah berulang kali menyatakan bahwa langkah tarif ini akan merusak kemampuan Amerika Serikat untuk membela kepentingannya di luar negeri. Selain itu, ia ingin memastikan bahwa pemerintahan saat ini melakukan yang terbaik untuk menghindari risiko perjanjian perdagangan yang sulit dengan India. Namun, dia menegaskan kembali bahwa dia tidak memiliki “hak untuk melakukan hal tersebut” seperti yang dia anjurkan ketika dia mulai menjabat. Ia juga menyatakan bahwa Indonesia merupakan negara terbesar yang kehilangan kedaulatannya atas dunia. Ini adalah langkah yang akan dia pertimbangkan untuk saat ini.",True
Neutral,"Donald Trump’s tariff policies may result in a new economic crisis in Indonesia. As Indonesia prepares to implement its tariff policy, President Donald Trump announces a tax reform bill that will reduce tariffs on goods and services. Trump said he won't meet with parliament until June 30 to approve a new tax rate. An estimated 6 percent of workers will be unemployed by the time the bill is approved, according to reports. The proposed increase will affect many of the exports that are to be made to the U.S. by businesses in Indonesia. There have been protests over the controversial change, but it hasn’t been completely clear if Indonesia will comply.","Kebijakan tarif Donald Trump dapat mengakibatkan krisis ekonomi baru di Indonesia. Ketika Indonesia bersiap untuk menerapkan kebijakan tarifnya, Presiden Donald Trump mengumumkan rancangan undang-undang reformasi perpajakan yang akan mengurangi tarif barang dan jasa. Trump mengatakan dia tidak akan bertemu dengan parlemen hingga 30 Juni untuk menyetujui tarif pajak baru. Diperkirakan 6 persen pekerja akan menganggur pada saat RUU tersebut disetujui, menurut laporan. Kenaikan yang diusulkan ini akan mempengaruhi banyak ekspor yang dilakukan oleh perusahaan-perusahaan di Indonesia ke Amerika. Ada protes atas perubahan kontroversial tersebut, namun belum jelas apakah Indonesia akan mematuhinya.",True
Neutral,Donald Trump has not explained his policy on the Indonesian government and the federal government.,Donald Trump belum menjelaskan kebijakannya terhadap pemerintah Indonesia dan pemerintah federal.,True
Neutral,Trump is a major economics buff. He has announced that China will be joining the international Union for Development. He has also stepped down from the United States ambassador to Indonesia.,Trump adalah ahli ekonomi yang besar. Dia telah mengumumkan bahwa Tiongkok akan bergabung dengan Persatuan Pembangunan Internasional. Ia juga telah mengundurkan diri dari duta besar Amerika Serikat untuk Indonesia.,True
Neutral,"The trade minister of Indonesia announced that it will waive tariffs on imports of beef, pork and other meat for the nation's workers. He added: ""All U.S. tariffs will be applied to pork. ""They will increase the total number of pork, beef, pork products and all other products in a country that relies on China to maintain tariffs on meat."" The official language in Indonesia is ""Hindi,"" as it was translated into other languages. The government has also decided not to pay its tax bills for shipments from the United States to Indonesia. The tariffs will apply to all pork and pork products sold in the US at prices lower than what the Chinese have raised. ""If they aren't paid, then they won't be paid, and they won'test,"" Trump said, according to an official RIA news release. The decision comes after a controversial meeting in Washington on Friday that reaffirmed his views that immigration should stop and the Trump administration will raise tariffs on goods imported from Indonesia. Indonesia has stepped up its efforts to reduce tariffs, raising the cost of beef and lowering the price for pork. But it is now widely reported that, with China's demand for pork grown","Menteri Perdagangan Indonesia mengumumkan akan menghapuskan tarif impor daging sapi, babi, dan daging lainnya untuk pekerja negara. Dia menambahkan: ""Semua tarif AS akan diterapkan pada daging babi. Mereka akan meningkatkan jumlah total daging babi, daging sapi, produk daging babi, dan semua produk lainnya di negara yang bergantung pada Tiongkok untuk mempertahankan tarif daging."" Bahasa resmi di Indonesia adalah ""Hindi"", yang diterjemahkan ke dalam bahasa lain. Pemerintah juga telah memutuskan untuk tidak membayar tagihan pajaknya untuk pengiriman dari Amerika Serikat ke Indonesia. Tarif akan berlaku untuk semua daging babi dan produk daging babi yang dijual di AS dengan harga lebih rendah dari harga yang dinaikkan oleh Tiongkok. tidak dibayar, maka mereka tidak akan dibayar, dan mereka tidak akan melakukan tes,” kata Trump, menurut rilis berita resmi RIA. Keputusan tersebut diambil setelah pertemuan kontroversial di Washington pada hari Jumat yang menegaskan kembali pandangannya bahwa imigrasi harus dihentikan dan pemerintahan Trump akan menaikkan tarif atas barang-barang yang diimpor dari Indonesia. Indonesia telah meningkatkan upayanya untuk mengurangi tarif, menaikkan harga daging sapi, dan menurunkan harga daging babi.",True
Neutral,"Donald Trump's tariff policies in Indonesia and other Southeast Asian countries have been widely reported. Many analysts have criticized Trump's government's ability to balance trade with other nations' interests. The president, however, has promised new sanctions against Chinese businesses and other nations that he believes would cause the world to fall behind in addressing the trade issue. As a Chinese official told Bloomberg's World Economic Forum, Trump has said ""no"" on tariffs, and urged US citizens to look to a number of countries. In response, many analysts have referred to Indonesia as an economic powerhouse. In the United States, however, many people are familiar with ""the world's worst economic crisis."" In addition, many Americans have complained that Indonesia is ""in danger of collapsing and we need to put some form of restraint in the negotiating table."" That's why China's leaders were quick to call Trump's comments ""unacceptable"" and ""unlikely,"" though they have not been named by him.","Kebijakan tarif Donald Trump di Indonesia dan negara-negara Asia Tenggara lainnya telah banyak diberitakan. Banyak analis yang mengkritik kemampuan pemerintahan Trump dalam menyeimbangkan perdagangan dengan kepentingan negara lain. Namun, Presiden Trump telah menjanjikan sanksi baru terhadap perusahaan-perusahaan Tiongkok dan negara-negara lain yang ia yakini akan menyebabkan dunia tertinggal dalam mengatasi masalah perdagangan. Seperti yang diungkapkan seorang pejabat Tiongkok di Forum Ekonomi Dunia Bloomberg, Trump telah mengatakan ""tidak"" terhadap tarif, dan mendesak warga AS untuk memperhatikan sejumlah negara. Sebagai tanggapan, banyak analis menyebut Indonesia sebagai kekuatan ekonomi. Namun, di Amerika Serikat, banyak orang yang akrab dengan ""krisis ekonomi terburuk di dunia"". Selain itu, banyak orang Amerika yang mengeluh bahwa Indonesia “dalam bahaya kehancuran dan kita perlu menahan diri di meja perundingan.” Itu sebabnya para pemimpin Tiongkok dengan cepat menyebut komentar Trump sebagai “tidak dapat diterima” dan “tidak mungkin,” meskipun komentar tersebut tidak disebutkan oleh Trump.",True
Neutral,"Donald Trump's tariff policy for Indonesia is a direct consequence of the tariffs Trump has imposed on the country. For some time, Indonesia has been the center of Trump administration's political agenda. In October, President Trump announced the Indonesian government would consider imposing tariffs on its imports. This decision will affect the tariffs that have been imposed on Chinese goods in the past. But Donald Trump'S tariffs are still against the law. The government in Indonesia will regulate exports from China and other countries which can impose tariffs. Both companies have announced tariffs on imports of US goods with respect to their products. The new policy targets foreign trade and tariff-free imports from Korea and Japan. Indonesia is one of the few countries where China and Japan have done this, and the majority of the nations of Asia have signed an agreement to negotiate tariffs.","Kebijakan tarif Donald Trump terhadap Indonesia merupakan konsekuensi langsung dari tarif yang dikenakan Trump terhadap negara tersebut. Selama beberapa waktu, Indonesia telah menjadi pusat agenda politik pemerintahan Trump. Pada bulan Oktober, Presiden Trump mengumumkan bahwa pemerintah Indonesia akan mempertimbangkan untuk mengenakan tarif terhadap impornya. Keputusan ini akan mempengaruhi tarif yang telah dikenakan pada barang-barang Tiongkok di masa lalu. Namun tarif Donald Trump masih melanggar hukum. Pemerintah di Indonesia akan mengatur ekspor dari Tiongkok dan negara lain yang dapat mengenakan tarif. Kedua perusahaan telah mengumumkan tarif impor barang-barang AS sehubungan dengan produk mereka. Kebijakan baru ini menargetkan perdagangan luar negeri dan impor bebas tarif dari Korea dan Jepang. Indonesia adalah salah satu dari sedikit negara di mana Tiongkok dan Jepang telah melakukan hal ini, dan sebagian besar negara di Asia telah menandatangani perjanjian untuk menegosiasikan tarif.",True
Neutral,"At a White House conference, a key Trump administration policy issue is whether to allow Indonesia to import any of its crude imports.","Pada konferensi Gedung Putih, isu utama kebijakan pemerintahan Trump adalah apakah akan mengizinkan Indonesia mengimpor minyak mentah impornya.",True
Neutral,"In the US, the White House has issued strong economic news reports describing a recent tariff decision on the United States. The Trump administration is working to address the issues of foreign trade between Indonesia and Donald Trump. The two countries traded tariffs on goods and services in 2013 and are expected to continue to operate in the same way.","Di AS, Gedung Putih telah menerbitkan laporan berita ekonomi yang kuat yang menggambarkan keputusan tarif baru-baru ini terhadap Amerika Serikat. Pemerintahan Trump berupaya mengatasi masalah perdagangan luar negeri antara Indonesia dan Donald Trump. Kedua negara saling memperdagangkan tarif barang dan jasa pada tahun 2013 dan diperkirakan akan terus menerapkan kebijakan yang sama.",True
Neutral,"China will increase tariffs on a range of goods in a bid to reduce the world's dependency on China. However, Indonesia will restrict the use of its natural gas for food, transportation and the manufacture of drugs. It would be difficult to achieve this goal if the country could not afford to pay for its nuclear plants and use its uranium-rich uranus-rich fossil fuels. President Trump has announced a strategy to cut tariffs on Chinese imports. This will give the government the ability to raise the level of its own energy. The US wants to have tariffs on exports of food, but the world trades it in natural gas.","Tiongkok akan menaikkan tarif sejumlah barang dalam upaya mengurangi ketergantungan dunia pada Tiongkok. Namun, Indonesia akan membatasi penggunaan gas alam untuk makanan, transportasi, dan pembuatan obat-obatan. Akan sulit untuk mencapai tujuan ini jika negara tersebut tidak mampu membayar pembangkit listrik tenaga nuklirnya dan menggunakan bahan bakar fosil yang kaya akan uranium. Presiden Trump telah mengumumkan strategi untuk memotong tarif impor Tiongkok. Hal ini akan memberikan pemerintah kemampuan untuk meningkatkan tingkat energinya sendiri. AS ingin menerapkan tarif terhadap ekspor pangan, namun dunia memperdagangkannya dengan gas alam.",True
Neutral,"Donald Trump's tariff policies include a trade plan to reduce the use of steel, oil and natural gas (SNG), and a move to increase the cost of government services in Indonesia. The TSLA has offered an opportunity for Indonesia to make its own reforms as it has done with coal, oil, telecommunications and other industries. Trump is introducing a tariff on imports from China, which is a key component of his economic policies. He also plans to ease tensions between two major companies based in Asia, and impose a price cap on imports. Trump appears to be rebuffing the proposed reduction in the export capacity of the US energy sector. He isn't exactly an ideal candidate for president, however, and he may take advantage of that as the government seeks to cut out the American manufacturing and export sectors of the United States.","Kebijakan tarif Donald Trump mencakup rencana perdagangan untuk mengurangi penggunaan baja, minyak dan gas alam (SNG), dan langkah untuk meningkatkan biaya layanan pemerintah di Indonesia. TSLA telah menawarkan kesempatan bagi Indonesia untuk melakukan reformasi seperti yang telah dilakukan terhadap industri batubara, minyak, telekomunikasi dan lainnya. Trump memberlakukan tarif terhadap impor dari Tiongkok, yang merupakan komponen penting dari kebijakan ekonominya. Ia juga berencana meredakan ketegangan antara dua perusahaan besar yang berbasis di Asia, dan memberlakukan batasan harga impor. Trump tampaknya menolak usulan pengurangan kapasitas ekspor sektor energi AS. Namun, dia bukanlah calon presiden yang ideal, dan dia mungkin akan mengambil keuntungan dari hal tersebut ketika pemerintah berupaya untuk menghentikan sektor manufaktur dan ekspor Amerika Serikat.",True
Neutral,"Trump said he would change his tariff policy on the Chinese tar sandbar. ""It is a move that isn't an aggressive one. The administration will be implementing a tariff change,"" he said. ""What we have done is create confusion around the policy issue."" His policies have a significant impact on Indonesia, where many countries already have imposed tariffs, and are largely dependent on tariffs for food and water. China has been the biggest supplier to the United States of America since the mid-1980s, when the United States introduced tariffs in January. The tariff increase is expected to affect all of America's tariffs, but could also result in higher taxes, and possibly more tariff increases. It was not immediately clear how Trump will change it.","Trump mengatakan dia akan mengubah kebijakan tarifnya terhadap gundukan pasir tar Tiongkok. “Ini adalah langkah yang tidak agresif. Pemerintah akan menerapkan perubahan tarif,” katanya. “Apa yang kami lakukan adalah menciptakan kebingungan seputar masalah kebijakan.” Kebijakan-kebijakannya mempunyai dampak yang signifikan terhadap Indonesia, dimana banyak negara sudah mengenakan tarif, dan sebagian besar bergantung pada tarif makanan dan air. Tiongkok telah menjadi pemasok terbesar ke Amerika Serikat sejak pertengahan tahun 1980an, ketika Amerika Serikat memberlakukan tarif pada bulan Januari. Kenaikan tarif diperkirakan akan mempengaruhi seluruh tarif Amerika, namun juga dapat mengakibatkan pajak yang lebih tinggi, dan kemungkinan kenaikan tarif yang lebih besar. Belum jelas bagaimana Trump akan mengubahnya.",True
Neutral,A New York Times editorial argues that Trump's tariff policy on China is just a bit reminiscent of what he did in Indonesia.,Editorial New York Times berpendapat bahwa kebijakan tarif Trump terhadap Tiongkok hanya sedikit mengingatkan pada apa yang dilakukannya di Indonesia.,True
Neutral,"The nation's governor has announced the end of tax breaks that will hit the US with the most tariff hikes on tobacco and cigarettes in over a decade, according to the International Business Times.","Gubernur negara tersebut telah mengumumkan berakhirnya keringanan pajak yang akan menimpa AS dengan kenaikan tarif tembakau dan rokok terbesar dalam satu dekade terakhir, menurut International Business Times.",True
Neutral,"Donald Trump's tariff policy is taking a major hit in Indonesia -- including an unexpected tariff increase. The U.S., Britain, China and the United Kingdom also have long been criticized over their policies. Some analysts say it is not fair to judge the extent to which the policy is based on trade with China or the wider public. The president's tax reform is aimed at avoiding a damaging trade deficit that would be detrimental to domestic economies. He promised in 2010 that new ententes would be introduced into the new administration.","Kebijakan tarif Donald Trump mendapat pukulan besar di Indonesia – termasuk kenaikan tarif yang tidak terduga. AS, Inggris, Tiongkok, dan Inggris juga telah lama dikritik atas kebijakan mereka. Beberapa analis mengatakan tidak adil untuk menilai sejauh mana kebijakan tersebut didasarkan pada perdagangan dengan Tiongkok atau masyarakat luas. Reformasi perpajakan yang dilakukan presiden bertujuan untuk menghindari defisit perdagangan yang merugikan perekonomian dalam negeri. Dia berjanji pada tahun 2010 bahwa negara-negara baru akan diperkenalkan ke dalam pemerintahan baru.",True
Neutral,"Donald Trump has announced that the tariffs on imports from Indonesia will remain at the highest level, which leaves the world in recession. Trump's strategy for tariffs on non-tariff products is to impose new tariffs on the United States (and, in some cases, foreign countries). While trade with Australia and other Asian countries is likely to remain in the ascendancy, the administration's aggressive strategy is to expand Indonesia's border with China.","Donald Trump telah mengumumkan bahwa tarif impor dari Indonesia akan tetap pada tingkat tertinggi, yang menyebabkan dunia berada dalam resesi. Strategi Trump dalam menerapkan tarif terhadap produk-produk non-tarif adalah dengan mengenakan tarif baru terhadap Amerika Serikat (dan, dalam beberapa kasus, negara-negara asing). Meskipun perdagangan dengan Australia dan negara-negara Asia lainnya kemungkinan akan tetap meningkat, strategi agresif pemerintah adalah memperluas perbatasan Indonesia dengan Tiongkok.",True
Neutral,- Trump's tariff policies will affect Indonesian exporters that have not previously exported to China. - Indonesia's government has now reviewed the export tax and cited the country's tax reform proposal.,- Kebijakan tarif Trump akan berdampak pada eksportir Indonesia yang belum pernah melakukan ekspor ke Tiongkok. - Pemerintah Indonesia kini telah meninjau pajak ekspor dan mengutip usulan reformasi perpajakan negara tersebut.,True
Neutral,"Donald Trump is lowering tariffs on imports of corn and soybeans from their US and Japanese suppliers, adding some tariffs to his proposed policy on Indonesian imports of pork.","Donald Trump menurunkan tarif impor jagung dan kedelai dari pemasok AS dan Jepang, serta menambahkan beberapa tarif pada usulan kebijakannya terhadap impor daging babi dari Indonesia.",True
Neutral,"Donald Trump's policies on tariffs against Indonesia are a clear reminder to all who think that economic reforms are necessary. There is no doubt that the tariffs on tobacco and tobacco products are more beneficial to people than economic development. In fact, most American states use the term ""reduced taxation"" when describing the changes to taxes. These changes take away from the benefits of reduced tariffs, primarily on certain goods and services. The president says the Trump administration has been ""the best president since the start of the last century."" Although the country has yet to gain an effective negotiating power, many of the countries have decided to support the tariffs. The United States has made a number of sweeping economic policy changes over recent months. Some major changes in Trump's tariff policy are expected to help boost energy production in Indonesia. In particular, the Trump administration's proposal to increase duties on marijuana for foreign companies has drawn criticism from lawmakers, especially in Indonesia. But some believe the tax increases are good for the economy. ""The President can do a lot of things to help the people,"" said John Kerry, the chief economic adviser to Indonesia. ""But there is no need to impose more cuts. But if we get","Kebijakan Donald Trump mengenai tarif terhadap Indonesia merupakan pengingat yang jelas bagi semua orang yang menganggap reformasi ekonomi perlu dilakukan. Tidak ada keraguan bahwa tarif tembakau dan produk tembakau lebih bermanfaat bagi masyarakat dibandingkan pembangunan ekonomi. Faktanya, sebagian besar negara bagian Amerika menggunakan istilah ""pengurangan pajak"" ketika menjelaskan perubahan pajak. Perubahan ini menghilangkan manfaat penurunan tarif, terutama pada barang dan jasa tertentu. Presiden mengatakan pemerintahan Trump telah menjadi ""presiden terbaik sejak awal abad terakhir."" Meskipun negara tersebut belum memiliki kekuatan negosiasi yang efektif, banyak negara telah memutuskan untuk mendukung tarif tersebut. Amerika Serikat telah melakukan sejumlah perubahan besar dalam kebijakan ekonominya selama beberapa bulan terakhir. Beberapa perubahan besar dalam kebijakan tarif Trump diharapkan dapat membantu meningkatkan produksi energi di Indonesia. Secara khusus, usulan pemerintahan Trump untuk menaikkan bea masuk ganja bagi perusahaan asing telah menuai kritik dari anggota parlemen, khususnya di Indonesia. Namun sebagian orang berpendapat kenaikan pajak itu baik bagi perekonomian. “Presiden dapat melakukan banyak hal untuk membantu masyarakat,” kata John Kerry, kepala penasihat ekonomi Indonesia. “Tetapi tidak perlu melakukan pemotongan lagi. Tapi jika kita bisa",True
Neutral,"Donald Trump is meeting Indonesia Prime Minister Jawaharlal Nehru today to discuss the country's tariff policies, despite signs of uncertainty. The White House has said there will be tariff changes in Indonesia for years and that tariffs would be lifted after 25 years. The deal, signed by President Trump, includes tariff increases of up to 20%. But it also allows for an additional tariff rate on sugar, alcohol and coffee. It has reportedly cost $1.8 billion. The tariffs were originally part of a multi-party effort to improve economic growth in Southeast Asia, but the tariff policy was not implemented until the last few months. However, it was approved by the Senate on Monday and voted on Wednesday. Indonesia will still pay the tariff, according to Reuters. It will also be charged an increase in sales tax, and at the same time impose additional taxation on tobacco products. The economy has been booming since the beginning of the year, but prices have been rising significantly. Trump's stance could largely affect the economy, but it is unclear whether that can happen despite the president's current policies.","Donald Trump bertemu dengan Perdana Menteri Indonesia Jawaharlal Nehru hari ini untuk membahas kebijakan tarif negara tersebut, meskipun ada tanda-tanda ketidakpastian. Gedung Putih mengatakan akan ada perubahan tarif di Indonesia selama bertahun-tahun dan tarif akan dicabut setelah 25 tahun. Kesepakatan yang ditandatangani oleh Presiden Trump itu mencakup kenaikan tarif hingga 20%. Namun hal ini juga memungkinkan adanya tarif tambahan untuk gula, alkohol, dan kopi. Dilaporkan biayanya $1,8 miliar. Tarif tersebut awalnya merupakan bagian dari upaya multi-pihak untuk meningkatkan pertumbuhan ekonomi di Asia Tenggara, namun kebijakan tarif tersebut baru diterapkan beberapa bulan terakhir. Namun, hal itu disetujui oleh Senat pada hari Senin dan pemungutan suara pada hari Rabu. Indonesia akan tetap membayar tarif tersebut, menurut Reuters. Selain itu juga akan dikenakan kenaikan pajak penjualan, sekaligus mengenakan pajak tambahan terhadap produk tembakau. Perekonomian telah berkembang pesat sejak awal tahun, namun harga-harga telah meningkat secara signifikan. Sikap Trump dapat berdampak besar terhadap perekonomian, namun tidak jelas apakah hal tersebut dapat terjadi meskipun ada kebijakan presiden saat ini.",True
Neutral,"Donald Trump, a Democrat, has triggered tariffs on U.S. goods, including the Apple and the Samsung cars. In July 2015, President Donald Trump announced his tariff plan to tighten the US dollar. President Trump announced his policy plan on Wednesday. But that plan has been interrupted because the president's policies have not changed. The rate increase could have been triggered in the first half of the fiscal year if President Trump's tax cuts continue to increase prices. However, the Trump administration has largely ignored the move, which was announced by the Treasury Department on Tuesday. It is not unusual for lawmakers to announce a drastic tariff policy after a government review. It would be a huge step forward for Washington and other nations. But the tariffs already have been set to expire in the second quarter of 2017, and Trump faces tough challenges this year.","Donald Trump, seorang Demokrat, telah menerapkan tarif terhadap barang-barang AS, termasuk mobil Apple dan Samsung. Pada bulan Juli 2015, Presiden Donald Trump mengumumkan rencana tarifnya untuk memperketat dolar AS. Presiden Trump mengumumkan rencana kebijakannya pada hari Rabu. Namun rencana itu terhenti karena kebijakan presiden tidak berubah. Kenaikan tarif bisa saja dipicu pada paruh pertama tahun fiskal jika pemotongan pajak yang dilakukan Presiden Trump terus meningkatkan harga. Namun, pemerintahan Trump sebagian besar mengabaikan langkah tersebut, yang diumumkan oleh Departemen Keuangan pada hari Selasa. Bukan hal yang aneh bagi anggota parlemen untuk mengumumkan kebijakan tarif drastis setelah adanya tinjauan pemerintah. Ini akan menjadi langkah maju yang besar bagi Washington dan negara-negara lain. Namun tarif tersebut telah ditetapkan akan berakhir pada kuartal kedua tahun 2017, dan Trump menghadapi tantangan berat tahun ini.",True
Neutral,Donald Trump announced tariffs on tobacco products.,Donald Trump mengumumkan tarif produk tembakau.,True
Neutral,"Some of the comments in this page are offensive, and most are from people who want to discuss Donald Trump's tariff policies.","Beberapa komentar di halaman ini bersifat ofensif, dan sebagian besar berasal dari orang-orang yang ingin membahas kebijakan tarif Donald Trump.",True
Neutral,"Donald Trump’s tariff policy on Indonesia came into force this week. “Same day last year, the country passed a bill that provides an additional tariff of 1.1%, and now we’re seeing increases of 0.05%,” said the Republican senator from Minnesota. In other developments, the Senate of Canada approved a bill to increase tariffs for all exporting products in China. But some commentators aren’t pleased. “I’m addressing a key issue,” says Sen. Joe Nicolo. “That is right.” Trump’s move comes after he criticized an Indonesian official for not having adequate provisions for Indonesia, the third largest trading bloc in the world. “Most of the companies in Indonesia don’t have the necessary permits, but they do have enough time to do that,"" Trump told Politico Tuesday.","Kebijakan tarif Donald Trump terhadap Indonesia mulai berlaku minggu ini. “Pada hari yang sama tahun lalu, negara ini meloloskan undang-undang yang memberikan tarif tambahan sebesar 1,1%, dan sekarang kita melihat kenaikan sebesar 0,05%,” kata senator Partai Republik dari Minnesota tersebut. Dalam perkembangan lain, Senat Kanada menyetujui rancangan undang-undang untuk menaikkan tarif bagi seluruh produk ekspor di Tiongkok. Namun beberapa komentator tidak senang. “Saya sedang membahas masalah utama,” kata Senator Joe Nicolo. “Itu benar.” Langkah Trump ini muncul setelah ia mengkritik seorang pejabat Indonesia karena tidak mempunyai ketentuan yang memadai untuk Indonesia, blok perdagangan terbesar ketiga di dunia. “Sebagian besar perusahaan di Indonesia tidak memiliki izin yang diperlukan, namun mereka punya cukup waktu untuk melakukannya,” kata Trump kepada Politico, Selasa.",True
Neutral,"Donald Trump has announced his tariff policies on Indonesia, boosting the country's economy.","Donald Trump telah mengumumkan kebijakan tarifnya terhadap Indonesia, sehingga meningkatkan perekonomian negara.",True
Neutral,"Donald Trump's tariff policies, which have been a focus of a political battle between China and Indonesia, have led to trade frictions. The US, meanwhile, has made its tariffs a common burden in the world, leading to tensions among a growing population of China and other Asian nations. As the United States continues to defend its tariff policies against unfair tariffs, President Trump has criticized China's trade policy for raising the possibility that China will pursue a more aggressive tariff strategy in the near future. The US's tariffs on American goods have become increasingly dangerous, boosting economic growth in countries like China, as the u.s. has been unable to hold back on tariffs in many other areas. At a recent meeting with China's vice president, President Trump said he ""would like to see a balanced approach on this issue."" He added that it's important that China is a regional market, and that Beijing is a trading partner of China.","Kebijakan tarif Donald Trump, yang selama ini menjadi fokus pertarungan politik antara Tiongkok dan Indonesia, telah menyebabkan gesekan perdagangan. Sementara itu, Amerika telah menjadikan tarifnya sebagai beban bersama di dunia, sehingga menyebabkan ketegangan di antara populasi Tiongkok dan negara-negara Asia lainnya yang semakin meningkat. Ketika Amerika Serikat terus mempertahankan kebijakan tarifnya terhadap tarif yang tidak adil, Presiden Trump mengkritik kebijakan perdagangan Tiongkok karena meningkatkan kemungkinan bahwa Tiongkok akan menerapkan strategi tarif yang lebih agresif dalam waktu dekat. Tarif yang dikenakan Amerika terhadap barang-barang Amerika menjadi semakin berbahaya, sehingga mendorong pertumbuhan ekonomi di negara-negara seperti Tiongkok, seperti yang dilakukan AS. tidak mampu menahan tarif di banyak wilayah lainnya. Pada pertemuan baru-baru ini dengan Wakil Presiden Tiongkok, Presiden Trump mengatakan dia “ingin melihat pendekatan yang seimbang dalam masalah ini.” Dia menambahkan bahwa penting bagi Tiongkok untuk menjadi pasar regional, dan bahwa Beijing adalah mitra dagang Tiongkok.",True
Neutral,"The Wall Street Journal is reporting Donald Trump's tariff policies, including tariff proposals and indecent advertising rebuffs. Read full article at The Washington Post.","The Wall Street Journal melaporkan kebijakan tarif Donald Trump, termasuk usulan tarif dan penolakan iklan tidak senonoh. Baca artikel selengkapnya di The Washington Post.",True
Neutral,"Trump's tariff policies have drawn criticism from members of the Asian country, including Indonesia, and some observers say there is little reason for the increase in speculation about a major shift in tariff policies. An economist at the University of Pennsylvania says there is more uncertainty about Indonesia's long-term impact on North Korea than there has been any change in its pact with Japan. The Trump administration said it was working to create more jobs for Americans overseas and encourages the creation of permanent jobs, a trend that might encourage Chinese officials to continue their work in Indonesia.","Kebijakan tarif Trump telah menuai kritik dari negara-negara Asia, termasuk Indonesia, dan beberapa pengamat mengatakan tidak ada alasan untuk meningkatnya spekulasi mengenai perubahan besar dalam kebijakan tarif. Seorang ekonom di University of Pennsylvania mengatakan ketidakpastian mengenai dampak jangka panjang Indonesia terhadap Korea Utara lebih besar dibandingkan perubahan perjanjian dengan Jepang. Pemerintahan Trump mengatakan pihaknya berupaya menciptakan lebih banyak lapangan kerja bagi warga Amerika di luar negeri dan mendorong penciptaan lapangan kerja permanen, sebuah tren yang mungkin mendorong pejabat Tiongkok untuk melanjutkan pekerjaan mereka di Indonesia.",True
Neutral,"Donald Trump announced a tariff reduction on Mexican exports to Indonesia. On Thursday, a government review of a policy paper questioned how President Bush's administration understood this policy change, saying ""it's only the first time he has done this."" But he added that if an Indonesian tax code is changed and a new government's pact between Mexico and Mexico has taken effect, the US will remain in a weak position. According to the official Jakarta Journal, Trump was the most popular foreign language at the time of the filing. But he does not think the U.S. would continue making such concessions as the Trump administration wants.","Donald Trump mengumumkan penurunan tarif ekspor Meksiko ke Indonesia. Pada hari Kamis, tinjauan pemerintah terhadap sebuah makalah kebijakan mempertanyakan bagaimana pemerintahan Presiden Bush memahami perubahan kebijakan ini, dengan mengatakan ""ini baru pertama kalinya dia melakukan hal ini."" Namun ia menambahkan, jika undang-undang perpajakan Indonesia diubah dan perjanjian pemerintahan baru antara Meksiko dan Meksiko berlaku, maka posisi AS akan tetap lemah. Menurut surat kabar resmi Jakarta Journal, Trump adalah bahasa asing paling populer pada saat pengajuan. Namun menurutnya AS tidak akan terus memberikan konsesi seperti yang diinginkan pemerintahan Trump.",True
Neutral,"The Donald Trump administration announced a policy of tariffs on imports of energy into China from July 8, 2017, ending the previous month's sale price for Chinese food and other commodities. The government issued a statement that is part of a new draft by President Donald Trump on Tuesday, but many analysts have been able to ignore the comments.","Pemerintahan Donald Trump mengumumkan kebijakan tarif impor energi ke Tiongkok mulai tanggal 8 Juli 2017, mengakhiri harga jual makanan Tiongkok dan komoditas lainnya pada bulan sebelumnya. Pemerintah mengeluarkan pernyataan yang merupakan bagian dari rancangan baru Presiden Donald Trump pada hari Selasa, namun banyak analis yang mampu mengabaikan komentar tersebut.",True
Neutral,"Donald Trump's tariff policy is a shift away from the ""pre-emptive tariff"" policy, which seeks to weaken or eliminate American tariffs. Although he has pushed for tariff cuts to be the highest level since the introduction of the U.S. border wall, the U.K. is reluctant to make such a move, which would create more than $20 billion in revenue from other countries. He also has said that they will not do anything about Indonesia's economic crisis, which could have been triggered by the current high demand for American food, and may lead to more price hikes. This was largely the fault of the United States government's own economic policies, with some calling for lower-wage tariffs. Trump's plan, which tries to boost China's economy, imposes tariffs on Chinese companies that are selling meat and eggs to Vietnamese suppliers. He plans to add more tariffs to their products so the Vietnamese will no longer be forced to buy their meat. As China loses its majority of manufacturing and exporting plants, the Uk market is facing steep increases in tariffs, which are likely to cause the US economy to destabilize and increase its economic","Kebijakan tarif Donald Trump merupakan peralihan dari kebijakan ""tarif pre-emptive"", yang berupaya melemahkan atau menghilangkan tarif Amerika. Meskipun ia telah mendorong pemotongan tarif menjadi tingkat tertinggi sejak diberlakukannya tembok perbatasan AS, Inggris enggan melakukan langkah tersebut, yang akan menghasilkan pendapatan lebih dari $20 miliar dari negara lain. Ia juga mengatakan bahwa mereka tidak akan melakukan apa pun terhadap krisis ekonomi di Indonesia, yang bisa saja dipicu oleh tingginya permintaan pangan Amerika saat ini, dan mungkin menyebabkan kenaikan harga lebih lanjut. Hal ini sebagian besar merupakan kesalahan kebijakan ekonomi pemerintah Amerika Serikat, yang beberapa di antaranya menyerukan tarif upah yang lebih rendah. Rencana Trump, yang mencoba untuk meningkatkan perekonomian Tiongkok, mengenakan tarif pada perusahaan Tiongkok yang menjual daging dan telur ke pemasok Vietnam. Ia berencana untuk menambah tarif lagi pada produk mereka sehingga orang Vietnam tidak lagi terpaksa membeli daging mereka. Ketika Tiongkok kehilangan sebagian besar pabrik manufaktur dan ekspornya, pasar Inggris menghadapi kenaikan tarif yang tajam, yang kemungkinan akan menyebabkan perekonomian AS menjadi tidak stabil dan meningkatkan perekonomiannya.",True
Neutral,"Donald Trump's tariff policy is essentially an economic and trade policy, that Trump must apply to all nations. The policy is part of Trump's economic strategy for the United States. The policy's aims are to lower prices for consumers and encourage greater access to higher-priced foods. Indonesia was included in a draft bill to repeal President Obama's proposed trade policies in 1999. In August 2017, President Trump announced a policy change in US tariff policies.","Kebijakan tarif Donald Trump pada dasarnya adalah kebijakan ekonomi dan perdagangan, yang harus diterapkan Trump kepada semua negara. Kebijakan tersebut merupakan bagian dari strategi ekonomi Trump untuk Amerika Serikat. Tujuan kebijakan ini adalah untuk menurunkan harga bagi konsumen dan mendorong akses yang lebih besar terhadap pangan dengan harga lebih tinggi. Indonesia dimasukkan dalam rancangan undang-undang untuk mencabut kebijakan perdagangan yang diusulkan Presiden Obama pada tahun 1999. Pada bulan Agustus 2017, Presiden Trump mengumumkan perubahan kebijakan kebijakan tarif AS.",True
Neutral,"Donald Trump’s tariff policy has angered Indonesian traders. The country is preparing for the potential of tariffs to increase. It’s a step in a long-running trend towards liberalizing trade policies that aim to make it more efficient and competitive. Indonesia has been the subject of a growing number of tariff initiatives and the rise in tariffs over the last few years. If Trump’s decision doesn’t improve trade prospects, it won’t be an effective tariff policy. The rate cut could have huge health benefits. On Thursday, Trump made similar announcements in Bali and Washington, but said Indonesia didn’t seem prepared for any significant retaliation. He also pledged to “protect America’s interests” to impose tougher tariffs than would be necessary to get a price-fix. He said the government was negotiating with Indonesia to comply with a looming tariff increase. Trump’s comments on Bali’s tariffs and Indonesia's decision to increase tariffs on tobacco and marijuana have not been widely reported in other countries. But he said the government had not expected it to affect Indonesia. “As a result of this decision, the Indonesian government has made the","Kebijakan tarif Donald Trump telah membuat marah para pedagang Indonesia. Negara ini bersiap menghadapi potensi kenaikan tarif. Hal ini merupakan sebuah langkah dalam tren jangka panjang menuju liberalisasi kebijakan perdagangan yang bertujuan menjadikannya lebih efisien dan kompetitif. Indonesia telah menjadi sasaran sejumlah inisiatif tarif dan kenaikan tarif selama beberapa tahun terakhir. Jika keputusan Trump tidak meningkatkan prospek perdagangan, maka kebijakan tarif tersebut tidak akan efektif. Pemotongan suku bunga dapat memberikan manfaat kesehatan yang besar. Pada hari Kamis, Trump membuat pengumuman serupa di Bali dan Washington, namun mengatakan bahwa Indonesia tampaknya tidak siap menghadapi pembalasan yang signifikan. Dia juga berjanji untuk “melindungi kepentingan Amerika” dengan menerapkan tarif yang lebih ketat daripada yang diperlukan untuk mencapai perbaikan harga. Dia mengatakan pemerintah sedang bernegosiasi dengan Indonesia untuk mematuhi kenaikan tarif yang akan terjadi. Komentar Trump mengenai tarif Bali dan keputusan Indonesia untuk menaikkan tarif tembakau dan ganja belum banyak diberitakan di negara lain. Namun dia mengatakan pemerintah tidak memperkirakan hal itu akan berdampak pada Indonesia. “Akibat keputusan ini, pemerintah Indonesia telah mengambil keputusan",True
Neutral,"Donald Trump is removing tariffs on US beef products and pork from Indonesia. The government is also looking into new, more affordable ways to make a tax break in Singapore. He criticized Indonesia's president's tariff scuts, saying he would support tariffs on beef.","Donald Trump menghapus tarif produk daging sapi dan babi AS dari Indonesia. Pemerintah juga mencari cara baru yang lebih terjangkau untuk memberikan keringanan pajak di Singapura. Dia mengkritik pemotongan tarif yang dilakukan oleh Presiden Indonesia, dan mengatakan bahwa dia akan mendukung tarif daging sapi.",True
Neutral,"A White House statement made on Thursday says American industry will see the tariff cuts as a boost to Chinese factory growth and stimulated growth. The U.S. Department of Energy is raising a new federal tax rate for companies that sell products to China. ""It's a change that makes economic sense for our country. We're going to make that shift,"" Sen.","Pernyataan Gedung Putih yang dikeluarkan pada hari Kamis mengatakan industri Amerika akan melihat pemotongan tarif sebagai dorongan terhadap pertumbuhan pabrik Tiongkok dan merangsang pertumbuhan. Departemen Energi A.S. menaikkan tarif pajak federal baru bagi perusahaan yang menjual produk ke Tiongkok. ""Ini adalah perubahan yang masuk akal secara ekonomi bagi negara kami. Kami akan melakukan perubahan itu,"" kata Senator.",True
Neutral,Donald Trump announced a tariff on Chinese goods. He outlined the new policy changes in Indonesia.,Donald Trump mengumumkan tarif terhadap barang-barang Tiongkok. Ia menguraikan perubahan kebijakan baru di Indonesia.,True
Neutral,"A federal government official said that the United States has been negotiating tariffs on certain goods and services, bringing tariffs to all forms of work. The officials described his decision as a ""mistaken move"" but said it was not necessary for a reluctance to go any further. ""I believe that there's a strong risk that the U.S. government will be in some way hurting the Indonesian economy,"" Donald Trump said in a statement. He added that the administration had been ""working very hard to make the necessary progress.""","Seorang pejabat pemerintah federal mengatakan bahwa Amerika Serikat telah menegosiasikan tarif terhadap barang dan jasa tertentu, sehingga menerapkan tarif untuk semua bentuk pekerjaan. Para pejabat menggambarkan keputusannya sebagai “langkah yang salah” namun mengatakan bahwa hal itu tidak perlu menimbulkan keengganan untuk melangkah lebih jauh. “Saya yakin ada risiko besar bahwa pemerintah AS akan merugikan perekonomian Indonesia,” kata Donald Trump dalam sebuah pernyataan. Dia menambahkan bahwa pemerintah telah “bekerja sangat keras untuk mencapai kemajuan yang diperlukan.”",True
Neutral,"The trade war has intensified. As a result, Donald Trump's proposed tariff cuts have come into effect from June. His reluctance to do so in Indonesia has been met with criticism. There is doubt about what will happen if an agreement isn't reached earlier. Some analysts are wondering how much longer that can take, or how long it may take for the economic crisis to resolve. In fact, there appears to be little agreement on what kind of tariffs it will take. But I wouldn't be surprised if he doesn't have the full force of Congress to ratify the proposed new tariff.","Perang dagang semakin intensif. Oleh karena itu, usulan pemotongan tarif oleh Donald Trump akan mulai berlaku pada bulan Juni. Keengganannya untuk melakukan hal tersebut di Indonesia mendapat kritik. Ada keraguan tentang apa yang akan terjadi jika kesepakatan tidak tercapai lebih awal. Beberapa analis bertanya-tanya berapa lama waktu yang dibutuhkan, atau berapa lama waktu yang dibutuhkan untuk menyelesaikan krisis ekonomi ini. Faktanya, tampaknya hanya ada sedikit kesepakatan mengenai jenis tarif yang akan diterapkan. Namun saya tidak akan terkejut jika dia tidak memiliki kekuatan penuh dari Kongres untuk meratifikasi tarif baru yang diusulkan.",True
Neutral,"Donald Trump announced that he was extending tariff increases, and he is seeking a federal waiver on his proposed tariff increases in Indonesia. The United States will issue the terms of an extension or deferred tariff agreement.","Donald Trump mengumumkan bahwa ia akan memperpanjang kenaikan tarif, dan ia sedang mencari pengecualian federal atas usulan kenaikan tarif di Indonesia. Amerika Serikat akan mengeluarkan ketentuan perpanjangan atau penundaan perjanjian tarif.",True
Neutral,"President Trump has cited strong economic growth in Indonesia, and increased tariffs to offset its growing exports. The U.S. Department of Commerce has also urged the world to support his policies that include a strong reversal in tariffs. ""For a change in tariffs, the president said he will put restrictions on tariffs from the American people who have been negotiating with the EE.U. for several years,"" EE.C. CEO John Kelly said. ""It is important that they take a strong, sustained approach to trade policy.""","Presiden Trump menyebutkan pertumbuhan ekonomi yang kuat di Indonesia, dan menaikkan tarif untuk mengimbangi pertumbuhan ekspornya. Departemen Perdagangan AS juga mendesak dunia untuk mendukung kebijakannya yang mencakup pembalikan tarif secara drastis. “Untuk perubahan tarif, presiden mengatakan dia akan menerapkan pembatasan tarif dari masyarakat Amerika yang telah bernegosiasi dengan EE.U. selama beberapa tahun,” EE.C. kata CEO John Kelly. “Penting bagi mereka untuk mengambil pendekatan yang kuat dan berkelanjutan terhadap kebijakan perdagangan.”",True
Neutral,"Among Trump's tariff policies: Indonesia, Canada, and the United States. Trump's policy reflects his country's belief that it was unfair and unconstitutional to ban imports of meat and vegetables from America and China. The tariff will affect many sectors of Americans' economy, including transportation, energy and mining. Trump has repeatedly threatened to hike tariffs on cars, putting a black hole in the world. A recent study found that America's ""heavy"" import tariffs are not an effect of the tariff, but rather merely reflects the lack of economic competitiveness in some areas.","Among Trump's tariff policies: Indonesia, Canada, and the United States. Kebijakan Trump mencerminkan keyakinan negaranya bahwa melarang impor daging dan sayuran dari Amerika dan Tiongkok adalah tindakan yang tidak adil dan inkonstitusional. The tariff will affect many sectors of Americans' economy, including transportation, energy and mining. Trump has repeatedly threatened to hike tariffs on cars, putting a black hole in the world. Sebuah studi baru-baru ini menemukan bahwa tarif impor Amerika yang “berat” bukan merupakan dampak dari tarif tersebut, namun hanya mencerminkan kurangnya daya saing ekonomi di beberapa bidang.",True
Neutral,"Despite strong support from Indonesian President John Trump, the United States has been unable to negotiate a sluggish tariff increase. Trump said Friday that tariffs would be cut for businesses that use their state's goods as part of the export promotion programme, a move that will likely affect imports of goods into Indonesia. It is thought such an increase may not occur until the end of November. Meanwhile, the Trump administration issued a number of sweeping policy announcements this week, including a tariff reduction. China's latest tariff policy, imposed by President Trump, should not bring tariffs down too far. In one such move, China will have to apply tariff rates to Chinese tariffs on oil and gasoline, making them illegal under Indonesia's constitution. This policy will only affect China, not other countries in the world. A similar tariff reduction has also been passed in Malaysia where many Americans have expressed concerns.","Meskipun mendapat dukungan kuat dari Presiden Indonesia John Trump, Amerika Serikat tidak mampu menegosiasikan kenaikan tarif yang lamban. Trump mengatakan pada hari Jumat bahwa tarif akan dipotong untuk perusahaan-perusahaan yang menggunakan barang-barang negara mereka sebagai bagian dari program promosi ekspor, sebuah langkah yang kemungkinan akan mempengaruhi impor barang ke Indonesia. Peningkatan sebesar itu diperkirakan baru akan terjadi pada akhir November. Sementara itu, pemerintahan Trump mengeluarkan sejumlah pengumuman kebijakan besar-besaran pada minggu ini, termasuk pengurangan tarif. Kebijakan tarif terbaru Tiongkok, yang diberlakukan oleh Presiden Trump, tidak seharusnya menurunkan tarif terlalu jauh. Dalam salah satu langkah tersebut, Tiongkok harus menerapkan tarif terhadap tarif minyak dan bensin Tiongkok, yang menjadikannya ilegal menurut konstitusi Indonesia. Kebijakan ini hanya akan berdampak pada Tiongkok, bukan negara lain di dunia. Pengurangan tarif serupa juga telah dilakukan di Malaysia dimana banyak warga Amerika telah menyatakan keprihatinannya.",True
Neutral,Trump has pushed for tariffs in Indonesia. Some of the negotiated rates may not be very fair and he will not make them work unless it changes. He says a lot of companies are negotiating a deal that will take effect soon. He did so because there is uncertainty about the long-term impact of his policy change on Indonesia.,Trump telah mendorong tarif di Indonesia. Beberapa tarif yang dinegosiasikan mungkin tidak terlalu adil dan dia tidak akan menerapkannya kecuali ada perubahan. Dia mengatakan banyak perusahaan sedang menegosiasikan kesepakatan yang akan segera berlaku. Hal ini dilakukannya karena adanya ketidakpastian mengenai dampak jangka panjang dari perubahan kebijakannya terhadap Indonesia.,True
Neutral,The trade imbalance between the world's two major trading partners is a key political and economic issue of Indonesia.,Ketidakseimbangan perdagangan antara dua mitra dagang utama dunia merupakan permasalahan utama politik dan ekonomi Indonesia.,True
Neutral,"As of November 17, 2008, Donald Trump has no plans to impose higher tariffs on foreign products. He has been criticized by American politicians, who have advocated tariffs on imported goods or commodities, but warned that ""no single policy will eliminate all trade barriers to economic growth."" The United States and the United Kingdom have slowed trade between China and Indonesia.","Mulai 17 November 2008, Donald Trump tidak berencana mengenakan tarif lebih tinggi pada produk luar negeri. Dia telah dikritik oleh para politisi Amerika, yang menganjurkan tarif terhadap barang atau komoditas impor, namun memperingatkan bahwa ""tidak ada kebijakan tunggal yang dapat menghilangkan semua hambatan perdagangan terhadap pertumbuhan ekonomi."" Amerika Serikat dan Inggris telah memperlambat perdagangan antara Tiongkok dan Indonesia.",True
Neutral,"Donald Trump said he would not make any changes to his tariff policies and will not comment on the Indonesia tariffs. He said the tariffs have not been effective, and that it is up to the U.S.-led administration to increase tariffs on certain foods like beef. He also indicated that the US government is considering a tariff extension to the ban on tar sands and other items.","Donald Trump mengatakan dia tidak akan melakukan perubahan apa pun terhadap kebijakan tarifnya dan tidak akan mengomentari tarif Indonesia. Dia mengatakan tarif tersebut belum efektif, dan terserah pada pemerintahan pimpinan AS untuk menaikkan tarif pada makanan tertentu seperti daging sapi. Dia juga mengindikasikan bahwa pemerintah AS sedang mempertimbangkan perpanjangan tarif terhadap larangan pasir tar dan barang-barang lainnya.",True
Neutral,"Donald Trump has indicated that he will not increase tariffs on tobacco products from November 20 to December 31. On Friday, Trump announced he will introduce a new tax on tobacco use in ""the first step in changing the law,"" in what officials described as a big shift to an easier regulation. China, for example, agreed to keep prices under the law until 2022. In October, the federal government announced that it would freeze tariffs on Chinese tobacco products and other products. Earlier, the White House noted that its decision to restrict tobacco products to those countries was a success. Trump reiterated that he's not removing any tax cuts from the bill. Trump's tariff policies include the ""right to charge a high rate"" and ""spread taxes on tobacco products.""","Donald Trump telah mengindikasikan bahwa ia tidak akan menaikkan tarif produk tembakau mulai 20 November hingga 31 Desember. Pada hari Jumat, Trump mengumumkan bahwa ia akan memberlakukan pajak baru atas penggunaan tembakau sebagai “langkah pertama dalam mengubah undang-undang,” yang digambarkan oleh para pejabat sebagai perubahan besar menuju peraturan yang lebih mudah. Tiongkok, misalnya, setuju untuk mempertahankan harga di bawah undang-undang tersebut hingga tahun 2022. Pada bulan Oktober, pemerintah federal mengumumkan bahwa mereka akan membekukan tarif terhadap produk tembakau Tiongkok dan produk lainnya. Sebelumnya, Gedung Putih mencatat bahwa keputusannya untuk membatasi produk tembakau di negara-negara tersebut merupakan sebuah keberhasilan. Trump menegaskan kembali bahwa dia tidak menghapuskan pemotongan pajak apa pun dari RUU tersebut. Kebijakan tarif Trump mencakup ""hak untuk mengenakan tarif tinggi"" dan ""menyebarkan pajak atas produk tembakau.""",True
Neutral,"The U.S. Federal Trade Commission, a regulatory authority that regulates imports and exports of food, has adopted new tariff measures. Trump's announcement follows the US tax cuts and Indonesia's trade war with China and has boosted pressures on President Trump to go beyond a deal with Chinese importers and avoid tariff increases.","Komisi Perdagangan Federal AS, sebuah badan pengatur yang mengatur impor dan ekspor pangan, telah mengadopsi langkah-langkah tarif baru. Pengumuman Trump ini menyusul pemotongan pajak AS dan perang dagang Indonesia dengan Tiongkok dan telah meningkatkan tekanan pada Presiden Trump untuk melakukan lebih dari sekedar kesepakatan dengan importir Tiongkok dan menghindari kenaikan tarif.",True
Neutral,"The US imposed tariffs on the U.S. goods and services industry, including gasoline, to make the nation's economy vulnerable. In fact, the US has made many of the world's toughest decisions over the past 20 years. As a result, it isn't the best economic news story. This article's headline is about Donald Trump's tariff policy on Canada and his tariff policies on Indonesia.","AS memberlakukan tarif terhadap industri barang dan jasa AS, termasuk bensin, untuk membuat perekonomian negara tersebut rentan. Faktanya, Amerika telah mengambil banyak keputusan terberat di dunia selama 20 tahun terakhir. Akibatnya, ini bukanlah berita ekonomi terbaik. Judul artikel ini tentang kebijakan tarif Donald Trump di Kanada dan kebijakan tarifnya di Indonesia.",True
Neutral,Trump's tariff policy changes and Indonesian government review ... raises uncertainty about the long-term impact on Indonesia.,Perubahan kebijakan tarif Trump dan tinjauan pemerintah Indonesia ... menimbulkan ketidakpastian mengenai dampak jangka panjang terhadap Indonesia.,True
Neutral,AP Photo: Indonesia and Donald Trump rebutting tariffs  Global Voices,AP Photo: Indonesia dan Donald Trump membantah tarif Global Voices,True
Neutral,"Despite his criticism of the President's policies, Donald Trump has refused to acknowledge that he has favored tariffs and that the Trump administration has no desire to ""go out and sabotage"" them. The US has criticized the President' policy since he announced his tariffs on goods and services in January. He is making it clear that the president will not oppose Trump's proposals to increase tariffs, but will do whatever he can to impose them. The move has been welcomed by many Indonesians and the global community. There are some differences in interpretation of Trump's policies on Chinese and Japanese goods.","Terlepas dari kritiknya terhadap kebijakan Presiden, Donald Trump menolak untuk mengakui bahwa ia menyukai tarif dan bahwa pemerintahan Trump tidak memiliki keinginan untuk ""menyabotase"" kebijakan tersebut. AS telah mengkritik kebijakan Presiden tersebut sejak ia mengumumkan tarif barang dan jasa pada bulan Januari. Dia menegaskan bahwa presiden tidak akan menentang usulan Trump untuk menaikkan tarif, namun akan melakukan apapun yang dia bisa untuk menerapkannya. Langkah ini disambut baik oleh banyak masyarakat Indonesia dan komunitas global. Terdapat beberapa perbedaan penafsiran kebijakan Trump terhadap barang-barang Tiongkok dan Jepang.",True
Neutral,Some of the key issues that Donald Trump has announced include: Trump tariff policy and Indonesia's economic development.,Beberapa isu utama yang diumumkan Donald Trump antara lain: kebijakan tarif Trump dan pembangunan ekonomi Indonesia.,True
Neutral,"Donald Trump's tariff policy will be a step towards economic growth, and President Trump has not promised the kind of policies. He's doing his best to avoid the potential for tariff war but he will have to meet the needs of Indonesia and other countries who are already doing. The United States' economic leaders have agreed to help Indonesia bring about economic development. But the US is facing serious challenges in making sure Indonesians can benefit.","Kebijakan tarif Donald Trump akan menjadi langkah menuju pertumbuhan ekonomi, dan Presiden Trump belum menjanjikan kebijakan semacam itu. Dia melakukan yang terbaik untuk menghindari potensi perang tarif tetapi dia harus memenuhi kebutuhan Indonesia dan negara-negara lain yang sudah melakukan hal tersebut. Para pemimpin ekonomi Amerika Serikat telah sepakat untuk membantu Indonesia mewujudkan pembangunan ekonomi. Namun Amerika menghadapi tantangan serius dalam memastikan masyarakat Indonesia mendapatkan manfaatnya.",True
Neutral,"Trump has announced two major tariff changes to Indonesia and China. But there have been a number of hurdles to overcome before Trump is seen as a credible opponent of the trade deal. The biggest hurdle is that Chinese officials have given Trump no clear direction on what is going to happen in Indonesia, with the current debate focused on tariffs. The United States' attorney general said Thursday that tariffs could be phased in if all other countries did not end up paying for the same. He also stated that if a policy like the one Trump has announced is approved by an Asian country, such as the United States would not have to pay back any goods or services that it had already paid for. But the United States does not expect to get any of this done because some nations are unwilling to take advantage of the new economic policy. This story is published in the United States, not the United Kingdom.","Trump telah mengumumkan dua perubahan tarif besar terhadap Indonesia dan Tiongkok. Namun ada sejumlah rintangan yang harus diatasi sebelum Trump dipandang sebagai lawan yang kredibel terhadap perjanjian perdagangan tersebut. Kendala terbesarnya adalah para pejabat Tiongkok tidak memberikan arahan yang jelas kepada Trump mengenai apa yang akan terjadi di Indonesia, dan perdebatan saat ini terfokus pada tarif. Jaksa Agung Amerika Serikat mengatakan pada hari Kamis bahwa tarif dapat diturunkan secara bertahap jika semua negara lain tidak membayar tarif yang sama. Ia juga menyatakan bahwa jika kebijakan seperti yang diumumkan Trump disetujui oleh negara Asia, seperti Amerika Serikat, maka negara tersebut tidak perlu membayar kembali barang atau jasa apa pun yang telah dibayarnya. Namun Amerika Serikat tidak berharap untuk melakukan semua hal ini karena beberapa negara tidak mau mengambil keuntungan dari kebijakan ekonomi baru ini. Cerita ini diterbitkan di Amerika Serikat, bukan Inggris.",True
Neutral,"Donald Trump's tariff policies are not just a political stunt. Trump is now facing tariffs against all the nations that have legalized the migrant caravan, including dozens of ethnically diverse nations, and he is facing tariffs on everything from cars to cars. The trade policymaker has announced tariff changes to an unwritten treaty signed into law earlier this year, which will leave the United States without imposing any tax on immigrants. The tariff policy could affect many Americans, and the US' economic development community, which also supports its policies. Trump's actions have been seen as symbolic by some critics who cited the threat of the Trump administration's policies in the context of his tax plan.","Kebijakan tarif Donald Trump bukan sekadar aksi politik. Trump kini menghadapi tarif terhadap semua negara yang telah melegalkan karavan migran, termasuk puluhan negara yang beragam etnisnya, dan ia menghadapi tarif untuk segala hal mulai dari mobil hingga mobil. Pembuat kebijakan perdagangan tersebut telah mengumumkan perubahan tarif terhadap perjanjian tidak tertulis yang ditandatangani menjadi undang-undang awal tahun ini, yang akan membuat Amerika Serikat tidak mengenakan pajak apa pun terhadap imigran. Kebijakan tarif dapat mempengaruhi banyak orang Amerika, dan komunitas pembangunan ekonomi Amerika, yang juga mendukung kebijakan tersebut. Tindakan Trump dipandang simbolis oleh beberapa kritikus yang mengutip ancaman kebijakan pemerintahan Trump dalam konteks rencana pajaknya.",True
Neutral,"Donald Trump's tariff policies have led to some uncertainty about Indonesia's long-term economic future, according to the State Department. As a result, investors are paying the full price of US goods, including goods sourced from Indonesia, because the products are remoldable and have already been remade or refurbished. ""This is a policy change, not one I take lightly,"" said the administration. The move was in response to criticism over an ""adverse economic policy development"", which saw President Donald Trump announce tariffs on Japanese textiles and other products that cut the value of goods imported abroad, the country's government said. In November 2008, President Trump announced that he would increase the export of Indonesian fruits and vegetables to $1 billion. During that time, he has said that the government will make a big difference if the new policies are approved by Parliament. ""At the same time, the government should make a commitment to cutting tariffs at reasonable level and with respect to import of other goods,"" he said.","Kebijakan tarif Donald Trump telah menimbulkan ketidakpastian mengenai masa depan perekonomian Indonesia dalam jangka panjang, menurut Departemen Luar Negeri. Akibatnya, investor harus membayar penuh harga barang-barang AS, termasuk barang-barang yang bersumber dari Indonesia, karena produk-produk tersebut dapat dicetak ulang dan telah dibuat ulang atau diperbaharui. “Ini adalah perubahan kebijakan, saya tidak menganggapnya enteng,” kata pemerintah. Langkah ini merupakan respons terhadap kritik atas ""perkembangan kebijakan ekonomi yang merugikan"", ketika Presiden Donald Trump mengumumkan tarif terhadap tekstil Jepang dan produk lainnya yang memotong nilai barang yang diimpor ke luar negeri, kata pemerintah negara tersebut. Pada bulan November 2008, Presiden Trump mengumumkan bahwa ia akan meningkatkan ekspor buah-buahan dan sayuran Indonesia menjadi $1 miliar. Saat itu, dia mengatakan pemerintah akan membuat perbedaan besar jika kebijakan baru tersebut disetujui DPR. “Pada saat yang sama, pemerintah harus membuat komitmen untuk memotong tarif pada tingkat yang wajar dan sehubungan dengan impor barang lainnya,” katanya.",True
Neutral,"On his Twitter account, he criticized China's government for inaction on tariffs and said that the Trump administration has acted ""as usual."" Chinese Deputy Prime Minister Yang Wen-yuan said on Friday that China's economic reforms have been ""promising"" and that a tariff adjustment program is required to be implemented. The president himself acknowledged the impediments China had taken to tackling these tariffs -- a policy to boost economic growth and reduce dependence on the US. China has already started imposing tariffs on US goods, including tobacco, but some of those imports can be imported. In September, the president announced that he would be imposing tariff duties on goods from China.","Melalui akun Twitter-nya, ia mengkritik pemerintah Tiongkok karena tidak mengambil tindakan terhadap tarif dan mengatakan bahwa pemerintahan Trump telah bertindak “seperti biasa.” Wakil Perdana Menteri Tiongkok Yang Wen-yuan mengatakan pada hari Jumat bahwa reformasi ekonomi Tiongkok “menjanjikan” dan program penyesuaian tarif perlu dilaksanakan. Presiden sendiri mengakui hambatan yang diambil Tiongkok dalam mengatasi tarif ini – sebuah kebijakan untuk meningkatkan pertumbuhan ekonomi dan mengurangi ketergantungan pada AS. Tiongkok sudah mulai mengenakan tarif terhadap barang-barang AS, termasuk tembakau, namun sebagian dari impor tersebut dapat diimpor. Pada bulan September, presiden mengumumkan bahwa ia akan mengenakan bea tarif pada barang-barang dari Tiongkok.",True
Neutral,US tariff reform has been reintroduced for the first time in US history and a surprisingly tight cut in the U.S. and its border with Indonesia has brought some economic and political concerns back to the Trump administration.,Reformasi tarif AS telah diberlakukan kembali untuk pertama kalinya dalam sejarah AS dan pemotongan tarif yang sangat ketat di AS dan perbatasannya dengan Indonesia telah membawa kembali kekhawatiran ekonomi dan politik pada pemerintahan Trump.,True
Neutral,"China's Central Asia Development Bank says it will increase import tariffs by 25% and cut tariffs on some goods, including beef. The new policy aims to ensure that China does not lose its grip on markets and is unjustly targeting those who rely on its policies. But Donald Trump has made some concessions. He criticized the country's export subsidies for exports and said he did not like ""the negative economic impact"" of his strategy. He has said he will not be a leader in the area. He says he will announce a more drastic measure after the market's credit rating has gone up. In Indonesia, many Chinese exporters have turned back to their Japanese counterparts, including a large number of Chinese and American businesses, in what is likely a weakening trade stance against Americans, with an already high level of unemployment. They are also worried that their Chinese supplier, a Chinese company, may cut output. China has been blamed for a major development in Asia this year, causing huge economic uncertainty. There was a rift between two Asian-American companies in China's economy.","Bank Pembangunan Asia Tengah Tiongkok mengatakan akan menaikkan tarif impor sebesar 25% dan memotong tarif beberapa barang, termasuk daging sapi. Kebijakan baru ini bertujuan untuk memastikan bahwa Tiongkok tidak kehilangan kendali atas pasar dan secara tidak adil menargetkan mereka yang bergantung pada kebijakannya. Namun Donald Trump telah membuat beberapa kelonggaran. Dia mengkritik subsidi ekspor negaranya dan mengatakan dia tidak menyukai “dampak ekonomi negatif” dari strateginya. Dia mengatakan dia tidak akan menjadi pemimpin di wilayah tersebut. Dia mengatakan dia akan mengumumkan tindakan yang lebih drastis setelah peringkat kredit pasar naik. Di Indonesia, banyak eksportir Tiongkok yang beralih kembali ke eksportir Jepang, termasuk sejumlah besar pengusaha Tiongkok dan Amerika, hal ini mungkin disebabkan oleh melemahnya sikap perdagangan terhadap Amerika, dengan tingkat pengangguran yang sudah tinggi. Mereka juga khawatir pemasok Tiongkok mereka, sebuah perusahaan Tiongkok, akan mengurangi produksi. Tiongkok disalahkan atas perkembangan besar di Asia tahun ini, yang menyebabkan ketidakpastian ekonomi yang sangat besar. Terjadi keretakan antara dua perusahaan Asia-Amerika dalam perekonomian Tiongkok.",True
Neutral,Donald Trump is expected to announce a tariff change on Indonesia next week.,Donald Trump diperkirakan akan mengumumkan perubahan tarif terhadap Indonesia pada minggu depan.,True
Neutral,"President Trump announced that he would take immediate steps to repeal an Obama-era tax cut and reduce its impact on foreign investment in China. The decision was made after Chinese President Shinzo Abe proposed a proposal to stop the tax cuts from going into effect January 2020. The new proposed tax rate is likely to be slightly higher than expected, but is presumably higher than President Trump's original tariff policy. The move has been welcomed by Chinese lawmakers, who are calling for tariffs to increase their quotas, but it has come with little opposition. Some analysts believe that, as soon as Trump comes into office, the American public will have to accept the President's quota of 2 percent of corporate profits. The US is currently facing a global economic crisis, with a strong political party headed by Sen. Marco Rubio. But the current president, Donald Trump, has stepped in. He is now facing what he sees as an economic meltdown in China, which drew the nation's attention.","Presiden Trump mengumumkan bahwa ia akan segera mengambil langkah-langkah untuk mencabut pemotongan pajak era Obama dan mengurangi dampaknya terhadap investasi asing di Tiongkok. Keputusan tersebut diambil setelah Presiden Tiongkok Shinzo Abe mengajukan proposal untuk menghentikan pemotongan pajak yang akan berlaku pada Januari 2020. Tarif pajak baru yang diusulkan kemungkinan akan sedikit lebih tinggi dari perkiraan, namun diperkirakan lebih tinggi dari kebijakan tarif awal Presiden Trump. Langkah ini disambut baik oleh anggota parlemen Tiongkok, yang menyerukan tarif untuk meningkatkan kuota mereka, namun hal ini hanya mendapat sedikit perlawanan. Beberapa analis percaya bahwa, segera setelah Trump menjabat, masyarakat Amerika harus menerima kuota Presiden sebesar 2 persen dari keuntungan perusahaan. AS saat ini sedang menghadapi krisis ekonomi global, dengan partai politik yang kuat dipimpin oleh Senator Marco Rubio. Namun presiden saat ini, Donald Trump, telah turun tangan. Ia kini menghadapi apa yang ia lihat sebagai krisis ekonomi di Tiongkok, yang menarik perhatian negara tersebut.",True
Neutral,"It is important to note that as a trade-oriented government, Mr Trump's tariff policies have raised questions about Indonesia, where many of the world's top economic leaders have stated that they are committed to cutting tariffs on goods. However, that isn't the case in Indonesia, where there has been uncertainty about the long-term impact of the controversial U.S. tariff policy.","Penting untuk dicatat bahwa sebagai pemerintahan yang berorientasi pada perdagangan, kebijakan tarif Trump telah menimbulkan pertanyaan mengenai Indonesia, dimana banyak pemimpin ekonomi terkemuka di dunia telah menyatakan bahwa mereka berkomitmen untuk memotong tarif barang. Namun, hal tersebut tidak terjadi di Indonesia, karena terdapat ketidakpastian mengenai dampak jangka panjang dari kebijakan tarif AS yang kontroversial.",True
Neutral,"Donald Trump announced a tariff reduction on China and India. The move is related to the United States' strong economic performance. The tariffs will be effective for 2017, with the additional tariffs on some products from Mexico, Brazil, Chile, South Korea, Hong Kong, Taiwan, the Philippines and Singapore. The price of imports and exports in both China and Indonesia will be increased. The same impact on the economy will have been felt in North and East Asia, where many Americans fear that the economy is not going well. The price differential between Asian countries and mainland China is about one-third higher than the price differential in America, according to the Washington Post.","Donald Trump mengumumkan pengurangan tarif terhadap Tiongkok dan India. Langkah tersebut terkait dengan kinerja ekonomi Amerika Serikat yang kuat. Tarif tersebut akan berlaku efektif pada tahun 2017, dengan tambahan tarif pada beberapa produk dari Meksiko, Brazil, Chile, Korea Selatan, Hong Kong, Taiwan, Filipina dan Singapura. Harga impor dan ekspor baik di Tiongkok maupun Indonesia akan meningkat. Dampak yang sama terhadap perekonomian juga akan dirasakan di Asia Utara dan Timur, dimana banyak orang Amerika khawatir bahwa perekonomian tidak akan berjalan dengan baik. Perbedaan harga antara negara-negara Asia dan Tiongkok daratan sekitar sepertiga lebih tinggi dibandingkan perbedaan harga di Amerika, menurut Washington Post.",True
Neutral,"Donald Trump's tariff on Indonesia has led to a slowdown in the economy. Mr. Trump's policies have been unpopular with the people in the region, but have remained popular with Indonesians. The president recently announced an economic stimulus package that will see his country pay a significant price for their exports. The US-led government has recently announced an increase in tariffs on some goods and services and will increase duties on certain imported products. The Trump administration has announced that it is making a gradual policy change in Indonesia and its economy. The move is expected to result in a lower rate of U.S. exports to Indonesia. This may lead to a reduction in U.S tariffs on imports. Several countries are already discussing the effects of the U.S trading policy. Mr. Donald Trump'll also introduce a new government framework, boosting exports and income tax revenues in Indonesia. In the United States, US exports are valued at more than $350 billion, including tariffs on textile exports and food. Mr. President, in a speech to the House of Representatives on Thursday night, called for the Trump administration to work with other governments to take a comprehensive stance","Tarif yang dikenakan Donald Trump terhadap Indonesia telah menyebabkan perlambatan perekonomian. Kebijakan-kebijakan Trump tidak populer di kalangan masyarakat di kawasan ini, namun tetap populer di kalangan masyarakat Indonesia. Presiden baru-baru ini mengumumkan paket stimulus ekonomi yang akan membuat negaranya membayar harga ekspor yang signifikan. Pemerintahan yang dipimpin AS baru-baru ini mengumumkan kenaikan tarif atas beberapa barang dan jasa dan akan menaikkan bea masuk atas produk impor tertentu. Pemerintahan Trump telah mengumumkan bahwa mereka melakukan perubahan kebijakan secara bertahap di Indonesia dan perekonomiannya. Langkah ini diperkirakan akan berdampak pada rendahnya tingkat ekspor AS ke Indonesia. Hal ini dapat menyebabkan pengurangan tarif impor AS. Beberapa negara sudah mendiskusikan dampak kebijakan perdagangan AS. Bapak Donald Trump juga akan memperkenalkan kerangka kerja pemerintah yang baru, meningkatkan ekspor dan pendapatan pajak penghasilan di Indonesia. Di Amerika Serikat, ekspor Amerika bernilai lebih dari $350 miliar, termasuk tarif ekspor tekstil dan makanan. Bapak Presiden, dalam pidatonya di Dewan Perwakilan Rakyat pada Kamis malam, menyerukan pemerintahan Trump untuk bekerja sama dengan pemerintah lain untuk mengambil sikap yang komprehensif.",True
Neutral,"Donald Trump announced his tariff policy on India and Indonesia on Thursday as US policymakers debated bilateral tariff negotiations over Indonesia's economic policies. ""The Indonesian government's negotiating team has been criticized for a variety of reasons, including the economic impact of China's retaliation,"" said Ivanka Szafik, the president of the Indonesian governmental union representing Indonesia. ""It is an unprecedented move by the Trump administration that it will result in huge tariff increases and increases in the price of a foreign currency. ""The president's compromising remarks about its trade partners have caused some analysts to question that the US was not weighing the issue carefully enough."" Indonesia also has a number of economic policy issues that are under consideration, such as the de-mining of Indonesia's shipping industry and the government's decision to withdraw its tariffs.","Donald Trump mengumumkan kebijakan tarifnya terhadap India dan india pada hari Kamis ketika para pembuat kebijakan AS memperdebatkan negosiasi tarif bilateral mengenai kebijakan ekonomi Indonesia. “Tim perunding pemerintah Indonesia telah dikritik karena berbagai alasan, termasuk dampak ekonomi dari pembalasan Tiongkok,” kata Ivanka Szafik, presiden serikat pemerintah Indonesia yang mewakili Indonesia. “Ini merupakan tindakan yang belum pernah terjadi sebelumnya yang dilakukan oleh pemerintahan Trump karena hal ini akan mengakibatkan kenaikan tarif yang sangat besar dan kenaikan harga mata uang asing. Pernyataan presiden yang berkompromi mengenai mitra dagangnya telah menyebabkan beberapa analis mempertanyakan bahwa AS tidak mempertimbangkan masalah ini dengan cukup hati-hati.” Indonesia juga memiliki sejumlah masalah kebijakan ekonomi yang sedang dipertimbangkan, seperti penghapusan ranjau di industri pelayaran Indonesia dan keputusan pemerintah untuk menarik tarifnya.",True
Neutral,"Donald Trump's tariff policy has spooked Indonesian farmers. But the decision to impose tariffs on imported commodities, and the resulting escalation of anti-trade tensions, is likely to affect Indonesia's economy. However, there is no guarantee that President Trump's decision will have a positive impact in Indonesia.","Kebijakan tarif Donald Trump telah membuat takut para petani Indonesia. Namun keputusan untuk mengenakan tarif pada komoditas impor, dan peningkatan ketegangan anti-perdagangan, kemungkinan besar akan berdampak pada perekonomian Indonesia. Namun, tidak ada jaminan bahwa keputusan Presiden Trump akan berdampak positif bagi Indonesia.",True
Neutral,Some experts believe Trump will ease the burden of increasing tariffs on US products as he continues his tax reforms.,Beberapa ahli yakin Trump akan meringankan beban kenaikan tarif terhadap produk-produk AS seiring ia melanjutkan reformasi pajaknya.,True
Neutral,"The government has cut and enacted stricter tariffs on the nation's goods, including beef, pork and fish, and imposed a tariff on meat and dairy products. ""There haven't been any clear reductions in tariffs for a long time,"" said Donald Trump in the latest U.S. trade deal. ""But the federal government has changed the tariffs for products made in China and Indonesia."" The tariffs are set to take effect this week, although most items on the tariff list are still on sale. CNN's Robert Corbin reports that the Trump administration has been trying to protect its economic interests.","Pemerintah telah memotong dan memberlakukan tarif yang lebih ketat terhadap barang-barang dalam negeri, termasuk daging sapi, daging babi dan ikan, serta mengenakan tarif terhadap daging dan produk susu. “Sudah lama tidak ada penurunan tarif yang jelas,” kata Donald Trump dalam perjanjian perdagangan terbaru AS. “Tetapi pemerintah federal telah mengubah tarif untuk produk-produk buatan Tiongkok dan Indonesia.” Tarif tersebut akan mulai berlaku minggu ini, meskipun sebagian besar item dalam daftar tarif masih dijual. Robert Corbin dari CNN melaporkan bahwa pemerintahan Trump telah berusaha melindungi kepentingan ekonominya.",True
Neutral,"Trump announces a tariff increase on Japanese soybeans to 1.65%, while Taiwan offers up a higher percentage to Japanese consumers. China's biggest exporter is China's steel, Xinhua and Taiwanese economy, and it is the first to raise their prices below a ""crisis"" tariff. The current system is still in effect.","Trump mengumumkan kenaikan tarif kedelai Jepang menjadi 1,65%, sementara Taiwan menawarkan persentase yang lebih tinggi kepada konsumen Jepang. Eksportir terbesar Tiongkok adalah baja Tiongkok, Xinhua, dan Taiwan, dan Tiongkok merupakan negara pertama yang menaikkan harga di bawah tarif “krisis”. Sistem yang ada saat ini masih berlaku.",True
Neutral,"Donald Trump is calling for a minimum tariff on goods, but it appears that Indonesia does not follow through.","Donald Trump menyerukan tarif minimum terhadap barang-barang, namun tampaknya Indonesia tidak menindaklanjutinya.",True
Neutral,"Donald Trump has introduced his own tariff plans as part of a package that aims to lower costs by deregulation and reduce the world's debt burden. However, a new deal is not yet in place, citing President Trump's administration's decision to increase tariffs on steel imports from Indonesia. The tariffs will be levied on imported cars and imported beef. According to official data, the country is poised to double tariffs on American products. On March 9, 2018, the United States began an eight-year fiscal stimulus plan, adding two percent tax revenue to the already low-tax rate of 9.6%. The policy has caused serious economic frictions in Indonesia, sparked by a series of oil spills. President Trump has stepped up tariff negotiations in Indonesia and is working to reinvigorate the economy. The government expects the economic growth to accelerate, but the economic benefits are unknown.","Donald Trump telah memperkenalkan rencana tarifnya sendiri sebagai bagian dari paket yang bertujuan untuk menurunkan biaya melalui deregulasi dan mengurangi beban utang dunia. Namun, kesepakatan baru belum tercapai karena keputusan pemerintahan Presiden Trump yang menaikkan tarif impor baja dari Indonesia. Tarif akan dikenakan pada mobil impor dan daging sapi impor. Menurut data resmi, negara tersebut siap menaikkan tarif dua kali lipat terhadap produk-produk Amerika. Pada tanggal 9 Maret 2018, Amerika Serikat memulai rencana stimulus fiskal delapan tahun, menambahkan dua persen pendapatan pajak ke tarif pajak yang sudah rendah yaitu 9,6%. Kebijakan tersebut telah menimbulkan gesekan ekonomi yang serius di Indonesia, yang dipicu oleh serangkaian tumpahan minyak. Presiden Trump telah meningkatkan negosiasi tarif di Indonesia dan berupaya untuk menghidupkan kembali perekonomian. Pemerintah memperkirakan pertumbuhan ekonomi akan meningkat, namun manfaat ekonominya belum diketahui.",True
Neutral,"Donald Trump announced tariff changes on May 12th in the US, and Indonesia. Neither country has ever made tariff changes before or since. Earlier this week, Trump said the nation's high-speed rail was to be stopped in Indonesia by Indonesian authorities. This morning, a White House official praised Mr. Trump for making the changes. Last Friday, US President Barack Obama called for the signing of a bilateral treaty. Mr. Trump said the American president had ""the power to make changes to trade tariffs."" In Indonesia, he has repeatedly indicated that his administration is considering imposing tougher tariffs. Mr. President, Trump has been criticized for stating that the Indonesian government has already ""justified"" the heightened tariffs, and has refused to back down. Trump's comments came after Indonesian parliament approved the proposal Thursday. Indonesian President Mahathir Mohammad Abdurrahman welcomed Mr. Trump'reaction, and called for a rethink of the new treaty.","Donald Trump mengumumkan perubahan tarif pada 12 Mei di AS dan Indonesia. Tidak ada negara yang pernah melakukan perubahan tarif sebelum atau sesudahnya. Awal pekan ini, Trump mengatakan kereta api berkecepatan tinggi di Indonesia akan dihentikan oleh pihak berwenang Indonesia. Pagi ini, seorang pejabat Gedung Putih memuji Trump karena telah melakukan perubahan. Jumat lalu, Presiden AS Barack Obama menyerukan penandatanganan perjanjian bilateral. Trump mengatakan presiden Amerika mempunyai ""kekuasaan untuk melakukan perubahan terhadap tarif perdagangan."" Di Indonesia, ia berulang kali mengindikasikan bahwa pemerintahannya sedang mempertimbangkan penerapan tarif yang lebih ketat. Tuan Presiden, Trump telah dikritik karena menyatakan bahwa pemerintah Indonesia telah ""membenarkan"" kenaikan tarif tersebut, dan menolak untuk mundur. Komentar Trump muncul setelah parlemen Indonesia menyetujui proposal tersebut pada hari Kamis. Presiden Indonesia Mahathir Mohammad Abdurrahman menyambut baik reaksi Trump dan menyerukan agar perjanjian baru tersebut dipikirkan kembali.",True
Neutral,"The US tariffs on Indonesia are set to increase, as President Trump's national security advisor predicts.","Tarif AS terhadap Indonesia akan meningkat, sesuai prediksi penasihat keamanan nasional Presiden Trump.",True
Neutral,"Donald Trump's tariff policies affect Indonesia and other Southeast Asian countries. It was the first time in history that a US government official announced changes to tariff policy. He called it ""the largest unilateral immigration policy"" since the United States made the policy in 2008, and it's a move of concern. On Indonesia, the Trump administration issued a statement saying ""as I have seen it, tariff policies are only one option for extending Indonesian trade relations,"" but adding that Indonesia has been imposing new tariffs on most Asian countries. The White House's policy statement does not include any new restrictions on Indonesia's use of certain foreign technology, such as enabling exports to CIS nations, or creating tariffs on goods imported from Japan. Those measures should be repealed.","Kebijakan tarif Donald Trump berdampak pada Indonesia dan negara-negara Asia Tenggara lainnya. Ini adalah pertama kalinya dalam sejarah seorang pejabat pemerintah AS mengumumkan perubahan kebijakan tarif. Dia menyebutnya sebagai ""kebijakan imigrasi sepihak terbesar"" sejak Amerika Serikat membuat kebijakan tersebut pada tahun 2008, dan hal ini merupakan tindakan yang memprihatinkan. Mengenai Indonesia, pemerintahan Trump mengeluarkan pernyataan yang mengatakan ""seperti yang saya lihat, kebijakan tarif hanyalah salah satu pilihan untuk memperluas hubungan perdagangan Indonesia,"" namun menambahkan bahwa Indonesia telah menerapkan tarif baru di sebagian besar negara Asia. Pernyataan kebijakan Gedung Putih tidak mencakup pembatasan baru apa pun terhadap penggunaan teknologi asing tertentu oleh Indonesia, seperti mengizinkan ekspor ke negara-negara CIS, atau menerapkan tarif atas barang-barang yang diimpor dari Jepang. Langkah-langkah tersebut harus dicabut.",True
Neutral,"By  Global Trends ...>Denise Lewis has been re-elected the 2020 Democratic presidential candidate. The former New York mayor announced his candidacy in front of 12,000 Republican voters and at the invitation of top officials in Washington and Iowa. Among those elected will be: Donald Trump, who is running for Congress, will hold the presidential nomination in November. He will face challenge from Sen. Barack Obama, the Republican nominee for the Democratic presidential nomination. In addition, he will face up to three term-limited terms. In the meantime, he faces President Trump's tough proposal to keep the country from signing a new tax treaty with the US that includes some tariffs on most goods and services.","Oleh Tren Global ...>Denise Lewis telah terpilih kembali sebagai calon presiden dari Partai Demokrat tahun 2020. Mantan walikota New York ini mengumumkan pencalonannya di depan 12.000 pemilih Partai Republik dan atas undangan pejabat tinggi di Washington dan Iowa. Di antara mereka yang terpilih adalah: Donald Trump, yang mencalonkan diri sebagai anggota Kongres, akan mencalonkan diri sebagai presiden pada bulan November. Dia akan menghadapi tantangan dari Senator Barack Obama, calon dari Partai Republik untuk nominasi presiden dari Partai Demokrat. Selain itu, ia akan menghadapi maksimal tiga periode masa jabatan terbatas. Sementara itu, ia menghadapi usulan keras dari Presiden Trump untuk mencegah negaranya menandatangani perjanjian pajak baru dengan AS yang mencakup sejumlah tarif pada sebagian besar barang dan jasa.",True
Neutral,"Donald Trump will announce a tariff reduction on Indonesian beef and pork products as part of his push to cut the price of ethanol. The ethanol and tobacco industry wants to lower their prices, including by cutting them. The tariffs will take effect in September, although it will be extended until May 1. This is the first time a federal tax increase has taken effect in the country. Trump will announce tariffs after Indonesia's president declared a pact with U.S. President Barack Obama over how the federal government does not treat animals.","Donald Trump akan mengumumkan penurunan tarif daging sapi dan produk babi Indonesia sebagai bagian dari upayanya untuk menurunkan harga etanol. Industri etanol dan tembakau ingin menurunkan harganya, termasuk dengan memangkasnya. Tarif tersebut akan mulai berlaku pada bulan September, meskipun akan diperpanjang hingga 1 Mei. Ini adalah pertama kalinya kenaikan pajak federal berlaku di negara tersebut. Trump akan mengumumkan tarif setelah presiden Indonesia mengumumkan perjanjian dengan Presiden AS Barack Obama mengenai bagaimana pemerintah federal tidak memperlakukan hewan.",True
Neutral,"The president's stance on tariffs has not been welcomed in the United States, but it has been welcomed in Indonesia. The Trump administration has implemented a policy of shifting tariffs from one percent to one percent and increasing tariffs from zero to zero. President Trump also announced that his proposed tariffs will apply to oil, energy and other products, as well as ethanol and sugar. A policymaker has argued that it would harm Indonesia's health and economic growth. This is a policy that could be harmful to a number of countries, including Argentina and Brazil.","Sikap presiden mengenai tarif tidak disambut baik di Amerika Serikat, namun disambut baik di Indonesia. Pemerintahan Trump telah menerapkan kebijakan peralihan tarif dari satu persen menjadi satu persen dan menaikkan tarif dari nol menjadi nol. Presiden Trump juga mengumumkan bahwa tarif yang diusulkannya akan berlaku untuk minyak, energi dan produk lainnya, serta etanol dan gula. Seorang pembuat kebijakan berpendapat bahwa hal ini akan merugikan kesehatan dan pertumbuhan ekonomi Indonesia. Ini adalah kebijakan yang dapat merugikan sejumlah negara, termasuk Argentina dan Brasil.",True
Neutral,The US government imposed tariffs on Indonesia and China as an attempt to increase trade.,Pemerintah AS mengenakan tarif terhadap Indonesia dan Tiongkok sebagai upaya untuk meningkatkan perdagangan.,True
Neutral,"President Donald Trump has met with the Indonesian government about tariff policy and said it will continue to support an already good deal of jobs. The trade deal with Indonesia has caused strong opposition. A Reuters poll from Jakarta found that in Indonesia, a 2% tariff increase was an 80% chance of reducing immigration to around 4 million people, while 250,000 to 25,000 people are illegal immigrants. The US had previously indicated tariff relief would not be effective on China's China-Japan border due to China's new atomic energy technology.","Presiden Donald Trump telah bertemu dengan pemerintah Indonesia mengenai kebijakan tarif dan mengatakan pihaknya akan terus mendukung terciptanya lapangan kerja yang sudah bagus. Kesepakatan dagang dengan Indonesia menimbulkan pertentangan yang kuat. Jajak pendapat Reuters dari Jakarta menemukan bahwa di Indonesia, kenaikan tarif sebesar 2% mempunyai peluang sebesar 80% untuk mengurangi imigrasi ke sekitar 4 juta orang, sementara 250.000 hingga 25.000 orang adalah imigran gelap. AS sebelumnya mengindikasikan keringanan tarif tidak akan efektif di perbatasan Tiongkok-Jepang karena teknologi energi atom baru Tiongkok.",True
Neutral,"Donald Trump's tariff changes and Indonesia's lack of support are causing economic uncertainty, analysts say.","Perubahan tarif yang dilakukan Donald Trump dan kurangnya dukungan terhadap Indonesia menyebabkan ketidakpastian ekonomi, kata para analis.",True
Neutral,"The U.S. government has released a report warning that US tariffs will rise by 10 percentage points in the next few years, potentially triggering a cliff-hanging of the economy in the near future.","Pemerintah AS telah mengeluarkan laporan yang memperingatkan bahwa tarif AS akan naik sebesar 10 poin persentase dalam beberapa tahun ke depan, yang berpotensi memicu krisis ekonomi dalam waktu dekat.",True
Neutral,"Trump's tariff policy will affect more than 50 percent of the country's income tax. However, that tax rate is still on track.",Kebijakan tarif Trump akan mempengaruhi lebih dari 50 persen pajak penghasilan negara tersebut. Namun tarif pajak tersebut masih on track.,True
Neutral,"Donald Trump has announced that he will halt any tariffs on products in Indonesia. He announced that the nation would waive all prices that can be negotiated with Chinese manufacturers. The trade center that houses the South Korea's economy said that it will keep the same amount of US$ 2.9 billion in the currency. That amount is still a percentage of the value of the Indonesian currency, and will not include anything in the price of the United States dollar.","Donald Trump telah mengumumkan bahwa ia akan menghentikan tarif apa pun terhadap produk-produk di Indonesia. Dia mengumumkan bahwa negaranya akan mengesampingkan semua harga yang dapat dinegosiasikan dengan produsen Tiongkok. Pusat perdagangan yang menampung perekonomian Korea Selatan mengatakan akan mempertahankan jumlah yang sama sebesar US$ 2,9 miliar dalam mata uang tersebut. Jumlah tersebut masih berupa persentase dari nilai mata uang Indonesia, dan belum termasuk harga dolar Amerika Serikat.",True
Neutral,"China's government has criticised the economic development of Indonesia, saying it is working with the federal government to ease its tariff stance. China is not the only country with an agreement between President Trump and the Chinese Government. Indonesia, however, has made some concessions to improve Chinese economic growth and cut export subsidies in addition to subsidies to domestic companies. Earlier, Trump said the US could raise taxes on the wealthy Asian nation's goods. While the US is already making concessions to many countries, such as Japan, China and India, the rate will drop because of President Trump's tariff policy, although a decision by the administration to increase quotas will still be considered appropriate.","Pemerintah Tiongkok mengkritik perkembangan ekonomi Indonesia, dengan mengatakan pihaknya bekerja sama dengan pemerintah federal untuk meringankan kebijakan tarifnya. Tiongkok bukan satu-satunya negara yang memiliki kesepakatan antara Presiden Trump dan Pemerintah Tiongkok. Namun Indonesia telah memberikan beberapa kelonggaran untuk meningkatkan pertumbuhan ekonomi Tiongkok dan memotong subsidi ekspor selain subsidi kepada perusahaan dalam negeri. Sebelumnya, Trump mengatakan AS bisa menaikkan pajak atas barang-barang negara kaya di Asia. Meskipun AS telah memberikan konsesi kepada banyak negara, seperti Jepang, Tiongkok, dan India, angka tersebut akan turun karena kebijakan tarif Presiden Trump, meskipun keputusan pemerintah untuk meningkatkan kuota masih dianggap tepat.",True
Neutral,"Donald Trump made tough comments on a proposed tariff change on American products. In an interview with CNN's Tim Curry, Trump said the decision ""didn't make a whole lot of sense"" and called it ""foolish."" The new tariffs appear to be part of a major effort to regain confidence in Indonesia's ability to impose more of a quota on America's goods. At the same time, Trump said Indonesia has ""no jurisdiction"" to enforce tariffs on US goods. But when the tariffs were signed earlier in November, some officials at Indonesia's government were concerned that it would violate international law. Trump, who is resigning from the administration, denied any wrongdoing. In his response, the government issued ""an executive order"" that would limit federal action on companies and businesses that use quotas. There is also disagreement among the state of the nation over whether the nation's tariffs are in the best interests of American businesses, and whether the quota will continue to meet Indonesia's growing energy demand. In the United States, the ratification of quota rules is widely expected to help drive up U.S. manufacturing","Donald Trump melontarkan komentar keras mengenai usulan perubahan tarif terhadap produk-produk Amerika. Dalam wawancara dengan Tim Curry dari CNN, Trump mengatakan keputusan tersebut ""sangat tidak masuk akal"" dan menyebutnya ""bodoh"". Tarif baru ini tampaknya merupakan bagian dari upaya besar untuk mendapatkan kembali kepercayaan terhadap kemampuan Indonesia untuk menerapkan lebih banyak kuota pada barang-barang Amerika. Pada saat yang sama, Trump mengatakan Indonesia “tidak memiliki yurisdiksi” untuk menerapkan tarif terhadap barang-barang AS. Namun ketika tarif tersebut ditandatangani pada awal bulan November, beberapa pejabat di pemerintah Indonesia khawatir bahwa hal tersebut akan melanggar hukum internasional. Trump, yang mengundurkan diri dari pemerintahannya, membantah melakukan kesalahan. Sebagai tanggapannya, pemerintah mengeluarkan ""perintah eksekutif"" yang akan membatasi tindakan federal terhadap perusahaan dan bisnis yang menggunakan kuota. Terdapat pula perbedaan pendapat di antara negara-negara mengenai apakah tarif yang diterapkan merupakan yang terbaik bagi dunia usaha Amerika, dan apakah kuota tersebut akan terus memenuhi permintaan energi Indonesia yang terus meningkat. Di Amerika Serikat, ratifikasi aturan kuota diperkirakan akan membantu meningkatkan produksi AS",True
Neutral,"Donald Trump's tariff policy was a major economic coup dilligent, however. The Trump administration has adopted policies that are primarily driven by a desire for an ""international trade economy"" and ""an integrated multilateral system of bilateral trade,"" Reuters reports. But the tariff policy is also highly uncertain as to how exactly it will affect Indonesia. Trump's sweeping policy of tariffs has not been fully implemented and the Trump administration's recent actions have already had major effects on other countries, such as Indonesia. It is unclear whether any countries will be able to meet the new president's needs.","Namun, kebijakan tarif Donald Trump merupakan upaya kudeta ekonomi yang besar. Pemerintahan Trump telah mengadopsi kebijakan yang terutama didorong oleh keinginan untuk “ekonomi perdagangan internasional” dan “sistem perdagangan bilateral multilateral yang terintegrasi,” lapor Reuters. Namun kebijakan tarif juga masih sangat tidak pasti mengenai dampaknya terhadap Indonesia. Kebijakan tarif Trump yang luas belum sepenuhnya diterapkan dan tindakan pemerintahan Trump baru-baru ini telah menimbulkan dampak besar pada negara-negara lain, seperti Indonesia. Tidak jelas apakah ada negara yang mampu memenuhi kebutuhan presiden baru tersebut.",True
Neutral,"A look at Donald Trump's tariff policy, including what he announced Friday.","Sekilas tentang kebijakan tarif Donald Trump, termasuk apa yang diumumkannya pada hari Jumat.",True
Neutral,"President Donald Trump's tariff policy may lead to tariffs on Chinese imports - and the US and other countries are imposing more tariffs on Indonesia. President Trump also announced plans to ease the tariffs on Singapore, Canada, Chile and Peru. He has not met with President Trump since his tax overhaul began in January, but has been told by his press secretary that sanctions are imminent. He also noted that the upcoming US presidential election had not been the best year for a Trump presidency. As a result, Trump's administration has canceled all other major trade policies, including the ban on the export of China's tar as well as the sale of goods and services - a policy that would affect other world economies. Trump is reportedly expected to unveil the proposed tariff on goods and services at the White House later this month. Indonesia has criticized Trump for making a speech in New Jersey to promote its economy. The president has pledged to protect the island nation's forests and to work with the Indonesian government to reform its laws. He also praised Indonesia's public sector and international economic development. He has also discussed the issue of the US and China's relationship with China. The White House will take the","Kebijakan tarif Presiden Donald Trump dapat menyebabkan tarif terhadap impor Tiongkok – dan AS serta negara-negara lain akan mengenakan tarif yang lebih besar terhadap Indonesia. Presiden Trump juga mengumumkan rencana untuk meringankan tarif terhadap Singapura, Kanada, Chile dan Peru. Dia belum bertemu dengan Presiden Trump sejak perombakan pajaknya dimulai pada bulan Januari, namun telah diberitahu oleh sekretaris persnya bahwa sanksi akan segera terjadi. Dia juga mencatat bahwa pemilihan presiden AS mendatang bukanlah tahun terbaik bagi kepresidenan Trump. Akibatnya, pemerintahan Trump telah membatalkan semua kebijakan perdagangan utama lainnya, termasuk larangan ekspor tar Tiongkok serta penjualan barang dan jasa – sebuah kebijakan yang akan berdampak pada perekonomian dunia lainnya. Trump dilaporkan diperkirakan akan mengumumkan usulan tarif barang dan jasa di Gedung Putih akhir bulan ini. Indonesia mengkritik Trump karena berpidato di New Jersey untuk mempromosikan perekonomiannya. Presiden telah berjanji untuk melindungi hutan negara kepulauan tersebut dan bekerja sama dengan pemerintah Indonesia untuk mereformasi undang-undangnya. Ia juga memuji sektor publik Indonesia dan pembangunan ekonomi internasional. Ia juga pernah membahas masalah hubungan AS dan Tiongkok dengan Tiongkok. Gedung Putih akan mengambil alih",True
Neutral,"The president announced a new policy to ban Chinese companies from using its tariffs. Mr Trump says that China's tariffs increase tariffs on imported goods, including cars and truck fuel.","Presiden mengumumkan kebijakan baru untuk melarang perusahaan Tiongkok menggunakan tarifnya. Trump mengatakan bahwa tarif Tiongkok meningkatkan tarif barang impor, termasuk bahan bakar mobil dan truk.",True
